Year,NAME,GEOID,PercentUnder18,PercentOver65,PercentAsian,PercentBlack,PercentWhite,PercentHispanic,PercentOther,PercentDroveMoreThan20Minutes,PercentHighSchoolDiploma,PercentAdultsWithAtLeastBachelors,PercentPrivateSchool,PercentDroveAlone,PercentVeteran,PercentEmployed,PercentInternetAccess,PercentVacant,PercentOccupied,PercentOwnerOccupied,PercentNoVehicle
2018,"Census Tract 9201, Anson County, North Carolina",37007920100,18.47944707166242,19.679883594034195,0.0,42.16078574026919,56.71153146598763,0.0,1.1276827937431793,51.48514851485149,80.0,7.470449172576831,1.8711018711018712,91.53915391539154,12.003569834895137,93.51927809680065,51.721311475409834,18.285331547220363,81.71466845277963,77.37704918032787,5.737704918032787
2018,"Census Tract 9202, Anson County, North Carolina",37007920200,20.353508302088912,17.996786288162827,5.78468130690948,50.72308516336369,38.45741831815747,3.9635779325120515,1.0712372790573113,64.11238825031928,80.14336917562724,11.039426523297491,0.0,82.88633461047255,8.607935440484196,92.47434435575826,56.52777777777778,17.431192660550458,82.56880733944955,80.13888888888889,5.416666666666667
2018,"Census Tract 9203, Anson County, North Carolina",37007920300,17.740441857388547,14.499272390527848,2.182828416457203,31.04908056621246,59.86241566344754,3.902632623362879,3.00304273051991,71.93116634799235,79.39405000912575,7.318853805438949,9.593023255813954,85.43021032504781,5.53232550659376,91.53713298791018,52.08243881494204,17.52832861189802,82.47167138810198,74.79604980678403,5.79647917561185
2018,"Census Tract 9204, Anson County, North Carolina",37007920400,32.54994124559342,11.486486486486488,0.0,76.67450058754407,23.325499412455933,0.0,0.0,51.205673758865245,82.74987316083207,5.530187721968543,1.0101010101010102,97.09219858156028,3.789198606271777,88.25338253382535,56.92182410423453,14.54418928322895,85.45581071677105,56.35179153094463,15.63517915309446
2018,"Census Tract 9205, Anson County, North Carolina",37007920500,15.393897603861403,20.306843647646957,1.0687812446129978,62.09274263058093,35.045681779003615,0.9308739872435787,0.8619203585588691,50.40965933592065,84.01563937442502,16.05335786568537,0.7339449541284404,92.496765847348,6.866340668296658,85.51321661517336,60.67811536767944,17.657722987672226,82.34227701232777,56.010568031704096,15.367679436371642
2018,"Census Tract 9206, Anson County, North Carolina",37007920600,17.982679572083544,20.402445236882322,0.0,42.48599083036169,42.25674987264391,14.67142129393785,0.5858380030565461,52.960526315789465,76.36494252873564,7.543103448275862,12.116316639741518,81.3048245614035,8.975155279503106,93.07182883341824,36.38443935926773,20.90497737556561,79.09502262443439,65.38901601830663,11.041189931350115
2018,"Census Tract 405, Cabarrus County, North Carolina",37025040500,27.969981238273924,10.303939962476548,0.2026266416510319,20.472795497185743,61.15572232645403,17.335834896810507,0.8330206378986867,65.28035022731099,88.86049483099082,27.366709257753513,4.886630179827991,88.1798282539148,8.262137945405293,94.788711363297,84.83572030328558,3.633042419322103,96.36695758067789,71.37742207245155,2.379949452401011
2018,"Census Tract 406, Cabarrus County, North Carolina",37025040600,22.696438665912947,15.898812888637648,0.0,4.790842283776145,82.97060486150367,9.892594686263426,2.345958168456755,61.773700305810394,88.48396501457727,13.577675968346522,0.0,90.58103975535168,7.0018281535649,94.49901768172889,70.18459069020867,8.213627992633517,91.78637200736648,77.48796147672552,2.929373996789727
2018,"Census Tract 407.01, Cabarrus County, North Carolina",37025040701,22.922983626440267,14.432989690721648,0.0,10.612492419648271,77.01637355973318,11.097634930260764,1.2734990903577925,52.84090909090909,80.03384094754654,12.944162436548224,14.814814814814813,84.0909090909091,7.159716758457907,91.19047619047619,64.13690476190477,14.50381679389313,85.49618320610686,64.73214285714286,3.273809523809524
2018,"Census Tract 407.02, Cabarrus County, North Carolina",37025040702,27.77476989713048,14.388197076340012,1.0557661072008662,36.478072550081215,46.02057390362751,14.185165132647537,2.26042230644288,56.360424028268554,83.40063761955366,15.98299681190223,5.325814536340852,83.65724381625441,9.970014992503748,91.96117471378795,79.12509593246354,2.942271880819367,97.05772811918064,63.545663852647735,7.099002302379125
2018,"Census Tract 407.03, Cabarrus County, North Carolina",37025040703,32.09737827715356,15.243445692883896,0.0,38.91385767790262,35.80524344569289,22.43445692883895,2.846441947565543,40.30769230769231,77.17391304347827,7.669082125603864,0.0,83.8974358974359,6.94980694980695,88.47457627118645,44.65065502183406,18.505338078291814,81.49466192170819,31.33187772925764,4.25764192139738
2018,"Census Tract 408, Cabarrus County, North Carolina",37025040800,24.928664072632944,14.915693904020753,0.0,29.442282749675748,56.134889753566796,12.140077821011673,2.2827496757457846,56.845753899480066,81.82870370370371,15.277777777777779,4.428571428571428,79.78047371461582,7.809260539046303,89.83050847457628,56.81674064679771,17.99271970878835,82.00728029121164,47.74889029803424,11.60431198478123
2018,"Census Tract 409, Cabarrus County, North Carolina",37025040900,19.97055937193327,17.369970559371932,1.422963689892051,18.351324828263003,60.64769381746811,18.89106967615309,0.6869479882237487,47.953216374269005,88.07272727272726,27.345454545454544,2.990033222591362,94.05458089668616,5.334150827713059,95.01312335958005,67.55126658624849,8.093126385809313,91.90687361419069,62.48492159227985,3.739445114595899
2018,"Census Tract 410, Cabarrus County, North Carolina",37025041000,28.528021607022282,12.711006076975018,0.0,21.860229574611747,60.263335584064826,16.036461850101283,1.8399729912221472,48.97564746810978,81.53091800599292,12.721329338055027,3.2432432432432434,74.71975260919984,7.274444969296173,91.99061662198392,66.2004662004662,11.873459326211997,88.126540673788,47.086247086247084,14.778554778554778
2018,"Census Tract 411, Cabarrus County, North Carolina",37025041100,27.072323720368413,13.830590366903216,0.0,12.758568624490414,78.13679601389099,8.27419598369319,0.8304393779254114,69.9859747545582,89.81589373106502,28.198555115357728,9.959514170040485,88.18373071528752,9.254658385093167,91.70225747406955,80.90075062552127,8.016877637130802,91.9831223628692,75.81317764804002,1.626355296080067
2018,"Census Tract 412, Cabarrus County, North Carolina",37025041200,25.924583031182014,13.427604544355814,2.973168963016679,20.9934735315446,67.23471114334059,6.961566352429297,1.837080009668842,52.13430504945341,94.41143705904196,29.11251392499072,11.275773195876289,85.60645497136909,8.990047316038506,91.37892626420138,77.63202152707703,9.276777540433322,90.72322245956667,63.74032963336697,2.8927009754456776
2018,"Census Tract 413.01, Cabarrus County, North Carolina",37025041301,26.430784281754445,10.826675362791455,5.886189466818849,12.196315017120495,72.98222729496169,4.9078754280123915,4.027392793086581,70.09009009009009,95.04482071713147,45.169322709163346,17.32636295743092,92.57657657657657,7.2695035460992905,94.82023156611822,84.58920758385999,5.987202925045704,94.01279707495429,87.11716091395236,4.132231404958678
2018,"Census Tract 413.02, Cabarrus County, North Carolina",37025041302,33.08656598558879,7.81758957654723,10.038495706248149,19.48474977790939,62.59994077583654,7.491856677524431,0.3849570624814925,67.3688736027515,96.95961995249405,52.589073634204276,4.465290806754221,91.14359415305245,7.9657766632246645,97.23873441994247,89.0302066772655,3.557191045691506,96.44280895430849,80.57233704292528,0.2861685214626391
2018,"Census Tract 413.03, Cabarrus County, North Carolina",37025041303,32.39793334008713,6.969911863033127,19.50157025630635,17.830007091480095,52.86191875189951,7.31435518184581,2.4921487184682403,64.47025361460061,98.11351439258415,68.72662221499431,8.512970405553526,86.11045271391326,7.01333732953694,94.41125457698979,89.35846761933719,5.352517985611511,94.64748201438849,80.784432958346,5.837640620249316
2018,"Census Tract 415.01, Cabarrus County, North Carolina",37025041501,29.451065366558325,9.001444564824848,9.0465872156013,17.930660888407367,65.04153123871433,3.1058143734200074,4.8754062838569885,76.82384341637011,96.23297594900029,46.68212112431179,5.26685393258427,92.5711743772242,7.57303946694003,94.39955930958502,92.3785594639866,1.755348326933626,98.24465167306637,88.07928531546622,0.446677833612507
2018,"Census Tract 415.02, Cabarrus County, North Carolina",37025041502,25.733867839130998,13.38419759472391,2.508728824518298,11.004784688995215,80.18880124143281,5.560584507952929,0.7371007371007371,72.05020920502092,96.58021133525456,41.09510086455332,7.258548290341932,94.39330543933055,7.974925996865749,96.15873823454592,85.19202363367799,1.3479052823315119,98.65209471766849,92.2821270310192,1.1816838995568686
2018,"Census Tract 415.03, Cabarrus County, North Carolina",37025041503,25.782828282828284,9.419191919191919,3.1818181818181817,18.13131313131313,68.38383838383838,8.131313131313131,2.1717171717171717,82.26666666666667,96.66666666666667,36.666666666666664,3.342245989304813,90.8,7.8237102835667915,95.9448160535117,86.86131386861314,3.589021815622801,96.4109781843772,88.24817518248175,1.9708029197080292
2018,"Census Tract 416.01, Cabarrus County, North Carolina",37025041601,21.663820444010735,14.491339351061233,0.0,6.221029519394975,86.81385703830202,4.793852159063186,2.1712612832398146,70.1841712294674,91.05364319412895,27.904944958937623,22.98270893371758,88.62618218018915,7.630021800062287,97.6075454336324,78.43601895734598,9.663608562691131,90.33639143730888,88.42247799593771,6.161137440758294
2018,"Census Tract 416.02, Cabarrus County, North Carolina",37025041602,18.98367561874671,13.849394418114796,2.474986835176409,2.8172722485518698,83.12269615587151,7.5829383886255926,4.002106371774619,77.57009345794393,87.07142857142857,21.642857142857146,0.0,86.3111599780099,7.2798180045498855,97.29064039408867,79.23611111111111,3.678929765886288,96.32107023411372,83.75,2.013888888888889
2018,"Census Tract 417.01, Cabarrus County, North Carolina",37025041701,23.97716460513796,18.149381541389154,0.30922930542340626,1.0704091341579447,95.59942911512846,1.165556612749762,1.8553758325404377,73.30316742081448,90.3038579720041,23.591669511778765,4.744525547445255,91.0507792860734,8.823529411764707,95.23190290420459,76.50753768844221,12.767123287671234,87.23287671232876,80.52763819095478,1.6331658291457287
2018,"Census Tract 417.02, Cabarrus County, North Carolina",37025041702,17.839054586381543,21.29994372537985,0.8441193021947102,3.1795160382667413,94.7664603263928,0.0,1.2099043331457513,76.93315858453474,90.38534910339565,19.83975581838993,5.4635761589403975,87.1559633027523,6.815068493150685,89.46259220231822,76.5793528505393,9.923664122137405,90.07633587786259,79.27580893682588,2.5423728813559325
2018,"Census Tract 419.01, Cabarrus County, North Carolina",37025041901,32.28946254760897,9.0562843842573,0.0,17.943292424883623,25.179856115107913,56.87685146000846,0.0,52.659019812304486,59.910246821241586,4.786836200448766,4.310344827586207,79.14494264859229,4.3125,94.37439379243453,58.61538461538461,8.321579689703809,91.67842031029619,50.153846153846146,6.0
2018,"Census Tract 419.02, Cabarrus County, North Carolina",37025041902,32.86713286713287,10.582750582750583,0.0,31.818181818181817,36.5967365967366,26.806526806526808,4.778554778554779,60.734642178594044,73.68003175863439,23.977768955934895,0.0,73.52754908169727,5.625,82.31911835170101,48.76302083333333,8.298507462686567,91.70149253731343,38.02083333333333,15.364583333333334
2018,"Census Tract 420, Cabarrus County, North Carolina",37025042000,21.307405875051717,14.604882085229622,0.16549441456350847,17.62515515101365,63.611915597848565,12.639635912287961,5.957798924286306,53.96613190730838,79.05587092919032,11.263818344786376,4.248366013071895,81.95187165775401,7.334384858044165,92.89617486338798,62.02898550724638,15.482606565409112,84.51739343459089,58.434782608695656,3.5942028985507246
2018,"Census Tract 421.01, Cabarrus County, North Carolina",37025042101,27.50316856780735,10.519645120405578,1.1406844106463878,53.643852978453744,13.086185044359949,31.14702154626109,0.982256020278834,60.9084139985108,73.44294967613352,12.954658694569007,0.16666666666666669,72.67311988086374,5.288461538461538,92.02412868632707,30.98068350668648,12.880258899676376,87.11974110032362,41.381872213967306,12.332838038632987
2018,"Census Tract 421.02, Cabarrus County, North Carolina",37025042102,33.1286836935167,7.883104125736738,2.529469548133595,23.993123772102162,59.77406679764243,11.272102161100197,2.431237721021611,65.08972267536704,89.53488372093024,16.795865633074936,5.0864699898270604,82.81674823273518,8.740359897172237,91.83294663573086,78.16091954022988,6.719085060757685,93.28091493924232,59.69348659003831,0.8429118773946359
2018,"Census Tract 422, Cabarrus County, North Carolina",37025042200,22.62424904423812,16.466411796832332,0.0,8.98416166029492,86.93336974330967,1.9388312397596943,2.1436373566357183,56.49246553382494,91.38765240952196,31.546351848267857,9.89456609894566,82.81500480923373,10.605258514205048,93.78932968536252,80.05963473723445,3.558590941768512,96.44140905823149,72.45620573984345,3.5408125232948193
2018,"Census Tract 423, Cabarrus County, North Carolina",37025042300,23.869926199261993,18.404059040590408,0.8763837638376383,20.272140221402214,59.98616236162362,13.238007380073801,5.627306273062731,55.439560439560445,84.14675193537529,18.243015819589363,0.0,83.84615384615385,10.307084220127697,91.18773946360153,66.897285790314,9.750240153698368,90.24975984630163,44.97072911122938,13.038850452368282
2018,"Census Tract 424.01, Cabarrus County, North Carolina",37025042401,18.57100679067021,23.590197815175674,3.3067611455565395,5.580159433126661,82.37378210806024,6.5839976380277525,2.155299675228816,49.198606271777,91.42634450506625,32.696804364770074,15.326633165829145,80.5574912891986,9.018181818181818,96.44416718652526,77.37827715355805,11.76470588235294,88.23529411764706,67.56554307116104,6.367041198501873
2018,"Census Tract 424.02, Cabarrus County, North Carolina",37025042402,27.077271257678632,11.817006142903331,1.3902360168121564,31.652117685095376,49.498868412544454,10.442935661170385,7.015842224377628,50.15187310158623,87.773042088439,16.54235482152371,2.1134593993325916,91.96760040499494,7.695769576957696,91.36605558840922,69.29371231696813,11.34020618556701,88.65979381443299,34.022394487510766,6.890611541774333
2018,"Census Tract 425.01, Cabarrus County, North Carolina",37025042501,16.26829268292683,15.634146341463415,10.634146341463415,10.78048780487805,71.73170731707317,4.7073170731707314,2.1463414634146343,60.88963491397398,92.85488460322479,45.96901675624407,1.2219959266802443,84.8510281158204,9.729099912612876,95.82235604064735,82.88340034462952,8.991113434396237,91.00888656560376,82.71108558299828,1.4359563469270535
2018,"Census Tract 425.02, Cabarrus County, North Carolina",37025042502,19.570602807597027,14.53344343517754,0.6193228736581338,25.598678777869527,67.87778695293146,4.417836498761354,1.486374896779521,55.80808080808081,93.39233038348083,17.52212389380531,0.0,95.53872053872054,8.829568788501026,92.26914817465999,71.65354330708661,7.971014492753622,92.02898550724638,59.645669291338585,9.744094488188976
2018,"Census Tract 425.03, Cabarrus County, North Carolina",37025042503,25.532922785409756,12.766461392704878,8.053055423969683,10.682141165324492,66.9824727617243,12.600663192799622,1.6816674561819043,56.725440806045334,92.94959128065395,43.76702997275204,11.031175059952037,94.20654911838791,5.372561560601215,96.01018675721562,82.7630729502905,6.574185765983112,93.4258142340169,90.8327953518399,2.324080051646223
2018,"Census Tract 425.04, Cabarrus County, North Carolina",37025042504,20.901371652514698,12.540822991508819,1.3716525146962768,3.3311561071195297,85.36903984323972,9.209666884389287,0.7184846505551926,59.196891191709845,96.4189794091316,49.14950760966876,49.6551724137931,86.78756476683938,7.431874483897605,95.20089285714286,76.21722846441948,3.9568345323741005,96.0431654676259,88.38951310861424,0.0
2018,"Census Tract 426.01, Cabarrus County, North Carolina",37025042601,22.539867755737067,17.891870867366784,4.3173862310385065,8.829249319331,80.9023726176585,5.542590431738623,0.40840140023337224,52.89156626506024,96.54884497634288,49.87475647091567,15.392895586652314,93.77510040160642,9.364800401707257,94.88355681016232,83.55795148247978,3.7363777893098082,96.26362221069019,85.06738544474393,4.743935309973046
2018,"Census Tract 426.02, Cabarrus County, North Carolina",37025042602,28.09126594700687,6.746810598626104,2.2325809617271837,16.903827281648674,58.48871442590775,21.810598626104024,0.5642787046123651,57.49761222540592,85.08266051518648,20.9919261822376,8.305647840531561,84.5272206303725,5.697714090754009,95.09677419354838,82.19749652294854,0.0,100.0,75.10431154381085,0.6954102920723227
2018,"Census Tract 426.03, Cabarrus County, North Carolina",37025042603,23.28730029786082,12.428919577579203,0.8529650690495532,12.64554562686163,74.05903059842946,10.628215542919037,1.8142431627403195,67.33531451213473,93.03648489603766,37.092977638289526,7.568438003220612,91.802872709262,10.148252735615955,97.14219866328648,86.88981868898186,10.262828535669586,89.73717146433042,80.9623430962343,1.080892608089261
2018,"Census Tract 426.04, Cabarrus County, North Carolina",37025042604,23.49737405174091,12.701808986578486,2.411982104648901,16.008558646177786,74.38241587239837,2.353627698891266,4.84341567788368,62.57355825814045,94.57554397793442,35.519460619062215,12.711864406779661,92.34994115339349,9.992372234935164,92.8766189502386,77.86790266512168,3.5215204024594744,96.47847959754053,78.96871378910775,2.1436848203939745
2018,"Census Tract 101.01, Catawba County, North Carolina",37035010101,18.15861130020422,21.289993192648062,2.773995915588836,7.641252552756978,87.01497617426821,2.1783526208304966,0.39142273655547993,50.19394879751745,83.95115569123419,18.70911469690362,3.1724137931034484,79.59658650116369,9.0871283011021,93.4903500163559,76.82258744205647,13.457330415754923,86.54266958424508,82.34302570585757,0.4635482511588706
2018,"Census Tract 101.02, Catawba County, North Carolina",37035010102,20.536165907941324,24.405665149215984,8.49772382397572,9.408194233687405,79.84319676277187,1.8715225088517955,0.37936267071320184,34.705228031145715,92.73949579831933,27.83193277310924,8.916083916083917,80.0333704115684,12.623525661459995,94.51097804391217,69.97593261131168,10.064935064935066,89.93506493506493,81.04693140794224,7.521058965102287
2018,"Census Tract 102.01, Catawba County, North Carolina",37035010201,26.014760147601475,15.129151291512915,13.222632226322265,1.2710127101271012,76.81426814268143,5.5760557605576055,3.116031160311603,50.38513819664703,82.93460925039872,12.376395534290271,0.9163802978235969,87.90212958767557,8.118592407869215,93.08811641067098,71.68774051676745,11.397954213346322,88.60204578665368,80.37383177570094,0.9345794392523363
2018,"Census Tract 102.02, Catawba County, North Carolina",37035010202,23.76074414223478,15.42446720828918,9.85517484987637,5.369127516778524,66.63134345931944,15.636406452372542,2.5079477216531263,36.56330749354005,81.67548500881834,13.756613756613756,4.83271375464684,88.06201550387597,7.32046332046332,93.23892188213796,69.46319511411122,7.520808561236623,92.47919143876338,71.48826743812279,3.4715525554484086
2018,"Census Tract 103.01, Catawba County, North Carolina",37035010301,25.06203473945409,14.578163771712157,4.425144747725393,2.253928866832093,83.02315963606286,8.705541770057899,1.5922249793217536,42.439266236985624,85.91202706859427,28.791141187326975,13.60381861575179,85.72136836886465,5.270419426048565,94.66840052015606,63.78814047207829,12.09514170040486,87.90485829959515,80.82901554404145,6.275187104202648
2018,"Census Tract 103.02, Catawba County, North Carolina",37035010302,23.171553758004716,16.54870239298955,4.314122008763061,9.639366363329962,74.3680485338726,9.841590832490732,1.8368722615436466,27.686775868957252,90.19659239842726,42.463958060288334,12.118320610687022,95.64522572912504,8.642246106602325,88.7063655030801,76.65289256198346,4.082441537851763,95.91755846214824,71.98347107438016,6.239669421487603
2018,"Census Tract 103.03, Catawba County, North Carolina",37035010303,25.067204301075268,17.316308243727597,2.3297491039426523,2.28494623655914,80.48835125448028,13.216845878136201,1.6801075268817203,38.3618455158113,85.15297906602255,20.515297906602253,14.84480431848853,89.47641264904095,8.041853512705531,89.32303498409814,67.64705882352942,6.593406593406594,93.4065934065934,75.0,9.294117647058824
2018,"Census Tract 103.04, Catawba County, North Carolina",37035010304,26.681075888568685,14.31316042267051,7.372718539865514,3.9385206532180597,57.10854947166186,29.37079731027858,2.2094140249759846,35.76642335766424,76.47058823529412,11.64860681114551,5.747126436781609,89.83717012914093,6.026858827382902,90.3976721629486,63.13301823092505,11.264230077890952,88.73576992210904,59.284267386900744,10.330857528696827
2018,"Census Tract 104.01, Catawba County, North Carolina",37035010401,20.4548568297027,19.304014248527196,9.316344704754076,7.987395533634745,65.70763118235374,14.303329223181258,2.685299356076175,35.72496263079223,89.4757357240304,21.223932956538686,0.6597549481621112,90.10463378176384,10.48914915604547,91.78952719877987,71.54271665642287,10.555250137438152,89.44474986256185,47.725875845113706,1.7516902274124155
2018,"Census Tract 104.02, Catawba County, North Carolina",37035010402,14.502875924404274,14.913722267871815,2.074774034511093,18.221035332785537,60.51766639276911,14.174198849630237,5.012325390304026,31.69291338582677,83.47487615003539,19.497523000707716,0.0,71.40748031496062,4.324843825084094,91.6323165704864,53.12169312169313,12.093023255813954,87.90697674418605,27.24867724867725,13.280423280423282
2018,"Census Tract 105.01, Catawba County, North Carolina",37035010501,21.79621848739496,20.772058823529413,2.4422268907563027,3.0987394957983194,89.57457983193278,4.8844537815126055,0.0,32.58488499452355,96.04874446085671,54.17282127031019,3.4732272069464547,88.71851040525739,6.145063801208865,93.76811594202898,78.84002549394519,16.94017998941239,83.05982001058761,67.68642447418738,3.0592734225621414
2018,"Census Tract 105.02, Catawba County, North Carolina",37035010502,24.86278814489572,19.01756311745335,7.930845225027443,0.411635565312843,89.29747530186609,0.411635565312843,1.9484083424807903,40.21660649819495,94.39551641313051,54.88390712570056,14.44805194805195,91.985559566787,8.619430241051864,86.1368909512761,82.6440177252585,6.427090532135453,93.57290946786455,84.41654357459379,1.4771048744460855
2018,"Census Tract 106, Catawba County, North Carolina",37035010600,23.40966921119593,20.763358778625953,0.0,8.329092451229855,75.06361323155217,14.130619168787106,2.4766751484308736,41.200161095449054,84.78155339805825,37.45145631067961,9.066427289048475,87.07209021345147,10.609080841638981,96.08979000724112,64.17370325693607,18.35193696651346,81.64806303348654,55.93084036992361,3.176517893043828
2018,"Census Tract 107, Catawba County, North Carolina",37035010700,19.086386250565354,13.83989145183175,2.0805065581184983,12.573496155585708,64.76707372229761,15.332428765264586,5.246494798733605,33.14231136580707,71.1084191399152,14.052089642640825,0.0,69.05444126074498,6.987143655673561,91.90751445086705,44.56207892204042,15.459723352318958,84.54027664768104,31.56881616939365,11.068334937439845
2018,"Census Tract 109, Catawba County, North Carolina",37035010900,18.91231286281699,17.35410937977391,0.488848151542927,54.96486403910785,35.074854873205005,5.866177818515124,3.6052551176290866,24.305555555555554,75.14843087362172,6.743002544529262,3.78619153674833,84.46180555555556,9.306706857573474,77.2874756651525,35.200553250345784,13.723150357995225,86.27684964200478,45.57399723374827,26.141078838174277
2018,"Census Tract 110, Catawba County, North Carolina",37035011000,27.837354781054515,19.481680071492406,0.22341376228775692,18.40929401251117,44.10187667560322,31.948168007149242,5.317247542448615,34.61538461538461,65.5359565807327,5.4274084124830395,2.1459227467811157,81.88585607940446,8.589341692789969,87.04663212435233,43.34554334554335,21.25,78.75,57.02075702075702,8.669108669108669
2018,"Census Tract 111.01, Catawba County, North Carolina",37035011101,21.430492067760152,18.445818768486152,5.270233933853186,11.642914762032804,73.19171820381824,6.641570314600699,3.2535627856950793,41.41538461538462,84.98727735368958,22.173754998182478,2.0905923344947737,96.49230769230769,8.06728458633711,88.53333333333333,67.90890269151139,5.294117647058823,94.70588235294117,73.15389924085576,1.0351966873706004
2018,"Census Tract 111.02, Catawba County, North Carolina",37035011102,23.56526155408837,12.02386998476384,9.294057897409854,6.6150330116810565,69.97206703910615,11.389029964448959,2.7298120873539866,44.40203562340967,86.65678280207561,25.037064492216455,9.276018099547512,87.96437659033079,7.60797342192691,94.17542256738236,69.86486486486486,6.742281033396345,93.25771896660365,70.87837837837839,1.5540540540540542
2018,"Census Tract 112, Catawba County, North Carolina",37035011200,21.22156435026488,16.57837332502337,0.0,15.659083826737302,62.71424119663447,16.09535680897476,5.531318167653475,38.75278396436526,84.1880341880342,18.874643874643873,0.29880478087649404,87.19376391982183,5.755537974683545,93.53970390309556,60.89771255934397,9.4921875,90.5078125,60.29348295209323,2.416918429003021
2018,"Census Tract 113, Catawba County, North Carolina",37035011300,26.48175182481752,13.591240875912408,7.255474452554744,16.131386861313867,56.24817518248175,16.4963503649635,3.8686131386861313,41.95338512763596,79.37612208258528,10.771992818671453,6.015625,78.0614132445431,7.009531374106434,89.6103896103896,52.49908792411529,10.774739583333332,89.22526041666666,51.14921561473914,9.230207953301715
2018,"Census Tract 114.01, Catawba County, North Carolina",37035011401,23.775256019928037,13.562136728480487,6.3659009133683915,9.49349570993634,69.85884306670357,5.369499031275948,8.912261278715748,52.90602933188484,82.6215644820296,9.090909090909092,4.423380726698262,84.6279196089082,6.6278222869628545,97.33542319749216,57.50889679715302,10.73697585768742,89.26302414231257,73.52313167259787,8.185053380782918
2018,"Census Tract 114.02, Catawba County, North Carolina",37035011402,15.402536888428683,24.592285788247477,2.4074553455863317,3.2617136940201914,88.92052808697903,5.4103028734144445,0.0,48.954211418880725,81.25440451021846,13.988724453840733,5.092592592592593,90.61616732617298,11.620043037196433,93.93779652082235,59.42391984971822,11.7191818684356,88.2808181315644,68.19035691922355,9.329993738259237
2018,"Census Tract 115.01, Catawba County, North Carolina",37035011501,20.128068303094985,18.868729989327644,0.2774813233724653,4.332977588046958,94.53575240128067,0.44823906083244397,0.4055496264674493,71.23287671232876,88.73488646416986,20.053081686818047,5.7034220532319395,93.00897496457252,10.128273650454304,93.41834635952283,60.90342679127726,12.850678733031673,87.14932126696833,84.57943925233646,2.1806853582554515
2018,"Census Tract 115.03, Catawba County, North Carolina",37035011503,23.759153783563875,19.85353946297803,0.0,2.2240303770002714,94.0330892324383,1.5188500135611607,2.2240303770002714,68.27057182705718,87.91763791763792,31.934731934731936,16.643159379407617,86.82008368200836,9.243397573162026,95.84282460136674,65.55397727272727,19.908987485779296,80.09101251422071,92.89772727272727,1.9886363636363635
2018,"Census Tract 115.04, Catawba County, North Carolina",37035011504,21.32787630741246,15.552523874488402,0.0,1.697741397604972,97.10474458087009,1.1975140215249356,0.0,73.24044301536263,92.06676282711724,33.360807747784875,7.556427870461237,91.13969274740978,7.495183044315993,95.58914250462678,74.88479262672811,20.12269938650307,79.87730061349694,77.80337941628265,5.299539170506913
2018,"Census Tract 116.01, Catawba County, North Carolina",37035011601,25.447873947766027,14.267213468594864,0.0,3.9067558817181087,70.17051586445068,16.511979279084827,9.410748974746385,54.88599348534202,79.78000647039792,12.811387900355871,3.089598352214212,90.93376764386537,5.7324840764331215,94.23076923076923,57.10643722115998,9.043478260869566,90.95652173913044,84.83110261312939,2.0395156150414278
2018,"Census Tract 116.02, Catawba County, North Carolina",37035011602,27.001934235976787,16.11218568665377,0.9671179883945842,0.7736943907156674,89.18762088974856,7.562862669245648,1.5087040618955514,62.93420514916224,81.50305854937373,11.44771337023012,23.976023976023978,90.72333469554556,7.44568097509274,96.62135922330097,65.4296875,8.693713776192599,91.3062862238074,73.14453125,0.5859375
2018,"Census Tract 117.01, Catawba County, North Carolina",37035011701,23.298783235691754,18.026137899954936,1.6899504281207751,6.511942316358719,83.0779630464173,7.390716538981524,1.3294276701216765,39.86674069961133,90.85771276595744,28.523936170212767,22.584541062801932,93.7257079400333,9.224441833137485,95.83131362094038,72.5059382422803,5.8165548098434,94.1834451901566,72.8622327790974,2.197149643705463
2018,"Census Tract 117.02, Catawba County, North Carolina",37035011702,24.259844782983617,15.320494394941075,6.064961195745904,6.711698764012647,78.4708249496982,6.783558493820063,1.9689565967231963,61.02227298686464,88.71234007428808,16.92117210070161,8.6073500967118,90.3483723586522,7.988614800759013,95.40051679586563,67.65784114052953,8.939169139465877,91.06083086053413,76.25254582484725,2.769857433808554
2018,"Census Tract 118.01, Catawba County, North Carolina",37035011801,20.278917145200985,17.473338802296965,0.0,6.940114848236259,90.13945857260049,2.8055783429040195,0.11484823625922888,59.06548206646923,91.94998903268261,21.86883088396578,11.77536231884058,96.15004935834156,13.58304177814365,97.1101745936183,77.10451403009353,1.363818692338548,98.63618130766145,84.18056120374135,0.0
2018,"Census Tract 118.02, Catawba County, North Carolina",37035011802,21.503496503496503,17.97520661157025,2.3839796567069294,4.4500953591862675,87.6509853782581,2.908455181182454,2.6064844246662426,68.6125852918878,78.77107364685004,10.403726708074535,4.202483285577841,89.34799090219863,9.151650131605587,93.69220607661823,55.181347150259064,13.935340022296543,86.06465997770346,85.18998272884282,6.260794473229707
2018,"Census Tract 9501.01, Cleveland County, North Carolina",37045950101,19.011558389796733,19.888401753686725,2.371462734157035,3.527301713830211,89.49780789159027,2.9095257074531684,1.6939019529693105,78.1959766385464,78.23920265780731,10.741971207087486,2.9308323563892147,91.30434782608695,7.800196850393701,89.5169578622816,33.43685300207039,19.39924906132666,80.60075093867334,79.1407867494824,9.265010351966874
2018,"Census Tract 9501.02, Cleveland County, North Carolina",37045950102,20.694444444444443,18.125,0.06944444444444445,4.131944444444445,92.5,0.2777777777777778,3.0208333333333335,68.80658436213992,85.27462121212122,9.706439393939394,7.819905213270142,86.99588477366255,5.691768826619965,93.39423752635277,33.88937664618086,15.18987341772152,84.81012658227847,78.31431079894644,4.653204565408252
2018,"Census Tract 9502, Cleveland County, North Carolina",37045950200,20.19047619047619,21.608465608465607,0.5291005291005291,22.772486772486772,75.47089947089947,0.16931216931216933,1.0582010582010581,62.82608695652174,77.73291029708682,10.873954427458898,2.312925170068027,87.98913043478261,8.194112967382656,94.9928469241774,43.97590361445783,16.238532110091743,83.76146788990826,76.06790799561884,6.407447973713033
2018,"Census Tract 9503.01, Cleveland County, North Carolina",37045950301,22.752621012714698,16.016060673656035,3.479812625474013,22.708008030336828,61.96743252286415,8.09725630158376,3.747490519741245,60.02214839424141,85.14787130321741,17.582060448488786,19.53232462173315,87.26467331118494,8.749639041293676,90.2893575282001,59.97529339098209,16.632337796086507,83.3676622039135,71.83446571957998,3.7677578752316245
2018,"Census Tract 9503.02, Cleveland County, North Carolina",37045950302,20.737555812799734,16.570200099222752,1.372581445344799,8.91351083181743,86.05920291053415,2.133289234331073,1.5214155779725484,62.04068241469817,88.83632923368022,16.461684011352887,2.6910656620021527,92.19160104986877,5.883580221155852,96.49068322981367,61.51461470327724,7.723743359215366,92.27625664078464,71.61204605845882,2.3029229406554474
2018,"Census Tract 9504, Cleveland County, North Carolina",37045950400,29.692879768626913,17.628425836661616,0.7987880457237296,20.093651012257265,75.11362071340035,2.685580498553918,1.3083597300647294,56.15858352578906,86.93133047210301,15.493562231759656,0.7918552036199095,81.13933795227098,8.971596474045054,88.43559267587537,51.502932551319645,10.026385224274406,89.9736147757256,62.683284457478,7.111436950146628
2018,"Census Tract 9505, Cleveland County, North Carolina",37045950500,20.2365308804205,16.59001314060447,0.0,18.166885676741128,75.65703022339028,2.7923784494086727,3.3837056504599214,53.76344086021505,82.76810265811181,13.565536205316223,7.476635514018691,86.35235732009926,11.326194398682043,83.80952380952381,56.58181818181818,18.92688679245283,81.07311320754717,48.8,5.963636363636363
2018,"Census Tract 9506.01, Cleveland County, North Carolina",37045950601,19.898534385569334,17.81285231116122,1.2119503945885006,4.650507328072153,91.00901916572717,1.6629086809470124,1.4656144306651635,50.20673360897815,87.6010781671159,11.821332306507509,7.401032702237521,83.52037802717071,9.95777621393385,96.75977653631284,61.88835286009648,9.198998748435544,90.80100125156446,82.08132322536183,3.1702274293590627
2018,"Census Tract 9506.02, Cleveland County, North Carolina",37045950602,21.845682557916906,16.82940838598507,3.867509094390197,18.571702086923224,75.33984300210606,0.6318207926479035,1.5891250239326058,62.857142857142854,84.20770877944325,9.39507494646681,5.591677503250976,87.79661016949153,11.636452719255267,92.02743249035576,52.7736131934033,17.382328654004954,82.61767134599505,70.81459270364817,6.946526736631683
2018,"Census Tract 9507, Cleveland County, North Carolina",37045950700,17.85412559842298,24.317093776401013,0.0,30.52661222190932,68.58631371444663,0.0,0.8870740636440438,32.58389261744966,83.48416289592761,26.225490196078432,7.021517553793885,85.63758389261746,8.896126157010627,91.99282939946221,49.280575539568346,9.580130100532228,90.41986989946777,63.50555918901243,12.589928057553957
2018,"Census Tract 9508, Cleveland County, North Carolina",37045950800,24.307036247334754,18.336886993603414,0.6396588486140725,29.147121535181235,62.55863539445629,7.356076759061833,0.2985074626865672,44.79708636836629,87.36706413148566,18.40154689010635,4.0428061831153395,87.09677419354838,6.005665722379604,86.1317051897078,47.847147470398276,9.4541910331384,90.5458089668616,64.58557588805166,5.705059203444564
2018,"Census Tract 9509, Cleveland County, North Carolina",37045950900,26.71232876712329,17.275494672754945,2.7016742770167426,70.16742770167428,24.467275494672755,1.0273972602739725,1.6362252663622525,46.118192352259555,77.23984418475236,14.57985531441291,1.1532125205930808,84.82039397450754,11.163032191069574,89.2292490118577,37.03085904920767,21.787345075016308,78.2126549249837,43.36947456213511,27.18932443703086
2018,"Census Tract 9510, Cleveland County, North Carolina",37045951000,25.709624796084828,16.01957585644372,0.0,36.6394779771615,61.598694942903755,1.0440456769983686,0.7177814029363785,35.3870458135861,81.54257690592955,32.144449398127506,3.0852994555353903,81.27962085308057,6.280193236714976,94.2039618488628,59.21926910299003,30.081300813008134,69.91869918699187,58.88704318936877,20.514950166112957
2018,"Census Tract 9511, Cleveland County, North Carolina",37045951100,21.26418152350081,17.73095623987034,0.0,41.65316045380875,56.72609400324149,0.5186385737439222,1.1021069692058345,39.03192584963955,71.5183752417795,17.5531914893617,0.0,68.2801235839341,9.798270893371757,85.48387096774194,36.5,24.43324937027708,75.56675062972292,34.08333333333333,23.416666666666668
2018,"Census Tract 9512, Cleveland County, North Carolina",37045951200,21.734494401990403,19.406433268171316,1.3328594277590189,29.19850719744091,52.69237604407322,15.372312066820687,1.4039452639061667,49.421820010055306,83.65719980069755,19.232685600398604,6.7064083457526085,92.60935143288084,6.188850967007964,88.74143835616438,49.47826086956522,12.146676852559207,87.8533231474408,50.52173913043478,9.869565217391305
2018,"Census Tract 9513, Cleveland County, North Carolina",37045951300,24.14649286157666,15.673494723774054,2.0173805090006205,8.721291123525761,80.07448789571696,8.441961514587213,0.74487895716946,48.49921011058452,83.1981981981982,26.576576576576578,0.0,85.15007898894154,7.578861122490782,90.05486968449932,61.40510948905109,11.826226870474658,88.17377312952534,86.58759124087592,0.7299270072992701
2018,"Census Tract 9514, Cleveland County, North Carolina",37045951400,20.855614973262032,20.611153552330023,0.10695187165775401,15.370511841100075,77.6165011459129,5.194805194805195,1.7112299465240641,48.60759493670886,84.64692482915717,17.289293849658314,5.258545135845749,92.82700421940928,8.166023166023166,90.68413391557496,46.16033755274261,19.140225179119756,80.85977482088025,75.99156118143459,2.3628691983122363
2018,"Census Tract 9515.01, Cleveland County, North Carolina",37045951501,17.76270006958942,13.308977035490605,0.7306889352818371,4.07098121085595,91.94502435629785,1.757132915796799,1.4961725817675715,51.12128146453089,90.67545304777595,29.654036243822073,6.944444444444445,84.5766590389016,7.539178314273613,91.49021174590492,59.39243645381277,15.638075313807532,84.36192468619247,73.65158090514569,8.05951642901426
2018,"Census Tract 9515.02, Cleveland County, North Carolina",37045951502,20.04811547714515,19.0056134723336,0.0,8.420208500400962,84.04170008019246,4.971932638331997,2.566158781074579,66.2962962962963,82.53223915592028,13.95076201641266,0.0,90.37037037037037,4.312938816449348,92.64957264957265,23.146067415730336,23.53951890034364,76.46048109965635,83.59550561797752,4.719101123595506
2018,"Census Tract 9515.03, Cleveland County, North Carolina",37045951503,30.68552774755169,11.969532100108813,0.0,20.20311933260791,75.335509611897,2.7928908233587233,1.6684802321363803,46.95885509838998,87.85670916818458,30.66180935033394,0.0,90.87656529516994,9.57613814756672,90.44684129429892,65.82969432314411,12.844909609895339,87.15509039010466,77.83842794759825,2.1834061135371177
2018,"Census Tract 9516.01, Cleveland County, North Carolina",37045951601,23.704042018725737,14.98058917561087,0.22836263987211694,28.910710207810002,64.90066225165563,1.4843571591687599,4.475907741493492,57.537688442211056,85.65601631543169,17.675050985724,1.8796992481203008,83.10301507537689,6.495061358874589,85.82514226590791,60.754467240238256,16.886688668866885,83.1133113311331,74.12309728656518,5.493050959629384
2018,"Census Tract 9516.02, Cleveland County, North Carolina",37045951602,20.2688728024819,17.538779731127196,0.0,25.853154084798348,69.90692864529473,1.8407445708376422,2.3991726990692865,44.43249058633674,83.6644591611479,6.622516556291391,5.025125628140704,91.76976869284562,9.93514915693904,90.47397769516728,49.971957375210316,14.688995215311005,85.31100478468899,69.32136848008975,4.094223219293326
2018,"Census Tract 301.01, Gaston County, North Carolina",37071030101,23.300423131170664,16.22002820874471,3.244005641748942,2.0310296191819464,91.59379407616362,2.8772919605077574,0.2538787023977433,72.9641693811075,88.315748339195,34.66197733489644,16.640986132511557,91.72638436482085,7.465980139757264,93.04635761589404,73.19884726224784,9.87012987012987,90.12987012987013,83.64553314121036,1.440922190201729
2018,"Census Tract 301.02, Gaston County, North Carolina",37071030102,21.866601514781333,15.196677253848033,0.0,28.73198143171268,68.36061568531639,0.8306865379916931,2.076716344979233,75.06631299734748,90.11731247778172,17.454674724493422,21.11111111111111,88.59416445623343,9.537210756722953,93.47929557353642,70.87765957446808,8.571428571428571,91.42857142857143,78.92287234042553,3.789893617021277
2018,"Census Tract 302.03, Gaston County, North Carolina",37071030203,20.57700466694951,17.098005939753925,0.0,1.9092066185829444,95.20577004666949,1.5273652948663556,1.3576580398812048,82.15451577801959,87.30964467005076,16.52566271855612,7.008086253369273,89.55386289445049,9.56196581196581,93.94736842105263,65.5958549222798,6.853281853281853,93.14671814671814,84.4559585492228,2.6943005181347153
2018,"Census Tract 302.04, Gaston County, North Carolina",37071030204,24.98586772187677,17.24137931034483,1.921989824759751,15.404183154324476,77.52967778405879,3.22215941209723,1.921989824759751,80.44041450777202,89.83739837398373,24.10569105691057,17.576564580559253,88.47150259067358,8.477769404672193,95.11363636363637,76.01957585644372,2.3107569721115535,97.68924302788845,94.86133768352364,1.3050570962479608
2018,"Census Tract 302.05, Gaston County, North Carolina",37071030205,26.507782101167315,14.713035019455253,0.46206225680933855,2.480544747081712,92.6556420233463,2.3589494163424125,2.0428015564202333,72.41953385127637,87.27544910179641,13.211077844311378,6.675392670157068,88.06881243063262,6.783587028457975,96.98544698544698,60.387811634349035,8.084022915340547,91.91597708465945,75.48476454293629,3.4626038781163437
2018,"Census Tract 303.01, Gaston County, North Carolina",37071030301,16.789739603575594,19.704624951418577,0.0,2.2541780023319085,95.4139137193937,0.9327633113097552,1.3991449669646328,69.10490856592878,78.68073878627968,9.498680738786279,10.0,97.30510105871029,8.220457730032695,95.63392107472713,53.38042381432896,12.223206377325067,87.77679362267493,72.85570131180626,3.733602421796166
2018,"Census Tract 303.02, Gaston County, North Carolina",37071030302,23.77958579881657,14.534023668639055,0.3698224852071006,2.1819526627218937,84.35650887573965,12.24112426035503,0.8505917159763313,66.53658536585367,80.28095733610822,11.342351716961499,3.117505995203837,91.51219512195122,10.728346456692913,92.4914675767918,56.47619047619048,13.580246913580247,86.41975308641975,66.19047619047619,0.9523809523809524
2018,"Census Tract 304.01, Gaston County, North Carolina",37071030401,23.725446921209446,14.610461266828514,0.0,0.6621054954756125,94.15140145663209,3.0456852791878175,2.14080776870448,67.29559748427673,89.20510304219823,18.90742558063461,5.020352781546811,82.65947888589398,9.953703703703704,95.95227950575203,66.11721611721612,10.148107515085025,89.85189248491497,86.01953601953602,6.166056166056166
2018,"Census Tract 304.02, Gaston County, North Carolina",37071030402,21.585998271391528,11.840968020743302,0.0,6.374243733794295,84.35609334485738,7.497839239412272,1.7718236819360416,71.21447028423773,81.19337706966573,16.307403936269914,13.025780189959294,91.93798449612403,5.661419497376415,93.01886792452831,73.79409647228222,19.055944055944053,80.94405594405595,76.1699064074874,1.511879049676026
2018,"Census Tract 305.01, Gaston County, North Carolina",37071030501,25.13368983957219,15.813598166539345,0.0,2.13903743315508,96.40947288006112,1.4514896867838043,0.0,73.46585998271391,87.10407239819004,14.819004524886878,6.843267108167771,92.48055315471045,9.285714285714286,95.05672609400324,58.75127942681678,11.66365280289331,88.33634719710669,80.34800409416582,0.8188331627430911
2018,"Census Tract 305.02, Gaston County, North Carolina",37071030502,19.994414967886065,17.7604021223122,0.3909522479754258,7.539793353811784,85.22759005864283,1.3404077073443172,5.501256632225635,75.10889856876167,87.11340206185567,12.807295796986518,6.946983546617916,91.97261978842563,5.549738219895288,93.57945425361156,63.15401621223287,20.457209847596715,79.54279015240328,70.00736919675755,3.316138540899042
2018,"Census Tract 306.01, Gaston County, North Carolina",37071030601,23.9572561185798,17.511203033436747,0.0,4.067562909341606,91.03757325060324,2.619786280592899,2.2750775594622543,60.0896860986547,90.07407407407408,13.185185185185185,11.588785046728972,99.10313901345292,6.57298277425204,94.38291139240506,63.618290258449306,8.628519527702089,91.3714804722979,79.92047713717693,5.7654075546719685
2018,"Census Tract 306.02, Gaston County, North Carolina",37071030602,19.745762711864405,23.771186440677965,0.8050847457627118,5.932203389830509,90.33898305084746,1.5254237288135595,1.3983050847457628,58.50487540628385,78.09354647720545,16.755476613380697,11.246200607902736,91.11592632719393,5.543822597676875,94.0795559666975,49.78021978021978,15.584415584415584,84.4155844155844,80.87912087912088,3.9560439560439558
2018,"Census Tract 307, Gaston County, North Carolina",37071030700,24.58756345177665,16.211928934010153,0.0,11.072335025380712,83.56598984771574,3.4581218274111674,1.903553299492386,60.95836606441477,88.623046875,16.845703125,21.875,97.09347996857817,7.656710138830459,97.523670793882,52.71317829457365,9.15492957746479,90.84507042253522,54.8062015503876,9.45736434108527
2018,"Census Tract 308.01, Gaston County, North Carolina",37071030801,15.193370165745856,23.549723756906076,0.0,9.25414364640884,89.98618784530386,0.0,0.7596685082872928,52.052238805970156,77.95698924731182,5.734767025089606,19.526627218934912,82.46268656716418,9.120521172638437,91.21951219512195,51.245551601423486,11.35646687697161,88.64353312302839,85.58718861209964,6.93950177935943
2018,"Census Tract 308.02, Gaston County, North Carolina",37071030802,21.982870490526864,12.821178302621334,0.0,14.430314041007009,77.80949909161691,6.903711393719179,0.8564754736568907,55.483028720626635,76.87816270922538,10.198520825223822,9.66542750929368,90.79634464751958,7.18562874251497,93.48341232227489,50.06720430107527,17.379233759022767,82.62076624097723,55.64516129032258,10.81989247311828
2018,"Census Tract 309.01, Gaston County, North Carolina",37071030901,19.867549668874172,17.26584673604541,2.081362346263009,11.967833491012298,80.74739829706718,0.9933774834437087,4.210028382213812,62.7906976744186,74.10596026490066,8.874172185430464,8.414239482200648,87.48615725359912,8.441558441558442,96.3673057517659,58.78725590955807,7.421503330161751,92.57849666983824,53.13463514902364,15.00513874614594
2018,"Census Tract 309.02, Gaston County, North Carolina",37071030902,22.891207153502236,13.889716840536511,2.2652757078986587,36.00596125186289,48.07749627421759,10.461997019374069,3.189269746646796,50.30911901081917,68.14908936891148,8.301567132570945,10.946745562130179,92.89026275115918,6.048856145792943,83.06709265175719,56.56652360515021,15.701881331403763,84.29811866859623,54.33476394849785,9.785407725321889
2018,"Census Tract 310.01, Gaston County, North Carolina",37071031001,26.126927639383158,10.705812574139976,0.3855278766310795,2.8173190984578884,72.65717674970344,15.658362989323843,8.48161328588375,56.64739884393064,71.09482363719651,11.4063215758131,1.9077901430842605,79.76878612716763,2.729827378562826,97.00729927007299,57.32838589981447,12.214983713355048,87.78501628664495,77.08719851576994,5.658627087198516
2018,"Census Tract 310.03, Gaston County, North Carolina",37071031003,19.526042952357443,17.279684028634907,0.7652431498395458,3.0362873364601333,94.05085164156999,0.46901999506294745,1.6785978770673906,72.40085744908896,85.17875737591115,22.353349531412704,5.64516129032258,94.15862808145766,8.220858895705522,95.96211365902293,74.33862433862434,7.6923076923076925,92.3076923076923,86.37566137566137,1.1904761904761905
2018,"Census Tract 310.04, Gaston County, North Carolina",37071031004,17.521854808057775,18.434055492208287,3.1166856708475863,13.797035347776509,78.41125047510452,2.7366020524515395,1.9384264538198404,62.06896551724138,82.42513500245458,21.600392734413354,0.0,94.5945945945946,5.56844547563805,84.6411804158283,53.00884955752212,8.35360908353609,91.6463909164639,57.610619469026545,1.6814159292035398
2018,"Census Tract 311.01, Gaston County, North Carolina",37071031101,22.182340272792533,13.101220387652548,1.9741564967695622,20.172290021536252,71.53625269203158,3.409906676238335,2.9073941134242642,66.44951140065146,89.86983588002263,21.901528013582343,7.635467980295567,94.78827361563518,7.79520295202952,92.58241758241759,61.30790190735694,8.32639467110741,91.67360532889259,65.84922797456856,3.7238873751135335
2018,"Census Tract 311.02, Gaston County, North Carolina",37071031102,19.35171746492501,16.932752781809384,0.24189646831156267,21.528785679729076,67.82776971456217,7.353652636671505,3.0478955007256894,68.2646212847555,83.1237590999338,19.72203838517538,0.0,83.12559923298178,5.578884223155369,94.78337754199823,69.62283384301733,5.400192864030858,94.59980713596914,45.15800203873599,6.422018348623854
2018,"Census Tract 312.01, Gaston County, North Carolina",37071031201,19.34296233361654,11.668082696120079,5.975644293401302,1.7275559331634098,78.70291702067404,13.593882752761258,0.0,63.78646119977985,89.35550935550935,25.48856548856549,16.507936507936506,88.60759493670885,5.477528089887641,97.36842105263158,66.61911554921541,10.185778347213324,89.81422165278667,61.697574893009985,2.710413694721826
2018,"Census Tract 312.02, Gaston County, North Carolina",37071031202,13.751087902523935,11.96692776327241,0.0,9.530026109660575,79.89556135770235,9.18189730200174,1.392515230635335,53.158522050059595,85.98629093678599,13.252094440213252,26.582278481012654,87.72348033373063,5.852674066599395,89.75332068311197,62.84224250325945,11.63594470046083,88.36405529953917,42.633637548891784,5.084745762711865
2018,"Census Tract 313.01, Gaston County, North Carolina",37071031301,24.042272126816382,11.6776750330251,2.2192866578599735,13.791281373844122,65.28401585204756,16.6446499339498,2.0607661822985466,54.17647058823529,80.21892103205629,16.77091477716966,15.689655172413794,84.41176470588235,7.652173913043478,93.82845188284519,65.77134986225896,4.284772577455504,95.71522742254449,65.22038567493112,6.749311294765841
2018,"Census Tract 313.02, Gaston County, North Carolina",37071031302,20.993494973388525,14.350482948945398,0.7096392667060911,17.366449832446285,60.910703725606155,17.76069386950522,3.252513305736251,48.98989898989899,78.44141069397043,9.755403868031856,10.869565217391305,75.8494031221304,7.634730538922156,88.30921553693831,60.40114613180516,15.332362930616206,84.6676370693838,58.56733524355301,2.4068767908309456
2018,"Census Tract 314.01, Gaston County, North Carolina",37071031401,28.842643300474624,12.449799196787147,2.190580503833516,30.339539978094194,53.41365461847389,6.352683461117197,7.703541438481197,41.371158392434985,71.20181405895691,14.229024943310659,3.0737704918032787,83.53033884948779,5.643919958953309,96.56203288490283,45.70582428430405,19.53931691818904,80.46068308181096,40.572556762092795,6.614017769002961
2018,"Census Tract 314.02, Gaston County, North Carolina",37071031402,18.149882903981265,24.707259953161593,0.546448087431694,1.9516003122560501,96.4871194379391,0.702576112412178,0.312256049960968,58.448753462603875,87.36517719568567,13.045711350796097,7.084468664850137,86.42659279778393,10.395803528850738,88.17541111981207,68.37256908904811,4.403131115459883,95.59686888454011,79.42681678607984,0.9211873080859775
2018,"Census Tract 315, Gaston County, North Carolina",37071031500,22.999407231772377,20.569057498518077,1.5115589804386484,30.64611736810907,54.534676941315944,13.307646710136337,0.0,49.83870967741936,65.90296495956873,9.164420485175203,2.717391304347826,69.75806451612904,5.234795996920708,93.17329332333082,57.84392598551891,16.013513513513512,83.98648648648648,44.56958970233307,12.228479485116653
2018,"Census Tract 316, Gaston County, North Carolina",37071031600,23.599902176571288,12.227928588897042,0.0,22.7194913181707,70.31058938615799,5.86940572267058,1.1005135730007336,48.64376130198915,81.35206988226358,6.494492973794151,5.570652173913043,91.86256781193491,6.594110115236876,90.71125265392782,49.29775280898877,6.806282722513089,93.19371727748691,55.61797752808989,6.25
2018,"Census Tract 317.01, Gaston County, North Carolina",37071031701,17.515454813070356,16.544009420076538,0.0,4.651162790697675,84.95731527818664,9.773329408301443,0.6181925228142479,70.45161290322581,83.17914213624896,12.195121951219512,6.824146981627297,88.38709677419355,11.31334760885082,97.08624708624708,63.80655226209049,19.724483406386977,80.27551659361303,82.13728549141965,0.7800312012480499
2018,"Census Tract 317.03, Gaston County, North Carolina",37071031703,24.543828264758496,14.311270125223613,0.0,19.785330948121647,70.16100178890876,6.797853309481217,3.255813953488372,53.03776683087028,84.44444444444444,16.613756613756614,16.145833333333336,94.25287356321839,10.194404931247036,95.20958083832335,58.17307692307693,10.882604970008568,89.11739502999143,88.65384615384615,3.2692307692307696
2018,"Census Tract 317.04, Gaston County, North Carolina",37071031704,27.270240700218817,13.648796498905908,0.0,6.5098468271334795,89.71553610503283,2.2155361050328226,1.5590809628008753,60.65950920245399,81.1297071129707,9.539748953974895,21.04539202200825,87.34662576687117,11.224489795918368,83.34307422559907,63.27137546468401,12.662337662337661,87.33766233766234,74.86988847583643,6.171003717472119
2018,"Census Tract 318, Gaston County, North Carolina",37071031800,29.00339401419315,12.465288491206419,0.0,45.047824745448935,38.25979635914841,15.766738660907128,0.9256402344955261,43.987823439878234,80.67796610169492,4.939467312348668,5.445544554455446,87.13850837138509,5.128205128205128,82.91814946619218,54.86561631139944,21.924746743849493,78.07525325615052,56.16311399443929,11.955514365152919
2018,"Census Tract 319, Gaston County, North Carolina",37071031900,20.679886685552407,16.268717118575477,0.0,67.30068798057466,22.82476730068798,5.463375151760421,4.411169566976932,49.71297359357061,74.50617283950616,20.802469135802472,0.60790273556231,77.26750861079219,3.6734693877551026,82.04667863554758,39.71774193548387,27.27272727272727,72.72727272727273,22.379032258064516,22.076612903225808
2018,"Census Tract 320, Gaston County, North Carolina",37071032000,22.575976845151953,8.936324167872648,0.0,47.467438494934875,40.59334298118669,8.57452966714906,3.3646888567293773,38.90909090909091,70.89750398300583,8.284652150823154,0.0,79.03030303030303,6.962616822429907,80.97050428163654,35.28114663726571,16.173752310536045,83.82624768946395,37.81697905181918,22.712238147739804
2018,"Census Tract 321, Gaston County, North Carolina",37071032100,25.95573440643863,20.254862508383635,0.0,27.833668678739098,47.78672032193159,15.627095908786048,8.75251509054326,34.55743879472693,76.06757390896293,16.75269826372595,4.190476190476191,79.5668549905838,8.695652173913043,86.65594855305466,37.85091965150048,13.338926174496644,86.66107382550335,28.944820909970957,16.84414327202323
2018,"Census Tract 322, Gaston County, North Carolina",37071032200,21.12329380174536,13.80622063101365,2.595658984112777,5.526963526515999,77.51174759454017,5.8626090848064445,8.503020810024614,57.23413966225468,85.30638434392044,23.419955085017648,3.6603221083455346,84.93838429940666,6.708357021034679,94.6611909650924,69.47791164658635,8.743455497382199,91.2565445026178,47.10269650028686,2.8686173264486516
2018,"Census Tract 323.01, Gaston County, North Carolina",37071032301,21.494913754975677,14.904909332153915,2.5210084033613445,10.260946483856701,83.10482087571872,1.3710747456877488,2.7421494913754976,56.85234305923961,86.21134020618557,26.417525773195877,6.326034063260341,86.73740053050398,7.042253521126761,94.34850863422291,69.04205607476635,15.748031496062993,84.25196850393701,76.16822429906543,3.2710280373831773
2018,"Census Tract 323.02, Gaston County, North Carolina",37071032302,25.15377144707025,17.190029135642604,3.3667853674328265,15.700874069278084,62.835869213337645,11.557138232437682,6.539333117513759,60.2814698983581,78.6685419596812,31.03609939052977,11.641221374045802,87.25566849100859,7.309688581314878,95.52957359009628,57.497995188452286,11.935028248587571,88.06497175141243,53.56856455493184,11.387329591018444
2018,"Census Tract 324.01, Gaston County, North Carolina",37071032401,24.981287425149702,14.37125748502994,2.2267964071856285,8.907185628742514,78.05014970059881,2.133233532934132,8.682634730538922,74.67105263157895,94.1797509474824,45.53329723876556,3.084577114427861,96.71052631578947,7.508106759790471,94.1723274937433,76.93789118921521,10.820094461142121,89.17990553885788,67.54935002407319,5.922002888781897
2018,"Census Tract 324.02, Gaston County, North Carolina",37071032402,22.920622863653627,14.546145081655906,4.500569692366122,2.7914925939992403,88.13140903911888,0.9115077857956703,3.6650208887200915,79.40586109995985,92.70315091210614,38.0873410724157,13.172541743970315,92.5331192292252,10.445922641044593,97.13656387665198,82.50681198910081,7.4634392334846185,92.53656076651538,86.86648501362397,0.544959128065395
2018,"Census Tract 325.02, Gaston County, North Carolina",37071032502,28.279430789133247,14.333764553686933,2.354463130659767,3.001293661060802,93.60931435963778,0.2069857697283312,0.8279430789133247,62.808022922636106,95.08323654665118,40.495547812620984,16.071428571428573,96.84813753581662,9.018759018759019,95.34402483186757,78.63501483679525,4.397163120567376,95.60283687943263,91.02373887240356,0.5934718100890208
2018,"Census Tract 325.05, Gaston County, North Carolina",37071032505,21.376623376623378,11.948051948051948,4.025974025974026,33.79220779220779,46.41558441558441,9.064935064935064,6.701298701298701,49.88009592326139,88.04190751445087,20.303468208092486,0.0,87.52997601918466,7.598282127518996,94.44197421076034,70.77114427860697,5.74443141852286,94.25556858147715,41.853233830845774,4.291044776119403
2018,"Census Tract 325.06, Gaston County, North Carolina",37071032506,21.28777923784494,8.63994743758213,2.8252299605781865,30.683311432325887,50.29566360052562,14.224704336399475,1.971090670170828,59.95356935577482,83.99092970521542,33.92290249433106,22.458628841607563,92.6871735345328,5.676126878130217,94.31352459016394,66.64397549353302,14.543339150668993,85.456660849331,30.156569094622192,2.450646698434309
2018,"Census Tract 325.07, Gaston County, North Carolina",37071032507,22.25360067777464,19.598983338040103,6.918949449308105,9.347641909065235,78.36769274216323,3.7560011296244,1.6097147698390286,58.889545186060246,92.5531914893617,36.64302600472813,13.72262773722628,88.4819846426462,11.442063203777696,94.90278507619549,86.21700879765396,7.77552400270453,92.22447599729547,89.29618768328446,3.0791788856304985
2018,"Census Tract 325.08, Gaston County, North Carolina",37071032508,20.179898318341806,20.02346499804458,3.910833007430583,6.570199452483378,87.40711771607353,1.095033242080563,1.0168165819319515,72.4229074889868,94.68700683850605,34.823776959495,24.181360201511335,92.15859030837005,8.966193042626164,97.82783588093322,72.03947368421053,13.390313390313391,86.6096866096866,84.97807017543859,2.4122807017543857
2018,"Census Tract 326, Gaston County, North Carolina",37071032600,24.69230769230769,20.94871794871795,2.5897435897435894,12.923076923076923,76.51282051282051,3.3589743589743595,4.615384615384616,52.18181818181819,94.54156261148769,33.71387798787014,7.668231611893583,89.63636363636364,11.95097037793667,97.74229074889867,79.50229207596594,5.972906403940887,94.0270935960591,84.93778650949574,3.8637851997380483
2018,"Census Tract 327.02, Gaston County, North Carolina",37071032702,18.629646215853114,21.271831616659203,6.896551724137931,15.94267801164353,72.36901030004478,3.090013434841021,1.701746529332736,49.06771344455348,90.1307966706302,41.200951248513675,31.23209169054441,91.95289499509323,8.695652173913043,93.49457881567973,73.11715481171548,6.457925636007827,93.54207436399217,52.19665271966527,9.100418410041842
2018,"Census Tract 327.03, Gaston County, North Carolina",37071032703,23.038728897715988,17.676266137040713,0.9433962264150944,20.506454816286,68.81827209533267,6.653426017874876,3.0784508440913605,50.69356872635561,81.20248790601245,20.66344160331721,11.450381679389313,88.65069356872635,6.451612903225806,95.32100108813928,58.78552971576227,12.344280860702153,87.65571913929784,67.18346253229974,2.3255813953488373
2018,"Census Tract 327.04, Gaston County, North Carolina",37071032704,16.339193381592555,28.024819027921406,3.4384694932781796,30.868665977249226,54.6018614270941,8.945191313340226,2.145811789038263,43.46268656716418,90.23648648648648,19.324324324324323,7.950530035335689,89.97014925373135,8.34363411619283,87.94755421079174,61.37619286790558,14.439192092823378,85.56080790717661,38.9251632345555,6.328478151682572
2018,"Census Tract 328, Gaston County, North Carolina",37071032800,23.782426778242677,16.552301255230127,0.5188284518828452,26.493723849372387,65.15481171548117,6.058577405857741,1.7740585774058577,60.135996600084994,84.58055290753099,14.15633937082936,16.163583252190847,87.59031024224394,9.266578831796222,92.18122031421264,70.34568929612661,7.582755966127791,92.41724403387221,42.024156601416074,15.78508954602249
2018,"Census Tract 329, Gaston County, North Carolina",37071032900,26.854954523695547,10.746768788894208,0.0,34.921014839636186,57.18046912398277,4.667304930588799,3.231211105792245,54.80984340044742,90.39087947882736,21.457654723127035,7.503607503607504,77.9082774049217,5.104712041884817,90.01447178002894,59.497413155949744,15.858208955223882,84.14179104477611,56.09756097560976,8.721359940872137
2018,"Census Tract 331, Gaston County, North Carolina",37071033100,28.7201881088344,11.723211286530063,0.40309035942223714,37.99126637554585,30.634867316090027,25.596237823312055,5.374538125629829,55.32821824381927,77.5879917184265,11.749482401656316,8.928571428571429,86.95652173913044,13.242224316682375,88.48973607038123,56.93822739480752,11.977935382190703,88.0220646178093,60.87735004476276,11.011638316920322
2018,"Census Tract 332.02, Gaston County, North Carolina",37071033202,20.403484640073362,15.910132966529114,1.6506189821182942,8.390646492434662,79.59651535992663,7.290233837689134,3.0719853278312703,51.87617260787992,81.81216931216932,33.2010582010582,14.366197183098592,89.39962476547842,5.439814814814815,95.25790349417638,63.63636363636363,6.192893401015229,93.80710659898477,82.79220779220779,5.735930735930736
2018,"Census Tract 332.03, Gaston County, North Carolina",37071033203,23.67601246105919,13.434579439252337,0.0,43.02959501557632,30.76323987538941,21.144859813084114,5.062305295950155,54.48215839860748,85.35294117647058,10.705882352941176,0.6012024048096193,77.1975630983464,9.23469387755102,94.12685982772122,57.25714285714286,13.108242303872888,86.89175769612712,42.51428571428571,5.828571428571429
2018,"Census Tract 332.04, Gaston County, North Carolina",37071033204,33.33333333333333,11.35024340251089,0.0,38.89315910837817,41.81398923904689,16.551370740456058,2.741480912118883,49.454778704297624,77.78785131459655,11.514052583862194,7.473684210526316,84.28479794740218,9.992313604919293,94.88235294117648,51.86656076250993,14.237057220708445,85.76294277929155,50.03971405877681,3.653693407466243
2018,"Census Tract 333.03, Gaston County, North Carolina",37071033303,19.104938271604937,20.617283950617285,3.2716049382716053,2.345679012345679,93.14814814814815,0.9259259259259258,0.30864197530864196,58.429118773946364,96.01990049751244,46.724709784411274,29.904761904761905,92.33716475095785,8.317436093094239,97.16144293317564,82.61904761904762,4.10958904109589,95.8904109589041,85.71428571428571,0.9523809523809524
2018,"Census Tract 333.04, Gaston County, North Carolina",37071033304,25.694561373968682,16.113823876073415,4.024246506145816,16.33271594544536,71.27462535780434,5.505977437279004,2.8624347533254757,57.63228016749144,95.47661640684896,41.451571684129824,24.279835390946502,92.38675295013323,9.041468388851122,97.25180350395053,88.84401817264008,6.158218853623875,93.84178114637612,91.72135285209491,0.6057546693589096
2018,"Census Tract 333.05, Gaston County, North Carolina",37071033305,26.861071597913703,14.390706495969654,4.054054054054054,7.586533902323376,69.03745851114273,16.097676623992413,3.2242769084874348,63.37142857142857,85.58026407227241,17.02571230020848,5.873925501432665,89.08571428571429,8.233387358184766,96.40062597809077,72.64214046822742,7.372986369268897,92.6270136307311,86.55518394648828,5.083612040133779
2018,"Census Tract 333.06, Gaston County, North Carolina",37071033306,18.45679012345679,13.271604938271606,0.0,1.1728395061728396,95.74074074074073,3.0864197530864197,0.0,60.74074074074074,87.85046728971963,18.776550552251486,19.27710843373494,90.8641975308642,5.904617713853141,93.45372460496614,75.17241379310344,5.228758169934641,94.77124183006535,87.06896551724138,5.517241379310345
2018,"Census Tract 333.07, Gaston County, North Carolina",37071033307,16.595542911332384,13.560929350403034,0.0,9.86249407302039,85.11142721669037,4.125177809388336,0.9009009009009009,76.23456790123457,87.75,20.875,17.18213058419244,93.93004115226337,8.300170551449687,92.47015610651974,68.97404202719407,8.998875140607424,91.00112485939258,80.22249690976514,0.6180469715698393
2018,"Census Tract 334, Gaston County, North Carolina",37071033400,21.762515515101367,15.266859743483657,0.4964832436905255,22.093504344228382,66.48738105088954,10.05378568473314,0.8688456764584195,66.79574056147143,78.84267631103074,4.942736588306208,9.401709401709402,78.31558567279767,6.187202538339503,91.78321678321679,43.378519290928054,20.612582781456954,79.38741721854305,57.0385818561001,10.427528675703858
2018,"Census Tract 335, Gaston County, North Carolina",37071033500,21.316225165562912,18.087748344370862,0.020695364238410598,9.995860927152318,86.54801324503312,0.5587748344370861,2.876655629139073,73.25581395348837,86.65906499429875,21.06613454960091,4.028776978417266,89.23154701718909,9.810625986322988,94.1768826619965,67.76180698151951,5.114466634193863,94.88553336580614,77.92607802874744,5.133470225872689
2018,"Census Tract 601, Iredell County, North Carolina",37097060100,18.069779552161084,17.58375282069085,0.0,25.863565353237284,62.020482555111954,12.046519701440722,0.06943239021003299,36.918990703851264,85.8451672010994,25.675675675675674,6.096131301289566,94.12350597609563,7.911527009783072,90.97038991498094,65.12113617376775,11.10285926476049,88.8971407352395,54.51127819548872,3.508771929824561
2018,"Census Tract 602, Iredell County, North Carolina",37097060200,32.15297450424929,11.237016052880074,0.0,72.85174693106704,11.000944287063268,11.66194523135033,4.485363550519358,24.96815286624204,69.0909090909091,5.785123966942149,1.1090573012939002,72.73885350318471,3.2707028531663185,90.35087719298247,44.16167664670659,25.52954292084727,74.47045707915272,43.41317365269461,11.22754491017964
2018,"Census Tract 603, Iredell County, North Carolina",37097060300,27.416595380667236,12.147134302822927,0.0,45.979469632164246,31.736526946107784,18.905047048759624,3.3789563729683487,41.8724279835391,70.74122236671,11.378413524057217,7.878787878787878,83.23045267489711,5.008839127872716,88.58162355040142,38.98488120950324,21.72442941673711,78.27557058326289,39.63282937365011,11.447084233261338
2018,"Census Tract 604, Iredell County, North Carolina",37097060400,23.18877551020408,14.948979591836734,0.7653061224489796,47.244897959183675,32.90816326530612,15.28061224489796,3.8010204081632653,43.81161007667031,77.54952311078503,6.786500366837858,0.0,80.44906900328587,6.077715044835603,92.31536926147704,48.29774956722447,9.786569495054659,90.21343050494534,50.43277553375649,10.905943450663589
2018,"Census Tract 605, Iredell County, North Carolina",37097060500,21.582054309327038,14.191263282172372,0.0,33.95513577331759,52.27863046044864,10.177095631641087,3.5891381345926803,34.204909284951974,85.29609690444146,29.138627187079408,17.706576728499158,89.80789754535753,6.684733514001806,93.71187236039418,54.94252873563218,4.761904761904762,95.23809523809523,52.1264367816092,7.816091954022989
2018,"Census Tract 606.01, Iredell County, North Carolina",37097060601,22.205773501110286,16.765358993338268,6.495188749074759,32.25388601036269,47.63138415988157,11.5840118430792,2.0355292376017764,41.24900556881464,86.65535764772406,14.729997172745266,0.0,83.73110580747813,8.51569933396765,95.78420864594499,52.41706161137441,4.047294224647567,95.95270577535243,50.04739336492891,5.497630331753554
2018,"Census Tract 606.02, Iredell County, North Carolina",37097060602,20.711814137419672,24.419179436480473,0.0,3.2130499258526943,93.27731092436974,3.5096391497775583,0.0,45.443499392466585,95.78518014955813,42.895989123045545,10.27027027027027,96.35479951397326,10.349127182044887,95.03042596348884,77.60210803689066,7.7764277035236935,92.2235722964763,95.12516469038208,1.7127799736495388
2018,"Census Tract 606.03, Iredell County, North Carolina",37097060603,19.71458773784355,14.746300211416491,5.813953488372093,25.36997885835095,43.97463002114165,24.52431289640592,0.3171247357293869,67.71428571428572,77.78571428571428,5.5,4.059040590405904,94.28571428571428,4.6082949308755765,85.15185601799774,58.15384615384615,9.596662030598054,90.40333796940195,69.38461538461539,8.615384615384615
2018,"Census Tract 607.01, Iredell County, North Carolina",37097060701,19.616055846422338,15.357766143106458,0.0,9.808027923211169,59.616055846422334,27.5043630017452,3.0715532286212914,50.88967971530249,86.52068126520682,14.841849148418493,12.10855949895616,84.05693950177935,6.469821971341728,90.3584672435105,57.714285714285715,16.334661354581673,83.66533864541833,84.38095238095238,1.5238095238095237
2018,"Census Tract 607.02, Iredell County, North Carolina",37097060702,21.992238033635186,15.114273393704183,3.686934023285899,6.511427339370418,77.98620094868478,7.8482104355325575,3.9672272531263473,53.19253438113949,85.24844720496894,19.006211180124225,3.4238488783943333,87.37721021611003,8.291873963515755,95.01718213058419,54.29917550058892,6.54925701706109,93.4507429829389,82.86219081272085,4.946996466431095
2018,"Census Tract 607.03, Iredell County, North Carolina",37097060703,21.227544910179642,17.904191616766468,0.0,10.89820359281437,79.4311377245509,7.48502994011976,2.1856287425149703,45.857418111753375,85.72645930975715,21.985513421389008,15.503875968992247,91.97174052665382,9.578107183580387,94.69783352337514,69.62727993655828,2.248062015503876,97.75193798449612,83.26724821570183,2.8548770816812055
2018,"Census Tract 608.01, Iredell County, North Carolina",37097060801,19.170333123821496,17.536140791954747,0.0,11.030798240100566,73.79006913890635,13.702074167190444,1.47705845380264,71.53338224504769,76.17789520035227,8.762659621312197,13.360323886639677,83.63903154805577,8.825816485225506,92.43856332703214,56.75675675675676,16.963696369636963,83.03630363036304,82.27344992050874,1.192368839427663
2018,"Census Tract 608.02, Iredell County, North Carolina",37097060802,22.200113700966458,14.752700397953383,0.42637862421830586,4.661739624786811,81.72256964184196,10.23308698123934,2.956225127913587,66.66666666666666,82.77846280312372,11.919441019317714,9.981167608286253,92.73422562141491,5.77274388016076,91.58249158249158,54.4891640866873,18.331226295828067,81.66877370417194,82.6625386996904,1.5479876160990713
2018,"Census Tract 609.01, Iredell County, North Carolina",37097060901,22.293464858199755,17.903822441430332,0.0,1.3563501849568433,90.30826140567201,5.869297163995068,2.466091245376079,59.02864259028643,88.32436069986541,12.718707940780618,10.586552217453505,86.92403486924036,7.110826393337604,93.58631747728488,66.68941979522184,14.377556984219755,85.62244301578025,83.00341296928327,3.4129692832764507
2018,"Census Tract 609.02, Iredell County, North Carolina",37097060902,22.879543834640057,19.149441672606322,0.42765502494654317,2.8272748871465905,93.75148491328108,2.6372059871703493,0.3563791874554526,66.74459380479252,85.4267869535045,14.53851492019431,12.133891213389122,88.36937463471654,6.223043746149107,92.04030226700252,37.869062901155324,11.728045325779037,88.27195467422096,75.41720154043645,3.0166880616174585
2018,"Census Tract 610.01, Iredell County, North Carolina",37097061001,23.76590330788804,18.396946564885496,0.2544529262086514,6.615776081424936,88.37150127226462,3.2061068702290076,1.5521628498727735,45.7286432160804,89.54781319495922,19.014084507042252,12.613981762917934,88.50502512562815,7.810413885180241,91.7470525187567,68.79387364390556,8.255269320843091,91.7447306791569,78.55775366943205,0.7019783024888321
2018,"Census Tract 610.02, Iredell County, North Carolina",37097061002,24.315421041795346,15.771052089767345,0.6794317479925881,10.95326333127445,75.04632489190858,11.673872760963558,1.6471072678608194,52.046783625730995,83.39682539682539,16.0,13.088404133180253,86.25730994152046,5.903155603917301,93.10344827586206,57.82431646305992,6.677524429967427,93.32247557003257,80.10471204188482,1.3961605584642234
2018,"Census Tract 610.03, Iredell County, North Carolina",37097061003,27.736890524379028,18.491260349586017,1.4489420423183073,19.22723091076357,66.16835326586936,11.844526218951241,1.3109475620975162,37.31884057971014,86.93140794223827,23.610108303249095,2.341137123745819,87.5,6.874602164226608,86.55913978494624,66.44376899696049,6.053683609366076,93.94631639063392,69.54407294832828,2.310030395136778
2018,"Census Tract 611.01, Iredell County, North Carolina",37097061101,16.520325203252032,17.46341463414634,0.0,3.7398373983739837,89.00813008130082,4.455284552845528,2.796747967479675,50.16812373907196,87.3078612209047,16.688625384277557,39.63963963963964,85.94485541358439,4.4020257109466305,96.4839094159714,60.56338028169014,9.745762711864407,90.2542372881356,88.82629107981221,1.3145539906103285
2018,"Census Tract 611.02, Iredell County, North Carolina",37097061102,25.0,16.845878136200717,6.8697729988052565,17.114695340501793,69.08602150537635,6.063321385902031,0.8661887694145758,64.06145624582498,88.19672131147541,15.597189695550352,4.376012965964344,82.16432865731463,5.00400320256205,94.25287356321839,54.718477398889775,14.739688979039892,85.26031102096012,72.00634417129262,5.471847739888977
2018,"Census Tract 611.03, Iredell County, North Carolina",37097061103,23.258064516129032,16.67741935483871,0.2903225806451613,11.935483870967742,81.54838709677419,4.741935483870967,1.4838709677419355,58.29562594268477,83.5799522673031,9.069212410501192,1.440329218106996,92.53393665158372,7.902480033627575,92.94954721862871,63.62883181441591,7.721712538226299,92.2782874617737,71.91383595691798,4.888152444076222
2018,"Census Tract 611.04, Iredell County, North Carolina",37097061104,23.54963472281908,18.349806617963043,0.4727116458960034,5.199828104856038,89.68629136226902,4.555221314997851,0.08594757198109154,42.857142857142854,90.9090909090909,15.11056511056511,3.9812646370023423,86.10837438423646,8.793686583990981,90.6896551724138,59.613196814561995,10.851926977687627,89.14807302231237,82.36632536973833,0.5688282138794084
2018,"Census Tract 612.01, Iredell County, North Carolina",37097061201,23.46805736636245,15.984354628422427,2.555410691003911,4.0938722294654495,87.17079530638853,5.475880052151238,0.7040417209908736,55.11679644048944,91.33012226750648,26.824749907373103,10.578279266572638,93.38153503893216,8.726899383983573,96.5863453815261,75.85247042449548,10.578718108276291,89.42128189172371,81.55880306193458,0.0
2018,"Census Tract 612.02, Iredell County, North Carolina",37097061202,20.935697500534072,16.96218756675924,0.6836146122623371,15.2317880794702,80.474257637257,1.8799401837214271,1.730399487289041,50.403949730700184,90.94429550193625,23.890378313970807,10.148849797023004,90.39497307001795,6.964769647696476,90.82851637764932,68.86792452830188,10.841121495327103,89.1588785046729,76.78197064989519,2.6205450733752618
2018,"Census Tract 612.03, Iredell County, North Carolina",37097061203,23.83881230116649,13.276776246023331,5.3234358430540825,12.873806998939555,73.46765641569459,6.044538706256628,2.290562036055143,61.54867256637168,94.44268021594156,34.39187043505875,5.05795574288725,89.69026548672566,7.658033973823447,93.3282208588957,74.9041095890411,10.714285714285714,89.28571428571429,66.13698630136986,0.9863013698630136
2018,"Census Tract 612.04, Iredell County, North Carolina",37097061204,20.342257797405466,15.235992271598123,1.9873033397736681,0.3588186585702457,94.50731438034778,2.7877449627380626,0.3588186585702457,57.34223300970874,95.76399394856278,45.839636913767016,9.717868338557993,84.10194174757282,7.553707553707553,96.43962848297214,92.99610894941634,24.14403778040142,75.85596221959858,93.15175097276264,0.0
2018,"Census Tract 612.05, Iredell County, North Carolina",37097061205,18.75,20.66115702479339,0.6456611570247934,1.7045454545454544,95.76446280991735,0.5165289256198348,1.368801652892562,70.67092651757189,95.01404494382022,33.146067415730336,15.693430656934307,96.03833865814696,8.677685950413224,93.56060606060606,73.20217096336499,22.1752903907075,77.8247096092925,91.04477611940298,4.274084124830393
2018,"Census Tract 613.01, Iredell County, North Carolina",37097061301,23.2284825440719,11.095748358105773,0.8295886622882821,6.32561354994815,81.4725198755617,10.611821638437608,0.7604562737642585,66.86478454680534,78.95866881374127,17.391304347826086,16.153846153846153,88.78157503714709,5.087798289058982,90.97988319273199,63.786407766990294,13.226621735467564,86.77337826453243,64.85436893203882,6.019417475728155
2018,"Census Tract 613.02, Iredell County, North Carolina",37097061302,23.01537165719099,13.834491471888818,0.9686249736786692,11.349757843756581,78.90082122552117,7.601600336913035,1.1791956201305538,58.909574468085104,81.79380214541119,12.812872467222885,17.0439414114514,76.99468085106383,8.123632385120349,94.99609069585614,74.37425506555422,5.730337078651685,94.26966292134831,83.90941597139452,1.4898688915375446
2018,"Census Tract 613.03, Iredell County, North Carolina",37097061303,25.177223873770867,11.731077063800594,1.6464669563228906,5.602561170820946,88.36039332266179,2.835581980333867,1.5549965698605077,51.4118273841236,89.96587030716724,36.689419795221845,10.50531914893617,93.92647842301545,8.404645476772616,94.41758241758241,75.21685254027261,5.226071638285379,94.77392836171462,82.71375464684016,2.1065675340768277
2018,"Census Tract 613.04, Iredell County, North Carolina",37097061304,22.849882720875684,12.881157154026585,1.8569194683346364,10.320562939796716,79.7302580140735,6.333072713057075,1.7591868647380766,49.345335515548285,94.25754060324826,26.33410672853828,9.32297447280799,92.6759410801964,6.587281479604763,95.36594336152997,75.41382667964946,5.606617647058823,94.39338235294117,55.93962999026291,1.071080817916261
2018,"Census Tract 614.01, Iredell County, North Carolina",37097061401,27.780032467532468,13.981331168831169,3.77435064935065,1.0957792207792207,88.90016233766234,5.965909090909091,0.2637987012987013,70.10036978341257,98.5524728588661,61.610373944511466,16.120906801007557,94.29477020602218,6.631076144984546,96.86956521739131,82.91032148900169,14.30642822619623,85.69357177380377,90.86294416243655,0.0
2018,"Census Tract 614.02, Iredell County, North Carolina",37097061402,27.2887323943662,12.869718309859154,4.137323943661972,10.246478873239436,80.07042253521128,3.327464788732394,2.21830985915493,55.37325676784249,98.46924575563595,51.26635123851935,1.2620638455827766,94.46267432321575,5.786924939467313,93.99450926561428,83.52614530310042,8.432203389830509,91.5677966101695,66.72836649699214,1.8047200370198981
2018,"Census Tract 614.03, Iredell County, North Carolina",37097061403,17.513411170716314,11.391606184916379,6.027137898390659,3.4711265383401706,85.3581571473651,3.1555695803092454,1.9880088355948247,45.89574595566207,95.97878921785241,37.870083959346005,6.728538283062645,91.97124026363092,7.860429447852761,96.02094240837697,73.22147651006712,4.974489795918367,95.02551020408163,51.74496644295302,5.033557046979865
2018,"Census Tract 614.04, Iredell County, North Carolina",37097061404,22.841864018334608,14.553093964858672,1.9862490450725745,2.941176470588235,92.70435446906035,2.024446142093201,0.3437738731856379,47.30077120822622,95.77167019027483,51.74418604651163,13.926940639269406,84.14738646101114,7.029702970297031,98.058950395399,82.58706467661692,12.68462206776716,87.31537793223283,75.42288557213931,4.378109452736319
2018,"Census Tract 614.05, Iredell County, North Carolina",37097061405,16.97770865733541,20.37325038880249,3.3955417314670813,1.3737687921202695,89.16537065837221,4.043545878693624,2.021772939346812,50.62263129399025,96.75141242937853,46.04519774011299,2.3508137432188065,86.78938819707635,12.207305650952232,94.4619540747411,83.12925170068027,8.978328173374612,91.02167182662538,91.22448979591836,0.5442176870748299
2018,"Census Tract 614.06, Iredell County, North Carolina",37097061406,27.345514268117434,14.309176760418804,0.9238349414904538,1.5807842332169986,94.29275302812565,1.4986655717511805,1.7039622254157258,70.49459920409323,98.45956354300385,60.55840821566111,2.3295944779982745,90.22171688459352,4.803616840915513,95.26129317980514,90.03095975232198,20.207509881422926,79.79249011857708,89.22600619195047,1.3622291021671828
2018,"Census Tract 614.07, Iredell County, North Carolina",37097061407,21.08705457825891,16.350924672981506,1.8718989625620206,2.728912945421741,92.69282814614344,0.38340099233198016,2.322958953540821,56.40904806786051,94.81074481074481,40.201465201465204,18.28358208955224,91.32893496701226,7.573592454987139,99.00332225913621,67.982212340189,7.932446264073695,92.0675537359263,75.98665925514175,3.2795997776542527
2018,"Census Tract 614.08, Iredell County, North Carolina",37097061408,32.48730964467005,6.405607928450569,2.755620014503263,4.8827652888566595,89.36427362823302,2.2480058013052937,0.7493352671017646,65.72295247724975,96.21329211746522,31.955177743431225,13.957597173144876,98.38220424671385,6.587898317221626,94.64928057553958,77.73584905660378,7.212885154061624,92.78711484593838,83.62264150943396,0.6792452830188679
2018,"Census Tract 615.01, Iredell County, North Carolina",37097061501,28.552060737527114,12.283080260303688,0.0,14.262472885032537,77.52169197396964,5.178958785249458,3.036876355748373,41.64057608015028,91.61345253299277,21.37079608343976,5.427631578947369,88.41577958672511,6.261859582542694,95.77625570776256,66.1041819515774,3.401842664776754,96.59815733522325,66.39765223771093,7.4834922964049895
2018,"Census Tract 615.02, Iredell County, North Carolina",37097061502,30.355276907001045,16.039707419017766,2.4555903866248694,4.414838035527691,77.97805642633229,13.035527690700105,2.115987460815047,58.05003207184093,89.08713692946058,31.244813278008298,0.0,93.90635022450289,8.102025506376593,95.83110636023517,74.55666923670007,6.4888248017303525,93.51117519826964,81.49575944487279,0.15420200462606012
2018,"Census Tract 615.03, Iredell County, North Carolina",37097061503,23.275862068965516,22.27474972191324,0.6674082313681869,8.509454949944383,86.84649610678532,1.9187986651835371,2.057842046718576,38.85429638854296,90.99616858237547,32.03065134099617,4.340836012861737,85.61643835616438,9.822399420079739,97.52873563218391,68.71938418474458,4.542418169672679,95.45758183032731,79.42617214835549,1.5395381385584324
2018,"Census Tract 616.01, Iredell County, North Carolina",37097061601,29.10242290748899,8.590308370044053,1.0737885462555066,23.540748898678416,56.580396475770925,15.748898678414097,3.0561674008810575,38.15309842041312,83.4010152284264,22.944162436548226,3.026315789473684,80.74119076549209,4.699029126213592,90.7039226222461,67.39864864864865,6.031746031746032,93.96825396825396,46.4527027027027,7.094594594594595
2018,"Census Tract 616.02, Iredell County, North Carolina",37097061602,23.61218693519236,10.482829847663309,13.761941647301834,7.190808159049832,65.24657887942163,10.599018848437904,3.2016524657887944,52.083333333333336,90.7059042652263,40.73384242875768,5.7936507936507935,87.8048780487805,7.7742099036673995,95.97086273617118,75.2,8.998252766453115,91.00174723354688,47.104,6.272
2018,"Census Tract 701, Lincoln County, North Carolina",37109070100,21.96727477901072,19.842016174534514,0.05642279480910288,16.71995486176415,65.82659394395336,11.096482979123566,6.30054542034982,53.000480076812295,82.15230037017452,21.337916446324694,1.9345238095238095,87.71003360537686,5.856832971800434,86.10260336906586,70.93358999037535,18.188976377952756,81.81102362204724,57.50721847930702,2.358036573628489
2018,"Census Tract 702.01, Lincoln County, North Carolina",37109070201,23.33832015387903,9.125881598632187,0.0,16.62748450523616,57.57640521478948,24.364180380423168,1.4319298995511862,48.20175438596491,78.29759584145549,9.551656920077972,4.838709677419355,81.71052631578948,6.71870643992194,95.1579811243332,54.138702460850105,8.401639344262295,91.59836065573771,40.044742729306485,11.409395973154362
2018,"Census Tract 702.02, Lincoln County, North Carolina",37109070202,19.183313748531138,19.91774383078731,4.406580493537015,4.083431257344301,84.75323149236192,3.8777908343125738,2.8789659224441833,56.679636835278856,88.02759740259741,19.56168831168831,0.0,88.00259403372243,7.088331515812432,94.58837075417387,73.03851640513552,6.533333333333332,93.46666666666667,87.44650499286733,1.2125534950071328
2018,"Census Tract 703, Lincoln County, North Carolina",37109070300,19.146941645183972,23.365362081087415,0.1874853527068198,5.483946566674478,78.08764940239044,13.194281696742442,3.0466369814858214,51.048088779284825,80.45830681094844,19.764481222151495,11.067961165048544,85.38840937114674,7.130434782608695,89.06735751295336,67.88277511961722,14.080164439876668,85.91983556012333,62.5,5.203349282296651
2018,"Census Tract 704, Lincoln County, North Carolina",37109070400,21.90794096978215,17.392832044975403,0.0,0.5270555165144062,86.15600843288827,10.347856640899508,2.9690794096978217,60.322580645161295,79.82565379825654,13.225404732254049,14.002478314745973,91.73387096774194,8.413948256467942,90.57971014492753,73.90936044049131,6.197854588796186,93.80214541120382,84.66751376535366,0.8047437526471835
2018,"Census Tract 705, Lincoln County, North Carolina",37109070500,21.493965875988348,18.684977111943404,0.2913025384935497,0.0,97.83603828547649,1.227632126508531,0.6450270495214316,74.50024378352023,81.83391003460207,16.868512110726645,10.785463071512309,88.29839102876646,11.794328120858733,94.55574912891987,57.8691184424013,9.716796875,90.283203125,82.31476473769605,3.6776636019469984
2018,"Census Tract 706, Lincoln County, North Carolina",37109070600,20.11661807580175,18.56171039844509,0.6559766763848397,2.0408163265306123,92.71137026239067,3.8872691933916426,0.7045675413022352,81.37553256238587,81.0228802153432,11.440107671601615,0.0,90.32258064516128,7.603406326034063,94.62193823216187,51.70239596469105,14.959785522788206,85.04021447721179,75.28373266078184,2.080706179066835
2018,"Census Tract 707, Lincoln County, North Carolina",37109070700,25.13676936366254,16.268355888281025,0.0,1.0941549093003167,90.95882522315001,6.622516556291391,1.3245033112582782,63.70860927152317,82.15802888700084,14.188615123194563,0.1508295625942685,89.66887417218543,9.5,96.49014778325123,58.62607338017174,10.168302945301543,89.83169705469845,89.07103825136612,1.1709601873536302
2018,"Census Tract 708, Lincoln County, North Carolina",37109070800,17.413008368815152,16.34121274409044,0.0,11.584202026134195,74.40904419321686,12.905593892233153,1.101159888415798,53.66157681520723,80.59552358113508,11.730615507593924,2.2325581395348837,90.90059208476161,8.817777777777778,90.19138755980862,53.559928443649376,1.3064971751412429,98.69350282485875,71.30590339892665,3.6493738819320214
2018,"Census Tract 709.01, Lincoln County, North Carolina",37109070901,24.82378179589335,15.90560833588722,0.0,0.30646644192460926,97.14986209010114,1.225865767698437,1.31780570027582,59.64539007092199,94.06291537439078,19.583517944173682,11.531531531531531,92.12765957446808,9.172441907867917,90.82278481012658,65.35234899328859,10.443275732531932,89.55672426746807,78.02013422818791,2.8523489932885906
2018,"Census Tract 709.02, Lincoln County, North Carolina",37109070902,21.364618709478233,16.146958937943808,0.43223217042297,3.9672738499536897,91.07749305341156,2.2229083050324174,2.3000926211793766,66.9699090272918,88.46669646848457,24.675905230219044,8.29875518672199,88.03358992302309,11.071849234393403,96.7139175257732,63.927469135802475,5.2285191956124315,94.77148080438756,82.6003086419753,3.5493827160493825
2018,"Census Tract 710.01, Lincoln County, North Carolina",37109071001,24.01070541005544,13.668514624354808,0.019116803670426306,3.804243930414835,83.11986235901358,8.449627222328427,4.6071496845727395,74.27677873338546,83.95953757225433,8.728323699421965,4.004329004329004,90.10946051602815,8.654088050314465,96.59985683607731,60.15701668302257,9.862892525431226,90.13710747456878,81.35426889106968,5.004906771344456
2018,"Census Tract 710.02, Lincoln County, North Carolina",37109071002,19.04047976011994,18.590704647676162,0.0,8.770614692653673,87.48125937031485,1.2743628185907045,2.47376311844078,81.95555555555556,75.54890219560878,13.47305389221557,7.804878048780488,81.42222222222222,10.87962962962963,95.0204081632653,58.717434869739485,13.368055555555555,86.63194444444444,86.27254509018036,4.108216432865731
2018,"Census Tract 711.01, Lincoln County, North Carolina",37109071101,20.731917831866046,15.622302779216296,3.228033833937511,3.3661315380631796,89.71172104263768,1.9506300707750734,1.7434835145865701,73.7363387978142,91.4001421464108,30.158730158730158,1.4608233731739706,90.94945355191257,8.427700348432056,94.69221105527639,75.71070234113712,6.63544106167057,93.36455893832944,68.35284280936455,1.6722408026755853
2018,"Census Tract 711.02, Lincoln County, North Carolina",37109071102,23.498299962221385,14.563656970154891,0.9444654325651681,1.1333585190782016,91.91537589724216,4.174537211938043,1.832262939176426,78.72168284789643,90.80794701986756,29.562913907284766,13.507377979568671,95.30744336569579,7.604938271604938,95.06939371804238,79.29493545183715,3.9122137404580157,96.08778625954199,89.57298907646475,1.9860973187686197
2018,"Census Tract 712.01, Lincoln County, North Carolina",37109071201,18.530020703933747,20.54865424430642,2.432712215320911,1.0869565217391304,90.99378881987577,5.227743271221532,0.2587991718426501,69.4327731092437,97.9296066252588,35.955831608005525,12.601626016260163,91.7016806722689,9.593392630241423,96.66357738646896,78.8931788931789,10.483870967741936,89.51612903225806,86.87258687258688,0.0
2018,"Census Tract 712.02, Lincoln County, North Carolina",37109071202,22.740524781341108,17.113702623906704,0.6997084548104956,1.1370262390670554,90.72886297376094,4.927113702623907,2.507288629737609,83.64732479276563,95.49800796812748,41.43426294820717,8.89261744966443,85.22984174830445,6.754716981132075,94.13965087281795,81.25,13.407134071340712,86.5928659286593,80.39772727272727,2.059659090909091
2018,"Census Tract 712.03, Lincoln County, North Carolina",37109071203,23.48025903488615,17.50574472529768,0.35512847294756633,1.0862753290160854,94.58951326509296,3.1125966158345517,0.8564863171088365,77.26781857451404,95.32871972318338,49.76931949250288,5.535924617196701,94.11447084233261,9.445809445809445,97.9059829059829,83.49082823790995,8.68020304568528,91.31979695431473,89.38299055030573,0.44469149527515284
2018,"Census Tract 1, Mecklenburg County, North Carolina",37119000100,2.251298826245911,11.314219742158937,5.599384260150087,11.69905714835482,70.98325957283048,8.062343659803734,3.6559553588608815,30.456570155902003,99.47076612903226,74.62197580645162,0.0,54.31514476614699,7.7952755905511815,97.72511848341232,85.86784698071452,22.683940356880957,77.31605964311903,32.31109705975339,9.389819791337338
2018,"Census Tract 3, Mecklenburg County, North Carolina",37119000300,5.584826132771338,8.113804004214963,1.685985247629083,33.719704952581665,61.22233930453108,0.0,3.371970495258166,19.739696312364423,90.5771495877503,64.66431095406361,0.0,84.1648590021692,4.575892857142857,96.8280467445743,61.01449275362319,10.039113428943937,89.96088657105607,35.07246376811594,30.72463768115942
2018,"Census Tract 4, Mecklenburg County, North Carolina",37119000400,2.393107849393746,4.594767070835992,3.8289725590299937,13.178047223994897,75.68602425015955,2.5526483726866624,4.754307594128909,35.24083985179086,97.52431476569407,80.68081343943413,0.0,67.02346644709756,3.563255966001962,98.10916874777024,84.96796451453919,12.618432385874245,87.38156761412576,14.095613602759979,12.814194184327254
2018,"Census Tract 5, Mecklenburg County, North Carolina",37119000500,6.37902175934536,7.550678817184303,2.622280081830017,27.69202157336805,57.188023061186534,6.955551422726428,5.542123860888972,35.783365570599614,88.81909547738694,75.65326633165829,20.666666666666668,58.91130146449295,2.9797377830750893,97.4365234375,74.91749174917491,13.208147676639085,86.79185232336091,35.973597359735976,16.17161716171617
2018,"Census Tract 6, Mecklenburg County, North Carolina",37119000600,16.478245974648853,4.145255224391915,3.014731072285029,41.692360397396364,48.85234669407331,2.3980815347721824,4.042480301473107,36.65061530230069,91.64490861618799,61.8798955613577,5.952380952380952,66.29213483146067,3.6095159967186223,97.43837602706623,75.65663036515055,16.165413533834585,83.83458646616542,13.773222293401666,12.235746316463805
2018,"Census Tract 7, Mecklenburg County, North Carolina",37119000700,11.064278187565858,5.795574288724974,4.7418335089567965,41.0958904109589,48.682824025289776,3.8988408851422554,1.5806111696522658,53.884297520661164,90.39473684210526,45.78947368421053,0.0,93.55371900826445,5.568720379146919,96.26972740315638,69.85446985446985,10.925925925925926,89.07407407407408,37.42203742203743,7.900207900207901
2018,"Census Tract 8, Mecklenburg County, North Carolina",37119000800,28.996763754045308,3.8187702265372168,0.48543689320388345,72.52427184466019,12.459546925566343,1.4563106796116505,13.074433656957929,45.27326440177253,83.77789874795863,20.84921066956995,2.840909090909091,65.6573116691285,1.4129443938012762,83.98320335932813,54.33698903290129,11.785400175901495,88.2145998240985,31.206380857427718,15.553339980059821
2018,"Census Tract 9, Mecklenburg County, North Carolina",37119000900,14.680851063829786,8.51063829787234,3.4574468085106385,60.0531914893617,34.361702127659576,1.276595744680851,0.851063829787234,43.51851851851852,76.79477882523568,34.807831762146485,0.0,72.8395061728395,3.2418952618453867,85.35564853556485,64.43850267379679,11.374407582938389,88.62559241706161,48.79679144385027,19.919786096256683
2018,"Census Tract 10, Mecklenburg County, North Carolina",37119001000,14.535714285714285,7.321428571428572,1.1785714285714286,2.071428571428571,91.03571428571429,2.7142857142857144,3.0,52.66307600239377,97.24199288256227,74.06583629893238,13.612565445026178,87.79174147217235,1.7969076473046384,93.45981028457314,92.62745098039215,5.3452115812917596,94.65478841870824,68.47058823529412,1.9607843137254901
2018,"Census Tract 11, Mecklenburg County, North Carolina",37119001100,20.68837897853442,6.92079940784604,0.5181347150259068,8.068097705403405,85.75129533678756,1.8504811250925242,3.8119911176905994,44.72882388787325,96.24691358024691,71.90123456790124,16.96113074204947,87.20292504570384,5.086327578161455,99.61832061068702,85.14285714285714,5.769230769230769,94.23076923076923,57.06122448979591,1.9591836734693877
2018,"Census Tract 12, Mecklenburg County, North Carolina",37119001200,18.501858008996674,12.517113240758851,5.632700958341482,19.910033248582046,53.86270291414043,15.959319381967536,4.635243496968512,53.5486293653774,82.69438444924407,48.6231101511879,6.502636203866433,82.46338715734134,4.847612191024718,95.13513513513514,63.627906976744185,10.78838174273859,89.21161825726142,62.7906976744186,11.813953488372093
2018,"Census Tract 13, Mecklenburg County, North Carolina",37119001300,13.72750642673522,15.784061696658098,4.447300771208226,40.077120822622106,40.87403598971722,11.233933161953727,3.3676092544987144,55.786196159833935,77.68729641693811,30.651465798045603,5.097087378640777,84.17228853139595,4.052443384982122,94.56953642384106,63.76811594202898,13.253012048192772,86.74698795180723,44.927536231884055,14.734299516908212
2018,"Census Tract 14, Mecklenburg County, North Carolina",37119001400,12.830769230769231,4.123076923076923,3.4769230769230766,21.50769230769231,54.46153846153846,16.646153846153847,3.907692307692308,56.78391959798995,84.67417538213998,51.16653258246179,7.920792079207921,78.66605756052992,7.011331444759207,93.24270291883246,73.25660121868653,7.281858129315756,92.71814187068425,51.86188219363574,7.176709546377793
2018,"Census Tract 15.04, Mecklenburg County, North Carolina",37119001504,33.3377239199157,9.931506849315069,3.042676501580611,53.556375131717594,9.891991570073762,29.05690200210748,4.4520547945205475,61.69844020797227,64.98587263638339,13.388393827428821,2.784222737819025,63.396880415944544,3.6751630112625966,85.32807659814137,52.16652506372132,3.5641130684145845,96.43588693158542,45.07221750212405,8.326253186066271
2018,"Census Tract 15.05, Mecklenburg County, North Carolina",37119001505,28.670721112076453,8.543295684911671,1.6796988126267014,30.668983492615116,25.948450622646973,38.19866782507964,3.504199247031567,59.45779420825632,75.592311130979,20.920876173446583,2.619047619047619,82.00862600123229,9.663012586276897,95.2835485682201,56.310679611650485,6.2926459438968925,93.70735405610311,73.70550161812298,0.9708737864077669
2018,"Census Tract 15.07, Mecklenburg County, North Carolina",37119001507,31.807180314643002,6.232351754739814,0.0,50.46389673255345,6.9382815651472365,41.932230738200886,0.6655909640984268,69.3445046821094,65.6145562569625,9.134793910137393,3.8497652582159625,65.352390340069,2.3179791976225856,89.75,40.56603773584906,14.020857473928158,85.97914252607184,15.363881401617252,22.035040431266847
2018,"Census Tract 15.08, Mecklenburg County, North Carolina",37119001508,28.901309016031767,9.839682306221503,4.162376820120606,43.874099132225325,24.297690836887778,22.459185174290337,5.206648036475952,70.71547420965058,82.24518553311414,36.871770784405825,1.0673782521681119,78.9351081530782,8.33678113363674,88.6326194398682,60.97560975609756,11.309297912713474,88.69070208728654,58.66495507060334,4.321780059905862
2018,"Census Tract 15.09, Mecklenburg County, North Carolina",37119001509,27.1830985915493,13.605633802816902,3.0422535211267605,64.05633802816901,4.28169014084507,27.23943661971831,1.380281690140845,62.76257161043921,83.41944574917802,22.827618600281824,0.0,83.38637810311903,3.442940038684719,94.31757833244822,40.290088638195,2.1293375394321767,97.87066246056783,49.39564867042707,8.138597904915391
2018,"Census Tract 15.10, Mecklenburg County, North Carolina",37119001510,22.614622057001238,14.622057001239158,9.541511771995044,69.11400247831475,4.708798017348203,14.312267657992564,2.323420074349442,71.66077738515901,83.4409594095941,21.86346863468635,0.0,80.0,8.566853482786229,90.74505238649593,57.08502024291497,7.212622088655146,92.78737791134485,50.76923076923077,12.307692307692308
2018,"Census Tract 16.03, Mecklenburg County, North Carolina",37119001603,18.72187218721872,19.68946894689469,4.77047704770477,22.772277227722775,35.28352835283528,34.24842484248425,2.9252925292529253,70.68815331010452,79.65678627145087,22.433697347893915,6.525573192239858,81.1411149825784,8.831672203765226,97.30625777041027,52.74166195590729,9.375,90.625,40.19219898247597,11.531938948558508
2018,"Census Tract 16.05, Mecklenburg County, North Carolina",37119001605,15.867944621938232,10.596379126730564,5.431309904153355,21.67199148029819,32.05537806176784,36.42172523961661,4.419595314164004,67.06096451319381,72.92700212615166,23.03330970942594,3.2085561497326207,57.233848953594176,3.6075949367088604,90.81385979049153,47.08121827411168,6.413301662707839,93.58669833729216,21.700507614213198,23.3502538071066
2018,"Census Tract 16.06, Mecklenburg County, North Carolina",37119001606,22.654213727193746,9.100781928757602,11.424847958297132,26.411815812337096,24.08774978279757,36.77237185056473,1.3032145960034751,59.92601726263872,65.61852107809261,18.140981340704908,0.6544502617801047,65.02260583641595,4.611923509561304,95.83489681050656,48.706896551724135,7.093821510297483,92.90617848970251,34.79064039408867,12.561576354679804
2018,"Census Tract 16.07, Mecklenburg County, North Carolina",37119001607,28.857589984350547,11.737089201877934,0.9076682316118936,47.38654147104852,12.64475743348983,36.68231611893584,2.3787167449139277,67.61363636363636,72.98907646474677,19.314796425024827,0.0,62.824675324675326,8.842938847338319,85.54590570719604,64.54849498327759,4.0898155573376105,95.9101844426624,18.979933110367895,13.963210702341136
2018,"Census Tract 16.08, Mecklenburg County, North Carolina",37119001608,26.722488038277515,10.239234449760765,5.980861244019139,41.985645933014354,15.62200956937799,34.44976076555024,1.9617224880382775,69.40736785904966,70.9306779011873,14.821907315204902,5.1194539249146755,66.79124399359317,4.538034606594842,89.34426229508196,47.928994082840234,10.212514757969302,89.7874852420307,36.94937541091387,14.661406969099279
2018,"Census Tract 16.09, Mecklenburg County, North Carolina",37119001609,26.925338036449148,8.524397413286303,9.847148736037624,43.18048206937096,12.610229276895943,30.04115226337449,4.320987654320987,61.05738233397808,77.58700696055685,19.02552204176334,0.0,76.91811734364926,8.165728077232503,89.40020682523267,63.68381804623415,1.9019751280175567,98.09802487198245,39.00074571215511,10.961968680089486
2018,"Census Tract 17.01, Mecklenburg County, North Carolina",37119001701,25.91200530621269,5.2177758125138185,14.967941631660404,24.585452133539686,29.383152774707057,23.811629449480435,7.251824010612426,52.94363256784968,71.32222616093584,32.789790854306986,0.0,68.72651356993737,5.371530886302596,95.85393685812096,65.82203889216264,8.170995670995671,91.82900432900432,16.4407778432528,12.846199175014734
2018,"Census Tract 17.02, Mecklenburg County, North Carolina",37119001702,25.610372116517933,6.903519110961441,8.28422293315373,28.607509681764608,29.062131671998653,28.944266711567607,5.101869001515406,62.64936838511438,64.26623022367704,21.085651936715767,7.951070336391437,56.29907818368044,3.23167956304051,91.63958641063516,54.25481899388811,12.143742255266417,87.85625774473358,31.922896097790314,16.17301363422661
2018,"Census Tract 18.01, Mecklenburg County, North Carolina",37119001801,17.91483113069016,3.5976505139500734,1.2481644640234948,31.791483113069013,56.53450807635829,8.002936857562409,2.4229074889867843,49.336283185840706,92.7663734115347,37.14565004887586,4.032258064516129,88.60619469026548,10.196779964221825,98.08467741935483,64.22893481717011,6.814814814814815,93.18518518518518,29.72972972972973,10.81081081081081
2018,"Census Tract 18.02, Mecklenburg County, North Carolina",37119001802,15.5114401076716,9.55585464333782,7.368775235531628,21.736204576043068,61.97846567967699,6.9650067294751015,1.9515477792732168,58.536585365853654,94.28450465707027,36.40982218458933,8.47457627118644,84.20177383592018,4.4382247101159535,97.27320398531725,77.13742875237493,4.879518072289157,95.12048192771084,39.265357821405956,6.1431285623812535
2018,"Census Tract 19.10, Mecklenburg County, North Carolina",37119001910,26.24790619765494,7.035175879396985,13.936348408710217,40.72026800670017,9.413735343383586,34.824120603015075,1.105527638190955,68.23658269441401,66.04987932421561,13.247519442209708,8.429926238145416,63.45381526104418,3.8382920735861914,88.9785780813412,60.576400217509516,8.141858141858142,91.85814185814186,36.43284393692224,6.253398586188146
2018,"Census Tract 19.11, Mecklenburg County, North Carolina",37119001911,25.579103006407095,13.816329883357975,2.5792672909479215,39.46114670609496,31.575488746508956,22.65483817972729,3.72925907672088,74.415541652947,87.91666666666667,20.75980392156863,1.8095987411487018,83.73394797497531,5.827814569536424,97.96040791841631,75.93360995850622,1.2295081967213115,98.77049180327869,62.84001844167819,8.529276164130936
2018,"Census Tract 19.12, Mecklenburg County, North Carolina",37119001912,30.516609826954657,5.721864342553998,15.611974232663888,50.01894657067071,7.90703549324239,23.32954401919919,3.1324996842238226,74.84126984126985,70.42224510813594,17.157569515962926,8.60058309037901,72.27513227513226,6.526086166151608,89.12359550561798,62.45413779046066,13.86938202247191,86.13061797752809,31.308601712189155,12.963717896453323
2018,"Census Tract 19.14, Mecklenburg County, North Carolina",37119001914,24.617196702002357,12.39693757361602,6.478209658421672,23.674911660777383,40.51825677267373,23.08598351001178,6.24263839811543,56.024096385542165,84.03078403078403,32.17893217893218,12.989690721649486,67.53681392235609,4.609375,96.38629283489097,64.6774193548387,6.3444108761329305,93.65558912386706,48.79032258064516,12.096774193548388
2018,"Census Tract 19.15, Mecklenburg County, North Carolina",37119001915,27.772887323943664,5.79518779342723,2.8902582159624415,51.93661971830986,21.317488262910796,19.278169014084508,4.577464788732395,66.42775229357798,85.63738683631024,29.899681918277466,4.571428571428571,81.13532110091744,5.220394068657322,94.1983941983942,61.163779012749266,11.178861788617885,88.8211382113821,17.293233082706767,9.741745668519124
2018,"Census Tract 19.16, Mecklenburg County, North Carolina",37119001916,24.65060240963855,11.6144578313253,7.27710843373494,39.22891566265061,28.69879518072289,23.566265060240966,1.2289156626506026,80.85224128389596,90.99065420560748,20.411214953271028,7.972665148063782,89.0426120641948,5.852254557083467,94.54987834549878,84.6938775510204,14.36373566357182,85.63626433642818,63.83928571428571,7.334183673469388
2018,"Census Tract 19.17, Mecklenburg County, North Carolina",37119001917,28.83310719131615,11.261872455902306,2.148349163274536,29.443690637720486,33.94391677973768,31.8407960199005,2.6232473993668024,73.89006342494714,78.32783278327832,16.134946828016137,3.4324942791762014,77.43128964059197,4.2580235144582135,98.00583657587548,83.21428571428572,2.8452463566967383,97.15475364330327,58.64285714285714,0.9285714285714286
2018,"Census Tract 19.18, Mecklenburg County, North Carolina",37119001918,20.384432842904605,10.061699098243949,0.0,50.16611295681063,22.30659705742762,25.296630280018984,2.230659705742762,61.51111111111112,82.4745881528216,27.5148966000701,3.45489443378119,79.95555555555556,5.096870342771982,93.1073876618431,67.3398730525101,8.933263268523383,91.06673673147661,26.255049047893824,11.54068090017311
2018,"Census Tract 19.19, Mecklenburg County, North Carolina",37119001919,27.760626929470433,10.543813820945145,8.739016860603183,28.82925670862028,28.82925670862028,29.92163381619568,3.680835905960579,56.3457330415755,80.95061269959153,19.643520237653174,0.0,74.17943107221006,3.122945430637738,93.3716305788776,68.90080428954424,10.120481927710843,89.87951807228916,49.79892761394102,9.85254691689008
2018,"Census Tract 19.20, Mecklenburg County, North Carolina",37119001920,33.19509896324222,4.467483506126295,5.749293119698398,35.66446748350612,15.607917059377947,39.45334590009425,3.5249764373232804,64.19864559819413,82.26203020723568,19.810326659641728,0.9789156626506025,70.51918735891648,2.200902934537246,82.90136789056875,77.04253882511817,6.913890634820867,93.08610936517914,48.34571235651587,13.23430114787306
2018,"Census Tract 19.21, Mecklenburg County, North Carolina",37119001921,25.293908086925544,8.728179551122196,7.338795867474173,35.518346989668686,26.184538653366584,26.1132882080513,4.845030281439259,72.37569060773481,81.47108366086468,23.357664233576642,8.555133079847907,78.92659826361484,4.86409155937053,89.72382787411689,82.14285714285714,3.225806451612903,96.7741935483871,63.57142857142857,6.785714285714286
2018,"Census Tract 19.22, Mecklenburg County, North Carolina",37119001922,25.36596023596242,10.093948000873935,2.534411186366616,50.88485907799869,24.382783482630543,19.61983832204501,2.5781079309591433,80.90185676392572,88.71346993617736,20.389654014108164,3.1026252983293556,91.51193633952255,9.162763466042154,89.56214064573199,78.2413350449294,3.5294117647058822,96.47058823529412,68.48523748395378,4.2362002567394095
2018,"Census Tract 19.23, Mecklenburg County, North Carolina",37119001923,24.00088809946714,9.436056838365896,1.7984014209591477,48.51243339253997,17.451154529307285,29.52930728241563,2.708703374777975,74.9685006299874,89.45888966971187,17.041461700632464,0.0,86.56026879462411,3.943908851884312,95.45454545454545,73.51086194814296,11.53130812151271,88.46869187848729,51.78696566222845,4.204625087596356
2018,"Census Tract 20.02, Mecklenburg County, North Carolina",37119002002,23.84737678855326,17.376788553259143,9.125596184419713,9.71383147853736,78.39427662957075,2.46422893481717,0.302066772655008,63.51648351648351,95.93175853018373,72.52843394575677,26.6260162601626,90.21978021978022,6.3049853372434015,89.73651960784314,89.14219474497682,3.5767511177347244,96.42324888226528,63.446676970633696,1.9319938176197835
2018,"Census Tract 20.03, Mecklenburg County, North Carolina",37119002003,19.228106611284183,23.468328141225335,7.78816199376947,13.724472135687089,68.44929041190724,6.005538248528903,4.032537210107304,65.10954940057874,87.25912491498526,50.12468827930174,33.03684879288437,86.85407193054982,5.463895436040283,95.41806020066889,70.95199349064279,2.999210734017364,97.00078926598263,73.92188771358829,9.601301871440194
2018,"Census Tract 20.04, Mecklenburg County, North Carolina",37119002004,24.926900584795323,13.230994152046785,0.5299707602339181,31.871345029239766,60.47149122807017,4.91593567251462,2.2112573099415207,70.11445527766003,95.69034317637669,61.08007448789572,29.45273631840796,80.07630351844001,7.108081791626096,98.73050417120058,81.79634966378482,10.37451571244081,89.62548428755919,53.45821325648416,3.842459173871278
2018,"Census Tract 21, Mecklenburg County, North Carolina",37119002100,20.12395187750638,15.967918337586584,0.2551950419248997,30.33175355450237,55.34086766314255,8.129784907036091,5.942398833394094,46.048632218844986,94.45794846864366,36.26640738940205,10.220994475138122,84.49848024316108,7.759014148790507,93.22033898305084,66.13515565679575,7.383966244725738,92.61603375527426,36.82611996962794,2.277904328018223
2018,"Census Tract 22, Mecklenburg County, North Carolina",37119002200,23.87013466150157,14.591403800036892,2.2320605054418006,2.3796347537354734,90.2785463936543,4.833056631617783,0.2767017155506364,51.07750472589792,99.31901519119958,78.7061288632792,32.78688524590164,88.50661625708884,4.618376276130287,96.47678630227198,84.50266429840141,7.248764415156507,92.7512355848435,60.92362344582594,5.905861456483126
2018,"Census Tract 23, Mecklenburg County, North Carolina",37119002300,41.332925710791805,6.206053194741669,1.375726077652094,85.32558850504432,5.716906144909814,5.1360440232344855,2.4457352491592785,42.90657439446367,71.78841309823679,12.468513853904282,0.0,63.32179930795848,4.689942678478374,82.12014134275618,36.10648918469218,6.6770186335403725,93.32298136645963,17.221297836938437,35.69051580698835
2018,"Census Tract 24, Mecklenburg County, North Carolina",37119002400,15.042892156862745,5.300245098039215,1.133578431372549,6.5870098039215685,85.87622549019608,1.5012254901960784,4.901960784313726,42.95774647887324,97.54131398629585,61.82990729544539,7.196969696969697,91.95171026156942,3.714388748647674,97.13518352730529,88.0483153210426,10.72644721906924,89.27355278093077,39.35155753337571,3.9415130324221233
2018,"Census Tract 25, Mecklenburg County, North Carolina",37119002500,11.129568106312291,5.758582502768549,1.6057585825027685,5.48172757475083,83.94241417497231,5.038759689922481,3.9313399778516054,37.14971977582066,98.57890800299177,74.56993268511593,6.993006993006993,80.54443554843876,5.5,96.2681409813407,85.28557599225557,12.531752751905165,87.46824724809483,26.137463697967085,2.904162633107454
2018,"Census Tract 26, Mecklenburg County, North Carolina",37119002600,16.149068322981368,6.935817805383023,8.488612836438923,33.126293995859214,50.72463768115942,3.3126293995859215,4.3478260869565215,27.00587084148728,95.43624161073826,53.557046979865774,21.34831460674157,86.49706457925636,5.9259259259259265,88.78205128205127,78.20267686424475,20.87745839636914,79.12254160363086,33.460803059273424,5.353728489483748
2018,"Census Tract 27.01, Mecklenburg County, North Carolina",37119002701,14.574376612209802,24.67755803955288,1.8916595012897677,3.095442820292347,92.94926913155632,2.063628546861565,0.0,29.334582942830366,96.36465324384787,80.48098434004474,28.930817610062892,84.81724461105904,4.299443601416288,97.44013212221306,86.52416356877323,5.364995602462621,94.63500439753739,73.14126394052045,3.2527881040892193
2018,"Census Tract 27.02, Mecklenburg County, North Carolina",37119002702,23.51270053475936,13.469251336898397,0.4010695187165776,2.5066844919786098,94.15106951871658,1.8716577540106951,1.06951871657754,22.99314239612747,99.0320796460177,81.44358407079646,34.548944337811896,87.33360225897539,5.724273541621149,96.9283276450512,87.6626289816061,6.2657695542472664,93.73423044575273,76.62628981606102,4.262000897263347
2018,"Census Tract 28, Mecklenburg County, North Carolina",37119002800,29.54086781029263,16.220988900100906,1.0595358224016145,1.2361251261352169,95.20686175580222,0.5802219979818365,1.917255297679112,24.608043626448534,99.26979246733282,86.74096848578017,57.371428571428574,95.56918882072256,8.843537414965986,96.80662329982259,88.78571428571429,8.49673202614379,91.50326797385621,91.07142857142857,0.0
2018,"Census Tract 29.03, Mecklenburg County, North Carolina",37119002903,19.053675909437803,17.374713813279065,1.5772068176036633,6.614093106079879,86.82269142711777,1.9079114729076572,3.07809717629102,57.90378006872853,99.73036737445231,82.57499157398045,51.151315789473685,88.77434135166094,5.216844751728473,98.35216572504709,87.03703703703704,10.825688073394495,89.17431192660551,53.54938271604939,3.343621399176955
2018,"Census Tract 29.04, Mecklenburg County, North Carolina",37119002904,24.159110851126062,18.016964024568587,4.562737642585551,7.560690260310032,81.74904942965779,3.1149458906112897,3.0125767768353318,61.00650462170489,94.99589827727645,69.9343724364233,34.70993117010816,90.27730229373502,7.578094870806017,98.325007346459,85.09833585476551,11.925383077948034,88.07461692205196,63.16187594553706,7.2617246596066565
2018,"Census Tract 29.05, Mecklenburg County, North Carolina",37119002905,30.115712545676004,16.38246041412911,1.248477466504263,0.3045066991473812,92.41778319123021,3.41047503045067,2.6187576126674785,32.66499582289056,99.90732159406858,86.70064874884153,46.36363636363636,93.48370927318295,5.8387799564270155,97.33969986357435,88.50289495450787,5.767731878409977,94.23226812159002,80.81058726220016,0.6617038875103392
2018,"Census Tract 29.06, Mecklenburg County, North Carolina",37119002906,18.893330528087525,15.106248685041027,3.0296654744371976,3.8712392173364187,90.5954134231012,1.2413212707763517,1.2623606143488322,44.14519906323185,96.99074074074075,75.63657407407408,19.786096256684495,87.743950039032,9.182879377431908,97.03432189270244,83.60949395432155,15.159574468085108,84.8404255319149,47.87281683833408,5.776981639050605
2018,"Census Tract 30.06, Mecklenburg County, North Carolina",37119003006,24.221668742216686,14.15525114155251,6.890826068908261,6.724782067247821,81.27853881278538,4.3171440431714405,0.7887090078870901,53.269813772195754,98.72611464968153,71.88766647365374,20.972644376899694,89.99566912083154,4.430379746835443,96.7448902346707,86.02642276422763,4.651162790697675,95.34883720930233,65.4979674796748,1.0162601626016259
2018,"Census Tract 30.07, Mecklenburg County, North Carolina",37119003007,30.492450966558486,14.942853111330606,2.1588824608437984,6.829405954564696,86.89149146324256,3.569916748977,0.5503033723719486,62.2482607103625,96.3229078613694,78.36010143702451,30.96085409252669,93.8484071768583,7.693869265123833,96.91435768261965,86.89903846153845,4.696449026345934,95.30355097365405,91.78685897435898,1.201923076923077
2018,"Census Tract 30.08, Mecklenburg County, North Carolina",37119003008,19.562617461131044,21.254057748163333,18.62292841277977,10.780796172902784,61.16521441995558,7.073295745771399,2.3577652485904665,53.775743707093824,92.53865113152588,49.76473224288595,23.429541595925297,86.76582761250954,6.2659303313508925,94.56384323640961,82.62779552715655,7.156099369670003,92.84390063033,53.35463258785943,11.741214057507987
2018,"Census Tract 30.11, Mecklenburg County, North Carolina",37119003011,22.597597597597595,23.693693693693692,3.438438438438438,1.921921921921922,86.96696696696696,6.771771771771771,0.9009009009009009,66.51685393258427,98.03205518360723,72.20531547981335,24.892703862660944,92.88389513108615,5.935984481086324,96.27228525121556,82.49641319942612,2.278303540133193,97.7216964598668,69.97847919655668,3.9813486370157816
2018,"Census Tract 30.12, Mecklenburg County, North Carolina",37119003012,25.358442114273487,15.685854911191955,5.007489835223625,7.532634282045795,70.19045580997218,16.263642199871605,1.0057778728867963,46.598796853308656,90.86005394066527,64.7887323943662,46.941045606229146,75.93706617306802,4.157110091743119,96.53248306098047,78.8864388092613,5.766233766233767,94.23376623376623,61.9625137816979,8.544652701212788
2018,"Census Tract 30.13, Mecklenburg County, North Carolina",37119003013,20.236578707916287,15.92356687898089,5.987261146496816,3.694267515923567,87.44313011828936,2.875341219290264,0.0,70.83333333333334,97.00802724397957,67.76939917295061,45.39641943734015,86.29807692307693,7.460643394934976,96.95481335952849,84.17333961375412,0.0,100.0,85.44512482336316,3.8153556288271315
2018,"Census Tract 30.15, Mecklenburg County, North Carolina",37119003015,20.956957793564563,17.258671124111995,6.769745089845382,3.7818637693272046,80.23401587964898,7.3338905139991635,1.880484747179273,73.31204379562044,98.65583870064407,64.37972556706805,28.613138686131386,96.25912408759125,9.119746233148295,95.92370979805534,92.04909284951974,0.0,100.0,90.18143009605123,0.0
2018,"Census Tract 30.16, Mecklenburg County, North Carolina",37119003016,31.782178217821784,9.168316831683168,19.544554455445546,4.891089108910891,68.0990099009901,3.7425742574257423,3.7227722772277225,71.35506003430532,97.58064516129032,69.72704714640199,9.225957779515246,85.50600343053173,6.676342525399129,96.68549905838042,92.09851205746537,6.477927063339731,93.52207293666027,46.331452026680346,2.5141097998973834
2018,"Census Tract 30.17, Mecklenburg County, North Carolina",37119003017,21.975967957276367,20.240320427236316,3.3110814419225636,7.610146862483311,85.04672897196261,3.6582109479305744,0.3738317757009346,77.65330188679245,97.95918367346938,63.11128224874856,35.725190839694655,88.3254716981132,4.209445585215605,93.21608040201005,86.1851332398317,4.166666666666666,95.83333333333334,88.99018232819074,2.0336605890603083
2018,"Census Tract 30.18, Mecklenburg County, North Carolina",37119003018,22.257383966244724,13.080168776371309,2.6722925457102673,15.119549929676513,76.44163150492264,5.274261603375527,0.49226441631504925,68.42501883948756,99.64735516372795,65.54156171284635,18.820861678004537,84.92840994724943,6.799637352674524,95.66854990583803,87.27272727272727,3.3546325878594248,96.64536741214057,63.71900826446281,3.884297520661157
2018,"Census Tract 31.02, Mecklenburg County, North Carolina",37119003102,16.248919619706136,15.557476231633535,7.411408815903197,11.732929991356958,50.17286084701815,27.26879861711322,3.41400172860847,52.137722285281875,88.22853861613551,49.64111398219925,24.470134874759154,81.23344684071131,4.179566563467492,96.41843971631205,68.63517060367454,0.6086956521739131,99.39130434782608,44.050743657042865,19.11636045494313
2018,"Census Tract 31.03, Mecklenburg County, North Carolina",37119003103,13.958103638368247,8.577728776185225,1.4553472987872107,6.945975744211687,77.77287761852261,13.142227122381477,0.6835722160970231,51.36755339078306,94.83814523184601,62.175561388159814,3.508771929824561,88.27276133383289,3.177857508969759,95.24107701941139,81.40632373761208,11.264656616415412,88.73534338358459,65.88013213780086,2.878716375648891
2018,"Census Tract 31.05, Mecklenburg County, North Carolina",37119003105,15.851063829787234,20.18617021276596,0.8776595744680852,1.8351063829787233,89.41489361702128,7.021276595744681,0.851063829787234,47.88053949903661,98.82747068676717,65.29313232830822,18.69688385269122,86.60886319845858,7.142857142857142,97.60171306209851,85.24881516587678,5.908584169453734,94.09141583054627,81.63507109004739,0.0
2018,"Census Tract 31.06, Mecklenburg County, North Carolina",37119003106,29.34380776340111,7.9713493530499075,3.0961182994454712,10.37430683918669,43.622920517560075,41.0351201478743,1.8715341959334566,62.29062924400181,86.12983327421071,45.44164597374956,3.430531732418525,75.91670439112721,3.597122302158273,96.93104822638502,76.47431832593531,6.686390532544379,93.31360946745562,68.80152187698161,1.14140773620799
2018,"Census Tract 31.08, Mecklenburg County, North Carolina",37119003108,26.668439244881682,5.849508109545334,1.6750864131879821,26.641850571656473,32.03935123637331,38.101568731720285,1.5421430470619515,50.024378352023405,79.66841186736475,25.698080279232112,4.395604395604396,69.86835689907363,3.843364757070341,96.15059221658207,68.21329639889197,6.5372168284789645,93.46278317152104,35.18005540166205,10.595567867036012
2018,"Census Tract 31.09, Mecklenburg County, North Carolina",37119003109,29.05389775618783,1.8505667360629192,7.032153597039094,40.48114735137636,10.918343742771224,39.62526023594726,1.9430950728660652,47.09129511677283,80.9041309431021,35.502727981293845,2.8026905829596416,64.11889596602973,2.34757091620476,89.59325760351777,60.817307692307686,12.32876712328767,87.67123287671232,5.769230769230769,8.413461538461538
2018,"Census Tract 32.01, Mecklenburg County, North Carolina",37119003201,25.93423019431988,9.641255605381167,3.43796711509716,13.789237668161435,47.869955156950674,33.6322869955157,1.2705530642750373,36.870382807253186,91.39915202907329,44.82132041187159,4.1551246537396125,76.15849563465413,6.861755802219979,97.00934579439252,65.83732057416269,12.037037037037036,87.96296296296296,59.80861244019139,1.5311004784688995
2018,"Census Tract 32.03, Mecklenburg County, North Carolina",37119003203,14.207005116096024,5.352223534041716,4.368358913813459,7.43801652892562,67.53246753246754,18.417945690672962,2.2432113341204247,54.71491228070175,97.23820483314154,48.84925201380897,1.824817518248175,93.03728070175438,3.9449541284403673,97.77070063694268,79.2691496837667,6.871727748691099,93.1282722513089,25.298664792691493,5.481377371749825
2018,"Census Tract 32.04, Mecklenburg County, North Carolina",37119003204,13.29593267882188,16.21318373071529,3.2819074333800846,8.61150070126227,76.83029453015428,9.032258064516128,2.244039270687237,45.851528384279476,91.92629815745393,56.91792294807371,18.84057971014493,84.61911693352742,4.367518602394047,96.33667684256433,75.91372079089275,4.3004587155963305,95.69954128440367,64.0503295386459,4.973037747153984
2018,"Census Tract 33, Mecklenburg County, North Carolina",37119003300,14.61833185971117,7.928087238432066,1.8567639257294428,10.109048040082524,78.63247863247864,7.603890362511052,1.7978190391983495,32.41706161137441,95.47960308710033,65.7111356119074,11.5625,84.64454976303317,2.554366586123576,97.65045342126957,76.53890824622532,9.511297950604309,90.48870204939568,40.59233449477352,7.200929152148665
2018,"Census Tract 34, Mecklenburg County, North Carolina",37119003400,23.387694588584136,5.652335063009637,2.3350630096367677,1.2601927353595257,89.529280948851,3.169014084507042,3.7064492216456637,34.94832041343669,97.83042394014963,79.6508728179551,23.34384858044164,90.1485788113695,5.152394775036284,99.23295454545455,93.30490405117271,13.723325974981604,86.2766740250184,60.46908315565032,0.0
2018,"Census Tract 35, Mecklenburg County, North Carolina",37119003500,15.110422316931421,9.879891514916698,5.462998837659821,2.0147229755908564,88.37659821774506,1.4335528864781093,2.7121270825261523,36.06437454279444,99.04426559356136,87.17303822937626,46.043165467625904,84.27212874908558,5.842081241442264,99.51603145795524,88.2818685669042,14.488828706838186,85.51117129316181,54.71100554235946,1.8210609659540775
2018,"Census Tract 36, Mecklenburg County, North Carolina",37119003600,25.531423290203325,9.10351201478743,0.9704251386321626,57.94824399260629,29.320702402957487,10.697781885397411,1.0628465804066543,30.424183325207217,82.39040839265643,37.39228175346572,3.6127167630057806,73.08629936616285,2.885510394042817,92.03756635361373,65.04398826979471,11.840744570837643,88.15925542916236,35.60117302052786,12.316715542521994
2018,"Census Tract 37, Mecklenburg County, North Carolina",37119003700,21.311914323962515,3.2396251673360106,1.79384203480589,57.42971887550201,34.53815261044177,4.765729585006693,1.4725568942436411,37.43016759776536,82.4622531939605,43.63143631436314,6.116642958748222,72.23463687150839,3.5386185777475334,87.9715934309809,66.11053180396246,17.041522491349482,82.95847750865052,2.5547445255474455,23.61835245046924
2018,"Census Tract 38.02, Mecklenburg County, North Carolina",37119003802,25.537982888255122,12.781954887218044,0.5185377236193933,85.84392014519057,2.151931553020482,10.292973813844958,1.1926367643246047,44.32234432234432,70.3198127925117,6.279251170046801,0.0,72.08791208791209,5.605849582172702,85.18518518518519,47.93893129770993,15.155440414507773,84.84455958549223,41.603053435114504,13.587786259541984
2018,"Census Tract 38.05, Mecklenburg County, North Carolina",37119003805,17.08973900607794,3.110475509474437,41.687522345370034,16.69646049338577,25.56310332499106,13.585984983911334,2.4669288523417947,41.63658243080626,97.10830704521555,70.39957939011566,0.0,64.62093862815884,2.3717119448037947,97.04433497536947,83.34763948497854,7.392686804451511,92.60731319554849,17.93991416309013,7.896995708154507
2018,"Census Tract 38.06, Mecklenburg County, North Carolina",37119003806,17.560718057022175,6.610348468848996,11.319957761351636,43.051742344244985,20.844772967265047,22.407602956705386,2.3759239704329462,42.86497350630367,87.6521484088576,36.01701129197829,1.0423905489923557,79.9196053352823,5.366978352760343,93.75,72.56450763559769,8.238705001208022,91.76129499879198,34.57082675092153,2.6066350710900474
2018,"Census Tract 38.07, Mecklenburg County, North Carolina",37119003807,31.754530477759474,10.93492586490939,3.0683690280065896,45.325370675453044,7.372322899505766,40.07413509060955,4.159802306425041,42.05967276227142,72.02797202797203,16.55011655011655,0.10869565217391304,66.69874879692011,4.194327097163549,87.81869688385268,51.187335092348285,6.419753086419753,93.58024691358024,35.15831134564644,8.113456464379947
2018,"Census Tract 38.08, Mecklenburg County, North Carolina",37119003808,31.50369761709121,1.725554642563681,2.218570254724733,23.286770747740345,4.519309778142974,69.6302382908792,0.3451109285127362,55.22151898734177,57.694508009153324,9.954233409610984,0.0,49.49367088607595,1.6554702495201536,93.87346120813055,40.989779451317915,8.9171974522293,91.0828025477707,10.973641742872513,11.403980634749864
2018,"Census Tract 39.02, Mecklenburg County, North Carolina",37119003902,27.65829145728643,13.025125628140705,3.899497487437186,79.87939698492463,4.723618090452261,4.703517587939698,6.793969849246231,42.87128712871287,78.7197820905686,13.959822948586995,16.055625790139064,73.21782178217822,3.8343984440122254,81.25246159905475,43.988919667590025,9.75,90.25,27.922437673130197,16.952908587257618
2018,"Census Tract 39.03, Mecklenburg County, North Carolina",37119003903,45.180425111220956,5.7834898665348495,7.167572911517548,81.66089965397923,4.1522491349480966,7.019278299555117,0.0,35.82608695652174,66.83991683991684,13.721413721413722,6.0263653483992465,76.17391304347827,2.376599634369287,87.64204545454545,40.921052631578945,11.627906976744185,88.37209302325581,5.263157894736842,27.76315789473684
2018,"Census Tract 40, Mecklenburg County, North Carolina",37119004000,24.832082180956146,12.346898459107072,0.9087317265902806,72.48123271434216,16.949822204662187,7.80323982615567,1.8569735282497037,42.98200514138817,70.48377219840783,8.083282302510716,5.05166475315729,75.93830334190231,7.822410147991543,81.14880493446415,45.44474393530997,7.757334659373447,92.24266534062654,43.288409703504044,20.161725067385444
2018,"Census Tract 41, Mecklenburg County, North Carolina",37119004100,12.490421455938696,5.159642401021712,1.583652618135377,50.44699872286079,37.2669220945083,6.309067688378034,4.393358876117497,29.850746268656714,91.80945853324195,48.69773817683345,11.231884057971014,77.91044776119404,6.3922942206655,92.56323140807852,71.04337631887456,14.785214785214784,85.21478521478521,37.74912075029309,12.71981242672919
2018,"Census Tract 42, Mecklenburg County, North Carolina",37119004200,26.136715125270648,9.68141045468605,0.9279307145066501,76.70893906588309,18.06371790906279,2.660068048252397,1.639344262295082,43.45898004434589,72.26890756302521,9.774436090225564,0.0,66.14929785661494,7.914572864321608,87.42255266418834,45.81967213114754,19.418758256274767,80.58124174372523,29.016393442622952,19.508196721311474
2018,"Census Tract 43.02, Mecklenburg County, North Carolina",37119004302,30.464749901536038,8.802678219771563,5.4745962977550215,79.0862544308783,8.448207955888144,3.5447026388341865,3.4462386766443482,36.264258555133075,81.06390097022415,11.34158581465373,6.315789473684211,75.8555133079848,8.581138487680544,86.17546524876568,45.45454545454545,17.842323651452283,82.15767634854771,30.246913580246915,21.604938271604937
2018,"Census Tract 43.03, Mecklenburg County, North Carolina",37119004303,22.696245733788395,11.433447098976108,7.679180887372014,47.67918088737201,22.764505119453926,18.225255972696246,3.6518771331058018,51.903114186851205,84.22141748577342,15.62338334195551,0.9746588693957114,83.11418685121107,6.754966887417218,93.09290953545232,54.894433781190024,6.630824372759856,93.36917562724014,69.38579654510558,3.166986564299424
2018,"Census Tract 43.04, Mecklenburg County, North Carolina",37119004304,33.929754804506295,7.444223547603269,11.022752374641042,67.68279213607245,8.835873647006848,11.133200795228628,1.325381047051027,56.79845708775313,76.37080867850099,13.491124260355031,1.076320939334638,80.52073288331727,5.1487796723503845,96.44128113879003,62.57102272727273,7.368421052631578,92.63157894736842,46.30681818181818,15.056818181818182
2018,"Census Tract 43.05, Mecklenburg County, North Carolina",37119004305,29.187700780174392,6.547345877313752,9.897506501453265,41.73168119932691,10.662383356279639,33.134465351078475,4.57396359186171,36.67752442996743,79.81065088757397,17.13609467455621,4.051012753188297,80.814332247557,4.903866925901923,94.4578313253012,62.07349081364829,12.043093497499038,87.95690650250097,34.51443569553806,14.566929133858267
2018,"Census Tract 44, Mecklenburg County, North Carolina",37119004400,20.892545499875343,10.221889803041636,3.1164298180004986,69.15981052106707,14.709548740962353,13.014210919970083,0.0,63.98234969663541,73.65591397849462,16.881720430107528,5.147058823529411,76.77881963596249,2.877015491621878,86.55608904408555,57.63612217795485,8.394160583941606,91.6058394160584,58.300132802124836,10.95617529880478
2018,"Census Tract 45, Mecklenburg County, North Carolina",37119004500,32.08132322536182,12.439696760854584,4.514128187456926,69.57270847691247,15.47208821502412,0.7236388697450035,9.717436250861475,37.51274209989806,75.7677275265215,6.923506420993858,0.0,75.02548419979613,3.450025367833587,81.45328719723184,45.22096608427544,17.472434266327397,82.5275657336726,35.35457348406988,19.013360739979447
2018,"Census Tract 46, Mecklenburg County, North Carolina",37119004600,23.20689655172414,15.655172413793103,0.0,97.03448275862068,1.5172413793103448,0.27586206896551724,1.1724137931034484,41.278538812785385,75.06222000995521,7.715281234444997,8.423326133909287,66.3013698630137,8.441850022451728,92.79352226720647,40.37828947368421,8.640120210368146,91.35987978963186,39.39144736842105,24.013157894736842
2018,"Census Tract 47, Mecklenburg County, North Carolina",37119004700,13.27536231884058,5.043478260869565,1.5072463768115942,67.76811594202898,23.71014492753623,4.811594202898551,2.2028985507246377,27.712854757929883,76.12156295224312,12.445730824891461,20.54054054054054,55.59265442404006,1.1363636363636365,88.48484848484848,39.46731234866828,24.49725776965265,75.50274223034735,32.68765133171913,40.67796610169492
2018,"Census Tract 48, Mecklenburg County, North Carolina",37119004800,24.740823760156907,15.158307649201458,0.0,85.82235920425889,3.1101148781171197,10.254973381899692,0.8125525357242926,31.520815632965167,79.15789473684211,15.11578947368421,3.067484662576687,73.4069668649108,7.036485480268056,89.17631041524847,32.46414602346806,13.626126126126126,86.37387387387388,36.571056062581484,26.531942633637552
2018,"Census Tract 49, Mecklenburg County, North Carolina",37119004900,18.31831831831832,24.474474474474476,0.0,92.04204204204204,6.006006006006006,0.6006006006006006,1.3513513513513513,70.46413502109705,80.48289738430584,7.44466800804829,0.0,89.45147679324894,7.904411764705882,87.36842105263159,48.582995951417004,5.0,95.0,71.25506072874494,4.048582995951417
2018,"Census Tract 50, Mecklenburg County, North Carolina",37119005000,23.28838174273859,10.37344398340249,0.7780082987551867,82.41701244813278,14.056016597510373,1.3485477178423237,1.4004149377593362,50.835073068893536,88.88024883359253,34.29237947122862,6.382978723404255,84.96868475991648,2.704530087897228,91.8572735590119,60.71887034659821,10.562571756601608,89.4374282433984,40.949935815147626,18.613607188703465
2018,"Census Tract 51, Mecklenburg County, North Carolina",37119005100,21.004763967085317,16.45734084019056,2.0788220008661757,86.40103941100044,5.8899956691208315,3.8111736682546553,1.8189692507579038,51.581243184296625,80.61041292639139,15.679233991621782,0.0,69.3565976008724,6.798245614035088,87.51147842056933,32.23552894211577,9.074410163339383,90.92558983666062,35.32934131736527,22.85429141716567
2018,"Census Tract 52, Mecklenburg County, North Carolina",37119005200,22.216521292970754,11.85223191380195,0.0,87.27552591072345,6.054386865059005,2.8732683427398666,3.7968188814776807,50.0,80.39525691699605,14.545454545454545,0.0,64.08668730650155,5.738786279683377,83.65384615384616,39.21568627450981,10.526315789473683,89.47368421052632,40.19607843137255,21.008403361344538
2018,"Census Tract 53.01, Mecklenburg County, North Carolina",37119005301,31.028585389689717,3.933545076960664,1.4903493769850964,55.94918152944051,10.676765208893233,30.735401905692644,1.148301978988517,67.86120591581343,73.47017815646785,7.862122385747483,0.0,71.38794084186576,4.073680481756996,93.29771733851385,44.69387755102041,3.9215686274509802,96.07843137254902,23.945578231292515,14.217687074829932
2018,"Census Tract 53.05, Mecklenburg County, North Carolina",37119005305,25.94505267506714,18.405288163602563,0.7643048956827101,73.97231976864285,1.9624044618880394,21.875645527783515,1.425325346002892,57.99086757990868,79.51280449718926,11.648969394128668,2.8260869565217392,81.10730593607306,5.746164574616457,90.55712936732768,49.162011173184354,11.21031746031746,88.78968253968253,47.0949720670391,13.072625698324023
2018,"Census Tract 53.06, Mecklenburg County, North Carolina",37119005306,25.081585081585082,10.116550116550115,0.0,42.004662004662,16.55011655011655,40.60606060606061,0.8391608391608392,63.985594237695075,59.115281501340476,6.099195710455764,0.8264462809917356,72.98919567827132,5.164903546981954,95.25252525252526,42.69788182831661,13.666987487969202,86.33301251203079,42.474916387959865,20.735785953177256
2018,"Census Tract 53.07, Mecklenburg County, North Carolina",37119005307,23.010812309398393,7.762683670640421,1.5525367341280842,57.332963681729964,8.317161075686167,30.99528694205711,1.8020515663986694,54.31654676258992,69.74102680599728,8.85960926851431,0.0,66.78657074340528,2.019473494410386,93.00847457627118,44.506258692628656,7.52411575562701,92.47588424437299,15.507649513212796,18.01112656467316
2018,"Census Tract 53.08, Mecklenburg County, North Carolina",37119005308,34.026173979984605,3.387220939183987,0.0,31.639722863741337,10.161662817551962,57.42879137798307,0.7698229407236336,57.10407239819004,59.568909209666884,4.833442194644023,2.013422818791946,58.91402714932127,3.0338389731621938,88.32224685883222,37.3469387755102,13.656387665198238,86.34361233480176,4.387755102040816,17.551020408163264
2018,"Census Tract 54.01, Mecklenburg County, North Carolina",37119005401,25.77751196172249,16.11842105263158,1.450358851674641,85.43660287081339,4.366028708133971,7.805023923444976,0.9419856459330144,69.9523052464229,90.23380418899171,22.552362396492935,7.667731629392971,92.4483306836248,11.099919419822724,86.47631000941324,55.98052851182197,7.850048061518744,92.14995193848125,52.12100139082059,13.525730180806676
2018,"Census Tract 54.03, Mecklenburg County, North Carolina",37119005403,26.678563461967432,10.974793664956502,8.320321213473122,63.50658041490074,11.376310506357349,15.458398393932635,1.3383894713361588,66.29746835443038,80.49022855250084,24.080821464060946,4.249667994687915,84.44092827004219,4.624277456647398,90.23235800344234,54.795321637426895,8.55614973262032,91.44385026737967,52.69005847953216,9.064327485380117
2018,"Census Tract 54.04, Mecklenburg County, North Carolina",37119005404,18.910117238384714,15.08901432913591,2.1493703864524534,74.01215805471124,12.74424663482414,9.292227529309596,1.8019973947025618,61.97183098591549,86.82008368200836,16.94560669456067,0.0,88.82952889752306,9.156626506024097,90.55915721231767,61.224489795918366,2.7410207939508506,97.25897920604915,53.06122448979592,11.758989310009719
2018,"Census Tract 55.08, Mecklenburg County, North Carolina",37119005508,24.83349191246432,9.086584205518554,3.8534728829686014,31.779257849666987,56.96955280685062,4.471931493815414,2.9257849666983824,68.80778588807786,98.42326559215137,51.82200420462508,12.518195050946144,86.27737226277372,8.322784810126581,94.93470518401267,78.15565729234794,0.0,100.0,80.83714846304775,0.45781556572923476
2018,"Census Tract 55.09, Mecklenburg County, North Carolina",37119005509,23.461475004124733,8.480448770829895,4.1247318924269925,48.17686850354727,34.598251113677605,11.219270747401419,1.8808777429467085,76.43055985153109,96.80150517403575,50.14111006585137,2.2549019607843137,88.74110733065265,8.234533304591507,98.51933095695092,76.42886942010847,5.181962025316455,94.81803797468355,78.01418439716312,1.0846891948268669
2018,"Census Tract 55.10, Mecklenburg County, North Carolina",37119005510,28.785114921561473,5.527179861364465,2.8274352426121854,61.03611820503466,15.031010580080261,19.700839109813938,1.4045968624589567,63.893016344725105,79.62595636157552,20.289033720600735,2.4115755627009645,80.83209509658246,5.686475409836065,92.74611398963731,67.3658536585366,8.848377056469541,91.15162294353046,54.09756097560976,4.195121951219512
2018,"Census Tract 55.11, Mecklenburg County, North Carolina",37119005511,19.128693039559337,8.162243365047571,4.9824737105658485,54.15623435152729,27.691537305958942,6.159238858287431,7.01051577366049,63.62433862433863,97.7102102102102,46.02102102102102,1.486988847583643,94.62081128747796,6.444582814445828,94.81279251170048,82.33102714209686,13.807339449541283,86.19266055045871,27.993613624268228,0.4257583821181479
2018,"Census Tract 55.12, Mecklenburg County, North Carolina",37119005512,24.125801779433065,9.600662114628596,3.662321539416512,58.348851644941035,16.056279743430583,16.904614111318022,5.027932960893855,74.16044776119402,89.49513954217623,24.64722483537159,0.0,87.26679104477611,9.52770952770953,93.59939759036145,75.11712649661635,9.301227573182247,90.69877242681775,66.73607496095784,1.4575741801145237
2018,"Census Tract 55.13, Mecklenburg County, North Carolina",37119005513,22.52232142857143,12.165178571428571,6.875000000000001,37.47767857142857,40.15625,9.017857142857142,6.4732142857142865,59.121447028423766,93.10567010309279,50.51546391752577,23.248407643312103,88.42377260981912,6.885623739556324,95.61551433389545,86.5372573575454,6.2243100411039345,93.77568995889607,89.41765810895429,3.068252974326863
2018,"Census Tract 55.14, Mecklenburg County, North Carolina",37119005514,17.397117813103552,12.954984400534839,8.111721883821126,45.223592333977116,40.91516862279008,4.26385381072649,1.485663348685188,60.68510370835952,96.15231259968103,46.92982456140351,13.246471226927254,90.69767441860465,7.985611510791367,92.91297550807712,77.11426726920594,4.794099569760295,95.20590043023971,50.90380890897354,7.908327953518398
2018,"Census Tract 55.15, Mecklenburg County, North Carolina",37119005515,27.503115911923555,18.321562110511007,3.614457831325301,23.30702118820108,63.024511840465316,4.736186123805567,5.317823016202742,79.36681222707423,94.48867115737906,51.80649112063686,9.961685823754788,93.77729257641921,14.040114613180515,98.82154882154882,91.4914914914915,10.723860589812332,89.27613941018767,78.07807807807808,2.2022022022022023
2018,"Census Tract 55.16, Mecklenburg County, North Carolina",37119005516,34.824120603015075,9.246231155778894,4.1708542713567835,33.36683417085427,55.879396984924625,4.974874371859297,1.6080402010050252,71.66666666666667,98.82451721242653,61.62888329135181,11.379310344827587,95.25641025641025,8.249807247494218,97.1057884231537,82.10862619808307,0.0,100.0,78.1150159744409,0.7987220447284344
2018,"Census Tract 55.17, Mecklenburg County, North Carolina",37119005517,25.80566997819239,13.956869396656165,2.301914223406833,27.598740004846135,63.3389871577417,5.161133995638478,1.5992246183668524,76.76056338028168,96.78837052062205,52.56930358350237,10.606060606060606,92.95774647887323,9.013716525146963,93.22727272727272,83.93501805054152,9.67391304347826,90.32608695652173,76.3537906137184,0.601684717208183
2018,"Census Tract 55.18, Mecklenburg County, North Carolina",37119005518,29.444918872758326,9.291204099060632,14.158838599487616,39.675491033304866,33.40734415029889,10.281810418445774,2.4765157984628523,60.673352435530084,94.52457264957265,51.01495726495726,4.583020285499624,90.83094555873924,4.083616917841517,94.8011274663326,87.4141876430206,6.902428632296549,93.09757136770345,47.048054919908466,0.09153318077803205
2018,"Census Tract 55.19, Mecklenburg County, North Carolina",37119005519,26.368932038834952,8.854368932038835,8.640776699029127,35.786407766990294,40.737864077669904,11.766990291262136,3.0679611650485437,73.89525368248772,94.44119368051493,45.58221181977765,4.517453798767967,90.22094926350246,7.6923076923076925,94.4141689373297,85.79516212043232,6.631427198462278,93.36857280153772,64.9511065362841,0.514668039114771
2018,"Census Tract 55.20, Mecklenburg County, North Carolina",37119005520,29.273414531709367,9.155816883662327,19.193616127677444,44.22511549769005,23.876522469550608,10.814783704325913,1.889962200755985,59.61538461538461,94.91255961844197,48.07631160572337,4.054054054054054,88.78986866791745,7.155581947743468,96.8349358974359,80.23952095808383,4.2675159235668785,95.73248407643312,80.03992015968065,0.0
2018,"Census Tract 55.21, Mecklenburg County, North Carolina",37119005521,16.83748169838946,6.575269532809797,11.619858911220552,46.01357646745641,32.19752429122853,6.122720617596167,4.046319712498336,69.05513723585135,95.75143934881875,50.96287472702004,0.0,90.9157153266942,6.9240795047246655,94.28571428571428,74.98514557338086,6.965174129353234,93.03482587064677,38.32442067736185,0.0
2018,"Census Tract 55.22, Mecklenburg County, North Carolina",37119005522,19.50509461426492,4.491578290704928,15.304637138698274,49.989602828030776,27.718860469952173,0.0,6.986899563318777,59.19580419580419,94.62180040264596,51.624964049467934,2.8112449799196786,84.68531468531468,3.9783001808318263,98.85459751829461,80.39126478616924,5.012964563526361,94.98703543647365,21.792538671519562,5.641492265696088
2018,"Census Tract 55.23, Mecklenburg County, North Carolina",37119005523,13.25473383351197,6.645230439442658,22.132904608788852,33.67274026438014,35.387638442300826,2.304394426580922,6.5023222579492685,48.14090019569471,96.21742785093865,68.00224152423648,0.0,82.87671232876713,4.530477759472817,94.26959619952494,81.67330677290838,11.421238370227783,88.57876162977222,10.974284679463961,6.446939514668598
2018,"Census Tract 55.24, Mecklenburg County, North Carolina",37119005524,18.94258838793383,6.5196237431073625,12.185101092009946,54.405881716942375,17.569466969402097,10.087577035355173,5.75197318629041,55.17379145025969,95.30800665960345,40.98683214772211,17.98780487804878,78.1662005593288,6.282513005202081,97.02127659574468,73.15831770693812,6.838033441477415,93.1619665585226,43.39673185105813,3.24136083578891
2018,"Census Tract 56.04, Mecklenburg County, North Carolina",37119005604,1.7762926486106227,0.47485051002462186,8.09004572634541,25.800211044671123,57.72071755188182,4.906788603587759,3.482237073513894,41.67429094236048,95.94594594594594,49.549549549549546,0.0,69.48764867337603,0.5550581915846016,87.99283154121864,74.079754601227,21.44578313253012,78.55421686746989,21.932515337423315,4.754601226993866
2018,"Census Tract 56.05, Mecklenburg County, North Carolina",37119005605,9.85592665356909,6.777996070726916,5.386378519973805,49.00130975769483,34.31565160445317,7.072691552062868,4.223968565815324,58.22749082698279,94.71377704738427,38.455217748562035,4.2682926829268295,81.85153824442563,2.3065746458409007,91.50390625,69.85934360348291,7.1517412935323375,92.84825870646766,23.61018084393838,5.090421969189551
2018,"Census Tract 56.09, Mecklenburg County, North Carolina",37119005609,7.105719237435008,1.9064124783362217,10.167533217793183,45.95609474292316,29.347198151357595,7.221259387637204,7.307914500288851,47.752808988764045,90.7537688442211,47.537688442211056,0.0,78.83895131086143,5.814676616915423,93.11653116531166,44.45407279029463,15.581565471836138,84.41843452816387,5.892547660311958,8.405545927209705
2018,"Census Tract 56.10, Mecklenburg County, North Carolina",37119005610,17.588102166181702,8.95570643388296,2.133850630455868,48.52893630779179,35.43485289363078,12.70611057225994,1.196249595861623,57.086871325930765,93.8544474393531,39.13746630727763,11.278195488721805,89.41868060091444,4.864652805021577,89.43396226415095,73.62204724409449,11.250873515024457,88.74912648497553,35.511811023622045,12.755905511811024
2018,"Census Tract 56.11, Mecklenburg County, North Carolina",37119005611,27.65023632680621,5.739365293720459,4.152599594868332,50.77650236326806,24.915597569209993,11.546252532072923,8.60904794058069,70.7977207977208,92.58698940998488,40.292486132123045,10.071942446043165,90.5982905982906,8.63275781614559,93.855421686747,81.90127970749543,2.408563782337199,97.5914362176628,53.107861060329064,0.0
2018,"Census Tract 56.12, Mecklenburg County, North Carolina",37119005612,20.041152263374485,7.181069958847737,9.526748971193417,46.543209876543216,25.65843621399177,13.106995884773662,5.164609053497942,71.23070834982192,90.64011379800854,47.652916073968704,9.969325153374232,88.7613771270281,7.694287184765826,93.81309019863237,79.9011532125206,11.986466892218463,88.01353310778154,74.02526084568917,0.0
2018,"Census Tract 56.13, Mecklenburg County, North Carolina",37119005613,26.301082780300383,7.439748515543136,5.588543485853999,64.09360810338805,14.285714285714285,13.866573524275235,2.1655606007684245,66.56626506024097,93.78620326487625,45.55028962611901,3.213610586011342,91.71686746987952,6.540284360189573,95.01519756838906,92.6497277676951,3.755458515283843,96.24454148471617,66.69691470054447,4.4464609800362975
2018,"Census Tract 56.14, Mecklenburg County, North Carolina",37119005614,27.21908349026993,5.373509102322662,5.78782172002511,57.47645951035781,20.451977401129945,13.57187696170747,2.711864406779661,80.04571428571428,97.15966727530939,43.82227632379793,11.289147851420248,91.31428571428572,8.832154562704847,96.06950765411668,79.74820143884892,1.9400352733686066,98.05996472663139,79.10071942446044,0.0
2018,"Census Tract 56.15, Mecklenburg County, North Carolina",37119005615,23.756345177664976,9.69543147208122,2.8426395939086295,63.1979695431472,27.36040609137056,6.598984771573605,0.0,63.840155945419106,89.36688311688312,47.97077922077922,18.546365914786968,88.88888888888889,7.323568575233022,94.35684647302904,84.77157360406092,9.355828220858896,90.6441717791411,85.78680203045685,1.6920473773265652
2018,"Census Tract 56.16, Mecklenburg County, North Carolina",37119005616,34.154929577464785,8.568075117370892,6.044600938967136,31.514084507042256,21.185446009389672,39.31924882629108,1.936619718309859,75.32467532467533,75.0,28.205128205128204,3.4907597535934287,87.27272727272727,4.27807486631016,87.1875,75.82417582417582,4.712041884816754,95.28795811518324,75.45787545787546,6.95970695970696
2018,"Census Tract 56.17, Mecklenburg County, North Carolina",37119005617,23.82172131147541,7.684426229508197,1.8954918032786885,49.74385245901639,29.354508196721312,10.399590163934427,8.60655737704918,78.12197483059052,92.82990083905416,37.147215865751335,6.067961165048544,84.31752178121975,10.020174848688635,93.4819897084048,78.36338418862691,6.119791666666666,93.88020833333334,89.32038834951457,0.0
2018,"Census Tract 56.18, Mecklenburg County, North Carolina",37119005618,23.09027777777778,11.197916666666668,3.269675925925926,47.366898148148145,40.335648148148145,7.841435185185184,1.1863425925925926,66.54740608228981,93.0262591476539,41.971588463194145,11.866859623733719,87.7757901013715,6.433408577878104,92.87493771798705,85.48241659152389,3.6490008688097304,96.35099913119028,84.03967538322813,1.1722272317403066
2018,"Census Tract 56.19, Mecklenburg County, North Carolina",37119005619,31.337878142309332,4.878568385172561,6.114188325521943,48.189177673625906,29.03706859821048,14.870046868342564,1.7895185342991053,84.20323325635104,95.63210227272727,35.68892045454545,12.858464384828864,88.36027713625866,5.274588892336332,91.55915960191669,78.83495145631068,1.5923566878980893,98.40764331210191,72.42718446601941,0.7119741100323626
2018,"Census Tract 56.20, Mecklenburg County, North Carolina",37119005620,33.74518137787882,6.296332905011368,2.3228229712365325,55.33260848077494,27.547692003558367,12.454284867055451,2.342591677374716,77.27715538236727,85.2481777160708,29.13918778202013,5.128205128205128,85.14369215781782,6.698493211994629,91.35682304847187,75.57251908396947,3.0228254164096238,96.97717458359037,69.24300254452926,4.325699745547073
2018,"Census Tract 56.21, Mecklenburg County, North Carolina",37119005621,26.394651913324115,9.013370216689719,1.6136468418626098,38.589211618257266,45.94283079760258,9.151682803135085,4.702627939142462,78.51819377466023,95.28688524590164,45.45765027322404,5.80964153275649,88.82069267864972,8.060453400503778,92.80742459396751,86.06994665085952,2.42914979757085,97.57085020242914,71.66567871962063,1.3040901007705987
2018,"Census Tract 57.06, Mecklenburg County, North Carolina",37119005706,24.39664218258132,15.936516264428121,3.882476390346275,18.454879328436515,59.7193074501574,16.330010493179433,1.613326337880378,71.21453618106472,90.41974349008939,28.701904391760593,20.611183355006503,87.47210710870257,8.327550312283137,96.25500285877644,84.00609291698402,1.0922787193973633,98.90772128060263,75.81873571972582,2.0563594821020565
2018,"Census Tract 57.09, Mecklenburg County, North Carolina",37119005709,20.54794520547945,23.28767123287671,2.3238747553816044,15.141878669275929,72.23581213307241,8.047945205479452,2.2504892367906066,75.07246376811594,94.70827679782904,46.81139755766621,28.667790893760543,94.89855072463767,10.62192118226601,95.29180971064247,86.2565445026178,7.729468599033816,92.27053140096618,83.44240837696336,2.0287958115183247
2018,"Census Tract 57.10, Mecklenburg County, North Carolina",37119005710,23.12433581296493,12.433581296493093,1.891604675876727,36.06801275239107,36.9394261424017,19.064824654622743,6.036131774707758,77.32774674115456,92.17391304347827,27.204968944099377,8.173690932311622,88.91992551210429,7.990047000276472,96.17419617419617,70.6211527700056,9.88401412002017,90.11598587997983,47.28595411303861,2.4622271964185787
2018,"Census Tract 57.11, Mecklenburg County, North Carolina",37119005711,15.730337078651685,27.73096129837703,1.9662921348314606,8.00561797752809,78.82334581772784,2.403245942571785,8.801498127340825,74.41176470588235,95.96607364501449,46.44187008688457,34.760051880674446,88.19852941176471,7.574074074074074,96.34146341463415,81.94092827004219,6.398104265402843,93.60189573459715,80.97046413502109,3.2911392405063293
2018,"Census Tract 57.12, Mecklenburg County, North Carolina",37119005712,23.604121734962856,15.264797507788161,1.054397316079559,2.4922118380062304,83.94440450515216,10.663791037622813,1.8451953031392285,70.37387600567912,94.83631454606818,36.14579817752278,20.40268456375839,86.1807856128727,8.971141781681306,99.40094137783483,87.0060281312793,0.0,100.0,86.80509042196918,0.8037508372404554
2018,"Census Tract 57.13, Mecklenburg County, North Carolina",37119005713,22.59182259182259,20.05082005082005,0.5775005775005776,9.90990990990991,86.50958650958651,1.9866019866019866,1.0164010164010164,78.82051282051282,98.11074918566776,48.14332247557003,24.894514767932492,93.8974358974359,8.057296329453894,96.7475950526798,83.7733419188667,2.388434946574481,97.61156505342552,90.920798454604,2.2537025112685125
2018,"Census Tract 57.14, Mecklenburg County, North Carolina",37119005714,22.16163583252191,15.754625121713731,2.453748782862707,8.938656280428432,81.0126582278481,2.239532619279455,5.355404089581304,78.20252135014233,93.26738114866721,45.919208573784005,22.68408551068884,88.93859292395283,6.5048786589942456,96.60720531654424,87.9695155144257,1.2896292315959161,98.71037076840409,90.52803483941209,0.7076755579749592
2018,"Census Tract 57.15, Mecklenburg County, North Carolina",37119005715,21.519968980224892,15.742535866614968,0.5428460643660333,7.754943776657619,80.03101977510663,10.507948817371075,1.1632415664986429,71.17903930131004,93.91929242675512,24.543946932006634,5.842696629213483,91.09170305676855,10.869565217391305,98.09069212410502,77.96052631578947,6.653019447287615,93.3469805527124,88.0482456140351,0.0
2018,"Census Tract 57.16, Mecklenburg County, North Carolina",37119005716,24.793388429752067,7.07777071413435,4.5984318711591445,24.772197499470227,43.46259800805255,23.755032845941937,3.4117397753761387,77.44079767345244,89.37972768532526,36.58093797276854,12.021857923497267,90.23680930619028,3.8320653705269088,96.67397660818715,78.4065934065934,4.712041884816754,95.28795811518324,82.03296703296704,2.307692307692308
2018,"Census Tract 57.17, Mecklenburg County, North Carolina",37119005717,25.09618230245635,8.108907960935188,5.238236164545724,25.658478839893462,44.18467002071619,22.062740455756142,2.8558745190884878,74.73381294964028,92.92694276407632,36.389018147975804,7.55082284607938,86.87769784172662,6.1438166732516795,98.54525862068965,78.76477316050324,3.1746031746031744,96.82539682539682,60.121997712542885,6.1380099123141445
2018,"Census Tract 58.11, Mecklenburg County, North Carolina",37119005811,16.91224983505608,18.781614251154608,2.2652298218605673,9.25885199032329,79.7448867385089,3.562788651858368,5.168242797448867,65.87837837837837,95.267131242741,51.33565621370499,42.18009478672986,88.17567567567568,6.6437268395976705,93.77828054298642,84.03976975405547,7.142857142857142,92.85714285714286,77.1847200418629,6.174777603349032
2018,"Census Tract 58.12, Mecklenburg County, North Carolina",37119005812,17.606034728152576,9.294050668943923,5.152291488756049,23.256475946484485,59.279817819527466,10.660404212923428,1.651010532308568,59.52906548933039,98.65373193427044,55.96911502672738,37.5736160188457,88.0794701986755,6.771463119709795,95.92315901814301,85.48488664987406,8.314087759815243,91.68591224018475,24.779596977329973,3.6838790931989926
2018,"Census Tract 58.15, Mecklenburg County, North Carolina",37119005815,24.875,18.925,8.075000000000001,5.2749999999999995,72.7,9.625,4.324999999999999,59.79567307692307,94.73301852524519,58.19106429349801,31.600547195622436,87.07932692307693,3.1281198003327786,96.73913043478261,85.91731266149871,6.067961165048544,93.93203883495146,71.0594315245478,0.0
2018,"Census Tract 58.16, Mecklenburg County, North Carolina",37119005816,22.90988056460369,14.76655808903366,7.122692725298589,10.705754614549402,69.85884907709013,7.926167209554831,4.386536373507058,55.75959933222037,95.95103578154426,65.2542372881356,32.19094247246022,89.31552587646077,5.52112676056338,95.22968197879858,88.9795918367347,3.543307086614173,96.45669291338582,75.33527696793003,0.0
2018,"Census Tract 58.17, Mecklenburg County, North Carolina",37119005817,23.95264116575592,14.867941712204008,5.828779599271402,5.737704918032787,83.17395264116576,2.800546448087432,2.459016393442623,67.91120080726539,97.04574332909785,69.79034307496823,10.70063694267516,94.6518668012109,9.760479041916167,96.86971235194586,90.30864197530865,5.0966608084358525,94.90333919156416,87.8395061728395,0.49382716049382713
2018,"Census Tract 58.23, Mecklenburg County, North Carolina",37119005823,28.092695671930024,15.687833693059183,8.815176644325797,6.656821538112006,72.66840849710327,7.542883108031353,4.316710212427582,67.01599558742416,96.04716824447766,60.139511709018436,16.65809768637532,88.72035300606728,5.339652448657188,98.06716598212128,90.4823567497572,2.6166456494325345,97.38335435056746,82.03302039494982,4.953059242473292
2018,"Census Tract 58.24, Mecklenburg County, North Carolina",37119005824,30.438886267107122,6.465313827277018,1.9112789051439358,39.900896649362906,20.552147239263803,36.927796130250115,0.7078810759792354,41.01623886851755,76.51426338413442,27.39351309105119,8.949880668257757,63.85542168674698,6.0719131614654005,91.84457728437233,69.2429022082019,4.30188679245283,95.69811320754718,43.29652996845426,2.6813880126182967
2018,"Census Tract 58.25, Mecklenburg County, North Carolina",37119005825,23.80588460068781,22.086358425678256,6.362246847535345,37.71494077187619,46.63737103553687,6.285823461979366,2.99961788307222,47.78719397363465,93.72764786795048,44.6767537826685,2.6410564225690276,86.81732580037664,9.979889391654098,98.26158940397352,63.07821698906644,2.540983606557377,97.45901639344262,30.193439865433135,19.890664423885617
2018,"Census Tract 58.26, Mecklenburg County, North Carolina",37119005826,21.327493261455526,11.219676549865229,1.448787061994609,12.80323450134771,60.68059299191375,23.618598382749326,1.448787061994609,56.72240802675586,89.42687747035573,33.89328063241106,15.95238095238095,75.78595317725753,5.0963597430406855,94.6195652173913,79.96340347666971,8.074011774600505,91.9259882253995,73.74199451052151,0.8234217749313815
2018,"Census Tract 58.27, Mecklenburg County, North Carolina",37119005827,15.93349497748528,8.659508139937651,4.7107724281260825,52.06096293730516,25.320401801177695,16.349151368202286,1.5587114651887772,52.179327521793276,95.6313010081613,33.605376860297646,3.4562211981566824,81.69364881693649,7.531022678647839,84.39153439153439,77.56686798964625,11.930091185410333,88.06990881458967,33.908541846419325,3.278688524590164
2018,"Census Tract 58.28, Mecklenburg County, North Carolina",37119005828,23.73145979703357,15.534738485558158,1.483216237314598,4.4236273744470465,90.63231850117096,1.5352589123080926,1.9255789747593028,61.116965226554264,97.17150017901898,63.73075546007877,51.07033639143731,89.98946259220232,6.414193108154214,95.48872180451127,85.71428571428571,5.216426193118757,94.78357380688124,79.56674473067916,1.639344262295082
2018,"Census Tract 58.29, Mecklenburg County, North Carolina",37119005829,16.76328502415459,12.415458937198068,1.5942028985507246,40.82125603864734,32.80193236714976,23.091787439613526,1.6908212560386473,41.60777385159011,96.43605870020964,37.6659678546471,9.868421052631579,77.73851590106007,6.616366802089379,92.76563677467973,67.21763085399449,16.996951219512198,83.0030487804878,13.590449954086317,9.274563820018365
2018,"Census Tract 58.30, Mecklenburg County, North Carolina",37119005830,20.288362512873327,14.752832131822863,0.46343975283213185,6.668383110195675,74.53656024716787,15.731204943357364,2.600411946446962,68.03675048355899,95.14426460239268,42.892329345531316,3.925233644859813,91.77949709864603,7.945736434108527,95.55110220440882,86.91468890314304,6.980906921241051,93.01909307875896,78.51186658114176,1.0904425914047466
2018,"Census Tract 58.31, Mecklenburg County, North Carolina",37119005831,14.333057166528585,11.164043082021541,5.550952775476388,10.066280033140016,74.54432477216238,6.441590720795361,3.396851698425849,48.140350877192986,99.09831297265852,55.52646887725422,0.0,86.59649122807018,4.279497098646035,96.92023406221128,87.77581641659312,5.93607305936073,94.06392694063926,33.89232127096205,2.64783759929391
2018,"Census Tract 58.32, Mecklenburg County, North Carolina",37119005832,32.98709474346868,7.837582625118037,8.152344979540448,6.232294617563739,77.96663519043122,6.169342146679257,1.4793830657853322,73.81818181818181,99.21996879875195,78.41913676547063,33.630289532293986,89.89090909090909,3.757632691404415,97.8940650925335,83.93378773125607,6.721162579473205,93.2788374205268,66.21226874391432,3.700097370983447
2018,"Census Tract 58.33, Mecklenburg County, North Carolina",37119005833,17.362722351121423,29.311678267594743,1.0440835266821344,4.156999226604794,87.47099767981439,3.1515854601701467,4.176334106728538,66.40079760717846,94.64467005076142,66.04060913705584,11.81702668360864,90.22931206380858,8.890968647636873,96.08892548373817,77.71629778672032,0.0,100.0,77.61569416498993,4.124748490945674
2018,"Census Tract 58.34, Mecklenburg County, North Carolina",37119005834,29.23657718120805,9.10234899328859,6.1870805369127515,9.962248322147651,68.33053691275168,6.124161073825504,9.395973154362416,66.44120707596254,92.6829268292683,56.94308943089431,16.049382716049383,84.07908428720083,6.224066390041494,95.76379974326059,82.9736211031175,5.8690744920993225,94.13092550790067,64.5083932853717,1.3788968824940047
2018,"Census Tract 58.35, Mecklenburg County, North Carolina",37119005835,24.100840336134453,12.974789915966387,1.8151260504201678,0.8403361344537815,89.64705882352942,4.605042016806723,3.092436974789916,65.96638655462185,96.85990338164251,49.806763285024154,17.421602787456447,90.68627450980392,7.484499557130203,95.16509433962264,86.84719535783366,4.170528266913809,95.8294717330862,88.00773694390716,5.1257253384912955
2018,"Census Tract 58.36, Mecklenburg County, North Carolina",37119005836,22.84167794316644,7.171853856562922,5.953991880920163,13.342354533152909,60.40595399188092,18.34912043301759,1.9485791610284169,54.49197860962567,90.52434456928839,41.98501872659176,10.793650793650794,82.99465240641712,7.050157839354612,96.61095636025998,81.2206572769953,4.197901049475263,95.80209895052474,83.8810641627543,3.599374021909233
2018,"Census Tract 58.37, Mecklenburg County, North Carolina",37119005837,24.79029552200284,10.259388308168797,19.305716866692478,10.452961672473867,60.66589237320945,7.678410117434507,1.8970189701897018,52.72680279141897,98.1008035062089,68.51716581446311,13.017306245297217,80.87361075213234,5.662319835277969,96.5863453815261,90.84690553745929,3.276622558286074,96.72337744171392,53.06188925081433,2.247557003257329
2018,"Census Tract 58.38, Mecklenburg County, North Carolina",37119005838,26.88160088938299,6.826014452473596,22.045580878265703,14.485825458588106,48.526959421901054,9.52751528627015,5.414118954974986,67.4511649799953,97.97711822251699,66.4898026861217,1.657172449508027,89.1503883266651,3.86194313516801,96.8129885748647,91.1037394451146,2.813599062133646,97.18640093786635,70.68757539203861,0.8745476477683957
2018,"Census Tract 58.39, Mecklenburg County, North Carolina",37119005839,20.970598653914276,10.131066241586964,7.049238398866454,7.084661707403471,75.20368402408785,5.915692525681899,4.746723343960326,49.537366548042705,97.7498691784406,59.28833071690215,4.398826979472141,88.61209964412812,6.00627521290901,92.31619679380873,83.52626892252894,4.991539763113368,95.00846023688663,49.59928762243989,5.253784505788068
2018,"Census Tract 58.40, Mecklenburg County, North Carolina",37119005840,28.960508397639583,9.35088515660463,2.678166137085792,10.803449841125738,79.07399001361779,4.221516114389469,3.2228778937812077,63.045685279187815,94.92803289924606,66.34681288553804,12.825278810408921,91.16751269035534,5.623003194888179,97.26962457337885,89.35447338618346,9.342915811088295,90.65708418891171,57.98414496036241,4.530011325028313
2018,"Census Tract 58.41, Mecklenburg County, North Carolina",37119005841,27.333624581331,8.999563128003494,14.19833988641328,6.698703946410369,66.38998106888016,9.0869375273045,3.6260375709917,61.66568222090962,97.02368020855964,69.91092765587659,10.942441492726122,84.99704666272888,3.3667334669338675,95.35288270377733,90.31758326878389,4.828603022484335,95.17139697751567,68.5127807900852,3.059643687064291
2018,"Census Tract 58.42, Mecklenburg County, North Carolina",37119005842,25.307900270351457,17.72303995193752,11.805346951036347,5.5872634424752174,72.58936617602883,7.524782216881946,2.493241213577651,72.06090651558074,93.92453634619484,56.44851843956512,16.49175412293853,90.79320113314448,4.705409209732555,94.37652811735941,88.2420091324201,2.1229050279329607,97.87709497206704,73.40182648401826,1.9025875190258752
2018,"Census Tract 58.43, Mecklenburg County, North Carolina",37119005843,27.343506695733417,10.152600436001245,11.086888819682342,8.751167860479601,63.936468389909685,14.824042354406727,1.4014325755216444,60.94986807387863,97.90697674418605,56.88372093023256,5.763239875389408,89.18205804749341,4.457779682811831,95.24608501118567,89.73954222573008,0.7830853563038371,99.21691464369616,74.66456195737963,1.8942383583267564
2018,"Census Tract 58.44, Mecklenburg County, North Carolina",37119005844,31.635802469135804,5.555555555555555,22.44268077601411,8.73015873015873,61.95987654320988,4.320987654320987,2.5462962962962963,67.83253842077372,98.62918618774944,69.54711087975014,8.543771043771043,94.19713831478538,5.691712350854563,96.68888411094389,98.04861348853132,4.791395045632334,95.20860495436767,80.76001369394044,0.41081821294077375
2018,"Census Tract 58.45, Mecklenburg County, North Carolina",37119005845,34.81041571493832,6.121516674280493,29.5568752855185,6.806761078117862,48.08131566925537,7.651895842850617,7.903152124257653,69.03633491311216,96.87735139202408,72.64860797592175,2.6149684400360687,87.67772511848341,6.972669936930624,96.28046173578453,89.14728682170544,5.4945054945054945,94.5054945054945,69.83204134366925,2.0671834625323
2018,"Census Tract 58.46, Mecklenburg County, North Carolina",37119005846,31.085485083980945,10.779644021057909,8.072198546001504,5.540235648032088,82.20105289546252,2.757583354224116,1.4289295562797695,66.15589606928715,97.98402434385697,77.25370863446177,26.207513416815743,89.3404397068621,4.947253546744271,94.71544715447155,93.31814730447988,3.8686131386861313,96.13138686131387,100.0,1.0630220197418374
2018,"Census Tract 58.47, Mecklenburg County, North Carolina",37119005847,25.642633228840122,17.47126436781609,11.536050156739812,6.0606060606060606,75.10971786833855,3.3228840125391854,3.9707419017763845,70.27938342967245,96.72326481977956,69.7646708370569,19.74386339381003,89.98073217726397,4.0753232152894885,98.63070539419087,89.15595304639463,4.484783769353977,95.51521623064603,78.2001117942985,1.9005030743432085
2018,"Census Tract 58.48, Mecklenburg County, North Carolina",37119005848,31.33714694315338,8.419735430818735,5.48802288165892,5.184125849124062,80.74722917411512,5.899177690382553,2.6814444047193424,72.26069246435846,96.95945945945947,68.46846846846847,23.458646616541355,93.36048879837067,4.712314501431919,98.0405181002989,91.23919308357348,1.7553793884484712,98.24462061155153,94.92795389048992,1.095100864553314
2018,"Census Tract 59.06, Mecklenburg County, North Carolina",37119005906,24.535619514186568,10.981833027148397,4.735660338844662,15.288834456011429,47.15248009797918,30.47560726678914,2.3474178403755865,59.84643179765131,81.74465626805315,21.837088388214905,19.195402298850574,87.62420957542909,6.599674090168387,94.9941792782305,73.68421052631578,7.8431372549019605,92.15686274509804,70.0447928331467,4.311310190369541
2018,"Census Tract 59.07, Mecklenburg County, North Carolina",37119005907,32.26724715338245,5.659745478901541,8.204956463496316,35.48225050234428,39.819156061620895,14.06563965170797,2.4279973208305425,66.8017561634583,93.56475300400534,54.0720961281709,14.346590909090908,85.37656197230665,5.018541409147096,93.31566548881037,90.82946934569809,4.053386060306476,95.94661393969352,82.12261720762494,0.6182380216383307
2018,"Census Tract 59.08, Mecklenburg County, North Carolina",37119005908,17.3374613003096,17.275541795665635,3.1578947368421053,15.913312693498453,76.84210526315789,0.0,4.086687306501548,75.67185289957567,96.54340836012861,53.61736334405145,27.358490566037734,87.83592644978783,7.008289374529013,98.99777282850779,77.96610169491525,9.735744089012517,90.26425591098747,91.06317411402158,0.9244992295839755
2018,"Census Tract 59.09, Mecklenburg County, North Carolina",37119005909,29.81551279508034,8.430866891489783,10.622892283277126,37.016464987105735,33.33663955564372,14.897837730609007,4.126165443364411,69.72531847133759,91.24271538825012,39.470782800441015,4.940304652120214,84.25557324840764,6.175805539853024,95.59073884916582,87.69389865563598,6.479690522243714,93.52030947775629,66.01172009651845,3.17132023440193
2018,"Census Tract 59.10, Mecklenburg County, North Carolina",37119005910,29.021721378409275,4.491262453045892,5.177200718601992,34.590886820186185,31.84713375796178,13.73509717458762,14.64968152866242,72.79831680192366,91.91040843214756,36.231884057971016,1.364877161055505,90.20138262699129,6.114443931702815,97.30779905634193,81.59250585480093,6.400701446733889,93.59929855326611,35.92505854800937,1.4519906323185012
2018,"Census Tract 59.11, Mecklenburg County, North Carolina",37119005911,23.854166666666668,12.276785714285714,5.744047619047619,23.57142857142857,57.54464285714286,7.7976190476190474,5.342261904761904,68.97834912043301,95.98118854211202,46.515604959384355,12.781954887218044,86.33288227334236,6.3709204612077395,90.48349961627015,87.58680555555556,2.7848101265822782,97.21518987341771,86.80555555555556,3.8194444444444446
2018,"Census Tract 59.12, Mecklenburg County, North Carolina",37119005912,20.753777187448115,7.537771874481155,8.949028723227627,36.31080856715923,27.760252365930597,24.35663290718911,2.6232774364934417,40.844693932103716,88.69846000993542,35.51912568306011,6.25,81.55573376102646,4.7349675256651995,92.9678188319428,78.78664495114006,5.900383141762452,94.09961685823754,46.416938110749186,2.6465798045602607
2018,"Census Tract 59.13, Mecklenburg County, North Carolina",37119005913,22.69722344645218,9.930953430292346,14.881739385926252,24.239753195240194,29.983840164536506,28.823270163067434,2.071397091229617,54.57561515067736,84.95631792030684,28.14830598764117,7.088846880907372,90.82112247719104,5.587229190421892,93.36561743341404,79.54245490541135,2.738553701326487,97.26144629867352,65.24417069951606,1.3638363396392434
2018,"Census Tract 59.14, Mecklenburg County, North Carolina",37119005914,27.799016930639,7.2637902785363195,5.638995084653195,30.96668487165483,42.51774986346259,17.149098853085746,3.7274713271436375,64.35516888433982,94.06642365330093,43.195625759416764,14.094856379425519,89.61105424769703,7.847957639939486,93.89279437609842,80.87412587412588,5.423280423280423,94.57671957671958,51.92307692307693,2.5174825174825175
2018,"Census Tract 59.15, Mecklenburg County, North Carolina",37119005915,11.498881431767337,5.906040268456376,2.371364653243848,48.59060402684563,30.380313199105146,12.21476510067114,6.442953020134229,49.16051040967092,96.67673716012085,63.323262839879156,9.836065573770492,91.26930826057756,8.796764408493427,92.69695227142036,79.11547911547912,13.771186440677965,86.22881355932203,12.530712530712531,4.2588042588042585
2018,"Census Tract 59.16, Mecklenburg County, North Carolina",37119005916,29.037092544023977,7.568377669539153,4.383664293742974,48.969651554889474,11.464968152866243,32.10940427126264,3.072311727238666,23.832923832923832,84.33292533659731,23.623011015911874,6.280193236714976,72.97297297297297,5.01583949313622,93.63103953147876,52.09003215434084,9.942084942084941,90.05791505791507,18.006430868167204,6.430868167202572
2018,"Census Tract 59.17, Mecklenburg County, North Carolina",37119005917,21.333333333333336,7.746031746031747,4.777777777777778,30.523809523809526,41.82539682539683,18.619047619047617,4.253968253968254,58.040345821325644,91.01227704424369,35.23280055594162,17.206703910614525,81.4985590778098,5.387409200968523,93.49098000975134,79.85996705107084,5.818463925523662,94.18153607447634,60.99670510708401,2.9654036243822075
2018,"Census Tract 59.18, Mecklenburg County, North Carolina",37119005918,23.920358945597307,5.7767807066741454,9.78687605159843,24.95793606281548,42.23219293325855,19.938306225462703,3.084688726864835,67.98336798336798,94.05014874628135,38.88652783680408,2.2429906542056073,79.98960498960498,6.48728345005529,93.38487972508591,85.91660110149488,4.794007490636704,95.20599250936328,68.52871754523997,1.4162077104642015
2018,"Census Tract 60.05, Mecklenburg County, North Carolina",37119006005,28.150728309056365,7.948068397720077,5.383153894870171,41.64027865737809,39.328689043698546,10.449651678277391,3.1982267257758075,74.50171821305842,88.87828162291169,21.766109785202865,5.063291139240507,87.14776632302406,6.037902159541648,82.20696937697993,65.95174262734585,5.808080808080808,94.1919191919192,69.79445933869526,2.680965147453083
2018,"Census Tract 60.06, Mecklenburg County, North Carolina",37119006006,23.434727503168567,10.975918884664132,17.75665399239544,34.626108998732576,27.832699619771862,16.90747782002535,2.877059569074778,57.39259259259259,71.11506524317912,10.221431395808619,2.0783847980997625,85.65925925925926,4.701208409203774,91.96755625327054,69.14563966356795,6.109725685785536,93.89027431421447,76.62682602921646,5.3120849933598935
2018,"Census Tract 60.07, Mecklenburg County, North Carolina",37119006007,29.995060508767597,5.877994566559645,0.7038775006174364,45.33218078537911,42.43022968634231,9.619659175104964,1.9140528525561868,79.52261306532662,95.14468828898815,47.077102349970865,0.0,93.06532663316584,7.796789557241136,89.90424646128227,85.57107053347654,4.512820512820513,95.48717948717949,79.52022914428929,0.0
2018,"Census Tract 60.08, Mecklenburg County, North Carolina",37119006008,23.115808823529413,9.443933823529411,3.90625,43.03768382352941,45.88694852941176,1.8152573529411766,5.353860294117647,85.68815729309557,88.48150551589876,33.87410772225827,17.52873563218391,88.29446730681299,6.216377764494919,94.99198717948718,85.7050032488629,1.8494897959183674,98.15051020408163,76.28330084470434,2.079272254710851
2018,"Census Tract 60.09, Mecklenburg County, North Carolina",37119006009,29.727451531329024,8.092160719303175,4.383253722955886,52.1494801910649,29.081202584995786,9.019387468389997,5.366676032593425,68.35515082527036,91.53946794592237,32.83907544701265,0.6657789613848202,86.34035287421742,8.19672131147541,90.10223048327137,77.0579268292683,3.0303030303030303,96.96969696969697,72.02743902439023,0.8384146341463415
2018,"Census Tract 60.10, Mecklenburg County, North Carolina",37119006010,27.71034482758621,9.613793103448277,2.2896551724137932,53.2,26.331034482758618,13.627586206896552,4.551724137931035,74.9064837905237,79.40606843124597,19.324295244243597,17.713638936049804,89.05860349127181,5.1326082808624305,91.54441184315817,66.46489104116223,8.222222222222223,91.77777777777779,63.84180790960452,5.246166263115415
2018,"Census Tract 61.03, Mecklenburg County, North Carolina",37119006103,22.797202797202797,12.531468531468532,4.7272727272727275,26.433566433566437,58.62937062937063,5.510489510489511,4.699300699300699,77.36812251843449,94.27908774642442,51.29493621955934,19.68365553602812,85.47929665343165,7.088331515812432,93.91100702576112,85.00336247478144,7.12054965646471,92.87945034353528,64.49226630800268,0.605245460659045
2018,"Census Tract 61.04, Mecklenburg County, North Carolina",37119006104,26.11634349030471,7.379501385041551,0.9750692520775625,54.52631578947369,35.468144044321335,6.138504155124654,2.89196675900277,68.58685868586859,90.44006069802731,30.14668689934244,6.236786469344609,89.44644464446445,8.938212357528494,92.00159968006399,72.23618090452261,7.495642068564788,92.50435793143521,71.51381909547739,2.858040201005025
2018,"Census Tract 61.05, Mecklenburg County, North Carolina",37119006105,28.05755395683453,6.850172036284016,3.722239599624648,44.88583046606193,36.65936815764779,12.668126368470443,2.064435408195183,70.14640356460853,89.1549295774648,31.596244131455396,3.253182461103253,89.0515595162317,6.130434782608695,94.53167298321603,81.59111933395005,0.0,100.0,72.7104532839963,2.2201665124884364
2018,"Census Tract 61.06, Mecklenburg County, North Carolina",37119006106,21.10144927536232,4.85024154589372,5.140096618357488,39.710144927536234,40.193236714975846,13.371980676328501,1.5845410628019325,66.78868552412645,95.131845841785,48.97131266299623,4.822335025380711,86.72212978369384,5.86647029945999,96.06322696093052,84.83703353802551,7.715780296425458,92.28421970357455,53.04676428908833,3.589985829003307
2018,"Census Tract 61.07, Mecklenburg County, North Carolina",37119006107,24.582575632335924,3.736154736320053,1.9176723425359563,53.54604066787899,27.426020829889236,10.646387832699618,6.4638783269961975,61.425462459194776,96.1892247043364,54.58607095926412,2.093244529019981,93.57997823721436,5.101143359718558,95.37731134432784,73.39622641509433,14.239482200647249,85.76051779935275,28.452830188679247,3.509433962264151
2018,"Census Tract 61.08, Mecklenburg County, North Carolina",37119006108,29.281997918834545,7.36732570239334,2.5598335067637876,65.28616024973985,17.377731529656607,9.947970863683663,4.828303850156088,67.80758556891767,91.11981717270649,35.553379040156706,8.542713567839195,84.55134135060129,8.122424955856387,89.54296160877514,78.39165131982811,4.120070629782225,95.87992937021778,75.32228360957643,3.683241252302026
2018,"Census Tract 61.09, Mecklenburg County, North Carolina",37119006109,16.33310328962503,12.330342765125375,0.0,81.36645962732919,12.192316540142627,5.797101449275362,0.644122383252818,69.1516709511568,80.74454428754814,25.288831835686775,7.3409461663947795,90.8311910882605,5.279076161671707,82.59958071278825,54.22077922077923,3.3725490196078427,96.62745098039215,56.41233766233766,9.090909090909092
2018,"Census Tract 62.03, Mecklenburg County, North Carolina",37119006203,17.84018987341772,17.147943037974684,1.5229430379746836,9.553006329113924,86.94620253164557,0.7318037974683544,1.2460443037974684,68.02406293382694,98.26108870967742,54.83870967741935,30.173564753004005,90.09717723276262,10.181818181818182,93.90060240963855,79.03706859821048,13.23475046210721,86.76524953789279,78.2275244993609,2.1303792074989345
2018,"Census Tract 62.04, Mecklenburg County, North Carolina",37119006204,19.106929905922883,20.988472240625413,2.173048893600106,4.1075924208294685,89.83702133297999,2.3585530674440176,1.5237842851464158,63.954722320481075,98.97066392177047,63.93892605935838,29.034941763727122,90.23700035373187,9.474377986488713,94.17243214475785,91.8411330049261,9.977827050997783,90.02217294900223,87.34605911330048,1.1699507389162562
2018,"Census Tract 62.08, Mecklenburg County, North Carolina",37119006208,24.99218016890835,8.977166093212388,6.725054738817642,4.128870816390366,83.42195808570536,5.09852987175477,0.6255864873318737,60.53077357425184,99.13871260199456,55.34904805077062,3.260869565217391,92.9983060417843,3.628023352793995,97.48237663645519,84.92352512745812,12.93595434369055,87.06404565630945,43.84559359067735,0.0
2018,"Census Tract 62.09, Mecklenburg County, North Carolina",37119006209,19.979253112033195,6.7012448132780085,2.4481327800829877,4.522821576763485,83.81742738589212,7.551867219917012,1.6597510373443984,65.4302103250478,97.62387713706173,59.28716314111851,5.019305019305019,90.2868068833652,5.3927923256416905,96.22336991607489,88.81829733163914,10.90566037735849,89.0943396226415,32.27445997458704,2.456586192291402
2018,"Census Tract 62.10, Mecklenburg County, North Carolina",37119006210,26.2996271112086,12.15178767273525,5.308181618776047,6.185567010309279,82.956788769467,4.935292827374424,0.6141697740732617,71.02169981916818,97.09517923362175,56.95302843016069,10.236220472440944,91.32007233273056,8.095238095238095,95.43726235741445,86.62824207492795,4.879385964912281,95.12061403508771,77.69452449567723,1.6138328530259365
2018,"Census Tract 62.11, Mecklenburg County, North Carolina",37119006211,31.20263591433278,6.474464579901153,1.2191103789126854,8.879736408566721,80.19769357495882,5.403624382207578,4.299835255354201,71.61192902982258,99.43891864320327,66.59015557255802,21.73913043478261,89.80747451868629,7.590996168582375,96.08604720645354,92.51311397234144,2.601021830004645,97.39897816999536,83.88173581306629,0.7629947544110633
2018,"Census Tract 62.12, Mecklenburg County, North Carolina",37119006212,26.59217877094972,9.217877094972067,4.022346368715084,17.178770949720672,64.27374301675978,11.620111731843576,2.905027932960894,66.19545175169023,98.22274881516587,55.72669826224329,3.2085561497326207,84.01966810079901,10.083713850837137,96.47850854479543,90.23494860499267,6.327372764786795,93.6726272352132,47.797356828193834,2.643171806167401
2018,"Census Tract 62.13, Mecklenburg County, North Carolina",37119006213,28.54668556132893,8.644307982994803,2.393323886002204,10.124389859864587,76.93276649346559,6.140765233821446,4.408754526846166,73.70466321243524,97.51173708920187,53.6150234741784,8.672566371681416,90.51165803108809,5.376817981489642,97.59543131950707,90.24058102587381,3.966870095902354,96.03312990409765,90.92147072174308,2.8597367226509305
2018,"Census Tract 62.14, Mecklenburg County, North Carolina",37119006214,25.829493087557605,9.055299539170507,1.0138248847926268,8.778801843317972,84.51612903225806,2.488479262672811,3.2027649769585254,65.15218350242611,98.81596752368065,50.0,11.304347826086957,89.23687692986326,5.125815470643056,97.47320061255743,91.77906229929351,2.6266416510318953,97.37335834896811,86.7694283879255,2.6332691072575463
2018,"Census Tract 62.15, Mecklenburg County, North Carolina",37119006215,27.366952361969304,9.806657364959138,1.0564082120789318,18.317719752840343,57.424755830177396,20.470400637831375,2.730715567071955,61.41600335148723,93.73169302870534,43.84885764499121,12.054120541205412,82.02764976958525,6.970362239297476,95.72254335260115,75.32051282051282,4.294478527607362,95.70552147239265,70.1923076923077,2.8311965811965814
2018,"Census Tract 63.02, Mecklenburg County, North Carolina",37119006302,28.39139222446796,12.186422541909405,3.352752348115563,17.69111877303531,68.1012959220069,8.714778266555701,2.1400546902865294,67.23194748358861,94.95752756190132,55.72022410988614,19.42257217847769,88.12910284463895,6.226133156234435,99.28758014723343,85.08248508248508,3.1611148878314075,96.8388851121686,88.83818883818884,2.141102141102141
2018,"Census Tract 63.03, Mecklenburg County, North Carolina",37119006303,27.973112719751807,11.306446053085143,2.2061358152361255,13.081695966907963,79.66218545329197,4.1365046535677354,0.9134781109962082,59.33859451334085,94.33573635427395,52.31719876416066,20.916905444126073,85.86997369409997,7.178750897343862,95.44534412955466,80.58592041976388,8.993235177079189,91.00676482292081,62.61477918670748,1.6615653694796677
2018,"Census Tract 63.04, Mecklenburg County, North Carolina",37119006304,32.16627144650579,8.81573441205189,1.9249546659227228,9.76426279815874,78.18384711954248,6.904728692983681,3.2222067233923837,67.06287144197685,93.99043933530616,54.08604598224448,8.171206225680933,92.08633093525181,7.48509150730002,92.6829268292683,82.2166034555415,0.0,100.0,84.2393594605984,0.0
2018,"Census Tract 64.03, Mecklenburg County, North Carolina",37119006403,16.549228718339364,14.321081698724052,2.5518948771662537,5.7322414778137505,80.93696438773567,8.246048371738716,2.5328508855456104,41.639496972519794,97.56189047261815,66.46661665416354,17.58569299552906,64.64834653004192,4.1077133728890916,94.58035378246143,84.35603506405934,10.93093093093093,89.06906906906907,73.83681726230613,3.5064059339177343
2018,"Census Tract 64.04, Mecklenburg County, North Carolina",37119006404,33.366817344717894,11.099949773982923,0.3515821195379206,4.135275405993638,88.76611418047882,5.139795747530554,1.607232546459066,64.29159802306425,97.9542395693136,77.46971736204577,15.812229771463867,89.66227347611203,6.055276381909548,97.72888573456352,88.07434176561694,4.108910891089109,95.89108910891089,95.40526587506454,0.41300980898296336
2018,"Census Tract 64.05, Mecklenburg County, North Carolina",37119006405,23.496357960457857,16.295525494276795,0.6451612903225806,6.305931321540062,83.41311134235173,5.7856399583766915,3.850156087408949,56.762849413886386,95.08801817149347,60.221465076660984,5.294825511432009,87.73669972948602,9.385201305767138,98.96591344312525,86.8177613320999,7.0906746884400516,92.90932531155995,53.83903792784459,4.440333024976873
2018,"Census Tract 64.06, Mecklenburg County, North Carolina",37119006406,29.844961240310074,9.426356589147286,1.317829457364341,10.511627906976745,72.68217054263566,13.751937984496124,1.7364341085271315,56.403351286654704,97.56895745675548,40.4862085086489,5.931034482758621,82.01675643327349,7.867403314917127,97.47282608695652,81.5831987075929,3.3190160093713397,96.68098399062866,76.57512116316639,0.8481421647819063
2018,"Census Tract 64.07, Mecklenburg County, North Carolina",37119006407,31.549439347604487,5.759429153924566,4.102956167176351,9.352701325178389,81.70234454638124,2.726809378185525,2.115188583078491,63.83095499451152,95.23404255319149,56.340425531914896,9.981167608286253,89.4072447859495,4.355919583023082,92.98653042266605,85.40090771558245,0.0,100.0,71.78517397881997,0.6051437216338881
2018,"Census Tract 9801, Mecklenburg County, North Carolina",37119980100,,,,,,,,,,,,,,,,,,,
2018,"Census Tract 9802, Mecklenburg County, North Carolina",37119980200,,,,,,,,,,,,,,,,,,,
2018,"Census Tract 9803, Mecklenburg County, North Carolina",37119980300,0.0,50.0,0.0,0.0,50.0,50.0,0.0,100.0,100.0,100.0,,100.0,0.0,100.0,100.0,0.0,100.0,100.0,0.0
2018,"Census Tract 502.01, Rowan County, North Carolina",37159050201,25.362976406533576,19.8502722323049,0.0,32.44101633393829,58.96098003629764,6.011796733212341,2.586206896551724,39.75276512687053,87.78353856124433,14.74400518470512,14.213197969543149,87.18282368249838,10.182370820668693,85.70663811563169,54.69364811691961,5.221097496004262,94.77890250399574,60.03372681281619,7.813378302417089
2018,"Census Tract 502.02, Rowan County, North Carolina",37159050202,26.835394126738795,19.957496136012367,1.2364760432766615,36.07032457496136,54.21174652241113,5.274343122102009,3.2071097372488406,42.2649140546006,86.49969456322542,28.375076359193645,9.7926267281106,84.07482305358948,8.468277143615609,89.63337547408344,63.63636363636363,13.182199832073888,86.81780016792612,40.76402321083172,14.0715667311412
2018,"Census Tract 503, Rowan County, North Carolina",37159050300,22.637621430674123,14.336178981454225,0.588754783632617,35.53135119222844,52.75242861348248,8.595819841036208,2.5316455696202533,28.635778635778635,90.81510934393638,21.669980119284293,10.650887573964498,75.16087516087516,8.447488584474886,95.1247823563552,60.49457177322075,13.057157839538542,86.94284216046145,48.492159227985525,10.796139927623644
2018,"Census Tract 504, Rowan County, North Carolina",37159050400,24.089542265285665,7.2502505846976275,0.20046775810223855,74.94153023722018,11.526896090878717,8.319411961242901,5.011693952555964,29.209302325581394,81.6006600660066,17.326732673267326,0.0,69.02325581395348,5.633802816901409,79.82336956521739,45.558375634517766,26.56104380242311,73.43895619757689,28.426395939086298,25.63451776649746
2018,"Census Tract 505, Rowan County, North Carolina",37159050500,12.174620390455532,24.755965292841648,0.7592190889370932,28.253796095444685,56.29067245119306,11.930585683297181,2.765726681127983,36.04737231680237,88.67368421052632,38.98947368421052,7.490636704119851,79.49666913397483,18.184624884223528,90.9196067090804,67.25352112676056,17.859725234996386,82.14027476500362,67.86971830985915,2.112676056338028
2018,"Census Tract 507, Rowan County, North Carolina",37159050700,23.969319271332694,14.669223394055608,1.5020773410035155,35.95397890699904,50.30361137743689,9.971236816874402,2.269095557686162,37.25165562913907,77.62777242044359,18.563162970106077,1.592920353982301,83.69205298013244,8.280790248003363,85.68507157464212,64.59209419680404,17.943409247757074,82.05659075224293,57.02270815811607,16.568544995794785
2018,"Census Tract 508, Rowan County, North Carolina",37159050800,19.049213257448947,16.203548711081353,0.0,65.5507197857382,24.9079343823234,7.934382323401406,1.6069635085369935,48.75346260387812,76.39722863741339,11.408775981524249,6.15079365079365,77.65466297322253,8.064516129032258,80.04307250538406,47.40957966764419,27.395315826827538,72.60468417317246,46.72531769305962,16.52003910068426
2018,"Census Tract 509.01, Rowan County, North Carolina",37159050901,20.53206002728513,25.94361073215098,0.0,2.137335152341974,93.08776716689404,2.046384720327422,2.728512960436562,72.00714711137583,87.52748978950675,23.87684574300974,9.490084985835693,86.83740321620012,11.244635193133048,96.98253043938591,71.45299145299145,19.972640218878247,80.02735978112176,78.68945868945869,0.6267806267806267
2018,"Census Tract 509.03, Rowan County, North Carolina",37159050903,21.55571377714489,17.265930936276256,1.851192595229619,4.912780348878605,85.51085795656817,4.467782128871485,3.257386970452118,56.8091844813935,87.81614785992218,20.598249027237355,6.267281105990784,87.72763262074426,6.761969593828001,94.49640287769783,82.68085106382979,9.927175162897663,90.07282483710235,88.38297872340426,2.0851063829787235
2018,"Census Tract 509.04, Rowan County, North Carolina",37159050904,20.017072129748186,19.206145966709347,0.0,0.21340162185232608,96.15877080665814,2.219376867264191,1.4084507042253522,78.27476038338658,77.10336538461539,5.528846153846153,14.130434782608695,86.36847710330139,7.68409818569904,91.20580235720762,48.040201005025125,29.029957203994293,70.9700427960057,80.0,4.42211055276382
2018,"Census Tract 510.01, Rowan County, North Carolina",37159051001,21.495703544575726,15.413533834586465,0.0,1.4634801288936627,93.5016111707841,4.041353383458646,0.9935553168635876,64.49033977348434,83.33654401849354,19.22558273935658,10.556464811783961,86.24250499666888,10.261672652642382,91.167101071532,66.04850213980028,14.172023262932354,85.82797673706764,75.85592011412268,5.171184022824536
2018,"Census Tract 510.02, Rowan County, North Carolina",37159051002,27.98331519767864,13.021400072542619,0.0,5.495103373231774,91.05912223431267,2.10373594486761,1.3420384475879579,47.13485566566135,93.48005502063273,23.76891334250344,16.956521739130434,89.7027143472641,7.882145555275749,94.46190102120974,71.87660668380462,17.128248828291436,82.87175117170857,73.83033419023135,4.5244215938303345
2018,"Census Tract 511.01, Rowan County, North Carolina",37159051101,16.814304461942257,18.2250656167979,0.0,2.2801837270341205,96.39107611548556,0.31167979002624674,1.0170603674540681,62.03288490284006,82.33057481547752,17.982554238425408,21.44469525959368,79.89536621823618,8.302110037467955,98.91835310537334,62.28641171684296,16.309159005788217,83.69084099421178,75.91537835638731,2.9698942229454843
2018,"Census Tract 511.02, Rowan County, North Carolina",37159051102,27.982478742592114,14.58387013656274,0.7214635403246585,3.916516361762432,84.23086833290388,10.512754444730739,0.6183973202782788,55.63282336578581,80.0,14.698795180722893,8.321775312066574,89.29068150208623,9.552772808586763,90.34883720930232,68.27794561933534,16.88637790332706,83.11362209667294,86.25377643504531,6.419939577039275
2018,"Census Tract 512.01, Rowan County, North Carolina",37159051201,22.636188214338727,11.755974469348375,1.2468457770521004,15.437138192073624,63.11414576220869,16.43164613329375,3.7702241353718273,48.973143759873615,86.1013986013986,13.505244755244755,7.363636363636364,84.12322274881517,8.94090560245587,93.68457780879275,75.65524193548387,10.991475998205473,89.00852400179453,83.51814516129032,2.4193548387096775
2018,"Census Tract 512.02, Rowan County, North Carolina",37159051202,25.056561085972852,15.695701357466064,2.771493212669683,10.322398190045249,63.57466063348416,21.71945701357466,1.6119909502262446,46.220302375809936,84.46877534468776,19.140308191403083,7.429420505200595,82.36141108711304,9.735849056603774,92.37179487179488,68.23970037453184,4.710920770877944,95.28907922912205,79.70037453183521,3.6704119850187267
2018,"Census Tract 512.04, Rowan County, North Carolina",37159051204,23.737916219119228,17.74973147153598,3.571428571428571,14.20515574650913,59.93555316863588,19.656283566058004,2.631578947368421,35.64547206165704,83.40843916427694,30.766079475624743,18.64406779661017,81.05330764290302,11.748053786270347,98.61278648974668,75.48526240115025,17.103694874851012,82.89630512514898,63.26383896477354,4.816678648454349
2018,"Census Tract 513.01, Rowan County, North Carolina",37159051301,20.520373097692683,21.453117329405988,0.4418262150220913,9.965635738831615,79.13598429062347,8.541973490427099,1.914580265095729,42.15909090909091,87.74703557312253,24.571805006587617,11.0,82.72727272727273,8.091414453366276,98.43096234309623,66.89265536723164,14.985590778097983,85.01440922190201,54.01129943502825,5.310734463276836
2018,"Census Tract 513.02, Rowan County, North Carolina",37159051302,21.75094024237359,22.33597994149603,3.8236523192645215,20.936063518595905,70.4346009193481,3.343083994985374,1.4625992478061012,46.97699304440878,92.42111471542319,25.921557062813328,25.984251968503933,94.22150882825039,10.814419225634179,90.99056603773586,68.41196777905638,16.079188797682278,83.92081120231772,85.7307249712313,3.624856156501726
2018,"Census Tract 513.03, Rowan County, North Carolina",37159051303,20.263962658940933,17.20585868340576,0.0,38.48382423949783,52.69596008369548,8.820215676806695,0.0,37.21779548472776,89.7381457891012,25.123849964614298,4.988399071925754,82.90172642762285,8.63948324586193,91.2621359223301,57.783357245337164,8.349769888231426,91.65023011176856,48.13486370157819,10.222381635581062
2018,"Census Tract 514, Rowan County, North Carolina",37159051400,22.768317853457173,17.440660474716204,2.4122807017543857,9.623323013415892,70.40763673890609,13.23529411764706,4.321465428276574,58.24952432726285,83.25393917185782,12.84353242946134,5.442729488220959,84.80565371024736,4.2425254718556875,96.13050075872535,69.52347083926031,9.465550547327753,90.53444945267225,69.4167852062589,3.44950213371266
2018,"Census Tract 515.01, Rowan County, North Carolina",37159051501,26.7807066741447,13.039820527201346,1.6545148625911383,16.881660123387547,51.51430173864273,25.350532809871,4.598990465507572,58.41248303934871,77.91702679343129,13.958513396715643,12.34375,83.98914518317503,8.157793948678666,91.91176470588235,64.49221645663454,12.91155584247902,87.08844415752098,53.15048183839881,4.077094143810229
2018,"Census Tract 515.02, Rowan County, North Carolina",37159051502,20.980579433301497,19.929958611907036,0.0,0.38204393505253104,92.23177332059853,7.099649793059536,0.28653295128939826,59.66460723742277,84.00726942298955,9.768287142208088,36.303630363036305,89.76169461606355,7.89685737308622,90.98164405426975,56.76567656765676,13.675213675213676,86.32478632478633,74.75247524752476,5.2805280528052805
2018,"Census Tract 516, Rowan County, North Carolina",37159051600,25.48091151228174,19.34004143237644,1.4945250073986387,13.125184965966262,76.69428825096183,8.375258952352766,0.31074282332050907,63.72832369942196,83.99653979238755,16.93339100346021,1.3740458015267176,95.08670520231213,9.273232724384432,92.23573433115061,65.90468810538552,14.08122503328895,85.91877496671106,71.44517628826036,2.5958930647036036
2018,"Census Tract 517, Rowan County, North Carolina",37159051700,24.688589935226705,16.39262580966617,0.6975585450921774,0.6103637269556552,84.09317389138018,10.426008968609866,4.172894867962133,53.63475177304965,82.71604938271605,13.669708355698692,4.585152838427948,86.14066193853428,9.616978942132317,91.91381495564005,60.124180751983445,10.991710162726436,89.00828983727357,68.09244567092101,7.657813038978959
2018,"Census Tract 518.01, Rowan County, North Carolina",37159051801,25.672920065252853,12.86704730831974,0.0,0.0,91.31321370309952,7.585644371941272,1.101141924959217,73.26420198376915,80.89468779123952,13.358185771978876,7.331042382588775,88.90892696122633,6.392318244170096,93.9069575957184,72.6110772976263,10.851871947911015,89.14812805208898,68.71576384662204,2.678027997565429
2018,"Census Tract 518.02, Rowan County, North Carolina",37159051802,17.992847563701385,15.48949485918641,0.0,3.5315154224407688,86.94680375502905,8.068842199374162,1.4528386231560126,62.623879188296364,87.36037624926513,17.46031746031746,13.353566009104703,81.78386031146768,11.937857726901063,97.51417357174009,69.9807568954458,15.72972972972973,84.27027027027027,84.09236690186017,2.6940346375881976
2018,"Census Tract 519.01, Rowan County, North Carolina",37159051901,22.55541069100391,15.90612777053455,0.43459365493263796,9.756627553237724,78.2051282051282,9.669708822251195,1.933941764450239,60.31594064145524,86.69918699186991,16.715447154471544,0.0,91.38343705122068,7.4354657687991015,90.37216828478964,57.738095238095234,15.365239294710328,84.63476070528966,83.15476190476191,2.142857142857143
2018,"Census Tract 519.02, Rowan County, North Carolina",37159051902,20.97068080172271,14.129534537021698,0.0,15.570647672685109,76.41212522776213,5.8307106178565515,2.1865164816962066,65.99384194320903,89.2150011646867,16.724901001630563,25.701459034792368,92.02873759835785,6.057430308111507,91.17822966507177,55.84807941303409,18.730270080673446,81.26972991932655,82.17522658610272,2.157962883038412
2018,"Census Tract 520, Rowan County, North Carolina",37159052000,17.770814682184422,14.592658907788719,0.40286481647269473,38.18263205013429,51.298119964189794,4.744852282900626,5.371530886302596,38.64168618266979,85.65190268247036,20.274485339987525,16.08040201005025,90.74941451990632,7.131192161132281,87.98076923076923,63.78504672897196,28.067226890756302,71.9327731092437,45.21028037383177,10.630841121495326
2018,"Census Tract 9301.01, Stanly County, North Carolina",37167930101,18.74036555824708,18.12376128606034,6.562431182558908,4.822726271746312,85.57586434706012,2.2241796961021802,0.8147985025324819,48.48178137651822,87.71067415730337,20.33005617977528,2.257636122177955,88.30971659919028,9.48509485094851,92.9432782492184,56.895403064623586,14.277555682467161,85.72244431753285,84.8767488341106,1.8654230512991337
2018,"Census Tract 9301.02, Stanly County, North Carolina",37167930102,21.260656161198657,16.636528028933093,0.6199948333763886,12.864892792560061,83.6734693877551,1.5241539653836218,1.3174890209248256,48.342245989304814,87.25741486634932,14.280483339436104,11.416490486257928,86.0427807486631,6.664478003939593,94.14081733136386,65.32147742818057,19.40463065049614,80.59536934950386,83.78932968536252,8.755129958960328
2018,"Census Tract 9302, Stanly County, North Carolina",37167930200,16.42746743210422,20.931773018326343,1.6559947008169575,20.86553323029366,73.81320379774785,1.0819165378670788,2.5833517332744536,49.93662864385298,84.53207442377118,15.884476534296029,17.88321167883212,86.88212927756655,6.420079260237781,93.20987654320987,65.14678326046221,13.878429263044648,86.12157073695535,71.64272329793879,5.996252342286072
2018,"Census Tract 9303, Stanly County, North Carolina",37167930300,20.870015535991715,22.86380113930606,8.648368720870016,8.77783531848783,76.61833247022268,2.641118591403418,3.314344899016054,31.370390753990097,88.86486486486487,18.45045045045045,5.454545454545454,92.12988442487617,8.769633507853403,93.54018311291964,64.0479360852197,11.229314420803782,88.77068557919621,69.70705725699068,2.9960053262316912
2018,"Census Tract 9305, Stanly County, North Carolina",37167930500,27.605386416861826,16.21779859484778,0.0,19.028103044496486,70.84309133489461,6.674473067915692,3.454332552693208,38.175438596491226,79.31654676258992,12.81474820143885,21.34387351778656,89.89473684210526,6.308127780024263,90.84065244667502,50.33607169529499,15.786163522012577,84.21383647798743,59.0739357729649,7.766990291262135
2018,"Census Tract 9307, Stanly County, North Carolina",37167930700,23.882867465297586,16.524054002662105,0.0,0.057045065601825436,92.79330671230271,6.579197566077201,0.5704506560182544,57.832345469940726,85.16801853997681,16.425260718424102,2.824858757062147,84.16596104995766,6.744941294029477,92.53676470588236,62.627811860940696,6.276952563488261,93.72304743651173,78.42535787321063,1.8404907975460123
2018,"Census Tract 9308.01, Stanly County, North Carolina",37167930801,20.540308747855917,18.010291595197256,0.3001715265866209,1.0506003430531732,92.47427101200685,4.781303602058319,1.3936535162950257,63.46328195829556,83.13782991202346,17.06744868035191,7.212205270457697,83.31822302810517,5.720453318942256,95.9933911606774,69.87146529562982,4.6568627450980395,95.34313725490196,79.43444730077121,3.0848329048843186
2018,"Census Tract 9308.02, Stanly County, North Carolina",37167930802,22.5595614589922,13.936327219059667,0.0,0.10541851149061775,87.96120598777145,9.825005270925574,2.108370229812355,78.22944896115628,83.85016886705557,17.408658274485724,11.096605744125327,85.00451671183379,7.97378481703987,92.07014868471217,68.06433084434234,9.275664408546119,90.72433559145388,76.68006892590465,0.80413555427915
2018,"Census Tract 9309, Stanly County, North Carolina",37167930900,22.013331054520595,18.902751666381814,0.786190394804307,3.965134165099983,91.21517689283884,3.8113143052469662,0.22218424200991282,59.549274255156604,84.29245283018868,13.443396226415095,21.205597416576964,87.50954927425516,6.757349714787188,98.46782431052094,61.48335440370839,13.614852566436111,86.38514743356389,81.16308470290771,3.2448377581120944
2018,"Census Tract 9310, Stanly County, North Carolina",37167931000,18.102861035422343,19.959128065395095,3.354904632152589,3.303814713896458,86.64850136239782,5.977520435967302,0.715258855585831,46.44461077844311,85.38587848932676,15.130190007037298,27.046263345195733,90.00748502994011,5.7964970809007506,92.06642066420663,66.29310344827586,10.700538876058506,89.2994611239415,79.74137931034483,0.603448275862069
2018,"Census Tract 9311, Stanly County, North Carolina",37167931100,22.56816507000737,22.56816507000737,2.8371407516580693,19.896831245394253,72.14443625644805,0.20265291083271922,4.918938835666912,57.78072502210433,88.73023967363591,13.691993880673126,7.822410147991543,91.29089301503095,8.589103021651201,94.21388667198724,66.66666666666666,27.84326218540937,72.15673781459063,74.74613686534217,3.708609271523179
2018,"Census Tract 9312.01, Stanly County, North Carolina",37167931201,23.617920540997464,18.546069315300084,0.5071851225697379,35.739644970414204,55.09721048182586,4.818258664412511,3.837700760777684,40.956777171632396,83.24434274091026,16.221713704551235,0.7518796992481203,83.9278220730172,10.67702552719201,93.26444699579028,54.447546868767446,13.730213351686166,86.26978664831383,51.814918228958916,13.681691264459515
2018,"Census Tract 9312.02, Stanly County, North Carolina",37167931202,26.968068289598484,13.278533038254823,0.0,13.373379702813784,82.10559595320898,1.9601644008852355,2.5608599430920016,43.98550724637681,83.39169584792397,14.85742871435718,7.586206896551724,89.78260869565217,7.792207792207792,93.02631578947368,64.73029045643153,19.451871657754012,80.54812834224599,63.81742738589211,9.54356846473029
2018,"Census Tract 201, Union County, North Carolina",37179020100,25.882004150607766,15.194189149125409,0.0,1.689890305366143,93.69997035280167,3.4687222057515568,1.1414171360806404,67.67141437562107,90.49733570159859,17.628774422735347,26.01291837933059,88.63862206028486,11.700000000000001,92.49929238607416,64.12575366063739,15.625,84.375,79.24203273040482,3.5314384151593456
2018,"Census Tract 202.02, Union County, North Carolina",37179020202,24.287091885934704,16.5036506405841,0.0,7.080865132938421,90.06750241080039,2.3556963769114203,0.4959360793497727,75.6772334293948,88.78251821019771,21.352757544224765,9.206798866855523,89.88472622478386,5.7314410480349345,95.40504648074369,78.07632398753894,5.553512320706142,94.44648767929385,81.46417445482867,1.791277258566978
2018,"Census Tract 202.03, Union County, North Carolina",37179020203,20.642648490749757,17.11295034079844,2.848101265822785,11.441090555014606,80.01460564751704,2.0691333982473226,3.6270691333982477,72.44014263881814,91.50675195451315,40.298507462686565,12.861736334405144,90.67753438614365,7.16041794714198,92.50856164383562,78.23691460055096,0.6160164271047228,99.38398357289527,90.28925619834712,0.0
2018,"Census Tract 202.04, Union County, North Carolina",37179020204,22.359114761578827,17.157198266027834,0.0,0.0,96.87428701802419,3.125712981975816,0.0,71.53024911032028,89.95090016366612,14.173486088379706,5.729166666666666,88.30706659888155,10.226270937408168,96.45054424988169,60.858895705521476,10.044150110375275,89.95584988962473,80.1840490797546,3.190184049079755
2018,"Census Tract 203.05, Union County, North Carolina",37179020305,29.637128173181747,6.992680267871049,1.7754243887244978,8.565643980688366,81.23345273321912,7.288584332658464,1.1368945647095468,73.84665367121508,96.72708962739173,40.684793554884195,7.459535538353272,91.32553606237816,6.994245241257194,95.09287496534516,83.55263157894737,2.295684113865932,97.70431588613407,85.99624060150376,0.2349624060150376
2018,"Census Tract 203.06, Union County, North Carolina",37179020306,32.47522026431718,9.154735682819384,0.28909691629955947,6.401431718061675,71.02147577092511,19.30066079295154,2.9873348017621146,59.00029753049688,90.73859689742996,27.66844176892799,19.831223628691983,86.10532579589409,6.320081549439347,94.03583845948114,86.80051260145237,1.7212426532325777,98.27875734676742,70.18368218709952,1.5378043571123452
2018,"Census Tract 203.07, Union County, North Carolina",37179020307,28.182487122884474,11.449595290654893,0.9565857247976454,11.140544518027962,71.7439293598234,12.99484915378955,3.164091243561442,69.90111248454882,91.54319580578984,26.19101891953499,3.3333333333333335,89.6477132262052,7.166324435318275,97.08980044345898,87.60914760914761,2.513173895419538,97.48682610458046,88.1912681912682,0.8316008316008316
2018,"Census Tract 203.08, Union County, North Carolina",37179020308,25.823045267489714,9.344993141289438,3.8237311385459534,10.733882030178327,68.63854595336076,14.077503429355282,2.7263374485596708,64.34370771312584,91.48992576882291,26.35206786850477,6.513761467889909,88.26116373477673,6.449375866851595,96.16545893719807,79.22339889056984,6.901408450704226,93.09859154929578,84.72012102874432,0.9581442259203228
2018,"Census Tract 203.09, Union County, North Carolina",37179020309,20.938468348826913,12.129260734838423,1.6378928729526339,1.9920318725099602,85.52456839309428,9.163346613545817,1.6821602478973,68.55500821018062,97.46444032158318,39.888682745825605,10.793650793650794,89.98357963875205,10.694288913773796,96.65940450254176,93.04556354916068,4.4673539518900345,95.53264604810997,92.68585131894484,2.7577937649880093
2018,"Census Tract 203.10, Union County, North Carolina",37179020310,28.929159802306426,10.131795716639209,0.971993410214168,10.494233937397034,75.22240527182866,7.413509060955518,5.897858319604613,71.70299224233469,95.56014455343315,47.96076406814662,21.916732128829537,91.09715552271888,8.924432081594807,96.4471968709257,90.30117406840225,3.115727002967359,96.88427299703264,89.79070954568658,2.041858090862685
2018,"Census Tract 203.11, Union County, North Carolina",37179020311,26.027577150361132,12.042022324359817,3.7032173342087984,9.12672357189757,74.61588969139855,10.833880499015102,1.7202889034799738,72.83884738527215,89.33601609657947,36.559356136820924,11.017543859649123,86.97972251867662,9.000532575892064,95.4049135577798,76.49069502468667,3.055964653902798,96.9440353460972,89.55563995442462,0.0
2018,"Census Tract 203.12, Union County, North Carolina",37179020312,25.369789332138055,14.141640519946213,2.2411474675033616,11.586732406992379,62.348722545943524,19.049753473778573,4.773644105782161,60.45589692765114,86.26772742995503,23.86717398823936,12.696747114375656,88.60257680872151,7.966203983101991,92.32089232089233,75.68037058482918,2.5944726452340667,97.40552735476594,66.18413433700057,2.200347423277359
2018,"Census Tract 203.13, Union County, North Carolina",37179020313,23.350471293916026,15.938303341902312,1.4995715509854326,2.742073693230506,79.64867180805484,11.610968294772922,4.4987146529562985,65.52053486150908,82.9854522454143,26.944971537001898,0.0,88.3476599808978,11.210762331838566,94.84621778886118,66.23831775700934,4.143337066069429,95.85666293393056,75.93457943925233,1.2850467289719625
2018,"Census Tract 203.14, Union County, North Carolina",37179020314,26.548672566371685,14.118131302737188,8.973039720107018,7.552994443301091,75.90039102696028,5.247993414282774,2.3255813953488373,65.83986074847694,95.47581903276131,46.83307332293292,16.53771760154739,89.77371627502175,7.817315774726814,95.7271364317841,83.64510956707643,4.880528723945094,95.1194712760549,84.66060929983966,0.9620523784072688
2018,"Census Tract 203.15, Union County, North Carolina",37179020315,30.58870326173429,11.694510739856803,0.0,5.966587112171838,88.40493237867939,4.315831344470963,1.3126491646778042,71.99592668024441,95.53789731051344,50.61124694376527,11.740890688259109,93.94093686354378,8.48137535816619,96.4121818940342,86.21495327102804,2.394526795895097,97.6054732041049,95.91121495327103,1.7523364485981308
2018,"Census Tract 203.16, Union County, North Carolina",37179020316,26.873327386262265,10.99464763603925,3.6574487065120427,7.671721677074041,78.07760927743087,2.743086529884032,7.850133809099019,71.51431209602956,92.7752691906912,38.937130948245915,24.495677233429394,95.70637119113573,9.454101860323268,95.1158940397351,83.11279143037177,4.224502112251056,95.77549788774894,80.97038437303088,3.087586641461878
2018,"Census Tract 203.17, Union County, North Carolina",37179020317,31.562311860325103,8.955448524984948,4.500301023479832,10.927152317880795,65.62311860325106,12.311860325105359,6.637567730282962,64.95114006514659,93.69548965860952,40.991776725641664,8.57314148681055,90.84690553745929,8.35715856608753,97.95447997695189,92.52243270189432,2.09858467545144,97.90141532454855,88.43469591226321,2.991026919242273
2018,"Census Tract 204.01, Union County, North Carolina",37179020401,24.64479915804245,17.400456060340293,0.789335204350114,12.313629187861778,69.37379407121557,15.962111910191195,1.5611296263813366,53.042282571330354,91.9318466549737,18.291155098972688,20.74613284804368,86.42145067033344,6.6806331471135945,97.50664893617021,77.6049033474776,7.379912663755459,92.62008733624454,75.67185289957567,2.4516737388024517
2018,"Census Tract 204.03, Union County, North Carolina",37179020403,21.947017014861082,12.68576351496877,0.0,12.85806590566444,71.76394572474693,12.771914710316606,2.6060736592720226,55.63032750112158,88.34645669291339,17.5748031496063,20.747889022919182,87.30372364288918,8.747240618101545,95.2362658470995,71.75757575757575,3.508771929824561,96.49122807017544,80.54545454545455,4.909090909090909
2018,"Census Tract 204.04, Union County, North Carolina",37179020404,28.89124387336071,10.464962246655187,1.6028613061332626,33.593853490528545,27.752020135117235,35.76632666578355,1.2849384024374089,39.71587399629401,69.59873044661074,12.332804352754478,3.708206686930091,79.06114885731932,4.0424739195231,88.44736842105263,50.788381742738586,5.490196078431373,94.50980392156862,24.232365145228215,11.20331950207469
2018,"Census Tract 205.01, Union County, North Carolina",37179020501,26.86698295554384,12.370409418379898,2.214022140221402,24.40695835529784,40.99455280267089,30.328589000175715,2.055877701634159,48.189655172413794,78.43724475905255,14.729104274435068,10.17094017094017,84.61206896551724,10.403652090341183,91.11111111111111,60.18027571580063,4.651162790697675,95.34883720930233,70.04241781548251,7.264050901378578
2018,"Census Tract 205.02, Union County, North Carolina",37179020502,21.254836926478717,15.367606412382532,0.9673852957435046,20.674405749032616,55.44499723604201,22.664455500276397,0.24875621890547264,51.740412979351035,86.01260835303388,23.955870764381405,23.089171974522294,93.80530973451327,8.388908388908389,88.46153846153845,71.48260211800303,9.327846364883403,90.6721536351166,71.86081694402421,2.118003025718608
2018,"Census Tract 206.01, Union County, North Carolina",37179020601,29.274242732262657,11.22179304736735,0.0,26.184183777190484,35.08843260825371,38.66639560886359,0.06098800569221387,56.05985037406484,66.54605263157895,10.098684210526315,8.635917566241414,63.49127182044888,7.2147168726645585,87.9281537176274,62.52377932783767,5.512282804074296,94.4877171959257,52.94863665187064,6.658211794546608
2018,"Census Tract 206.02, Union County, North Carolina",37179020602,25.697503671071953,18.837843507447033,0.18879798615481436,20.348227396685548,47.3882945248584,30.333543108873506,1.7411369834277324,50.49712192569336,70.83181983290955,17.072284780239738,11.860174781523096,71.27158555729984,5.632606849702802,89.819527996298,55.78370978781656,11.61524500907441,88.38475499092559,53.86721423682409,6.2970568104038325
2018,"Census Tract 207.01, Union County, North Carolina",37179020701,23.81535233432418,8.3406189893338,0.9966777408637874,32.08602902605351,45.532435740514074,19.776184647665676,1.608672844902955,47.463625639009045,81.84200673904904,26.694122051666042,3.988035892323031,83.01219032638616,6.908423226991049,91.02730819245774,66.88353936239427,7.24200362100181,92.75799637899819,64.41119063109954,1.951854261548471
2018,"Census Tract 207.02, Union County, North Carolina",37179020702,25.71362265026688,16.22186122070086,0.0,25.968902297516827,59.17846368066837,12.415873752610814,2.4367602692039916,57.66725873297809,78.69205892921308,12.648221343873518,10.848400556328233,86.79692125518058,5.748203686348016,94.42036836403034,58.29817158931083,11.786600496277917,88.21339950372209,70.60478199718706,3.6568213783403656
2018,"Census Tract 208, Union County, North Carolina",37179020800,21.660272061388213,15.399372166027206,0.4534356470177886,28.566445762120686,62.83571677711895,7.289850017439832,0.8545517963027555,66.18756737333813,85.2434456928839,11.710362047440698,9.532710280373832,88.17822493711822,8.103294746215495,92.83449587824984,56.08490566037736,8.541846419327007,91.458153580673,67.31132075471699,4.905660377358491
2018,"Census Tract 209.01, Union County, North Carolina",37179020901,21.960569550930998,16.137276378240234,1.8802482657904345,10.387002555677254,77.03541438481197,10.606060606060606,0.09127418765972983,70.31924072476272,79.47976878612717,9.56384655806621,11.529680365296803,86.8421052631579,8.116959064327485,95.53330766268772,54.54545454545454,7.911683532658693,92.0883164673413,84.91508491508492,4.545454545454546
2018,"Census Tract 209.02, Union County, North Carolina",37179020902,27.94836956521739,11.508152173913043,0.21739130434782608,3.91304347826087,81.19565217391305,9.53804347826087,5.135869565217392,87.14932126696833,86.0730593607306,21.191365711913658,14.073226544622425,96.50075414781297,10.050914576654723,91.4255654918464,65.31223267750214,4.141041410414104,95.8589585895859,78.52865697177074,4.875962360992301
2018,"Census Tract 210.04, Union County, North Carolina",37179021004,31.17257763448159,9.214322077040556,5.226539962667571,6.041065671135245,80.34956728321737,5.582894960122179,2.7999321228576277,71.58598976780794,94.47936594698005,47.7999453402569,8.944099378881988,91.22392758756395,7.100591715976331,96.28154050464808,88.40021990104454,7.099080694586313,92.90091930541368,94.39252336448598,3.1335898845519514
2018,"Census Tract 210.05, Union County, North Carolina",37179021005,19.184912204639062,18.382831129416864,0.0,8.909603295035769,85.23737264253197,4.053761109906786,1.7992629525254715,72.08293153326905,90.99264705882352,20.465686274509803,3.61794500723589,90.26036644165863,7.698497854077253,93.91602399314482,73.14593301435407,11.814345991561181,88.18565400843882,83.85167464114832,2.0933014354066986
2018,"Census Tract 210.06, Union County, North Carolina",37179021006,34.30342689857069,7.732047528844498,5.75167900809368,0.30997072498708456,89.30600998794557,2.5486481832271397,2.083692095746513,64.25549915397632,98.8866100205098,71.08116026955757,21.046511627906977,91.28595600676819,5.714285714285714,97.85568413886998,93.23262839879153,1.6636957813428401,98.33630421865716,98.91238670694864,0.0
2018,"Census Tract 210.07, Union County, North Carolina",37179021007,36.597325408618126,7.161961367013372,13.7444279346211,7.5037147102526,71.35215453194651,3.952451708766716,3.447251114413076,70.54455445544554,97.02592780884596,75.47025927808846,12.47302546396202,91.21287128712872,3.4919146941645183,96.84775318578136,92.90091930541368,1.5090543259557343,98.49094567404426,96.6802860061287,0.6128702757916241
2018,"Census Tract 210.08, Union County, North Carolina",37179021008,35.0284870225786,7.607090103397342,8.335091791517197,9.337412956319898,70.72167123865795,9.569529436589997,2.036294576914961,79.93555946104276,97.7007299270073,73.6861313868613,3.731598767545361,93.96602226127709,3.199090613835661,97.0414201183432,90.7400520639643,2.3247366509262624,97.67526334907373,95.35143175901823,0.5950167348456675
2018,"Census Tract 210.09, Union County, North Carolina",37179021009,33.76322751322751,5.6878306878306875,4.067460317460317,16.302910052910054,63.657407407407405,13.128306878306878,2.8439153439153437,70.03179650238474,96.88208616780045,67.3469387755102,4.8834628190899005,90.54054054054053,5.741387918122816,96.11111111111111,90.22277227722772,4.941176470588235,95.05882352941177,95.42079207920791,0.0
2018,"Census Tract 210.10, Union County, North Carolina",37179021010,29.188299354185133,13.38482968215778,5.293149297201468,1.7221729770799037,88.8691908319615,2.089401038369001,2.0260858553881222,69.99364272091545,95.82670906200318,61.78457869634341,19.182027649769584,91.70375079465988,5.776108726752503,96.95675387079552,92.61663286004057,3.1053459119496853,96.89465408805032,94.64503042596348,0.6490872210953347
2018,"Census Tract 210.11, Union County, North Carolina",37179021011,31.744168989291477,8.18541880592636,4.224732286929735,8.126741968607892,83.46780108552149,2.4790963767052956,1.7016282822355875,75.88009759498084,98.342939481268,63.352545629202694,25.7006874669487,93.6214708957825,5.222437137330754,96.41833810888252,88.21022727272727,6.548672566371681,93.45132743362832,91.76136363636364,0.8522727272727272
2018,"Census Tract 210.12, Union County, North Carolina",37179021012,34.49619595472258,9.055483392095008,1.4288365188346632,1.50306179254036,90.68472814993505,4.193727964371869,2.1896455743180554,81.5505397448479,97.44572158365263,57.59897828863346,8.913308913308914,94.06280667320902,4.645892351274788,93.61859092585762,92.04406364749082,3.541912632821724,96.45808736717828,91.73806609547124,0.9791921664626682
2018,"Census Tract 210.13, Union County, North Carolina",37179021013,30.428441203281675,8.350045578851413,2.2424794895168643,11.649954421148587,75.82497721057429,5.195989061075661,5.086599817684594,81.71627367607267,97.10695499707774,48.392752776154296,7.4074074074074066,88.3262466177039,6.263102725366876,97.16336295283664,82.56830601092896,9.985243482538122,90.01475651746188,83.55191256830601,1.530054644808743
2018,"Census Tract 210.14, Union County, North Carolina",37179021014,27.19665271966527,13.737796373779638,0.3486750348675035,13.284518828451883,79.81171548117155,4.846582984658299,1.708507670850767,74.95812395309883,87.95950985615345,28.39637719765583,9.315589353612168,81.4070351758794,8.649687650168188,91.85291997116077,68.73184898354307,2.085308056872038,97.91469194312796,72.50726040658277,2.3233301064859635
2018,"Census Tract 210.15, Union County, North Carolina",37179021015,18.677294269711332,20.29297716501508,3.7914691943127963,3.0590262817750973,88.69021973287377,3.1451960361912965,1.3140887548470486,65.63495675921712,95.69827325053014,30.505907300817935,17.355371900826448,81.92990441511152,9.076348104644955,95.17045454545455,79.2638036809816,10.291689598238856,89.70831040176115,81.22699386503068,0.98159509202454
2018,"Census Tract 201, Chester County, South Carolina",45023020100,25.72050027188689,20.282762370853725,0.48939641109298526,56.82436106579662,39.69548667754214,0.7612833061446439,2.2294725394236,49.5114006514658,83.28050713153723,10.45958795562599,0.0,88.27361563517914,7.759882869692533,91.32352941176471,33.58876117496807,18.010471204188484,81.98952879581152,62.06896551724138,12.005108556832694
2018,"Census Tract 202, Chester County, South Carolina",45023020200,19.09722222222222,13.88888888888889,0.0,63.74999999999999,35.729166666666664,0.5208333333333333,0.0,50.86848635235732,74.71772214040256,10.21109474717722,3.8379530916844353,81.30686517783292,3.51931330472103,92.3365890308039,34.581673306772906,22.76923076923077,77.23076923076924,55.537848605577686,15.697211155378485
2018,"Census Tract 203, Chester County, South Carolina",45023020300,23.305307409353652,14.004203888596953,0.0,77.61429322122963,21.282186022070416,1.1035207566999474,0.0,51.78236397748592,76.53145695364239,17.79801324503311,0.0,84.36522826766729,4.5906132237067485,83.91933815925543,31.287878787878785,17.961466749533873,82.03853325046613,54.77272727272727,17.196969696969695
2018,"Census Tract 204, Chester County, South Carolina",45023020400,16.819571865443425,21.581476627348188,0.0,29.27042376583661,67.71515945827873,2.0096111839231106,1.0048055919615553,62.68041237113402,81.92771084337349,11.589213998852554,2.484472049689441,90.30927835051547,9.506302521008402,99.70208540218471,42.03683640303358,10.562015503875969,89.43798449612403,84.29035752979415,5.417118093174431
2018,"Census Tract 205, Chester County, South Carolina",45023020500,20.943851188425768,22.218394764037203,0.0,33.7237340682053,65.13951085084395,0.0,1.1367550809507405,73.45454545454545,77.19382835101254,6.605593056894889,0.37523452157598497,90.81818181818181,7.973856209150326,97.29965156794425,32.971014492753625,24.795640326975477,75.20435967302453,86.5036231884058,5.344202898550725
2018,"Census Tract 206.01, Chester County, South Carolina",45023020601,17.00404858299595,27.66531713900135,0.6297795771479981,15.744489428699953,83.40080971659918,0.0,0.22492127755285649,64.26966292134831,89.97668997668997,17.016317016317018,35.11111111111111,93.48314606741573,9.214092140921409,90.60402684563759,44.948453608247426,7.6190476190476195,92.38095238095238,87.31958762886597,4.123711340206185
2018,"Census Tract 206.02, Chester County, South Carolina",45023020602,23.501199040767386,14.759101809461523,0.0,27.01111837802485,60.17004578155657,6.649226073686505,6.169609766732069,61.382113821138205,88.17641538942759,16.327807319361902,1.2453300124533,87.39837398373984,9.1479053861499,94.12878787878788,51.4336917562724,9.8546042003231,90.14539579967689,73.95459976105137,5.137395459976105
2018,"Census Tract 207, Chester County, South Carolina",45023020700,26.63837812352664,13.814238566713813,0.0,23.573785950023574,67.56247053276756,4.714757190004715,4.148986327204149,69.4412770809578,83.10269482884195,17.26147123088128,3.386454183266932,91.33409350057012,8.226221079691516,93.36683417085428,54.269972451790636,15.6794425087108,84.3205574912892,83.05785123966942,3.71900826446281
2018,"Census Tract 208, Chester County, South Carolina",45023020800,25.757864632983797,15.72926596758818,0.22878932316491898,17.902764537654907,79.42802669208771,1.7921830314585319,0.6482364156339371,64.27193828351012,85.26798509601605,16.938950988822015,1.4910536779324055,86.88524590163934,6.445814072932716,94.36253252385083,53.67943548387096,11.507582515611062,88.49241748438894,83.06451612903226,6.048387096774194
2018,"Census Tract 209, Chester County, South Carolina",45023020900,21.971441731920773,22.938737908797787,0.0,24.27452786734224,69.6453247351451,0.0,6.0801473975126665,84.0650406504065,82.35294117647058,9.07928388746803,14.964370546318289,89.59349593495935,10.201660735468565,91.57303370786516,34.50292397660819,16.09421000981354,83.90578999018645,91.69590643274854,6.549707602339182
2018,"Census Tract 210, Chester County, South Carolina",45023021000,28.558797524314766,17.020335985853226,0.0,38.59416445623342,55.65870910698497,0.7515473032714411,4.9955791335101685,63.70558375634518,77.91754018169112,11.46051712089448,0.0,86.5482233502538,7.611386138613861,95.63164108618653,30.61699650756694,16.924564796905223,83.07543520309478,71.82770663562282,6.868451688009314
2018,"Census Tract 101, Lancaster County, South Carolina",45057010100,23.153471915081823,16.607695709862895,1.901813356921716,3.1623175586023886,91.11012826183105,2.3883237505528525,1.4374170720919948,81.31080389144905,87.19945817812395,20.013545546901458,5.006587615283268,84.94623655913979,6.417266187050359,95.55770159343312,65.99552572706935,9.818426361802286,90.1815736381977,88.51603281133482,2.684563758389262
2018,"Census Tract 102, Lancaster County, South Carolina",45057010200,20.148906468124707,15.93764541647278,0.2559329920893439,25.06979990693346,72.44067007910657,0.32573289902280134,1.9078641228478361,70.77259475218659,75.53562531141006,12.639096495598737,4.234769687964339,81.81486880466473,10.635198135198134,90.7359586830213,52.37727097023579,11.312992800822762,88.68700719917723,66.17703904136066,7.730962504831851
2018,"Census Tract 103, Lancaster County, South Carolina",45057010300,17.716960749009722,19.697515304285197,0.4321209938782859,31.706877925819228,61.99135758012243,0.0,5.86964350018005,69.93814432989691,85.079754601227,13.914110429447854,6.29800307219662,96.08247422680412,9.562363238512035,90.25695931477516,52.253999030538054,15.795918367346939,84.20408163265306,83.08288899660688,9.403780901599612
2018,"Census Tract 104, Lancaster County, South Carolina",45057010400,16.847372810675562,15.59633027522936,0.542118432026689,36.15512927439533,61.67639699749792,0.5004170141784821,1.1259382819015846,70.15177065767286,84.13325804630153,9.937888198757763,0.0,89.29173693086003,4.162487462387161,92.64919941775837,47.26720647773279,15.047291487532243,84.95270851246775,73.17813765182186,3.8461538461538463
2018,"Census Tract 105, Lancaster County, South Carolina",45057010500,25.27766351295763,14.849856026326613,0.658165364047717,32.90826820238585,57.630604689428225,1.851090086384204,6.951871657754011,59.683794466403164,80.7537843682422,8.093914118010503,0.0,85.67193675889328,5.009633911368015,89.4387980556783,43.468339988590984,15.558766859344894,84.4412331406551,58.69937250427838,1.7113519680547633
2018,"Census Tract 106, Lancaster County, South Carolina",45057010600,22.21503637833468,13.080032336297496,0.0,32.40097008892482,50.07275666936136,16.572352465642684,0.9539207760711399,51.58703641830938,89.322191272052,11.304549675023212,1.3257575757575757,82.12495823588372,10.49677821658699,90.69205197944999,58.63723608445297,13.813068651778329,86.18693134822168,77.11132437619962,4.366602687140115
2018,"Census Tract 107, Lancaster County, South Carolina",45057010700,31.171757636454682,11.967951927891837,0.0,88.05708562844266,6.810215322984477,4.606910365548322,0.5257886830245367,43.77162629757785,67.29354047424366,5.233033524121014,2.4967148488830486,71.97231833910035,7.20261913423063,80.90388287714832,24.010731052984575,14.408725602755453,85.59127439724455,28.504359490274982,26.42521797451375
2018,"Census Tract 108, Lancaster County, South Carolina",45057010800,23.84446074834923,16.911225238444608,0.4768892149669846,42.47982391782832,48.826118855465886,8.217168011738812,0.0,66.79425837320574,71.84115523465704,11.346054667354306,3.4562211981566824,77.60765550239235,6.454720616570328,80.76923076923077,47.04641350210971,18.34625322997416,81.65374677002583,41.66666666666667,12.447257383966246
2018,"Census Tract 109, Lancaster County, South Carolina",45057010900,18.98876404494382,28.51123595505618,2.556179775280899,17.3876404494382,77.6685393258427,1.5730337078651686,0.8146067415730337,42.302357836338416,87.79395296752519,31.31765584173199,1.1583011583011582,91.81692094313453,10.298196948682385,96.6438781852082,69.48579161028417,9.157959434542102,90.84204056545789,72.25981055480379,1.4884979702300407
2018,"Census Tract 110.01, Lancaster County, South Carolina",45057011001,17.0569236980218,22.466693580944693,0.0,25.51473556721841,73.55672184093662,0.7468712151796528,0.18167137666532096,59.87723214285714,84.95222929936305,9.766454352441615,3.8834951456310676,91.35044642857143,11.657337551715747,91.28375177640929,52.41192411924119,19.677840661732695,80.32215933826731,80.05420054200542,7.479674796747967
2018,"Census Tract 110.02, Lancaster County, South Carolina",45057011002,21.60814460835238,18.450031165593188,0.0,14.41928111365053,79.22293787658425,5.879908580926657,0.47787242883856224,59.12659470068695,75.6299938537185,12.292562999385371,0.8383233532934131,84.88714425907753,7.421150278293136,90.43515725980181,56.65653495440729,14.634146341463413,85.36585365853658,75.13677811550153,4.376899696048632
2018,"Census Tract 111, Lancaster County, South Carolina",45057011100,19.23145986712157,16.448195367211348,2.2625246902495957,26.52181720237026,63.207038965703,6.769617525588077,1.2390016160890645,57.925925925925924,83.7037037037037,21.5581098339719,16.73101673101673,92.18518518518518,7.663006946000449,96.70404349303432,63.55140186915887,5.975395430579964,94.02460456942003,76.35514018691589,2.4766355140186915
2018,"Census Tract 112.01, Lancaster County, South Carolina",45057011201,29.398534892687316,12.793985348926872,2.493252795270531,7.582572934070171,77.47076211283897,9.966585271815962,2.4868268860043696,68.17673378076063,93.88894235396016,48.89808488114715,10.470859400724398,92.15604026845638,5.889324459841371,97.6609626985104,86.51102464332037,5.646853146853147,94.35314685314685,86.99277376320178,1.556420233463035
2018,"Census Tract 112.02, Lancaster County, South Carolina",45057011202,16.842040489816014,37.05618115808258,1.3106885730108917,3.3167189711402374,87.49615408282567,4.412036182388776,3.4644021906344227,73.37740384615384,96.00309837335399,49.457784663051896,24.64547677261614,90.20432692307693,11.158798283261802,96.50971353309187,87.52910360884749,4.542297541325184,95.45770245867482,96.24563445867288,1.1350407450523865
2018,"Census Tract 601.02, York County, South Carolina",45091060102,18.110821866865006,11.751580513201935,0.6322052807735217,12.830048345109708,81.29416139828932,5.243584975827445,0.0,49.50634696755994,92.50599520383693,44.90407673860911,5.604719764011799,80.95909732016925,6.766575840145323,91.99014171287739,87.15986394557824,10.841546626231995,89.15845337376801,36.054421768707485,4.166666666666666
2018,"Census Tract 602, York County, South Carolina",45091060200,25.037037037037035,13.555555555555557,1.654320987654321,36.864197530864196,54.37037037037037,0.9135802469135803,6.197530864197531,41.18683901292597,77.9553903345725,13.122676579925653,1.5240328253223916,79.49471210340776,5.171277997364953,85.41565386485172,47.27272727272727,8.700629650829994,91.29937034917,45.70532915360502,11.097178683385579
2018,"Census Tract 603, York County, South Carolina",45091060300,26.39908256880734,10.6651376146789,0.0,66.88073394495413,26.72018348623853,3.8302752293577984,2.5688073394495414,51.37795275590551,82.46187363834423,7.915758896151052,0.0,75.93503937007874,8.538485509504518,90.9130624726955,50.06180469715699,9.558412520961431,90.44158747903856,45.611866501854145,12.175525339925834
2018,"Census Tract 604.01, York County, South Carolina",45091060401,27.905358385525403,11.969380654140572,0.0,88.48295059151009,5.254001391788448,6.263048016701461,0.0,57.55968169761273,70.31518624641834,4.011461318051576,0.0,71.08753315649867,5.1640926640926645,87.43416102332581,36.53846153846153,7.63765541740675,92.36234458259325,43.55769230769231,17.01923076923077
2018,"Census Tract 604.02, York County, South Carolina",45091060402,25.58019597730789,11.964930376482723,2.1144920061887573,68.02475502836513,23.620422898401237,2.733367715317174,3.5069623517276947,55.24974515800204,88.12922614575507,27.27272727272727,0.0,85.11722731906218,12.266112266112266,91.33154602323503,61.40350877192983,3.272727272727273,96.72727272727273,76.56641604010025,10.776942355889723
2018,"Census Tract 605.01, York County, South Carolina",45091060501,17.97248803827751,13.068181818181818,1.2260765550239234,61.39354066985646,31.967703349282296,3.618421052631579,1.7942583732057416,55.676516329704505,75.73827446438911,14.475969889982629,6.623931623931624,87.86936236391914,2.413162705667276,86.98811096433289,44.742413549753,14.792543595911004,85.207456404089,29.00494001411433,17.219477769936486
2018,"Census Tract 605.02, York County, South Carolina",45091060502,18.961038961038962,19.134199134199132,0.0,84.58874458874459,9.134199134199134,0.0,6.277056277056277,48.580786026200876,80.64516129032258,7.507331378299121,0.0,79.91266375545851,6.089743589743589,80.38194444444444,31.775700934579437,8.633776091081593,91.36622390891841,59.7092419522326,17.030114226375908
2018,"Census Tract 606, York County, South Carolina",45091060600,0.43010752688172044,0.10752688172043011,1.827956989247312,25.0,67.04301075268818,4.623655913978494,1.5053763440860215,10.534591194968554,90.9090909090909,60.60606060606061,,47.9559748427673,0.05399568034557236,84.81166464155528,,,,,
2018,"Census Tract 607, York County, South Carolina",45091060700,25.61341571050309,22.64783759929391,0.0,17.36981465136805,80.28243601059135,2.206531332744925,0.1412180052956752,42.62029923170238,95.87897756911842,46.009389671361504,17.336394948335247,96.80549939344925,10.888730045270432,95.64102564102565,72.76084949215144,10.236220472440944,89.76377952755905,81.57894736842105,1.2465373961218837
2018,"Census Tract 608.02, York County, South Carolina",45091060802,30.15952143569292,9.571286141575275,3.389830508474576,17.44765702891326,65.55333998005982,10.418743768693918,3.1904287138584246,48.51811196487377,76.00308641975309,28.47222222222222,7.874015748031496,92.75521405049396,7.086614173228346,94.71057884231537,67.58241758241759,6.426735218508997,93.573264781491,76.23626373626374,1.098901098901099
2018,"Census Tract 608.03, York County, South Carolina",45091060803,20.24055628641233,17.81619996241308,0.9208795339221951,24.074422101108812,54.76414207855667,11.9902274008645,8.250328885547829,50.40408336877924,89.20098172893374,27.29751840741751,16.666666666666664,94.3428328370906,6.457785218847166,87.76108464639061,60.931081697854864,6.006006006006006,93.993993993994,49.38384299406663,10.543130990415335
2018,"Census Tract 608.04, York County, South Carolina",45091060804,20.0133422281521,13.408939292861907,1.245274627529464,26.23971536579942,56.41538803646876,12.853013119857684,3.246608850344674,49.658497388509446,88.18845388188454,26.410086264100862,3.33889816360601,91.48252310164725,12.260216847372812,95.26276831976314,72.09889001009083,8.155699721964782,91.84430027803522,42.78506559031282,1.3622603430877902
2018,"Census Tract 609.01, York County, South Carolina",45091060901,22.4536160545248,8.273381294964029,5.16849678152215,35.32752745172284,45.68345323741007,10.999621355547141,2.820901173797804,58.302446256486284,86.57698912421293,28.534630795649683,3.117505995203837,85.35952557449963,6.884765625,96.29503738953093,60.00812017864393,5.812619502868069,94.18738049713194,16.64636622005684,6.658546488022736
2018,"Census Tract 609.04, York County, South Carolina",45091060904,21.095571095571096,15.63228438228438,1.252913752913753,18.342074592074592,76.09265734265735,2.8263403263403264,1.486013986013986,61.07419712070875,94.27685950413223,31.611570247933884,0.0,93.90919158361018,9.619645494830133,97.18999742201598,79.68316831683168,2.093834819697557,97.90616518030244,92.87128712871288,1.3465346534653466
2018,"Census Tract 609.05, York County, South Carolina",45091060905,22.423725197354386,16.737785363772137,1.632174098570514,27.757627480264564,65.26562833368892,3.893748666524429,1.4508214209515682,49.306014540647716,91.27272727272727,34.3399209486166,7.2812291249165,83.12403613130645,10.354785478547855,93.86867088607595,72.41899020346648,3.8173471853104615,96.18265281468953,55.011303692539556,2.7128862094951014
2018,"Census Tract 609.06, York County, South Carolina",45091060906,23.102738984518783,17.668074050016237,0.8227779582115405,11.757063981812276,77.08130345350222,9.321208184475479,1.0176464219984844,64.57142857142857,91.04813315339632,41.05563052931474,5.222222222222222,90.5952380952381,11.949152542372882,93.90243902439023,81.96538246789503,5.91016548463357,94.08983451536643,91.23394751535456,0.3629257398101619
2018,"Census Tract 609.07, York County, South Carolina",45091060907,23.305851598632614,11.109993967424089,4.182585964206717,22.943897044037804,63.62356726322139,6.163281721294993,3.086668007239091,52.29043908002281,91.24825120472563,37.38535675423597,5.806451612903226,80.23189507698156,10.291033036182485,95.76929718528751,75.16547524490336,7.0391336450898345,92.96086635491017,54.83187715117819,3.733121525019857
2018,"Census Tract 610.03, York County, South Carolina",45091061003,29.798102651423015,13.094948512121949,3.5595556636665853,3.0406227195329603,87.78075083110353,4.597421551933836,1.0216492337630747,75.8187879976466,97.8694413477022,55.90239068499938,6.68693009118541,92.19454795057854,9.107742159472282,94.09857328145266,84.35451051322632,4.450205227910995,95.549794772089,86.5702012208908,1.2208907981008366
2018,"Census Tract 610.04, York County, South Carolina",45091061004,32.38493723849372,8.200836820083682,1.4225941422594142,10.50806933652122,84.35146443514644,3.0005977286312016,0.7172743574417215,60.27131782945736,95.28985507246377,55.98779557589626,0.0,91.36212624584718,9.565063649222065,94.17142857142858,80.88084670536018,6.749442852594716,93.25055714740529,75.04267668146124,2.594742232843974
2018,"Census Tract 610.05, York County, South Carolina",45091061005,27.021013597033374,10.72929542645241,2.900700453234446,9.476720230737536,76.9344870210136,8.792748248866914,1.8953440461475073,67.25722881497576,94.07944041968523,49.96252810392206,1.0222222222222224,82.90155440414507,7.170280036133694,98.35027249963176,82.93057996485061,3.1695383960859393,96.83046160391406,66.89367311072057,1.8014059753954303
2018,"Census Tract 610.06, York County, South Carolina",45091061006,29.231218941829873,10.084770534931305,9.35399006138556,8.564747149956153,75.5334697456884,5.466237942122187,1.0815551008477053,62.454873646209386,98.50136239782016,62.17075386012716,6.03085553997195,89.04933814681108,9.500206526228832,96.29049111807733,91.05691056910568,0.0,100.0,97.23577235772358,0.6504065040650406
2018,"Census Tract 610.07, York County, South Carolina",45091061007,23.2796286182414,12.889131622064445,5.939377389404697,12.2200983069361,63.981430912069904,13.776624795193884,4.082468596395413,58.6013986013986,87.86512448539501,32.523034699078615,6.131718395155185,89.53846153846153,6.727175654030966,93.9817043813192,75.8843537414966,4.421326397919375,95.57867360208063,71.9047619047619,2.687074829931973
2018,"Census Tract 610.08, York County, South Carolina",45091061008,32.48628356915969,9.485994802194629,3.6673404562518046,9.44267975743575,73.14467224949466,8.879584175570315,4.865723361247473,62.27621483375959,95.61322921451539,52.77905374368397,3.7943696450428397,92.32736572890026,7.5919589392643285,97.39329704955601,91.59737417943107,3.0547305897327113,96.94526941026729,83.06345733041576,0.9628008752735231
2018,"Census Tract 611.01, York County, South Carolina",45091061101,24.709976798143853,14.501160092807424,1.1136890951276102,24.31554524361949,67.65661252900233,4.918793503480278,1.9953596287703015,48.122183274912366,89.11262798634813,19.48805460750853,5.736782902137233,88.03204807210815,8.505392912172573,96.76972773419475,68.27040194884287,5.632183908045977,94.36781609195403,74.78684531059683,4.263093788063337
2018,"Census Tract 611.03, York County, South Carolina",45091061103,30.33725996449895,9.875746328868807,0.855252541552364,7.681136033564629,83.36291754074551,4.114894303695336,3.9857995804421495,62.24814422057264,94.28428177488092,49.461017798947104,3.787878787878788,91.02156238953694,4.72550382209868,96.31531259438236,75.15981735159816,5.4404145077720205,94.55958549222798,77.26027397260275,2.374429223744292
2018,"Census Tract 611.04, York County, South Carolina",45091061104,26.877775632361462,12.647229194825254,4.460320525197915,5.502992855763661,83.78065263564395,3.5914269163931265,2.6646070670013517,71.75266903914591,94.63657678780774,47.889800703399764,2.883799830364716,91.6814946619217,8.364213869772366,95.38461538461539,83.59329867128828,3.886729594669628,96.11327040533038,96.30271519352975,1.9064124783362217
2018,"Census Tract 612.01, York County, South Carolina",45091061201,22.00915501670172,13.831498206111592,0.9526166027465051,17.728566126438203,71.22355561054064,6.915749103055796,3.1795125572188545,55.59113300492611,85.18451845184518,26.804680468046804,7.557251908396946,87.78325123152709,9.52836201402167,94.67706013363029,71.62243667068758,8.876064852981589,91.12393514701841,62.27382388419783,1.1459589867310012
2018,"Census Tract 612.02, York County, South Carolina",45091061202,23.949936359779382,14.700890963088673,0.3818413237165889,8.103521425540942,65.65549427238014,3.266864658464149,22.592278319898178,64.14538310412574,86.32209265679168,18.72045382918374,6.658130601792574,90.27504911591355,11.129707112970712,91.40524280189085,74.36781609195403,4.761904761904762,95.23809523809523,79.71264367816092,5.977011494252873
2018,"Census Tract 612.03, York County, South Carolina",45091061203,21.748241281245324,14.144589133363269,0.0,12.917227959886244,80.7663523424637,2.8588534650501423,3.4575662325999104,69.35388263189093,86.56716417910447,14.013266998341626,0.0,83.52104327208062,9.009181331293037,90.87373606429868,65.92156862745098,6.764168190127971,93.23583180987202,83.80392156862744,9.098039215686274
2018,"Census Tract 613.01, York County, South Carolina",45091061301,28.58690940615518,13.719115734720416,0.6285218899003033,56.80537494581708,34.02687472908539,3.142609449501517,5.396618985695708,66.54749744637385,89.17922948073702,28.14070351758794,3.715498938428875,90.4494382022472,4.957420924574209,89.24914675767917,66.84057971014494,8.342189160467587,91.65781083953242,79.07246376811594,6.086956521739131
2018,"Census Tract 613.02, York County, South Carolina",45091061302,24.39313203078745,11.584764160252616,0.0,27.077165975922636,68.46260114466153,3.4734556937043615,0.9867771857114663,76.778413736713,90.26728646135967,20.91807088901801,4.4071353620146905,90.02452984464432,9.318715740015662,96.41358260206027,56.28912919749573,11.352169525731584,88.64783047426842,81.5025611838361,5.520774046670461
2018,"Census Tract 614.01, York County, South Carolina",45091061401,22.773186409550046,15.426997245179063,0.9412304866850322,13.659320477502296,83.1267217630854,1.9283746556473829,0.34435261707988984,79.74613686534217,81.10569105691057,12.097560975609756,1.5406162464985995,86.81015452538632,8.47205707491082,92.66194331983806,39.39974457215836,5.548854041013269,94.45114595898673,78.28863346104725,3.767560664112388
2018,"Census Tract 614.03, York County, South Carolina",45091061403,22.435437589670016,14.221664275466283,1.2553802008608321,11.29842180774749,82.98063127690101,1.1477761836441895,3.317790530846485,64.62406015037594,87.09117938553022,26.16451932606541,16.050686378035902,88.38345864661655,8.647398843930636,94.92266308002691,68.20365033621518,4.231830726770929,95.76816927322908,82.94908741594621,0.8645533141210375
2018,"Census Tract 614.04, York County, South Carolina",45091061404,24.25838647075132,21.070141391738286,3.3545883005267534,26.587191571943443,67.6739672858331,1.9129470474078183,0.47130579428888275,49.761417859577364,94.8200869909055,43.06049822064057,13.110539845758353,93.4560327198364,12.225475841874085,96.18930547019053,80.54953000723066,6.109979633401222,93.89002036659878,74.2588575560376,6.4352856109906
2018,"Census Tract 615.01, York County, South Carolina",45091061501,21.726876761465537,16.243914937227775,2.6774276197796567,10.120420189597745,79.32359723289777,3.10017934921855,4.778375608506277,66.69503546099291,83.43108504398828,17.027126099706745,7.354001441961067,88.68085106382979,8.576104746317512,94.26065162907268,61.76371592056547,4.407979407979408,95.59202059202059,86.94042409962975,0.7404914170313026
2018,"Census Tract 615.02, York County, South Carolina",45091061502,22.513464991023337,12.220227408737284,0.0,6.343506882106523,89.56313584679833,3.6026331538001193,0.4907241172950329,65.83054626532888,86.7516350830119,18.380010062049305,6.022408963585434,93.00445930880713,8.758109360518999,93.77798727315579,66.04665825977301,5.398150909633164,94.60184909036684,91.23581336696091,0.9773013871374527
2018,"Census Tract 616.01, York County, South Carolina",45091061601,29.74644403215832,11.595547309833023,0.0,49.134199134199136,47.58812615955473,0.95856524427953,2.3191094619666046,57.65907305577376,81.83807439824945,14.332603938730854,6.970509383378016,79.26158680282796,7.482394366197183,85.73248407643312,38.779019776440244,12.29260935143288,87.70739064856711,54.170249355116084,10.834049871023216
2018,"Census Tract 616.02, York County, South Carolina",45091061602,19.191034845035894,18.630712659779373,0.0,26.650323936263355,70.79320609350377,2.1537383995797583,0.40273157065312554,58.37191358024691,88.32153690596563,15.141557128412538,0.0,73.80401234567901,9.32370321733421,95.39236861051116,47.22107863318238,3.1885213232363494,96.81147867676366,58.58377933305887,6.792918896665294
2018,"Census Tract 617.01, York County, South Carolina",45091061701,20.66290550070522,16.22002820874471,0.611189468735308,3.2204983544898917,87.44710860366713,3.1029619181946404,5.618241654913024,82.4203187250996,84.75292587776333,15.637191157347205,0.8595988538681949,86.40438247011953,11.14074074074074,94.10706252811516,37.78744561839652,14.687168610816542,85.31283138918346,84.40024860161591,1.8645121193287757
2018,"Census Tract 617.05, York County, South Carolina",45091061705,25.515560554930634,14.548181477315335,4.630671166104237,5.118110236220472,84.8331458567679,2.305961754780652,3.1121109861267344,67.79864163004395,89.19067215363512,18.106995884773664,6.098741529525654,89.21294446664004,9.613928841786526,97.29119638826185,70.63531765882941,5.752003771805752,94.24799622819425,84.54227113556779,2.751375687843922
2018,"Census Tract 617.06, York County, South Carolina",45091061706,21.098985257514837,15.278575531303847,2.565575339843002,7.447826919394984,89.02929350947731,0.9573042312847023,0.0,80.06630750103605,90.37291721766728,23.80322665961386,4.535398230088496,89.10070451719851,11.11380732831837,93.98079763663219,67.19552029864676,7.708871662360034,92.29112833763996,84.08772748483435,0.0
2018,"Census Tract 617.07, York County, South Carolina",45091061707,22.59881323544202,18.243990747259378,1.0660766368299306,9.876294880820678,77.50176003218344,9.594689731469376,1.9611787186965706,79.64310871096501,97.0138692329465,50.25474101330314,7.816711590296496,90.81944118337638,9.316528066528067,94.0909090909091,79.29053210092431,5.344052967604634,94.65594703239536,75.94304271796153,1.5488383712215839
2018,"Census Tract 617.08, York County, South Carolina",45091061708,32.083113224159185,10.547631625286142,0.8452192287374538,9.103715442859658,78.8343018136996,9.350237717908081,1.8665257967952105,79.6103896103896,95.50068587105625,50.97393689986283,14.80904130943102,93.63636363636364,12.55911718339464,92.33856256840569,82.05645161290323,2.410231185440236,97.58976881455976,80.09072580645162,2.217741935483871
2018,"Census Tract 618.01, York County, South Carolina",45091061801,29.681615884970903,10.270455323519343,0.9585758301951387,26.08695652173913,58.26771653543307,8.935296131461829,5.7514549811708315,71.34786117836966,77.22222222222223,18.27777777777778,15.316901408450704,86.84422921711057,6.426484907497566,93.19775596072931,58.610271903323266,11.26005361930295,88.73994638069705,74.32024169184291,8.559919436052366
2018,"Census Tract 618.02, York County, South Carolina",45091061802,24.76956265934497,12.08080015689351,4.569523435967837,5.589331241419886,79.01549323396745,5.138262404393018,5.687389684251814,61.52796725784447,87.4891649812193,18.838485986709046,2.1174205967276225,91.58708503865394,5.13555787278415,92.21821099077417,68.88283378746594,9.828009828009828,90.17199017199017,70.95367847411444,3.760217983651226
2018,"Census Tract 619, York County, South Carolina",45091061900,22.115384615384613,18.203671328671327,0.13111888111888112,11.276223776223777,85.53321678321679,0.8304195804195804,2.229020979020979,80.22515907978463,84.74938875305624,11.15525672371638,8.75995449374289,91.43416544297601,11.924803591470258,90.37974683544304,26.394257316399777,11.094747177221404,88.90525282277859,80.67366096079515,2.8713418001104363
