Year,NAME,GEOID,PercentUnder18,PercentOver65,PercentAsian,PercentBlack,PercentWhite,PercentHispanic,PercentOther,PercentDroveMoreThan20Minutes,PercentHighSchoolDiploma,PercentAdultsWithAtLeastBachelors,PercentPrivateSchool,PercentDroveAlone,PercentVeteran,PercentEmployed,PercentInternetAccess,PercentVacant,PercentOccupied,PercentOwnerOccupied,PercentNoVehicle
2022,Census Tract 9201; Anson County; North Carolina,37007920100,20.042796005706133,18.687589158345222,0.0,50.21398002853067,40.584878744650496,6.1697574893009985,3.0313837375178316,61.584158415841586,86.41251221896383,7.429130009775172,0.0,87.82178217821782,15.165031222123105,97.44268077601411,71.05901374292644,15.964673913043478,84.03532608695652,73.08003233629749,4.7696038803556995
2022,Census Tract 9202; Anson County; North Carolina,37007920200,21.87321530553969,27.127355796687606,0.0,38.20673900628213,57.167332952598514,3.6550542547115934,0.9708737864077669,51.15979381443299,80.53965658217498,11.120196238757154,1.82648401826484,86.98453608247422,3.5818713450292394,97.95180722891567,75.70224719101124,14.525810324129651,85.47418967587035,78.23033707865169,4.353932584269663
2022,Census Tract 9203.01; Anson County; North Carolina,37007920301,19.786592437949434,23.89236836000928,0.0,30.68893528183716,57.06332637439109,8.907446068197634,3.3402922755741122,68.13639035861259,76.77578752316244,11.365040148239654,14.427860696517413,85.42034097589654,7.5766338924233665,98.24468085106382,69.7841726618705,12.025316455696203,87.9746835443038,70.28223574986166,2.545655783065855
2022,Census Tract 9203.02; Anson County; North Carolina,37007920302,3.511705685618729,20.401337792642142,0.0,31.438127090301005,64.54849498327759,3.3444816053511706,0.6688963210702341,82.80542986425338,97.5517890772128,6.96798493408663,0.0,100.0,5.565529622980251,94.61883408071749,85.71428571428571,0.0,100.0,76.33928571428571,1.7857142857142856
2022,Census Tract 9204; Anson County; North Carolina,37007920400,21.156373193166885,15.067893123083662,0.0,74.02540516863776,24.003504161191415,0.0,1.971090670170828,42.62485481997677,91.46884272997032,10.608308605341247,0.0,63.76306620209059,5.888888888888888,87.02502316960148,51.64718384697131,25.494853523357087,74.50514647664292,48.565356004250795,15.196599362380447
2022,Census Tract 9205.01; Anson County; North Carolina,37007920501,32.149901380670606,11.93293885601578,0.0,42.30769230769231,48.61932938856015,9.072978303747535,0.0,69.73365617433413,68.93939393939394,23.78787878787879,0.0,71.1864406779661,4.651162790697675,100.0,65.15151515151516,0.0,100.0,48.73737373737374,0.0
2022,Census Tract 9205.02; Anson County; North Carolina,37007920502,25.534441805225654,21.61520190023753,5.7957244655581945,57.00712589073634,36.888361045130644,0.0,0.3087885985748219,52.47793618465716,84.4927536231884,18.18840579710145,13.37386018237082,83.02783435166327,10.62200956937799,91.0263600673023,71.59559834938102,19.356627842484748,80.64337215751524,64.44291609353508,10.110041265474553
2022,Census Tract 9206; Anson County; North Carolina,37007920600,20.675105485232066,19.71870604781997,2.250351617440225,48.60759493670886,37.383966244725734,6.469760900140647,5.288326300984529,55.148583275742915,80.47677764077271,11.508425811755036,6.474820143884892,73.3241188666206,8.652482269503546,87.89915966386555,62.408026755852845,22.05422314911366,77.94577685088633,72.44147157190636,10.568561872909699
2022,Census Tract 9800; Anson County; North Carolina,37007980000,0.0,6.690561529271206,0.6571087216248507,39.18757467144564,54.18160095579451,2.927120669056153,3.046594982078853,,83.17214700193423,1.4829142488716958,,,4.121863799283155,,,,,,
2022,Census Tract 405.01; Cabarrus County; North Carolina,37025040501,32.19157915398959,9.255079006772009,2.0316027088036117,33.0159976445186,35.95053489056826,20.10992246540387,8.891942290705664,53.74592833876222,92.73842181700823,23.17250282394707,7.9960019990005,83.27904451682954,5.483447571824414,91.66076487252126,76.21887057172921,8.26898326898327,91.73101673101674,65.8365485794458,4.9807085233251485
2022,Census Tract 405.02; Cabarrus County; North Carolina,37025040502,24.649136957573802,16.841426036457495,0.0,12.727859332150345,75.33473140829166,9.711243748991773,2.2261655105662204,69.71361318163986,96.11576542269611,29.7029702970297,7.154340836012862,88.93683797567674,2.6118604153286236,88.69426751592357,84.7173144876325,3.7824054398640032,96.21759456013599,74.24911660777384,1.8109540636042403
2022,Census Tract 406; Cabarrus County; North Carolina,37025040600,12.076190476190476,26.685714285714283,0.0,9.104761904761904,85.61904761904762,0.4952380952380952,4.780952380952381,56.85131195335277,95.58966861598441,22.22222222222222,9.793814432989691,83.84006663890045,2.7079722703639515,98.02130898021308,64.343163538874,18.201754385964914,81.7982456140351,79.31188561215372,2.0554066130473636
2022,Census Tract 407.01; Cabarrus County; North Carolina,37025040701,27.401129943502823,14.642184557438794,0.23540489642184556,17.60828625235405,52.63653483992468,28.48399246704331,1.0357815442561207,58.19134993446921,86.38535031847134,14.012738853503185,0.0,83.6173001310616,5.512321660181582,90.27624309392264,65.28925619834712,15.6794425087108,84.3205574912892,60.74380165289256,3.1680440771349865
2022,Census Tract 407.03; Cabarrus County; North Carolina,37025040703,25.061425061425062,16.988416988416986,5.931905931905932,32.818532818532816,38.645138645138644,4.247104247104247,18.35731835731836,52.67857142857143,83.33333333333334,14.138286893704851,11.813643926788686,78.125,2.060889929742389,89.01515151515152,62.044534412955464,11.627906976744185,88.37209302325581,35.121457489878544,4.352226720647773
2022,Census Tract 407.04; Cabarrus County; North Carolina,37025040704,18.849840255591054,19.78168264110756,0.2928647497337593,28.700745473908412,61.18210862619809,7.454739084132056,2.369542066027689,64.91112574061883,91.85454545454546,11.236363636363636,17.130620985010705,85.31928900592494,7.375699703654923,96.09286523216308,66.34214186369958,14.608076009501186,85.39192399049881,42.280945757997216,8.066759388038943
2022,Census Tract 407.05; Cabarrus County; North Carolina,37025040705,19.65437193706474,11.83905081248388,3.662625741552747,34.45963373742585,52.540624193964405,9.311323188031984,0.025793139025019347,54.642618570474276,94.9403686302855,20.021684134441635,17.562724014336915,83.70073480293921,26.67736757624398,95.21640091116174,84.09810126582279,3.1417624521072796,96.85823754789273,73.49683544303798,3.481012658227848
2022,Census Tract 408; Cabarrus County; North Carolina,37025040800,31.169462679309508,13.031850230974957,0.0,29.686360320933623,49.03963044006808,17.675662533430586,3.598346705567712,47.97427652733119,86.71689135606661,18.754956383822364,3.278688524590164,92.73311897106109,9.572589191098551,87.08560118753093,65.74550128534705,17.97575118608329,82.02424881391671,53.59897172236504,0.3213367609254499
2022,Census Tract 409; Cabarrus County; North Carolina,37025040900,20.420283234353587,26.49611694837826,0.0,30.333485609867523,63.72772955687529,3.7003197807217907,2.238465052535404,43.33017975402081,91.35169762972454,20.563741191543883,11.809045226130653,96.31031220435194,6.946039035591274,95.32312925170068,70.80957810718358,14.77162293488824,85.22837706511176,59.521094640820984,0.798175598631699
2022,Census Tract 410.01; Cabarrus County; North Carolina,37025041001,18.81873727087576,18.859470468431773,0.0,13.89002036659878,65.86558044806517,11.44602851323829,8.798370672097759,72.52747252747253,92.40282685512368,14.840989399293287,0.0,94.72527472527472,6.221776216758655,95.85492227979275,59.979633401221996,24.16988416988417,75.83011583011583,60.28513238289206,16.293279022403258
2022,Census Tract 410.02; Cabarrus County; North Carolina,37025041002,28.442211055276385,9.145728643216081,0.0,42.41206030150754,44.120603015075375,8.8107202680067,4.656616415410386,50.37220843672456,72.1830985915493,13.329979879275655,0.0,70.96774193548387,4.5411985018726595,91.22681883024251,62.8475147430497,10.550113036925396,89.4498869630746,34.540859309182814,25.695029486099408
2022,Census Tract 411; Cabarrus County; North Carolina,37025041100,23.87910993025573,12.686815011624045,0.08302889405513118,12.172035868482233,76.93457323148456,10.029890401859848,0.7804716041182331,66.35674931129476,88.38591678097852,35.0480109739369,21.155729676787463,92.35537190082644,8.638743455497382,98.31051558403729,85.46292417260159,15.683504062168845,84.31649593783116,83.32635106828656,3.2677000418935904
2022,Census Tract 412.01; Cabarrus County; North Carolina,37025041201,9.986504723346828,19.095816464237515,2.8002699055330633,19.534412955465587,73.3468286099865,3.3738191632928474,0.9446693657219973,60.26133743274404,91.68694241686943,22.50608272506083,0.0,86.70253651037663,4.7976011994003,92.13951067152524,74.29034874290349,17.192746809939557,82.80725319006045,77.0478507704785,7.218167072181671
2022,Census Tract 412.02; Cabarrus County; North Carolina,37025041202,27.202072538860104,16.580310880829018,1.496833621185953,20.020149683362117,68.23546344271733,4.375359815774323,5.872193436960276,54.855724480297866,94.99791579824927,42.08003334722801,17.99283154121864,89.8231461371393,3.3017002767892447,97.24844888049637,82.00965335673541,18.1099532878189,81.8900467121811,56.25274243089075,3.7297060114085125
2022,Census Tract 413.01; Cabarrus County; North Carolina,37025041301,26.61667076469142,14.802065404475043,7.954266043766904,9.95820014752889,61.66707646914187,12.060486845340545,8.359970494221786,76.18563685636856,95.14581734458942,52.85878741366078,13.84282624369142,90.5149051490515,5.612330373596917,94.51855445064274,81.95121951219512,6.4638783269961975,93.5361216730038,90.3658536585366,1.0162601626016259
2022,Census Tract 413.04; Cabarrus County; North Carolina,37025041304,33.10670661442729,4.839824844434201,18.771606360912653,12.97533994007836,54.5056464623185,8.561880617653838,5.1855266190366445,68.07551422936038,95.95375722543352,65.56564822460777,6.554216867469879,85.57340095801635,3.600344530577089,99.3656547349343,91.97337509788566,2.8897338403041823,97.11026615969581,88.33202819107284,2.5450274079874706
2022,Census Tract 413.05; Cabarrus County; North Carolina,37025041305,25.551277563878195,13.020651032551628,13.825691284564229,11.130556527826391,68.35841792089604,6.685334266713336,0.0,43.333333333333336,96.91906005221932,51.80156657963446,9.45945945945946,89.31623931623932,8.838740009402915,98.77609791216703,90.38674033149171,3.1049250535331905,96.8950749464668,89.72375690607734,1.3259668508287292
2022,Census Tract 413.06; Cabarrus County; North Carolina,37025041306,29.74291611934697,5.873522236817414,24.544942765997373,21.129667855132293,47.94520547945205,2.308125351848377,4.072058547569901,58.45824411134903,94.9363250454821,70.37598544572468,2.1937842778793417,87.2591006423983,8.004297609454742,91.65264220801077,90.45407636738906,17.356076759061835,82.64392324093816,66.82146542827657,1.5479876160990713
2022,Census Tract 413.07; Cabarrus County; North Carolina,37025041307,35.671462829736214,4.316546762589928,16.247002398081534,17.434052757793765,51.426858513189444,11.462829736211031,3.4292565947242206,74.65857359635811,98.5398325101997,64.6124114236633,6.538307260328921,89.80273141122913,4.417520969245107,92.85414039512399,82.8890799656062,10.158362302047122,89.84163769795288,92.04643164230438,4.987102321582116
2022,Census Tract 415.03; Cabarrus County; North Carolina,37025041503,30.950861518825786,6.557115507338864,5.073388640714742,35.09891512444161,52.18570516911295,5.0574345883854495,2.5845564773452456,74.5704467353952,97.80025284450063,45.385587863463975,3.4628975265017665,87.24226804123711,4.514934012502894,94.53197405004634,79.55271565495208,11.415094339622641,88.58490566037736,89.40362087326945,1.1714589989350372
2022,Census Tract 415.04; Cabarrus County; North Carolina,37025041504,21.652490886998784,10.279465370595382,9.064398541919806,11.057108140947753,62.089914945321986,11.49453219927096,6.29404617253949,82.90155440414507,99.32980599647266,42.11640211640212,0.9641873278236914,92.05526770293609,5.334987593052109,96.70184696569922,81.60919540229885,4.592186429061001,95.407813570939,86.99712643678161,1.293103448275862
2022,Census Tract 415.05; Cabarrus County; North Carolina,37025041505,35.39730483271376,8.097118959107807,16.763475836431226,15.2067843866171,53.578066914498145,11.175650557620818,3.276022304832714,69.05557242635895,98.67319861196162,63.84976525821596,1.2552301255230125,90.00911023382933,8.020140262542707,97.07385044124479,90.7487091222031,4.401480872069107,95.5985191279309,97.84853700516352,0.0
2022,Census Tract 415.06; Cabarrus County; North Carolina,37025041506,24.676246230264326,16.267518183430905,5.002660989888239,22.65389391520312,63.331559340074506,4.3817633492992725,4.630122405534859,74.16467780429595,98.06122448979592,61.3265306122449,17.29957805907173,88.3054892601432,6.05275553462082,95.79719813208806,90.63205417607223,4.833512352309345,95.16648764769066,93.34085778781038,2.08803611738149
2022,Census Tract 415.07; Cabarrus County; North Carolina,37025041507,26.16323417238749,10.526315789473683,10.856852275616578,0.5339435545385203,87.71929824561403,0.0,0.889905924230867,77.12328767123287,90.74212893553224,42.916041979010494,15.86433260393873,93.28767123287672,5.957741600277104,95.90697674418604,88.01556420233463,9.824561403508772,90.17543859649123,94.39688715953307,0.7782101167315175
2022,Census Tract 416.02; Cabarrus County; North Carolina,37025041602,27.643876045253318,20.01967535661584,4.746679783571077,4.402361042793901,77.12739793408755,13.428430890309887,0.2951303492375799,64.40933032355154,88.47583643122677,26.319702602230482,15.679012345679014,87.88562829194883,10.095173351461591,90.04076878276062,60.0,4.630269523151347,95.36973047684866,80.43478260869566,0.7971014492753623
2022,Census Tract 416.03; Cabarrus County; North Carolina,37025041603,22.34625105307498,11.583824768323504,5.876158382476833,7.329401853411962,71.25105307497894,12.110362257792755,3.4330244313395113,83.54888773926538,97.71886559802712,35.57336621454994,20.891364902506965,92.24004138644594,7.5128831027936,98.77808435159638,78.6875,4.818560380725759,95.18143961927424,81.75,0.625
2022,Census Tract 416.04; Cabarrus County; North Carolina,37025041604,21.5513237343242,12.331630283325593,1.045053413841152,3.204830469112866,95.30887134231305,0.046446818392940084,0.3947979563399907,78.77316857899382,96.15902964959568,30.963611859838274,29.901960784313726,91.48278905560458,7.015985790408526,99.65210668728257,82.26148409893993,15.471923536439666,84.52807646356032,95.0530035335689,0.0
2022,Census Tract 417.01; Cabarrus County; North Carolina,37025041701,18.68546965499874,19.768320322336944,0.8813900780659782,11.760261898766053,82.90103248552002,4.0543943591035,0.4029211785444472,75.34883720930232,89.85709306378529,24.6775880097595,6.964285714285714,89.36046511627907,7.463611025085165,95.5739299610895,70.8008504606662,16.40995260663507,83.59004739336493,84.4082211197732,2.8348688873139616
2022,Census Tract 417.02; Cabarrus County; North Carolina,37025041702,18.658220558594873,12.525194356464153,3.944716383530089,1.2669162107687877,90.26778001727614,1.5836452634609848,2.9369421249640077,75.36231884057972,90.71367153912296,22.484952708512466,3.854389721627409,87.56038647342996,3.7168141592920354,95.53246753246754,72.2972972972973,21.216730038022813,78.78326996197718,77.50965250965251,0.9652509652509652
2022,Census Tract 419.01; Cabarrus County; North Carolina,37025041901,29.730675061210217,10.283315844700944,0.0,25.253585169639734,29.69569779643232,32.633788037775446,12.416928996152501,65.07575757575758,68.91078270388616,7.991242474001095,0.0,82.27272727272728,17.770034843205575,89.39492517891998,44.28754813863928,15.418023887079263,84.58197611292074,71.50192554557124,3.979460847240052
2022,Census Tract 419.02; Cabarrus County; North Carolina,37025041902,20.70785470350823,16.485563489599503,0.09313877677739833,19.186588016144054,60.66438994101211,19.093449239366656,0.9624340266997827,61.84459886291851,86.3375936535919,36.447774349933894,0.0,86.98673404927352,4.286276051907197,92.73712737127371,57.28882833787466,21.455323702514715,78.54467629748528,35.967302452316076,9.128065395095367
2022,Census Tract 420; Cabarrus County; North Carolina,37025042000,28.7788881948782,10.977514053716428,2.8263585259212993,13.382261086820737,56.94878201124297,19.550281074328545,7.292317301686446,53.67166474432911,83.48738446165376,15.838121408943293,0.5188067444876783,79.46943483275663,4.867353650515238,93.38282763072951,57.29783037475345,12.811693895098882,87.18830610490112,70.46351084812623,2.7613412228796843
2022,Census Tract 421.01; Cabarrus County; North Carolina,37025042101,28.247096092925027,8.315733896515312,0.0,42.185850052798315,5.834213305174234,51.10876451953538,0.8711721224920803,57.64582238570678,68.75,17.5,10.290827740492169,73.67314766158697,4.304635761589404,91.37199434229137,42.891373801916934,30.172894590072502,69.8271054099275,50.71884984025559,12.060702875399361
2022,Census Tract 421.02; Cabarrus County; North Carolina,37025042102,24.655787863335032,17.23610402855686,0.0,16.9811320754717,66.0377358490566,14.762876083630799,2.2182559918408975,57.39528795811518,84.4769403824522,29.996250468691414,7.177615571776156,84.03141361256544,8.020304568527918,95.56386958845538,72.77739490006891,14.19278533412182,85.80721466587818,79.53135768435561,5.031013094417643
2022,Census Tract 422.01; Cabarrus County; North Carolina,37025042201,21.57859078590786,11.28048780487805,0.7452574525745257,22.289972899728998,69.20731707317073,7.14769647696477,0.6097560975609756,63.84105960264901,97.65853658536585,25.414634146341463,13.172043010752688,83.64238410596026,2.292134831460674,86.93877551020408,77.38738738738739,13.416536661466457,86.58346333853353,57.027027027027025,8.82882882882883
2022,Census Tract 422.02; Cabarrus County; North Carolina,37025042202,18.742777906170556,15.391726369308989,0.0,16.847700485324705,77.90617055696788,3.3741622371157844,1.871966720591634,72.06835592221567,84.44165621079046,46.5495608531995,17.543859649122805,91.86800235710076,6.825938566552901,95.15837104072398,89.04918032786885,8.682634730538922,91.31736526946108,88.13114754098362,1.1147540983606559
2022,Census Tract 423; Cabarrus County; North Carolina,37025042300,18.214116532449076,23.022264329701564,0.0,10.705826622453813,69.96684036001895,15.040265277119849,4.287067740407389,65.18518518518519,85.96026490066225,24.7682119205298,13.468634686346864,81.99430199430199,13.379872018615474,95.91002044989774,71.04542966611932,25.701504676697844,74.29849532330216,66.28352490421456,7.006020799124248
2022,Census Tract 424.01; Cabarrus County; North Carolina,37025042401,21.45952109464082,18.426453819840365,0.0,15.096921322690992,75.3933865450399,5.952109464082098,3.557582668187001,49.95287464655985,96.66342727567218,30.32069970845481,9.352517985611511,85.2497643732328,6.461001164144353,95.52175749894381,86.28133704735376,11.685116851168512,88.31488314883148,79.59610027855153,4.03899721448468
2022,Census Tract 424.02; Cabarrus County; North Carolina,37025042402,31.426202321724713,9.187396351575456,0.1492537313432836,37.014925373134325,22.736318407960198,35.43946932006634,4.660033167495854,56.09186453873103,82.81637717121588,19.758064516129032,2.0710059171597637,82.40560529388867,5.562273276904474,97.08101016726796,58.40220385674931,22.546230440967282,77.45376955903271,26.584022038567497,10.330578512396695
2022,Census Tract 425.01; Cabarrus County; North Carolina,37025042501,21.808851828094934,13.491554415223433,8.744921958520418,12.037630960017106,66.1748984391704,9.322215095146461,3.720333547145606,54.86561631139944,89.564961787184,46.41387419165197,19.605568445475637,79.61075069508804,5.862923203963667,93.95872420262664,83.43301435406698,12.0,88.0,85.82535885167464,1.555023923444976
2022,Census Tract 425.02; Cabarrus County; North Carolina,37025042502,10.857371794871796,19.71153846153846,0.2003205128205128,18.108974358974358,65.02403846153845,14.302884615384615,2.363782051282051,52.71614384085692,88.76344086021506,28.602150537634408,0.0,78.04131599081867,5.149051490514905,96.3611859838275,65.93406593406593,25.22596548890715,74.77403451109285,63.4065934065934,9.12087912087912
2022,Census Tract 425.03; Cabarrus County; North Carolina,37025042503,14.840656232321328,22.157269470111256,4.5068828964736944,18.310390345087686,63.22836130492174,9.277767301527437,4.67659815198944,54.33305012744265,92.68001907486885,39.389604196471154,14.951768488745982,86.53355989804588,9.012400354295837,99.23398328690809,87.48778103616813,16.795445302968687,83.20455469703131,68.47507331378299,1.9550342130987293
2022,Census Tract 425.04; Cabarrus County; North Carolina,37025042504,21.159029649595688,14.555256064690028,1.8194070080862534,18.328840970350406,67.72237196765498,2.7628032345013476,9.366576819407008,59.77808599167822,98.82032667876588,52.813067150635206,8.076923076923077,95.42302357836338,6.153846153846154,97.24220623501199,86.05150214592274,6.800000000000001,93.2,95.49356223175965,1.9313304721030045
2022,Census Tract 426.01; Cabarrus County; North Carolina,37025042601,28.055555555555557,18.14814814814815,0.3549382716049383,12.268518518518519,72.46913580246913,10.540123456790123,4.367283950617284,60.72457801564429,97.25667938931298,52.98187022900763,18.9937106918239,94.7303417044051,5.255255255255255,93.70204603580564,83.43222272934733,4.739130434782609,95.26086956521739,78.32040164308535,4.016430853491556
2022,Census Tract 426.02; Cabarrus County; North Carolina,37025042602,27.990634312473397,5.598126862494678,4.682843763303533,22.371221796509154,38.76117496807152,24.776500638569605,9.40825883354619,67.39636702375408,95.84579594549685,33.59920239282154,1.9654088050314464,88.07638565440149,9.015666568134792,97.1605387695668,91.73450219160927,13.0647795318454,86.9352204681546,57.420162805259864,1.3149655604257984
2022,Census Tract 426.03; Cabarrus County; North Carolina,37025042603,19.913598025097716,13.464307755605843,4.36124254268669,22.186792840979223,63.875745731331,6.109853939518618,3.466364945484468,62.37623762376238,95.31851851851852,44.474074074074075,6.5297138664710195,89.94834266035299,9.722578987927049,98.00494350282486,80.99149310648284,5.906707148771736,94.09329285122826,68.49515987092988,1.0560281607509534
2022,Census Tract 426.04; Cabarrus County; North Carolina,37025042604,23.00218124132461,14.118580210192347,0.31727146539758083,16.4981162006742,69.54193932183225,8.348205433273845,5.29446757882213,57.243195785777004,90.50517346317712,27.449786975045647,2.1233569261880687,90.38630377524144,7.51995879474633,94.01772525849336,82.12712397734424,6.529411764705882,93.47058823529412,83.19697923222152,0.4405286343612335
2022,Census Tract 101.01; Catawba County; North Carolina,37035010101,19.470538001707943,26.080273270708798,3.7233134073441505,10.999146029035014,80.34158838599488,1.0589239965841162,3.8770281810418443,52.18135158254918,83.35236355332268,18.246174925782142,20.0,85.58597091531223,7.0837751855779425,92.65220433869838,76.64359861591696,15.0,85.0,92.34429065743944,0.0
2022,Census Tract 101.02; Catawba County; North Carolina,37035010102,24.25080682342093,19.455970493314894,8.55232826187183,3.319502074688797,77.75472568003688,6.131857999077916,4.241585984324574,29.20168067226891,91.66666666666666,35.46511627906977,19.169719169719173,88.02521008403362,9.31223371880706,97.4133949191686,71.25813449023862,3.9082855653986446,96.09171443460134,75.37960954446855,5.6941431670282
2022,Census Tract 102.01; Catawba County; North Carolina,37035010201,27.166276346604217,13.961448387677896,22.626553774094756,1.4231669969374887,68.13186813186813,5.872815708881283,1.945595388218339,67.46065504040834,87.54918493535693,17.875210792580102,0.43010752688172044,83.07103360272224,10.655737704918032,95.08513931888545,82.7313769751693,7.27367870225013,92.72632129774988,81.941309255079,0.9593679458239277
2022,Census Tract 102.03; Catawba County; North Carolina,37035010203,24.79608482871126,17.748776508972266,8.091353996737357,3.00163132137031,73.34420880913541,12.561174551386623,3.00163132137031,36.177972283005104,79.39546599496222,13.551637279596978,6.122448979591836,94.38366156090446,3.8177874186550977,90.93214965123653,67.41573033707866,6.526631657914479,93.47336834208552,80.97913322632424,11.637239165329053
2022,Census Tract 102.04; Catawba County; North Carolina,37035010204,25.839843750000004,16.66015625,5.80078125,1.9921874999999998,63.92578125,23.3203125,4.9609375,41.95501730103806,80.82191780821918,13.637747336377473,3.9378238341968914,90.35467128027682,5.293652883855676,92.50686543742644,66.22176591375771,3.325062034739454,96.67493796526054,65.24640657084188,3.234086242299795
2022,Census Tract 103.01; Catawba County; North Carolina,37035010301,21.677341873498797,16.573258606885506,4.143314651721377,1.2610088070456364,80.68454763811049,10.768614891913531,3.1425140112089673,55.71220223626641,85.59790514983999,27.34943264474833,10.9072375127421,88.62421001458435,6.797853309481217,95.95619208087615,72.27772227772228,1.5248401377274963,98.4751598622725,85.91408591408592,3.746253746253746
2022,Census Tract 103.02; Catawba County; North Carolina,37035010302,19.68847352024922,14.143302180685357,2.9750778816199377,6.7912772585669785,77.27414330218069,4.984423676012461,7.975077881619938,36.96468820435763,93.38939500116796,58.093903293622986,18.561001042752867,94.44027047332833,7.932505818463925,92.38546603475514,81.50842266462482,8.415147265077138,91.58485273492286,75.38284839203675,4.7090352220520675
2022,Census Tract 103.03; Catawba County; North Carolina,37035010303,18.640734265734267,24.23513986013986,3.4965034965034967,4.72027972027972,72.9020979020979,13.898601398601398,4.9825174825174825,31.400282885431402,84.59196102314252,16.5347137637028,13.690476190476192,84.95992456388495,4.70051034112275,96.95278969957081,78.24074074074075,6.26808100289296,93.73191899710704,73.35390946502058,10.648148148148149
2022,Census Tract 103.04; Catawba County; North Carolina,37035010304,26.50630546473611,12.424100887435777,3.2928538066324147,2.2652965903783278,58.99112564222327,35.28724894908921,0.16347501167678655,38.939475093733265,82.47462919594068,18.657298985167838,2.9038112522686026,75.14729512587039,11.24880838894185,92.1903052064632,64.13529036375239,7.8777189888301,92.1222810111699,59.85960433950224,8.359923420548819
2022,Census Tract 104.02; Catawba County; North Carolina,37035010402,13.431760893050054,12.69355419517465,0.7021966150522146,13.305725603168888,53.24090745408715,26.755491537630537,5.995678790061217,31.23110151187905,85.70565125415534,21.84950135992747,0.2762430939226519,74.5572354211663,4.201331114808652,92.90180213313718,64.47241045498548,10.290924880590534,89.70907511940946,33.88189738625363,11.035818005808325
2022,Census Tract 104.03; Catawba County; North Carolina,37035010403,21.386699009500706,19.082272084091368,7.438851829391551,6.044067111380635,69.9615928845765,11.421063270669093,5.134424903982211,38.2085020242915,88.16189896530736,28.119293974437003,21.617852161785216,78.34008097165992,7.4055026999228595,95.42056074766356,64.225477141589,9.29951690821256,90.70048309178745,49.71149578339991,15.401686640035509
2022,Census Tract 104.04; Catawba County; North Carolina,37035010404,20.848938826466917,17.8942987931752,0.0,23.761964211402415,65.83437369954224,1.9558884727424053,8.447773616312942,41.16161616161616,94.74885844748859,47.8310502283105,24.293785310734464,94.61279461279462,7.097791798107256,96.24808575803982,79.51219512195122,10.218978102189782,89.78102189781022,36.666666666666664,0.5691056910569106
2022,Census Tract 105.01; Catawba County; North Carolina,37035010501,19.272001994515083,24.407878334579905,0.8476689104961357,17.402144103714782,75.36773871852405,3.8145100972326103,2.567938170032411,26.39821029082774,96.14202799590304,48.95868897234551,8.31889081455806,78.24384787472036,8.739962940086473,97.2168905950096,80.34083992696287,13.662637940094587,86.33736205990542,62.20328667072429,2.982349360925137
2022,Census Tract 105.02; Catawba County; North Carolina,37035010502,21.425049309664697,19.181459566074953,2.0956607495069033,1.5039447731755424,91.51873767258382,2.6627218934911245,2.2189349112426036,40.15748031496063,97.79624277456648,58.851156069364166,18.726591760299627,94.79103573591763,7.969877627863194,95.78783151326053,86.19774386197744,5.040957781978576,94.95904221802142,84.0743198407432,0.0
2022,Census Tract 106; Catawba County; North Carolina,37035010600,21.866666666666667,20.05925925925926,4.281481481481482,15.881481481481483,61.49629629629629,10.874074074074073,7.466666666666668,48.1959616021185,88.47798204360838,30.376229157759727,9.813542688910697,79.37768950678583,9.840121811952798,90.62065126635123,79.79539641943734,13.028280902446776,86.97171909755322,49.87212276214834,1.1691633175009133
2022,Census Tract 107; Catawba County; North Carolina,37035010700,25.48330404217926,12.302284710017574,7.6889279437609845,9.710017574692442,44.200351493848856,29.042179261862916,9.358523725834798,44.04973357015986,81.70212765957446,8.024316109422493,22.73972602739726,70.60390763765541,5.011792452830189,94.6236559139785,59.08183632734531,16.430358632193496,83.5696413678065,43.013972055888225,12.77445109780439
2022,Census Tract 109; Catawba County; North Carolina,37035010900,22.863520408163264,18.654336734693878,5.516581632653061,47.28954081632653,33.89668367346938,9.215561224489797,4.081632653061225,17.822651448639157,80.67765567765568,10.897435897435898,0.18248175182481752,80.77260755048287,7.978503513848698,86.87916975537435,56.222865412445735,15.783059110298597,84.21694088970139,53.40086830680174,9.55137481910275
2022,Census Tract 110; Catawba County; North Carolina,37035011000,28.103837471783294,12.377727614747931,0.9029345372460496,25.696012039127165,44.69525959367946,22.460496613995485,6.245297215951844,36.522633744855966,78.28823159219634,4.782882315921964,9.115281501340483,72.53086419753086,4.866562009419153,88.24531516183987,61.58008658008658,11.239193083573488,88.76080691642652,38.961038961038966,6.0606060606060606
2022,Census Tract 111.01; Catawba County; North Carolina,37035011101,18.267477203647417,21.854103343465045,6.838905775075988,8.17629179331307,75.44072948328268,7.173252279635259,2.370820668693009,56.43835616438356,91.15413819286256,16.287015945330296,15.17509727626459,88.08219178082192,7.913400522583053,90.43427230046949,67.93048973143759,11.838440111420613,88.16155988857939,74.96050552922591,0.5529225908372828
2022,Census Tract 111.02; Catawba County; North Carolina,37035011102,26.51300382102798,13.053124614815728,8.849993837051645,7.1983236780475774,69.62899050905953,11.315173178848761,3.007518796992481,30.862733471686926,88.74718679669917,27.438109527381844,6.005221932114883,84.28698487992885,5.602146930560215,96.38842382205213,80.98217078511104,8.290304073436603,91.7096959265634,64.71692211448232,3.5032843290584923
2022,Census Tract 112; Catawba County; North Carolina,37035011200,16.905393457117597,18.93899204244032,0.8311229000884173,7.745358090185676,71.90097259062776,11.900972590627763,7.621573828470381,35.861234368697055,92.92589027911453,20.548604427333974,0.1400560224089636,90.96409842678499,5.469248776335391,92.81657200133645,73.16444826105625,1.9781144781144782,98.02188552188552,71.01760412194075,5.710605410047231
2022,Census Tract 113; Catawba County; North Carolina,37035011300,26.075873444294494,18.93837156995052,5.668016194331984,11.021142600089968,63.502774029089814,17.63382816014395,2.1742390163442793,40.69298952457696,83.82285452042221,15.075722808627813,12.79296875,84.32715551974215,4.36105476673428,91.63763066202091,60.453497309761715,12.478977463841238,87.52102253615877,70.8685626441199,6.533435818601076
2022,Census Tract 114.01; Catawba County; North Carolina,37035011401,16.942260775277855,15.071835185687178,3.6595283274600163,15.288696123610734,70.47980482515587,4.879371103280022,5.692599620493358,40.723981900452486,79.12008654886404,13.306887847097007,4.190476190476191,89.03971845148315,3.0026109660574414,95.77205882352942,72.1813031161473,10.542321338063863,89.45767866193613,62.549575070821525,7.64872521246459
2022,Census Tract 114.02; Catawba County; North Carolina,37035011402,23.41378452351331,22.642448370241354,2.363772082607614,1.4929086837521772,87.70838517044041,7.713361532719581,0.721572530480219,49.254698639014904,79.97791682002209,19.138755980861244,5.364511691884457,87.36228127025275,10.168940870695256,99.29783499122293,69.28571428571428,10.308677926616191,89.6913220733838,66.68831168831169,7.077922077922078
2022,Census Tract 115.01; Catawba County; North Carolina,37035011501,20.603757652522695,20.94152417141651,0.0,4.116529449018366,84.94827950179439,7.156428119062698,3.778762930124551,70.21996615905245,90.57606263982103,19.546979865771814,5.756578947368421,89.11449520586577,7.950013294336612,96.48288973384031,72.32824427480917,13.851212494862311,86.14878750513769,85.83015267175573,8.68320610687023
2022,Census Tract 115.03; Catawba County; North Carolina,37035011503,15.390749601275916,19.72355130249867,0.0,0.1594896331738437,94.97607655502392,3.5619351408825093,1.3024986709197237,75.1441753171857,90.62393453801569,37.70883054892602,19.133574007220215,89.67704728950405,7.7285579641847315,99.60079840319361,79.6742671009772,17.782538832351367,82.21746116764864,83.71335504885994,0.0
2022,Census Tract 115.05; Catawba County; North Carolina,37035011505,18.61413043478261,22.98913043478261,0.0,2.282608695652174,95.21739130434783,2.5,0.0,74.1891891891892,91.617184771219,37.827453719874256,18.81188118811881,96.21621621621622,4.774624373956595,91.84753838009529,79.95095033721643,16.44467213114754,83.55532786885246,80.13488657265482,2.6977314530962597
2022,Census Tract 115.06; Catawba County; North Carolina,37035011506,21.067337245040513,22.995250069851913,0.726459905001397,0.0,86.28108410170438,11.343950824252584,1.648505169041632,61.55507559395248,93.37697343088178,43.47323835194455,15.053763440860216,88.69690424766019,9.132743362831858,98.98507462686568,88.6671418389166,8.777633289986996,91.222366710013,90.52031361368496,4.918032786885246
2022,Census Tract 116.01; Catawba County; North Carolina,37035011601,23.274974253347064,13.717816683831103,0.8856848609680742,13.264675592173017,70.21627188465499,10.360453141091657,5.272914521112256,62.80364372469636,87.24890829694323,9.344978165938866,21.58968850698174,87.80364372469636,3.7315436241610738,95.9315765141008,77.33168622606547,12.154096581660337,87.84590341833966,86.28783199505868,2.53242742433601
2022,Census Tract 116.02; Catawba County; North Carolina,37035011602,24.407039020657994,16.52639632746748,0.0,0.1530221882172915,85.94108645753634,13.236419280795717,0.6694720734506504,56.15823817292006,83.69416278432448,17.8130994793094,21.605465414175917,92.41435562805873,11.816801619433198,95.87207140200819,64.65183752417795,6.213151927437642,93.78684807256235,76.1605415860735,2.321083172147002
2022,Census Tract 117.01; Catawba County; North Carolina,37035011701,19.593345656192238,23.90634627233518,6.982953378517149,9.73505853357979,64.18155678784144,7.825015403573629,11.275415896487985,40.150880134115674,91.27708095781072,26.88141391106043,3.1884057971014492,93.67141659681475,6.130268199233716,99.52324195470798,79.28118393234672,4.396159676604346,95.60384032339564,73.67864693446089,3.5940803382663846
2022,Census Tract 117.02; Catawba County; North Carolina,37035011702,18.11109594649925,19.516855466084344,0.3139074655384196,5.145352804694964,85.47836768117921,6.15531595468814,2.9070560938992767,52.24252491694352,89.55498344979772,20.080912100036777,12.829845313921748,84.5514950166113,6.216666666666667,96.39922667955534,56.636576395854235,6.880448318804483,93.11955168119552,88.93346706787028,1.4376462721497827
2022,Census Tract 118.01; Catawba County; North Carolina,37035011801,19.707401032702236,18.81239242685026,3.2358003442340793,4.3029259896729775,90.37865748709122,1.1015490533562824,0.9810671256454389,42.73326396115158,87.69627372861495,23.2247480665573,0.11123470522803114,87.89455428373222,5.594855305466238,98.54838709677419,81.20430107526882,2.3519529609407814,97.64804703905922,87.13978494623656,1.4623655913978495
2022,Census Tract 118.02; Catawba County; North Carolina,37035011802,28.10810810810811,16.094158674803836,1.2728857890148213,10.23539668700959,82.28421970357455,4.080209241499564,2.127288578901482,72.13045319779754,79.52368625420657,9.914574165156614,3.9453717754172986,91.74078780177891,8.343439243269463,95.5965909090909,59.808394160583944,10.27425296766271,89.7257470323373,75.68430656934306,5.793795620437956
2022,Census Tract 9501.01; Cleveland County; North Carolina,37045950101,23.270328102710415,16.56562054208274,0.0891583452211127,6.544222539229672,86.32310984308131,2.817403708987161,4.226105563480742,81.57496214033316,82.12041884816755,15.654450261780104,25.20746887966805,90.05552751135791,7.947943295375319,95.58693733451015,35.82741671217914,20.804498269896193,79.1955017301038,75.42326597487713,11.086837793555434
2022,Census Tract 9501.02; Cleveland County; North Carolina,37045950102,22.358930844293592,23.589308442935934,0.7636826474331778,3.9881204921510394,90.0296987696224,2.9698769622401358,2.248621128553246,78.33333333333333,84.21358096343586,17.643644805571675,10.031347962382444,84.04761904761905,7.595628415300546,95.26881720430107,50.47219307450157,24.96062992125984,75.03937007874015,80.27282266526757,4.4071353620146905
2022,Census Tract 9502; Cleveland County; North Carolina,37045950200,17.807606263982105,21.946308724832214,0.6487695749440716,15.413870246085013,81.7897091722595,0.4697986577181208,1.6778523489932886,63.056624518966466,83.3283626603042,16.73128541604533,4.2517006802721085,86.20120945574492,4.8176374523679915,86.27541589648798,52.41886099203919,23.441162681669013,76.55883731833099,76.30128597672994,8.14451928965095
2022,Census Tract 9503.01; Cleveland County; North Carolina,37045950301,17.86125835445955,20.235077206729663,0.9679649688868404,20.35031113159714,72.32081124683106,2.7656141968195436,3.595298455865407,58.067940552016985,90.16342892383595,23.681776133209993,7.3786407766990285,82.43099787685775,6.397306397306397,92.08277103013945,64.26814268142681,20.01967535661584,79.98032464338417,79.08979089790897,3.8745387453874542
2022,Census Tract 9503.02; Cleveland County; North Carolina,37045950302,20.844205679201842,14.934765924788948,0.0,12.509593246354566,81.9800460475825,3.0237912509593246,2.486569455103607,66.5,86.0833139399581,13.288340702815917,4.085257548845471,93.56666666666666,6.689936009307737,96.02899464229436,77.79951100244499,12.419700214132762,87.58029978586723,76.03911980440098,1.3691931540342297
2022,Census Tract 9504; Cleveland County; North Carolina,37045950400,24.214071856287426,22.55489021956088,2.3203592814371254,21.120259481037923,71.41966067864271,2.095808383233533,3.0439121756487024,57.0305127398553,83.348351054244,17.82303117678861,3.5285285285285286,89.17898710286254,10.367562221855941,95.61569688768607,59.43562610229277,4.093369418132611,95.90663058186739,78.44797178130511,7.6190476190476195
2022,Census Tract 9505; Cleveland County; North Carolina,37045950500,18.96766169154229,13.992537313432834,0.0,25.342039800995025,71.14427860696517,2.1455223880597014,1.3681592039800996,71.40814867762688,86.24382207578253,15.69192751235585,0.0,87.99142244460329,6.408288564850345,90.98015634395671,51.868131868131876,17.122040072859747,82.87795992714025,44.02930402930403,13.992673992673993
2022,Census Tract 9506.01; Cleveland County; North Carolina,37045950601,22.14968524131499,12.147353695500117,1.5155047796689205,13.49965026812777,68.33760783399394,14.082536721846584,2.5647003963627886,44.862385321100916,79.59450621321125,16.514061478090255,1.5776699029126213,82.38532110091742,6.920947400799754,89.89037758830695,59.95850622406639,13.825983313468415,86.17401668653159,74.27385892116183,5.255878284923928
2022,Census Tract 9506.03; Cleveland County; North Carolina,37045950603,17.696,13.76,2.5919999999999996,6.496,89.28,0.0,1.6320000000000001,69.37958639092729,89.92314261315116,15.328778821520068,22.5130890052356,80.58705803869246,9.875583203732504,100.0,56.0067681895093,2.955665024630542,97.04433497536947,87.1404399323181,4.060913705583756
2022,Census Tract 9506.04; Cleveland County; North Carolina,37045950604,30.72594259988745,16.122678671918962,0.7878446820483961,5.880697805289814,83.17388857625211,9.848058525604952,0.3095104108047271,63.54545454545455,77.71664374140302,11.370930765703806,0.7534983853606028,95.45454545454545,6.458164094232331,82.33137829912025,60.48526863084922,9.84375,90.15625,59.44540727902946,3.8128249566724435
2022,Census Tract 9507.01; Cleveland County; North Carolina,37045950701,18.988527276984314,19.43338796534769,2.107234839616015,43.97096698665418,43.33879653476937,9.552797939592601,1.0302036993678294,37.88221970554926,85.78507277794984,22.143078352431093,0.0,96.3193657984145,8.03830528148578,84.89492119089317,62.48520710059171,13.244353182751539,86.75564681724846,70.05917159763314,3.076923076923077
2022,Census Tract 9507.02; Cleveland County; North Carolina,37045950702,23.34869431643625,18.63799283154122,0.7680491551459293,14.567332309267794,66.38504864311317,5.145929339477727,13.13364055299539,27.2924579489962,94.68451242829829,28.833652007648187,0.0,91.64405860010851,8.684034736138944,95.74155653450808,85.37939543491672,12.56742179072276,87.43257820927724,69.46329426280074,6.169031462060456
2022,Census Tract 9508; Cleveland County; North Carolina,37045950800,17.50176429075512,22.7005410491649,0.0,18.58386262055987,79.81651376146789,0.11761938367442955,1.4820042342978124,47.49075541468568,91.97689345314505,22.400513478818997,15.41501976284585,85.52562070787111,8.639863130881094,97.61208576998051,62.88936627282492,8.23065549531789,91.76934450468211,67.88399570354457,4.189044038668099
2022,Census Tract 9509; Cleveland County; North Carolina,37045950900,28.15141492098493,23.594266813671442,0.0,74.56817346563763,22.74898934215362,0.2940095553105476,2.388827636898199,57.2692793931732,88.19264629725531,8.493008803728639,0.0,82.17446270543616,16.72634271099744,97.05215419501134,41.35753749013418,23.30508474576271,76.69491525423729,38.59510655090765,22.336227308603
2022,Census Tract 9510; Cleveland County; North Carolina,37045951000,22.63561488213576,20.47713717693837,0.0,18.971882987787563,72.02499289974439,0.0,9.003124112468049,47.7119279819955,91.15929941618015,27.397831526271894,27.980922098569156,74.94373593398349,12.701908957415565,98.25378346915018,74.07698350353496,22.75485436893204,77.24514563106796,65.35742340926944,11.861743912018854
2022,Census Tract 9511; Cleveland County; North Carolina,37045951100,23.14694408322497,21.163849154746426,1.6579973992197659,43.1404421326398,43.30299089726918,7.542262678803641,4.356306892067621,47.107438016528924,84.3413033286451,23.90998593530239,2.3017902813299234,91.82736455463728,8.967851099830796,98.25757575757575,66.01351351351352,20.344456404736274,79.65554359526372,43.71621621621621,6.891891891891892
2022,Census Tract 9512; Cleveland County; North Carolina,37045951200,25.338753387533874,23.865176151761517,1.456639566395664,32.21544715447154,55.33536585365854,5.318428184281842,5.674119241192412,28.211462450592883,85.35513790578472,20.77129607029534,11.687087653157398,87.00592885375494,13.815789473684212,93.03849303849304,67.72151898734177,14.748201438848922,85.25179856115108,67.9324894514768,6.751054852320674
2022,Census Tract 9513; Cleveland County; North Carolina,37045951300,24.162836506894287,23.24359816152331,2.9875246224556795,19.238345370978333,69.27117531188443,6.139198949441891,2.3637557452396587,52.45143385753932,92.98928919182083,28.042843232716653,1.694915254237288,93.24699352451434,7.22943722943723,88.9041095890411,75.06824385805277,18.28996282527881,81.7100371747212,77.52502274795269,3.3666969972702456
2022,Census Tract 9514; Cleveland County; North Carolina,37045951400,21.724909622998794,21.77655362368738,0.0,21.001893613358583,75.2280943363746,0.8607333448097779,2.9092787054570493,33.765632237146825,86.3139150343424,19.944034596794708,7.301587301587302,87.4942102825382,5.630085770837915,91.95940671350508,50.8252427184466,19.62543893874366,80.37456106125634,74.02912621359224,6.407766990291262
2022,Census Tract 9515.01; Cleveland County; North Carolina,37045951501,21.8727139722019,11.174103877103146,1.8288222384784198,10.680321872713973,75.14630577907828,11.53986832479883,0.8046817849305048,51.856823266219244,92.42685025817556,37.55593803786575,5.7324840764331215,81.4317673378076,6.818716200329179,94.12923561859732,67.16514954486345,13.352112676056338,86.64788732394366,77.69830949284786,4.226267880364109
2022,Census Tract 9515.02; Cleveland County; North Carolina,37045951502,21.85380557648832,18.08590806330068,0.0,6.028636021100226,90.27882441597589,1.0550113036925395,2.637528259231349,56.81818181818182,94.90238611713666,25.379609544468547,11.191335740072201,85.06493506493507,4.050144648023143,100.0,32.67326732673268,14.983164983164984,85.01683501683502,69.10891089108911,2.5742574257425743
2022,Census Tract 9515.03; Cleveland County; North Carolina,37045951503,26.552984165651644,16.03735282176208,0.5684125050751117,7.795371498172959,85.34307754770605,3.5322777101096223,2.7608607389362567,66.63066954643628,90.42622950819673,29.18032786885246,0.4694835680751174,91.5766738660907,7.3521282476506356,92.36569274269557,61.29441624365482,17.22689075630252,82.77310924369748,75.25380710659898,9.644670050761421
2022,Census Tract 9516.01; Cleveland County; North Carolina,37045951601,20.929654486701466,14.118816803380563,0.0,32.065622669649514,59.110116828237636,3.0574198359433256,5.766840666169525,68.9407540394973,85.9809663250366,8.601756954612005,11.612903225806452,89.64691801316576,6.067274441999372,93.58906988964793,69.86607142857143,30.29045643153527,69.70954356846472,65.32738095238095,1.4136904761904763
2022,Census Tract 9516.02; Cleveland County; North Carolina,37045951602,21.44873000940734,17.427093132643463,0.0,13.405456255879585,81.82031984948259,2.257761053621825,2.5164628410159926,42.47374562427071,89.1004596191727,10.111621799080762,9.077598828696926,84.59743290548425,2.155688622754491,94.54354669464848,57.6875,19.7592778335005,80.2407221664995,68.0625,4.25
2022,Census Tract 301.03; Gaston County; North Carolina,37071030103,24.45482866043614,21.884735202492212,0.0,0.0,95.01557632398755,0.7009345794392523,4.283489096573208,62.776659959758554,90.94781682641107,23.429179978700745,12.037037037037036,89.53722334004024,8.041237113402062,97.87234042553192,73.72262773722628,18.330849478390462,81.66915052160954,87.95620437956204,3.64963503649635
2022,Census Tract 301.04; Gaston County; North Carolina,37071030104,20.250100847115775,15.570794675272287,20.693828156514723,0.44372730939895116,72.77127874142799,5.929810407422348,0.16135538523598225,83.70786516853933,94.6985446985447,57.17255717255717,21.875,91.01123595505618,5.260495700556398,95.24187153053131,78.80562060889929,15.277777777777779,84.72222222222221,90.39812646370024,3.747072599531616
2022,Census Tract 301.05; Gaston County; North Carolina,37071030105,21.385941644562333,13.328912466843502,1.7572944297082227,18.56763925729443,71.48541114058355,6.79708222811671,1.3925729442970822,77.17105263157895,91.16977696859354,32.0436959490214,3.7422037422037424,94.60526315789474,9.710391822827939,92.67498643516006,85.72664359861591,6.244931062449311,93.75506893755069,75.9515570934256,1.9031141868512111
2022,Census Tract 301.06; Gaston County; North Carolina,37071030106,6.227758007117438,11.743772241992882,2.8469750889679712,11.654804270462634,83.00711743772243,0.0,2.491103202846975,82.5,99.28825622775801,37.36654804270463,0.0,87.89473684210526,2.3579849946409435,85.43922984356198,81.32780082987551,5.304518664047151,94.69548133595285,92.5311203319502,0.0
2022,Census Tract 302.05; Gaston County; North Carolina,37071030205,24.875868917576963,17.179741807348563,1.0675273088381332,2.9543197616683217,84.53326713008937,4.692154915590864,6.752730883813307,70.44278320874065,91.86351706036746,12.823397075365579,8.446866485013624,88.09660724554341,7.699933906146729,98.11912225705329,69.16445623342176,7.2570725707257075,92.74292742927429,72.54641909814323,2.6525198938992043
2022,Census Tract 302.06; Gaston County; North Carolina,37071030206,34.59882583170255,9.23679060665362,0.0,28.806262230919767,57.80821917808219,9.510763209393346,3.874755381604697,72.07792207792207,95.09803921568627,46.5359477124183,18.12778603268945,90.6926406926407,9.21603830041891,98.65470852017937,83.52059925093633,0.0,100.0,94.50686641697878,0.0
2022,Census Tract 302.07; Gaston County; North Carolina,37071030207,17.647058823529413,40.8252853380158,0.0,5.88235294117647,92.97629499561019,0.5267778753292361,0.6145741878841089,65.15151515151516,82.60355029585799,21.893491124260358,34.45378151260504,97.22222222222221,5.437100213219616,91.61290322580645,72.32142857142857,12.156862745098039,87.84313725490196,83.48214285714286,0.0
2022,Census Tract 302.08; Gaston County; North Carolina,37071030208,10.054844606946983,28.519195612431442,0.0,2.5594149908592323,95.42961608775137,2.010968921389397,0.0,66.90647482014388,82.46445497630332,33.175355450236964,10.344827586206897,86.33093525179856,5.691056910569105,93.15589353612167,85.1063829787234,7.8431372549019605,92.15686274509804,96.80851063829788,7.446808510638298
2022,Census Tract 302.09; Gaston County; North Carolina,37071030209,18.54974704890388,21.19168071950534,1.7425519955030917,2.9792017987633503,86.00337268128162,5.452501405283868,3.8223721191680724,83.90941597139452,91.493924231594,12.651894210150108,6.9306930693069315,96.42431466030989,4.1551246537396125,96.66319082377477,76.73521850899743,5.006105006105006,94.99389499389498,87.01799485861183,2.6992287917737787
2022,Census Tract 303.01; Gaston County; North Carolina,37071030301,19.896948077685295,15.893777249306382,0.8323424494649228,2.3781212841854935,90.01189060642093,3.0915576694411415,3.686087990487515,61.29554655870445,83.14666666666668,10.133333333333333,27.960526315789476,83.88663967611336,7.52102919346858,96.44180874722016,67.63565891472868,6.775067750677506,93.22493224932249,72.86821705426357,6.492248062015504
2022,Census Tract 303.02; Gaston County; North Carolina,37071030302,22.55546425636812,17.99506984387839,2.218570254724733,11.544782251437963,71.77485620377979,11.585866885784716,2.875924404272802,60.59907834101382,85.25745257452574,18.102981029810298,13.189448441247004,90.2073732718894,5.411140583554377,94.29400386847195,56.996587030716725,6.464485235434957,93.53551476456504,67.23549488054607,6.74061433447099
2022,Census Tract 304.01; Gaston County; North Carolina,37071030401,18.596001859600186,15.760111576011157,0.0,0.09298000929800093,96.97814969781497,0.7670850767085077,2.161785216178522,67.16947648624667,86.52077386615922,15.762765620044403,23.631123919308358,90.46140195208518,4.026270702455739,98.50873455475075,64.00924321201617,5.616139585605234,94.38386041439476,87.52166377816292,1.0976314269208551
2022,Census Tract 304.03; Gaston County; North Carolina,37071030403,16.01320676846884,19.43871234007429,0.0,0.5777961205117622,76.59925711927362,10.60668592653735,12.21626083367726,83.67791077257888,71.66853303471444,11.87010078387458,18.837675350701403,78.23721436343853,5.454545454545454,96.57869012707722,83.7150127226463,6.539833531510107,93.46016646848989,85.24173027989822,7.251908396946565
2022,Census Tract 304.04; Gaston County; North Carolina,37071030404,22.021234762092018,14.15650806134487,1.7695635076681087,12.740857255210381,71.37239480928038,13.01612268973653,1.1010617381046008,63.18565400843882,87.79443254817987,14.346895074946467,8.275862068965518,79.85232067510549,5.4967221381744835,100.0,76.06635071090048,6.637168141592921,93.36283185840708,82.81990521327015,0.7109004739336493
2022,Census Tract 305.01; Gaston County; North Carolina,37071030501,29.42847000354988,15.903443379481718,0.0,3.7628682996095133,86.75896343627973,9.478168264110757,0.0,82.890365448505,89.49152542372882,16.440677966101696,1.4388489208633095,95.09966777408638,5.734406438631791,98.44840961986036,70.14613778705638,6.35386119257087,93.64613880742912,75.46972860125261,1.7745302713987474
2022,Census Tract 305.03; Gaston County; North Carolina,37071030503,14.153245485602733,16.447047340165934,0.9272816007808687,1.7081503172279162,92.19131283552953,0.4880429477794046,4.685212298682284,57.4585635359116,82.71531100478468,5.861244019138756,10.144927536231885,93.92265193370166,4.093234792495736,95.75671852899575,85.79295154185021,20.0,80.0,87.44493392070484,0.0
2022,Census Tract 305.04; Gaston County; North Carolina,37071030504,17.094017094017094,18.66096866096866,0.0,0.49857549857549854,91.31054131054131,8.190883190883191,0.0,67.70691994572591,90.927624872579,21.8144750254842,6.467661691542288,81.13975576662143,3.6941580756013748,99.23566878980891,60.82644628099173,13.07471264367816,86.92528735632183,90.57851239669421,6.2809917355371905
2022,Census Tract 306.01; Gaston County; North Carolina,37071030601,18.964820056611405,15.770319450060654,0.16174686615446826,3.3966841892438335,91.58916295996765,3.760614638091387,1.0917913465426607,65.78249336870027,89.73471741637832,19.896193771626297,0.546448087431694,88.7709991158267,5.33932135728543,95.0487012987013,73.02083333333333,16.955017301038062,83.04498269896193,71.14583333333333,2.083333333333333
2022,Census Tract 306.02; Gaston County; North Carolina,37071030602,21.398547955674434,21.742453190676347,0.03821169277799007,5.082155139472679,90.48528849828047,3.5536874283530757,0.8406572411157813,46.9368520263902,84.04441846873173,23.027469316189364,17.20116618075802,79.73609802073516,3.4516285853184248,97.43801652892562,48.35766423357664,9.71993410214168,90.28006589785832,76.1861313868613,6.660583941605839
2022,Census Tract 307; Gaston County; North Carolina,37071030700,24.56589809279818,17.079419299743808,0.0,7.771135781383433,85.51095929405066,3.131226871619698,3.5866780529461995,78.61549006168609,91.18689105403011,28.166519043401237,1.5294117647058825,96.84715558601782,5.886792452830188,97.17767799871713,71.33283693224125,9.50134770889488,90.49865229110512,68.42889054355919,3.79746835443038
2022,Census Tract 308.01; Gaston County; North Carolina,37071030801,15.331807780320366,18.64988558352403,0.40045766590389015,2.459954233409611,91.9908466819222,1.2013729977116705,3.9473684210526314,64.56953642384106,87.16372021521906,19.830899308224442,11.881188118811881,83.77483443708608,5.597269624573379,92.53731343283582,70.10309278350515,10.422163588390502,89.5778364116095,91.16347569955818,5.154639175257731
2022,Census Tract 308.02; Gaston County; North Carolina,37071030802,15.504073319755602,18.024439918533606,0.0,12.55091649694501,78.20773930753563,5.015274949083503,4.226069246435845,61.49425287356321,76.01258356272119,11.207235548564686,16.091954022988507,90.45977011494253,8.797830671889123,95.26505404014411,51.045788581119275,11.990049751243781,88.00995024875621,46.919163369135106,7.348784624081402
2022,Census Tract 309.01; Gaston County; North Carolina,37071030901,17.630365377793545,20.85846044696701,1.5253636041149343,17.559418233416103,64.73926924441291,13.72827243703441,2.447676481021639,57.72409408773045,90.3558052434457,22.799625468164795,2.203856749311295,95.23204068658615,8.656330749354005,96.6706302021403,75.48701298701299,9.144542772861357,90.85545722713864,61.12012987012987,7.954545454545454
2022,Census Tract 309.02; Gaston County; North Carolina,37071030902,28.586278586278585,12.61954261954262,0.7900207900207901,42.45322245322246,35.343035343035346,17.87941787941788,3.5343035343035343,64.50815620365793,83.25991189427313,12.470349034225686,20.852534562211982,90.2619871478003,7.391177329827636,95.03448275862068,58.82352941176471,5.830903790087463,94.16909620991254,60.99071207430341,5.758513931888545
2022,Census Tract 310.01; Gaston County; North Carolina,37071031001,18.14559942049982,18.90619340818544,11.988409996378124,6.157189424121695,62.368706990220936,14.813473379210432,4.672220210068816,61.33474576271186,80.4302203567681,13.903462749213011,5.853658536585367,91.52542372881356,2.6106194690265485,93.96709323583181,55.166374781085814,11.335403726708075,88.66459627329193,77.05779334500875,14.711033274956216
2022,Census Tract 310.04; Gaston County; North Carolina,37071031004,21.029159519725557,26.209262435677534,0.0,12.281303602058319,74.61406518010291,7.032590051457976,6.07204116638079,71.48530579825258,88.02177858439202,19.237749546279492,7.755102040816326,89.03891977760127,7.298001737619461,93.51724137931035,70.92675635276532,9.041468388851122,90.95853161114887,62.25710014947683,2.914798206278027
2022,Census Tract 310.05; Gaston County; North Carolina,37071031005,19.323277619241743,17.32572360375051,0.8153281695882593,7.419486343253159,84.83489604565838,3.0982470444353853,3.8320423970648188,73.1004366812227,82.8308635666837,19.826264690853346,14.825581395348838,89.51965065502183,7.76255707762557,96.20253164556962,73.13707451701931,0.730593607305936,99.26940639269407,91.90432382704692,2.483900643974241
2022,Census Tract 310.06; Gaston County; North Carolina,37071031006,19.913952059004302,24.708051628764597,0.0,6.883835279655809,89.36693300553166,3.7492317148125385,0.0,73.00613496932516,96.91151919866444,28.297161936560933,7.246376811594203,84.96932515337423,13.891020721412126,89.41176470588236,82.12025316455697,7.602339181286549,92.39766081871345,85.91772151898735,1.5822784810126582
2022,Census Tract 311.01; Gaston County; North Carolina,37071031101,18.7231227257691,11.4455838570956,0.6946741647370162,18.45848494872643,70.2282500826993,6.252067482633146,4.366523321204102,68.99418121363259,82.39531742458352,24.40342188203512,0.0,80.71487946799667,10.663410663410664,96.1864406779661,70.42801556420234,0.0,100.0,64.6692607003891,0.622568093385214
2022,Census Tract 311.02; Gaston County; North Carolina,37071031102,13.89543099387659,17.94630240226095,0.0,20.72538860103627,72.16203485633538,4.0037682524729155,3.1088082901554404,74.08759124087592,86.88741721854305,19.13907284768212,5.780346820809249,91.97080291970804,7.275711159737417,83.09012875536482,77.70137524557956,3.5071090047393367,96.49289099526067,39.19449901768173,1.4734774066797642
2022,Census Tract 312.02; Gaston County; North Carolina,37071031202,14.346170122725349,11.256876851460008,1.4388489208633095,11.55311045281422,75.20101565806179,8.463817181548878,3.343207786711807,53.3816425120773,94.12650602409639,30.42168674698795,18.07909604519774,89.00966183574879,5.769230769230769,82.98872180451127,68.68131868131869,8.173562058526741,91.82643794147326,55.27472527472528,23.956043956043956
2022,Census Tract 312.03; Gaston County; North Carolina,37071031203,19.36026936026936,8.529741863075197,8.866442199775532,2.132435465768799,84.5679012345679,1.122334455667789,3.310886644219978,74.51381780962129,97.64795144157816,53.86949924127465,15.527950310559005,88.22927328556807,6.4022268615170494,93.141075604053,80.44280442804428,2.6347305389221556,97.36526946107784,67.03567035670358,6.396063960639606
2022,Census Tract 312.04; Gaston County; North Carolina,37071031204,15.716969317470255,11.646837820914214,0.0,4.383218534752661,93.6756418284283,0.0,1.9411396368190357,59.802955665024626,86.77474402730375,12.969283276450511,24.680851063829788,89.35960591133005,3.6404160475482916,100.0,65.78947368421053,20.27972027972028,79.72027972027972,53.3625730994152,5.116959064327485
2022,Census Tract 313.01; Gaston County; North Carolina,37071031301,28.04303967720242,12.284241201524322,4.954046177986998,29.679444070836137,53.14951804528133,9.706343869087648,2.5106478368078906,45.01291989664083,89.43262411347519,19.29078014184397,13.144058885383805,92.76485788113695,8.515967438948028,92.80353200883002,70.96977329974811,9.618668184405237,90.38133181559476,64.7984886649874,0.0
2022,Census Tract 313.03; Gaston County; North Carolina,37071031303,25.351379489849034,12.90994273815721,0.0,21.238938053097346,60.437272254034355,16.18948464341489,2.1343050494534097,37.10292249047014,82.92682926829268,13.486370157819225,0.0,83.35451080050827,7.252440725244072,94.00452488687783,70.16011644832606,0.0,100.0,34.93449781659388,2.1834061135371177
2022,Census Tract 313.04; Gaston County; North Carolina,37071031304,22.604684173172462,11.887863733144073,2.7324343506032647,18.878637331440736,67.38821859474805,6.777856635911994,4.222853087295954,60.881294964028775,85.54089709762533,16.2532981530343,32.98538622129436,80.2158273381295,8.023842274186153,95.76897246474144,72.36051502145922,1.2711864406779663,98.72881355932203,76.99570815450643,2.2317596566523603
2022,Census Tract 314.01; Gaston County; North Carolina,37071031401,32.61303191489361,15.425531914893616,1.9614361702127658,26.13031914893617,51.59574468085106,9.64095744680851,10.67154255319149,59.19589392643285,79.81022667369531,17.44860305745915,6.9209039548022595,89.3071000855432,9.86679822397632,99.58402662229618,68.43065693430657,7.3541842772612,92.6458157227388,53.284671532846716,8.576642335766424
2022,Census Tract 314.02; Gaston County; North Carolina,37071031402,20.763917106867126,26.00568874441284,0.08126777732629012,10.808614384396586,85.37180008126778,3.169443315725315,0.5688744412840309,44.04096834264432,88.18541548897683,14.3583945732052,17.934782608695652,91.89944134078212,11.23076923076923,91.71499585749793,75.54671968190854,0.984251968503937,99.01574803149606,81.51093439363817,1.5904572564612325
2022,Census Tract 315; Gaston County; North Carolina,37071031500,30.05232992773486,11.637179167704959,0.0,32.195365063543484,44.131572389733364,19.785696486419138,3.887366060304012,47.113470471134704,78.27852212748681,6.658546488022736,4.564315352697095,77.63769077637691,7.623797648735304,94.71744471744472,53.893442622950815,8.328115216030056,91.67188478396994,33.12841530054645,29.030054644808743
2022,Census Tract 316; Gaston County; North Carolina,37071031600,17.2224987555998,16.00298656047785,0.0,14.683922349427576,74.06669985067198,9.35788949726232,1.8914883026381284,45.22096608427544,84.66841759684833,10.66973079448457,14.333333333333334,83.29907502569374,4.17919422730006,95.78561612459917,66.4890073284477,4.758883248730964,95.24111675126903,53.16455696202531,2.1319120586275817
2022,Census Tract 317.03; Gaston County; North Carolina,37071031703,19.7831184056272,9.935521688159438,0.0,47.53810082063306,50.087924970691674,2.3739742086752638,0.0,57.579388855602154,80.48380483804837,18.942189421894216,13.317191283292978,87.95686039544638,6.284252831567409,91.66229680125852,76.06112054329371,12.08955223880597,87.91044776119404,77.75891341256367,0.4244482173174873
2022,Census Tract 317.04; Gaston County; North Carolina,37071031704,24.039150155168297,14.967772738123658,0.0,11.148245404631178,74.14657436142278,13.821914538075914,0.883265695870136,58.20198482194979,83.54686446392448,12.440997977073499,16.444981862152357,89.02510215995329,8.202388434946574,87.23994452149792,64.45012787723785,7.9458505002942905,92.0541494997057,74.10485933503837,1.9820971867007673
2022,Census Tract 317.05; Gaston County; North Carolina,37071031705,17.092337917485263,11.394891944990176,0.0,4.3713163064833,75.73673870333988,17.779960707269154,2.111984282907662,78.66354044548652,81.51320485367594,19.34332619557459,12.096774193548388,90.2696365767878,9.19952210274791,97.68664563617246,71.0796915167095,6.71462829736211,93.28537170263789,77.6349614395887,5.269922879177378
2022,Census Tract 317.06; Gaston County; North Carolina,37071031706,22.474549725920127,21.221613155833985,0.0,5.324980422866092,85.19968676585748,2.8974158183241974,6.577916992952232,71.86234817813765,82.560706401766,15.342163355408388,0.0,98.78542510121457,10.707070707070706,88.77005347593582,79.20997920997921,13.489208633093524,86.51079136690647,80.66528066528068,4.5738045738045745
2022,Census Tract 318; Gaston County; North Carolina,37071031800,36.17372182517867,13.276525563496428,0.0,66.65750412314459,15.695437053326003,15.283122594832326,2.3639362286970864,39.968774395003905,84.39099283520981,8.597748208802457,2.890792291220557,82.5136612021858,3.6606373815676143,92.42636746143057,58.798999165971644,20.437956204379564,79.56204379562044,52.543786488740615,5.421184320266889
2022,Census Tract 319.01; Gaston County; North Carolina,37071031901,21.74721189591078,6.5055762081784385,0.0,36.80297397769517,48.88475836431227,14.312267657992564,0.0,24.444444444444443,93.62880886426593,20.221606648199447,0.0,59.44444444444444,9.73871733966746,82.8125,73.17073170731707,8.208955223880597,91.7910447761194,26.82926829268293,3.2520325203252036
2022,Census Tract 319.02; Gaston County; North Carolina,37071031902,21.29436325678497,16.38830897703549,0.0,69.98956158663883,13.100208768267224,2.348643006263048,14.561586638830898,46.53979238754326,75.34357316087308,11.479385610347617,3.16622691292876,71.45328719723183,6.830238726790451,75.8530183727034,50.19404915912031,29.72727272727273,70.27272727272728,31.306597671410092,32.21216041397154
2022,Census Tract 320; Gaston County; North Carolina,37071032000,21.653676719756014,8.065062690613352,0.27109454422229756,46.25550660792951,36.597763470010165,9.488309047780414,7.387326330057607,33.33333333333333,76.3855421686747,4.72289156626506,5.915492957746479,87.86069651741293,1.4705882352941175,95.837023914969,56.873822975517896,12.807881773399016,87.192118226601,40.86629001883239,9.51035781544256
2022,Census Tract 321; Gaston County; North Carolina,37071032100,21.32782937736498,17.61265909872721,0.6879944960440316,34.124527003783975,40.35087719298245,18.23185414516684,6.604747162022703,47.31785428342674,86.56330749354005,15.142118863049095,9.409190371991247,80.70456365092073,7.170966331438566,90.5027932960894,60.54721977052074,15.824665676077265,84.17533432392274,19.770520741394527,14.916151809355693
2022,Census Tract 322.01; Gaston County; North Carolina,37071032201,13.775100401606425,25.381526104417674,0.0,8.19277108433735,79.31726907630522,10.963855421686747,1.5261044176706828,55.16393442622951,94.0254652301665,43.48677766895201,37.01067615658363,94.09836065573771,9.270588235294118,94.52954048140045,65.09207365892713,10.594130279169649,89.40586972083035,64.05124099279423,2.241793434747798
2022,Census Tract 322.02; Gaston County; North Carolina,37071032202,20.50865800865801,13.690476190476192,0.0,4.924242424242424,82.73809523809523,5.952380952380952,6.3852813852813854,53.182751540041075,89.91964937910883,19.21110299488678,19.64809384164223,93.1211498973306,6.8073519400953035,93.24561403508773,78.42227378190255,14.399205561072492,85.60079443892751,62.52900232018561,3.3642691415313224
2022,Census Tract 323.01; Gaston County; North Carolina,37071032301,12.990130701520405,10.856228327554014,2.213923712990131,10.376100293411577,81.59509202453987,2.854094425180048,2.9607895438783673,56.72396359959555,93.94579373460049,35.480464625131994,15.44943820224719,85.9453993933266,8.522378908645004,96.90074539034916,82.48932275777914,1.0265700483091789,98.97342995169082,46.97986577181208,0.4270896888346553
2022,Census Tract 323.02; Gaston County; North Carolina,37071032302,11.512575274530642,30.676585193057033,3.967410556145944,4.2153737159050655,78.49805171803045,5.703152674459795,7.616011335458732,47.73550724637681,83.56989247311827,27.483870967741936,7.569721115537849,92.57246376811594,8.206565252201761,97.28377412437456,68.86314265025344,4.163775156141568,95.83622484385843,56.62563359884142,6.08254887762491
2022,Census Tract 324.03; Gaston County; North Carolina,37071032403,21.79261862917399,18.34797891036907,1.476274165202109,0.3866432337434095,94.23550087873463,2.7065026362038664,1.195079086115993,58.04327375352775,91.6003976143141,45.92445328031809,16.630669546436287,95.3904045155221,10.651685393258427,83.6888331242158,78.30446672743847,12.380191693290735,87.61980830670927,81.22151321786691,3.4639927073837744
2022,Census Tract 324.04; Gaston County; North Carolina,37071032404,26.81992337164751,12.178434592227696,0.0,2.7914614121510675,93.10344827586206,3.7219485495347566,0.38314176245210724,63.899613899613904,92.70186335403726,63.431677018633536,27.130681818181817,86.2934362934363,11.18175018698579,99.52830188679245,84.88830486202366,2.871729419272495,97.1282705807275,77.59526938239159,2.6938239159001314
2022,Census Tract 324.05; Gaston County; North Carolina,37071032405,26.55650634405429,13.042195337857777,4.3375627028622015,5.311301268810858,86.04308055473591,0.885216878135143,3.422838595455887,68.65994236311239,100.0,52.06391478029294,8.669656203288492,94.81268011527378,5.423865006026516,95.94219010561423,90.41916167664671,7.661927330173776,92.33807266982622,95.03849443969204,0.9409751924721984
2022,Census Tract 324.06; Gaston County; North Carolina,37071032406,30.480419862737186,11.142511102139686,10.61768268066209,0.0,88.0904319741623,0.16148566814695195,1.1303996770286637,73.27354260089686,92.41924851680949,45.748187211601845,17.621776504297994,81.34529147982063,5.168408826945412,98.86178861788618,75.99502487562188,6.620209059233449,93.37979094076655,93.65671641791045,0.7462686567164178
2022,Census Tract 325.05; Gaston County; North Carolina,37071032505,26.427165354330707,12.204724409448819,3.4448818897637796,37.40157480314961,40.23129921259843,10.16240157480315,8.759842519685039,61.596766043456284,92.6783004552352,28.300455235204858,0.0,92.62253663466397,9.765886287625419,98.98989898989899,94.53488372093022,4.444444444444445,95.55555555555556,41.45348837209302,8.604651162790699
2022,Census Tract 325.06; Gaston County; North Carolina,37071032506,15.457243053682223,11.51874831400054,4.154302670623145,23.6309684380901,56.46074993256002,14.054491502562719,1.699487456164014,74.24583520936515,89.11128903122498,28.662930344275424,9.724770642201836,87.21296713192255,7.306955966815572,95.65563969709048,73.7991266375546,7.714450201496834,92.28554979850317,31.19151590767311,2.3705552089831565
2022,Census Tract 325.07; Gaston County; North Carolina,37071032507,23.559950556242274,16.46477132262052,2.373300370828183,15.995055624227442,69.83930778739185,9.517923362175525,2.2744128553770087,64.62147451756556,96.38635596082405,35.73117190138467,18.064516129032256,89.51014349332014,12.03104786545925,99.32432432432432,79.97373604727511,0.9108653220559532,99.08913467794405,89.62573867367038,0.4596191726854892
2022,Census Tract 325.08; Gaston County; North Carolina,37071032508,25.255474452554743,20.912408759124087,5.474452554744526,20.72992700729927,68.13868613138686,4.2700729927007295,1.3868613138686132,67.00460829493088,95.6567242281528,39.61276818419675,14.867617107942973,87.18894009216591,8.69140625,95.35060975609755,82.52148997134671,11.570945945945946,88.42905405405406,90.83094555873924,1.0506208213944603
2022,Census Tract 325.09; Gaston County; North Carolina,37071032509,31.203840472673562,12.001477104874446,1.2186115214180206,8.27178729689808,82.38552437223042,5.1698670605613,2.954209748892171,71.46050670640834,95.73978123200921,52.44674726540012,18.104667609618105,96.49776453055141,7.3000536768652715,98.14937210839392,89.0798786653185,2.3692003948667324,97.63079960513326,91.70879676440849,0.5055611729019212
2022,Census Tract 325.10; Gaston County; North Carolina,37071032510,21.239298817774156,17.040358744394617,4.239706481858948,6.441092539747248,83.53037097431717,0.5707297187117816,5.2181002853648595,71.57313707451702,98.7527114967462,49.40347071583514,12.91390728476821,92.91628334866606,11.594202898550725,98.80329094988781,86.62109375,4.20954162768943,95.79045837231057,91.9921875,0.78125
2022,Census Tract 326; Gaston County; North Carolina,37071032600,22.611630321910695,16.822429906542055,1.1941848390446521,16.173416407061268,74.71443406022846,3.7383177570093453,4.179646936656282,54.25029515938606,95.56155924353531,42.531840988035505,14.81994459833795,86.95395513577331,6.922293858160841,91.49659863945578,85.77263444520081,13.333333333333334,86.66666666666667,76.24234172906739,0.9530292716133424
2022,Census Tract 327.02; Gaston County; North Carolina,37071032702,13.255613126079446,26.683937823834196,4.101899827288428,23.92055267702936,64.16234887737478,2.7202072538860103,5.094991364421416,63.56107660455487,85.9271523178808,29.746136865342166,15.0,96.58385093167702,11.100049776007964,98.68189806678383,58.67620751341681,3.2034632034632033,96.7965367965368,41.94991055456171,19.499105545617173
2022,Census Tract 327.03; Gaston County; North Carolina,37071032703,22.441809398331138,12.51646903820817,0.6587615283267457,23.364075537988583,66.13965744400528,7.334211682037769,2.503293807641634,47.52688172043011,82.99674267100977,21.237785016286644,25.815217391304344,87.74193548387098,5.152887882219705,90.23136246786633,71.36842105263158,11.955514365152919,88.04448563484708,49.26315789473684,6.7368421052631575
2022,Census Tract 327.04; Gaston County; North Carolina,37071032704,16.394757956672905,22.893821877507357,1.2837657127574218,31.158063653383255,51.91227600962824,8.959614870286172,6.6862797539449055,45.92457420924575,94.94869771112864,30.386740331491712,0.0,93.7956204379562,6.525911708253358,99.12325941206808,66.11078022632519,17.412690605017218,82.58730939498278,42.108397855866585,7.14711137581894
2022,Census Tract 328.01; Gaston County; North Carolina,37071032801,25.318536785861077,25.729551993423755,1.3563501849568433,28.195643238799832,58.240854911631736,0.9864364981504316,11.22071516646116,35.38268506900879,75.10017172295363,18.546078992558673,10.92896174863388,85.31994981179423,6.329113924050633,100.0,61.15702479338842,12.318840579710146,87.68115942028986,22.95684113865932,17.079889807162534
2022,Census Tract 328.02; Gaston County; North Carolina,37071032802,24.394141145139812,21.837549933422103,0.0,18.77496671105193,56.085219707057256,17.896138482023968,7.243675099866845,47.79834077855775,82.94209702660407,19.953051643192488,15.957446808510639,79.7702616464582,9.475167312433957,92.69949066213921,61.091753774680605,2.8216704288939054,97.17832957110609,58.18815331010453,19.047619047619047
2022,Census Tract 329; Gaston County; North Carolina,37071032900,31.78198108511697,11.199601791936287,0.49776007964161273,41.3887506222001,36.56047784967645,17.19761075161772,4.355400696864112,56.48854961832062,92.22689075630252,28.277310924369747,4.880817253121453,76.27715795654727,9.595038307187158,90.20979020979021,67.16524216524216,17.990654205607477,82.00934579439252,44.515669515669515,7.336182336182335
2022,Census Tract 331; Gaston County; North Carolina,37071033100,28.210246174318033,12.840984697272123,0.0,27.944111776447105,47.8709248170326,16.400532268795743,7.784431137724551,62.22583265637694,75.53252734599884,24.812895797351757,14.14141414141414,78.71649065800163,6.533827618164969,94.8905109489051,63.06228373702422,7.44595676541233,92.55404323458767,55.622837370242216,8.737024221453288
2022,Census Tract 332.02; Gaston County; North Carolina,37071033202,19.912472647702405,12.166301969365428,0.612691466083151,15.185995623632383,64.15754923413567,12.25382932166302,7.789934354485776,62.30769230769231,88.30303030303031,36.24242424242424,21.138211382113823,92.98076923076923,5.081967213114754,96.36650868878357,77.13310580204778,7.861635220125786,92.13836477987421,83.04891922639362,2.6166097838452784
2022,Census Tract 332.03; Gaston County; North Carolina,37071033203,28.59190254389108,13.256897169473309,0.0,31.314940881404514,48.26227158724471,16.875671802221426,3.5471157291293443,52.45046923879041,82.69662921348313,12.247191011235955,5.7947019867549665,71.53284671532847,5.4189663823381835,82.02247191011236,66.70135275754423,11.51012891344383,88.48987108655618,54.526534859521334,4.37044745057232
2022,Census Tract 332.04; Gaston County; North Carolina,37071033204,27.10760795065113,18.54009595613434,0.6854009595613434,33.002056202878684,51.50788211103495,13.399588759424264,1.4050719671007539,32.341650671785025,79.29240374609782,11.446409989594173,10.38647342995169,87.5239923224568,11.377527033380348,90.5395935529082,69.78297161936561,11.25925925925926,88.74074074074075,51.83639398998331,3.33889816360601
2022,Census Tract 333.03; Gaston County; North Carolina,37071033303,20.108991825613078,21.771117166212534,2.0980926430517712,8.147138964577657,79.3732970027248,4.986376021798365,5.395095367847412,68.60395446375075,94.56273764258555,47.11026615969582,18.48906560636183,88.85560215698023,9.17462482946794,98.69636067354699,84.53683442742523,0.0,100.0,89.42377826404085,0.0
2022,Census Tract 333.06; Gaston County; North Carolina,37071033306,19.971870604781998,19.831223628691983,1.3361462728551337,0.2812939521800281,95.28832630098452,1.4064697609001406,1.6877637130801686,76.85185185185185,89.67391304347827,34.23913043478261,17.74891774891775,81.85185185185185,7.996485061511424,96.80696661828738,71.65775401069519,1.4059753954305798,98.59402460456941,90.01782531194296,0.0
2022,Census Tract 333.08; Gaston County; North Carolina,37071033308,15.11535401750199,16.86555290373906,4.375497215592681,16.388225934765313,66.4280031821798,0.0,12.808273667462212,71.61904761904762,92.14501510574019,18.12688821752266,0.5494505494505495,93.52380952380952,4.779756326148079,99.04458598726114,81.08614232209737,8.717948717948717,91.28205128205128,91.19850187265918,0.0
2022,Census Tract 333.09; Gaston County; North Carolina,37071033309,21.03642893791688,15.289892252437149,0.8722421754746024,11.082606464853772,79.22011287839918,4.361210877373011,4.463827603899436,66.1676646706587,92.80000000000001,12.363636363636363,42.22972972972973,90.11976047904191,5.523066926575698,98.87111947318908,70.06802721088435,7.079646017699115,92.92035398230088,82.72108843537414,8.027210884353742
2022,Census Tract 333.10; Gaston County; North Carolina,37071033310,26.91475551709217,12.029424491562095,0.0,16.09692773691043,45.78104716572912,35.43920380787538,2.6828212894850716,61.28301886792453,83.9899937460913,14.571607254534083,18.782608695652172,59.09433962264151,7.992895204262878,97.22222222222221,66.91176470588235,3.8869257950530036,96.113074204947,72.79411764705883,3.431372549019608
2022,Census Tract 333.11; Gaston County; North Carolina,37071033311,27.372764786795052,13.617606602475929,1.7881705639614855,0.0,90.64649243466299,7.565337001375516,0.0,42.04204204204204,91.22055674518201,21.841541755888652,2.824858757062147,90.39039039039038,4.356060606060606,97.72727272727273,77.52808988764045,11.0,89.0,86.14232209737828,2.247191011235955
2022,Census Tract 333.12; Gaston County; North Carolina,37071033312,27.35611098371933,12.588855767025912,0.8254987388213713,20.178858060077964,75.21210731483605,3.095620270580142,0.687915615684476,60.019841269841265,92.03722854188211,41.778697001034125,27.188940092165897,91.36904761904762,8.869949494949495,94.67382328654004,92.2655715263518,0.408997955010225,99.59100204498978,81.72484599589322,0.0
2022,Census Tract 333.13; Gaston County; North Carolina,37071033313,29.138166894664842,24.897400820793433,0.5471956224350205,16.59826721386229,77.74737802097583,5.06155950752394,0.045599635202918376,49.37062937062937,95.6320317670417,55.92322964923891,16.288659793814432,89.5104895104895,9.716859716859718,97.6145038167939,89.06439854191981,2.140309155766944,97.85969084423306,94.53219927095991,1.5795868772782502
2022,Census Tract 334; Gaston County; North Carolina,37071033400,21.41712087207438,15.293363257454311,1.7633857005450466,6.893235011221545,78.77524847707599,5.803142032702789,6.764988778454632,66.4695945945946,74.30951337132836,8.592722490135905,25.693160813308687,81.6722972972973,10.118319053447571,97.145003756574,62.64964086193137,8.60685630926331,91.3931436907367,63.20830007980845,12.450119712689546
2022,Census Tract 335.01; Gaston County; North Carolina,37071033501,21.315692760014702,18.00808526277104,0.03675119441381845,11.797133406835721,78.57405365674384,5.586181550900404,4.005880191106211,71.2403951701427,89.85200845665962,16.437632135306554,0.0,83.64434687156971,9.388136384866886,92.07373271889401,69.30232558139535,3.2403240324032403,96.75967596759676,79.81395348837209,7.348837209302325
2022,Census Tract 335.02; Gaston County; North Carolina,37071033502,20.409051348999128,27.458659704090515,0.0,1.3489991296779809,92.99390774586597,5.091383812010443,0.5657093124456049,77.08592777085927,89.34097421203438,24.527220630372494,0.0,92.65255292652553,8.310552214324767,98.17792068595928,73.79454926624737,0.0,100.0,83.22851153039832,0.0
2022,Census Tract 601; Iredell County; North Carolina,37097060100,22.446633825944172,23.41543513957307,0.1477832512315271,11.855500821018063,69.42528735632185,18.3743842364532,0.19704433497536944,42.535633908477124,81.53881174595948,35.943546551331664,2.0754716981132075,85.59639909977494,5.262041162741354,98.07244931871053,70.84141139976735,8.57851825593761,91.42148174406239,60.02326483132997,7.94881737107406
2022,Census Tract 602; Iredell County; North Carolina,37097060200,23.109843081312412,10.699001426533524,0.0,57.25154541131716,14.978601997146935,21.160247265810746,6.609605325725154,33.769063180827885,84.46843853820599,11.295681063122924,19.031141868512112,67.64705882352942,3.339517625231911,83.58340688437775,65.57759626604434,14.98015873015873,85.01984126984127,46.20770128354726,10.15169194865811
2022,Census Tract 603; Iredell County; North Carolina,37097060300,26.59732540861813,10.735512630014858,0.0,39.9331352154532,20.950965824665676,34.17533432392273,4.9405646359583955,38.97324656543745,71.21951219512195,16.158536585365855,0.0,69.99276934201012,2.7327935222672064,86.71497584541062,58.185610010427524,15.655233069481088,84.34476693051892,54.3274244004171,8.342022940563085
2022,Census Tract 604; Iredell County; North Carolina,37097060400,23.976734166307626,14.648858250753985,0.0,36.51443343386471,43.92503231365791,18.05256355019388,1.5079707022834985,50.31789282470481,77.4223602484472,13.012422360248447,31.44963144963145,77.47502270663034,3.9671294984414853,92.30457675172134,61.12115732368897,11.33083912346339,88.66916087653661,58.28812537673297,7.956600361663653
2022,Census Tract 605; Iredell County; North Carolina,37097060500,16.832579185520363,14.27601809954751,0.04524886877828054,25.542986425339365,55.88235294117647,10.610859728506787,7.918552036199094,34.1728677733257,85.69643972517177,25.85883822610868,25.74626865671642,92.15798511734403,3.073993471164309,92.41011984021304,74.30394431554525,10.812209001551992,89.18779099844801,52.95823665893271,4.988399071925754
2022,Census Tract 606.01; Iredell County; North Carolina,37097060601,23.83250043081165,20.69619162502154,1.9128037222126488,31.72496984318456,43.54644149577804,20.489402033430984,2.326382905393762,24.555016181229774,86.11040447723227,20.503688628847623,0.0,74.51456310679612,6.968325791855204,98.43096234309623,61.22281493639721,3.062848050914877,96.93715194908512,46.327451784981534,7.5092326631103825
2022,Census Tract 606.02; Iredell County; North Carolina,37097060602,25.326370757180154,26.840731070496084,0.20887728459530025,2.610966057441253,86.10966057441253,8.355091383812011,2.715404699738903,46.492659053833606,94.00299850074963,40.62968515742129,36.81592039800995,86.4600326264274,6.923076923076923,98.79194630872483,74.33510638297872,7.9559363525091795,92.04406364749082,92.95212765957447,1.5957446808510638
2022,Census Tract 606.03; Iredell County; North Carolina,37097060603,18.096809680968097,16.886688668866885,3.4103410341034106,20.517051705170516,61.386138613861384,14.026402640264028,0.6600660066006601,73.33333333333333,78.95582329317268,4.738955823293173,12.121212121212121,91.11111111111111,5.104096709200806,85.88957055214725,80.83462132921174,11.612021857923498,88.3879781420765,85.62596599690882,3.7094281298299845
2022,Census Tract 607.01; Iredell County; North Carolina,37097060701,24.242424242424242,10.909090909090908,0.0,17.352472089314194,63.1578947368421,17.703349282296653,1.7862838915470494,46.402877697841724,82.97082228116712,16.392572944297083,34.95575221238938,92.37410071942446,8.884210526315789,91.81929181929182,76.51063829787233,4.003267973856209,95.99673202614379,61.4468085106383,0.0
2022,Census Tract 607.02; Iredell County; North Carolina,37097060702,22.686757215619693,15.21646859083192,1.740237691001698,10.398981324278438,70.09762308998302,15.471137521222412,2.2920203735144313,59.42622950819673,84.43352778630641,16.211237334970832,5.72289156626506,94.2167577413479,10.074114740598409,97.22780233025311,57.4793875147232,3.6322360953461974,96.3677639046538,82.3321554770318,0.0
2022,Census Tract 607.03; Iredell County; North Carolina,37097060703,24.52767649983427,14.318859794497845,0.0,21.24627113026185,62.64501160092807,10.275107722903547,5.83360954590653,52.65804597701149,93.66231253023706,15.578132559264635,13.582342954159593,92.60057471264368,7.905138339920949,97.4294670846395,74.56813819577735,8.995633187772926,91.00436681222708,74.56813819577735,0.6717850287907869
2022,Census Tract 608.01; Iredell County; North Carolina,37097060801,16.691549716333235,17.736637802329053,0.0,5.942072260376232,84.95073156166019,7.6739325171693045,1.433263660794267,66.47365373480024,90.68,13.16,10.084033613445378,89.05616676317312,6.308243727598567,97.90466212676793,59.52557449962935,19.221556886227546,80.77844311377245,79.8369162342476,1.5567086730911788
2022,Census Tract 608.02; Iredell County; North Carolina,37097060802,26.036010288653898,14.775650185767361,1.629036867676479,12.432123463846812,77.82223492426408,4.458416690482995,3.658188053729637,69.36076414401175,86.82460515378222,14.089775561097257,29.946524064171122,88.7582659808964,6.143740340030912,96.41975308641976,78.57142857142857,13.629842180774748,86.37015781922524,80.23255813953489,1.2458471760797343
2022,Census Tract 609.01; Iredell County; North Carolina,37097060901,20.792079207920793,17.07920792079208,0.22002200220022,1.87018701870187,77.3102310231023,12.596259625962597,8.003300330033003,74.58603311735061,88.38979824895318,11.686334221545488,4.595879556259905,91.792656587473,6.805555555555555,93.7354988399072,72.12874908558888,18.96858328393598,81.03141671606402,77.46891002194587,3.8039502560351135
2022,Census Tract 609.02; Iredell County; North Carolina,37097060902,18.644544431946006,25.253093363329583,0.0,7.367829021372328,89.0607424071991,0.0,3.571428571428571,55.73366214549939,81.29277566539925,11.140684410646388,26.666666666666668,92.23181257706536,5.012098167991704,95.8659217877095,53.37837837837838,15.956842703009656,84.04315729699034,78.31081081081082,2.5675675675675675
2022,Census Tract 610.01; Iredell County; North Carolina,37097061001,22.712594187298173,18.60064585575888,8.675995694294942,6.996770721205597,76.89989235737352,6.243272335844995,1.1840688912809472,47.48091603053435,92.17791411042946,19.69325153374233,6.96594427244582,79.54198473282442,6.155988857938718,97.03389830508475,69.77777777777779,11.286347954657467,88.71365204534253,80.83333333333333,1.1666666666666667
2022,Census Tract 610.02; Iredell County; North Carolina,37097061002,17.014406358668655,17.436661698956783,0.0,0.5216095380029807,89.41877794336811,7.799304520615996,2.260307998012916,57.28305785123967,93.14285714285714,22.65546218487395,13.304721030042918,93.85330578512396,8.051481592337623,93.11610830656264,73.52758834469931,6.166375799883653,93.83362420011635,86.05083694978302,0.9299442033477991
2022,Census Tract 610.03; Iredell County; North Carolina,37097061003,18.78132418886837,23.52941176470588,0.0,8.863096808230019,81.29781060406225,9.548931680295436,0.2901609074122923,43.76918354818907,91.87279151943463,28.19787985865724,12.03155818540434,85.6353591160221,5.521273140630075,92.85714285714286,73.84898710865562,9.045226130653267,90.95477386934674,67.280540208717,0.6752608962553714
2022,Census Tract 611.01; Iredell County; North Carolina,37097061101,22.802929427430094,16.711051930758988,0.0,5.026631158455393,84.78695073235686,8.721704394141145,1.4647137150466045,45.18113465481887,78.65336658354116,9.925187032418952,42.07920792079208,86.19275461380724,3.6222509702457955,99.01960784313727,61.84738955823293,7.434944237918216,92.56505576208178,86.14457831325302,1.706827309236948
2022,Census Tract 611.02; Iredell County; North Carolina,37097061102,15.939499709133218,18.673647469458988,11.082024432809773,6.137289121582315,77.83595113438045,2.7050610820244327,2.239674229203025,54.21293272371,89.7020963589555,17.543214417065098,3.9622641509433962,88.24297844546048,4.3944636678200695,89.36392075078207,69.56839795171909,9.947299077733861,90.05270092226614,87.92977322604243,7.973664959765911
2022,Census Tract 611.03; Iredell County; North Carolina,37097061103,22.61617900172117,19.759036144578314,0.0,6.0929432013769365,88.77796901893288,3.06368330464716,2.0654044750430294,48.11715481171548,77.24343083787804,15.36936043629152,8.918406072106261,94.76987447698745,8.09608540925267,95.2755905511811,77.41935483870968,5.441055234954658,94.55894476504534,70.00871839581518,7.933740191804708
2022,Census Tract 611.04; Iredell County; North Carolina,37097061104,23.364485981308412,16.91588785046729,0.23364485981308408,11.30841121495327,83.78504672897196,0.9813084112149533,3.691588785046729,49.670619235836625,91.5100453661698,17.498379779650033,9.844559585492227,91.56785243741766,13.902439024390246,85.51448551448551,75.55803571428571,5.385427666314678,94.61457233368532,74.33035714285714,2.7901785714285716
2022,Census Tract 612.01; Iredell County; North Carolina,37097061201,25.048881164457963,13.078427112752552,0.9558983271779274,11.144905496415381,74.19074516619595,7.082337605909189,6.626113404301543,65.13447432762837,93.6684696150175,30.353165765192493,10.789473684210527,88.60635696821517,7.739130434782608,97.0741482965932,84.35251798561151,11.652542372881355,88.34745762711864,85.85131894484412,0.6594724220623501
2022,Census Tract 612.02; Iredell County; North Carolina,37097061202,21.85734463276836,16.154661016949152,0.9533898305084746,25.67090395480226,68.8382768361582,2.860169491525424,1.6772598870056499,41.37658227848101,88.69908015768725,24.57293035479632,10.502793296089386,76.34493670886076,5.445097153185721,95.34598897734232,79.41877084325868,4.111466423024212,95.88853357697579,75.60743211052883,2.048594568842306
2022,Census Tract 612.03; Iredell County; North Carolina,37097061203,21.66435024322446,14.732453092425295,6.984016678248784,18.589298123697013,64.62821403752605,3.422515635858235,6.3759555246699104,53.160139588987974,98.07457957592007,46.60004874482086,7.758620689655173,91.66343544009305,8.161454868041695,95.07795781106695,90.12291483757681,16.280779125321573,83.71922087467843,67.29587357330992,4.521510096575944
2022,Census Tract 612.04; Iredell County; North Carolina,37097061204,22.588717015468607,20.768880800727935,2.775250227479527,1.524112829845314,89.53594176524113,1.3876251137397635,4.777070063694268,69.35064935064935,98.41320215804507,58.5845763249762,8.009153318077804,91.62337662337663,8.580664119894212,95.93380614657211,93.25474787164374,15.54203539823009,84.4579646017699,95.80877537655533,0.45841519318926005
2022,Census Tract 612.05; Iredell County; North Carolina,37097061205,19.48148148148148,24.74074074074074,1.8024691358024691,5.234567901234568,88.88888888888889,1.7777777777777777,2.2962962962962963,82.4238578680203,88.80523731587562,33.64975450081833,3.558718861209965,92.63959390862944,5.366452008586323,96.39149777558083,75.56923076923077,17.59634888438134,82.40365111561866,88.61538461538461,3.446153846153846
2022,Census Tract 613.01; Iredell County; North Carolina,37097061301,18.338954468802697,12.183811129848229,1.1804384485666104,3.541315345699832,77.95109612141653,5.522765598650928,11.804384485666104,67.82690498588899,86.50234741784037,16.255868544600936,27.197802197802197,84.3838193791157,3.6138358286009296,96.68085106382979,77.9559118236473,5.402843601895735,94.59715639810426,64.72945891783567,6.212424849699398
2022,Census Tract 613.02; Iredell County; North Carolina,37097061302,25.16660133281066,18.247745981967856,2.6068208545668363,5.233241865934928,82.49705997647982,6.8012544100352805,2.861622892983144,51.10132158590308,88.70486016834103,13.928862340483303,15.842839036755388,84.87518355359765,10.599684376643872,94.63696369636963,78.44869906725577,8.160504959422903,91.8394950405771,79.62690230731468,3.3382425135002456
2022,Census Tract 613.03; Iredell County; North Carolina,37097061303,22.24011451064591,13.902308105206657,2.5407049561638932,1.0556450169976739,87.74378242977276,5.475040257648954,3.184827339416711,57.05361790733993,97.86910197869102,33.81532217148656,3.2017075773745995,90.78604893284748,9.66405890473999,96.50377433452523,89.22610015174507,4.951923076923077,95.04807692307692,88.11330298431967,1.7703591299949417
2022,Census Tract 613.04; Iredell County; North Carolina,37097061304,17.11568938193344,14.315900686740623,0.45782708223278745,16.992428244409226,73.21711568938193,6.497622820919176,2.8350061630568764,44.11860540892799,94.53634085213032,26.065162907268167,9.90990990990991,87.25969371130662,3.292967920118971,97.07736389684814,86.79001721170397,5.026563138536984,94.97343686146301,61.35972461273666,2.5387263339070567
2022,Census Tract 614.01; Iredell County; North Carolina,37097061401,26.48545042690364,13.852587558808155,0.9583551141313817,0.0,94.30214323052797,2.648545042690364,2.0909566126502876,57.53228120516499,99.48333763885302,62.955308705760785,10.993975903614457,86.94404591104734,6.162597771983883,99.09122684376092,91.90283400809717,14.23611111111111,85.76388888888889,95.69838056680162,3.0870445344129553
2022,Census Tract 614.02; Iredell County; North Carolina,37097061402,22.302679217958,11.67270094134685,2.0564808110065167,4.127443881245474,82.63577118030413,7.226647356987691,3.953656770456191,56.77316293929713,98.01635991820041,60.306748466257666,5.619982158786797,93.22683706070288,4.790307548928239,94.65917076598735,91.28966914247131,6.354726525450522,93.64527347454947,54.01755570560432,0.8102633355840648
2022,Census Tract 614.03; Iredell County; North Carolina,37097061403,21.684546907098838,16.640036521342157,8.240127824697558,9.404245606026022,69.61880849121205,11.458571102488015,1.2782469755763524,51.00806451612904,93.49195241427572,49.40517844646606,11.578947368421053,89.91935483870968,8.21917808219178,98.45483359746434,83.4915611814346,5.105105105105105,94.8948948948949,53.902953586497894,2.2679324894514767
2022,Census Tract 614.04; Iredell County; North Carolina,37097061404,17.60100219229565,18.947698089570935,4.791731913560914,13.560914500469778,76.32320701534607,0.3758221108675227,4.948324459755716,54.966887417218544,99.70575872215215,50.1891551071879,40.03724394785848,93.52465047829286,13.416951729380463,93.96411092985318,81.5143246930423,12.372982665869694,87.62701733413031,45.70259208731242,2.5238744884038202
2022,Census Tract 614.05; Iredell County; North Carolina,37097061405,18.756906077348066,19.005524861878452,4.834254143646409,3.591160220994475,80.0828729281768,10.220994475138122,1.270718232044199,61.40684410646388,98.54788069073783,50.824175824175825,12.333333333333334,92.6489226869455,12.206732403944237,92.10653753026634,87.05357142857143,7.882111034955449,92.11788896504454,86.75595238095238,2.7529761904761902
2022,Census Tract 614.06; Iredell County; North Carolina,37097061406,23.42007434944238,20.97716409984068,1.292264117542928,0.7611966719773411,83.85554965480615,10.019472473004072,4.071517082669499,69.57026713124273,98.90862944162436,66.8527918781726,19.73307912297426,89.19860627177701,4.415164123901988,96.67318982387475,91.31799163179917,12.253327214318494,87.7466727856815,92.73012552301255,2.1966527196652716
2022,Census Tract 614.07; Iredell County; North Carolina,37097061407,20.786749482401657,20.538302277432713,1.5734989648033124,7.122153209109731,86.35610766045548,1.8012422360248446,3.146997929606625,50.578761952692496,97.94192275162109,50.859881590076114,17.355371900826448,84.34826371414192,8.651332984840565,95.99047240968638,80.01983143282102,9.834599910594546,90.16540008940545,67.22855726326227,2.4293505205751114
2022,Census Tract 614.08; Iredell County; North Carolina,37097061408,30.380511375075496,6.241191866317697,1.771693174954701,1.6508959130259713,84.11516005637205,9.744312462250855,2.7179383933964165,48.3371298405467,97.11380780583798,55.06723515906855,12.179487179487179,94.80637813211845,6.593406593406594,97.3432518597237,91.18210862619809,9.43287037037037,90.56712962962963,86.19808306709265,0.6389776357827476
2022,Census Tract 615.01; Iredell County; North Carolina,37097061501,31.947483588621445,11.338770638551821,1.651084145613686,7.539287845633578,81.16172667594988,6.425303361846031,3.222597970956833,48.24146981627296,90.04493605254062,34.84272381610785,3.884234577303884,81.94225721784777,7.633362805776598,96.8227424749164,81.97709463532247,9.095890410958903,90.9041095890411,63.71308016877637,6.4496684749849305
2022,Census Tract 615.02; Iredell County; North Carolina,37097061502,27.624066754501538,12.296881862099253,1.9982433025911288,5.314009661835748,82.25735617039966,5.862977602108037,4.567413263065437,53.520433284096505,95.9279038718291,38.48464619492657,1.9387755102040816,91.1866075824717,3.731796116504854,96.28882613957241,84.61051298290056,6.1794414735591205,93.82055852644088,78.02406586447118,3.609879670677644
2022,Census Tract 615.03; Iredell County; North Carolina,37097061503,23.054207973001475,15.608521408985446,2.6998523518245094,12.170428179708923,78.84412571187514,3.480278422273782,2.8053153343176542,48.3621474067334,96.76632092739476,43.593654667480166,3.6269430051813467,90.62784349408554,5.975877192982456,97.46974697469747,87.0253164556962,1.1470281543274243,98.85297184567257,75.10548523206751,2.4261603375527425
2022,Census Tract 616.01; Iredell County; North Carolina,37097061601,24.178751109795797,10.03255401006215,2.574726250369932,31.518200651080203,49.21574430304824,9.914175791654335,6.777153003847292,40.838509316770185,90.48938134810712,21.098799630655588,14.153846153846153,81.2111801242236,4.215456674473068,92.8476821192053,80.81210191082803,12.290502793296088,87.70949720670392,54.14012738853503,6.7675159235668785
2022,Census Tract 616.03; Iredell County; North Carolina,37097061603,23.929376408715253,11.739293764087153,13.410969196093165,5.240420736288505,69.62809917355372,7.4004507888805415,4.320060105184073,47.68007070260716,87.19562243502051,40.683994528043776,21.298405466970387,86.0362350861688,6.617283950617284,95.28234453180843,83.01310043668121,5.605935696619951,94.39406430338005,49.12663755458515,3.5371179039301306
2022,Census Tract 616.04; Iredell County; North Carolina,37097061604,13.415468856947296,33.53867214236824,0.8213552361396305,10.882956878850102,86.7898699520876,0.0,1.5058179329226558,30.08658008658009,92.72727272727272,58.00865800865801,0.0,87.44588744588745,10.355731225296443,97.62282091917591,95.92198581560284,7.389162561576355,92.61083743842364,92.5531914893617,6.205673758865248
2022,Census Tract 616.05; Iredell County; North Carolina,37097061605,23.75099127676447,9.278350515463918,13.917525773195877,2.379064234734338,77.67644726407613,5.194290245836638,0.8326724821570183,54.53061224489796,87.6357056694813,45.05428226779252,0.0,90.53061224489795,3.58814352574103,96.84282772820865,87.74900398406375,6.343283582089552,93.65671641791045,70.61752988047809,1.0956175298804782
2022,Census Tract 701; Lincoln County; North Carolina,37109070100,25.896040532933007,16.23193844999062,0.37530493525989866,16.85119159316945,56.72734096453368,22.874835804090825,3.1713267029461436,61.35029354207436,84.2612097502257,14.234125789948843,7.334109429569266,82.38747553816047,11.876424411243352,92.57510729613733,74.43026435733819,9.263854425144748,90.73614557485526,50.77484047402005,9.115770282588878
2022,Census Tract 702.01; Lincoln County; North Carolina,37109070201,25.208063621231737,10.153504716108747,0.0,22.581838357684482,53.171814314777144,21.453671167005734,2.792676160532643,54.30555555555555,82.80928592418454,13.870114604760506,0.0,87.31481481481481,7.2781655034895305,92.32814280288643,69.4249649368864,4.721603563474387,95.27839643652561,36.792893875642825,5.049088359046284
2022,Census Tract 702.02; Lincoln County; North Carolina,37109070202,16.711051930758988,20.306258322237017,5.226364846870839,5.525965379494008,79.6271637816245,7.123834886817576,2.4966711051930757,62.336664104534975,92.98245614035088,22.54385964912281,0.0,98.3858570330515,2.3181454836131095,97.99373040752351,79.22077922077922,6.097560975609756,93.90243902439023,84.7041847041847,5.1226551226551225
2022,Census Tract 703; Lincoln County; North Carolina,37109070300,20.15426723065439,25.70291117193332,0.4478726051256532,11.495396864891765,73.74968897735755,12.416023886538941,1.8910176660860911,49.18140144073347,88.46689895470384,27.421602787456443,16.507936507936506,83.9554682383759,9.878466812090995,94.13472706155633,71.38423339540658,14.671610169491526,85.32838983050848,68.96337678460583,3.600248292985723
2022,Census Tract 704; Lincoln County; North Carolina,37109070400,17.24792817679558,18.370165745856355,0.9150552486187844,1.761049723756906,88.0524861878453,8.287292817679557,0.9841160220994474,54.17847025495751,83.04474926917023,16.43804812232966,10.497981157469717,88.56232294617564,4.798664719382432,93.48807221147646,66.88659793814433,6.766628219915417,93.23337178008458,80.28865979381443,1.8556701030927836
2022,Census Tract 705; Lincoln County; North Carolina,37109070500,15.955101222689919,22.00841852074564,0.28061735818801364,2.0444978953698136,91.8620966125476,3.8685107235919025,1.9442774103026659,74.6742209631728,81.80161416297838,12.10622233793283,9.538950715421304,89.80169971671388,9.181969949916526,91.6586306653809,55.82669322709163,4.335397808480228,95.66460219151978,86.10557768924303,7.868525896414343
2022,Census Tract 706; Lincoln County; North Carolina,37109070600,18.56492027334852,22.072892938496583,0.0,2.5284738041002277,84.51025056947609,11.685649202733485,1.275626423690205,84.43465491923642,84.99365482233503,19.70177664974619,1.4245014245014245,87.860988742046,6.993006993006993,96.25451263537906,61.85935637663885,12.921639854696421,87.07836014530358,87.0083432657926,3.9332538736591176
2022,Census Tract 707; Lincoln County; North Carolina,37109070700,22.177650429799428,17.421203438395416,0.5730659025787965,2.5787965616045847,84.15472779369627,7.478510028653296,5.214899713467049,71.77582714382174,90.16122364613477,19.636213311285655,2.588235294117647,81.76907494935854,5.3019145802650955,95.0266429840142,65.02609992542878,11.19205298013245,88.80794701986756,88.51603281133482,3.803131991051454
2022,Census Tract 708; Lincoln County; North Carolina,37109070800,16.7715184443809,14.898484415213039,0.0,6.820131541321133,78.99628252788105,5.547612239062053,8.635973691735774,46.12341772151899,86.85843203609701,15.059221658206429,0.0,82.75316455696202,7.713451297028002,96.50416171224732,69.10150891632372,2.0819341840161183,97.91806581598388,69.3758573388203,3.2578875171467763
2022,Census Tract 709.01; Lincoln County; North Carolina,37109070901,23.489758879958515,15.37464350531501,0.0,0.5185377236193933,92.4812030075188,5.289084780917812,1.711174487943998,59.13918390162102,87.63419483101391,20.43737574552684,45.79025110782865,92.90106204583566,5.828532700779396,94.9009900990099,65.41176470588236,8.993576017130621,91.00642398286938,91.84313725490196,1.8823529411764703
2022,Census Tract 709.02; Lincoln County; North Carolina,37109070902,23.012900540990426,14.079622693854905,1.9004022749341103,3.8285476487723678,90.2066860868359,0.8045498682202803,3.2598141212373424,65.90143862871135,95.96709470304975,34.57062600321027,16.06153846153846,91.98041016222834,7.657657657657657,98.17184643510055,82.6325411334552,4.670616939700244,95.32938306029976,87.64168190127971,0.6946983546617916
2022,Census Tract 710.01; Lincoln County; North Carolina,37109071001,23.543543543543542,15.855855855855856,0.0,4.224224224224224,84.10410410410411,9.34934934934935,2.3223223223223224,64.6477132262052,85.53370786516854,15.252808988764045,5.555555555555555,85.33168520807581,6.4152919612464,95.14861633071405,75.6639566395664,6.059063136456212,93.94093686354378,87.20867208672087,4.173441734417344
2022,Census Tract 710.02; Lincoln County; North Carolina,37109071002,25.942580421999306,15.600138360428916,0.0,8.370805949498443,84.57281217571774,4.6350743687305425,2.4213075060532687,88.8268156424581,83.4778174400816,14.074451810300866,0.0,86.96461824953445,3.8299859878561415,95.59055118110236,68.23638042474607,8.684654300168635,91.31534569983137,93.53647276084949,1.2927054478301014
2022,Census Tract 711.01; Lincoln County; North Carolina,37109071101,22.10097719869707,13.892508143322477,1.1074918566775245,2.0521172638436482,91.12377850162866,3.713355048859935,2.003257328990228,66.77728613569322,95.77142857142857,36.98285714285714,18.890200708382526,90.81858407079646,6.209491950658583,97.2027972027972,83.96039603960396,11.434584356366187,88.56541564363381,71.68316831683168,4.594059405940594
2022,Census Tract 711.02; Lincoln County; North Carolina,37109071102,20.84712111184646,23.560555923229646,2.183984116479153,1.6677696889477167,90.25810721376571,4.367968232958306,1.5221707478491064,62.796129462796124,96.07599431818183,37.16264204545455,20.11619462599855,94.92826159492826,14.73507148864592,96.28988374969082,91.9229469415343,3.741054001301236,96.25894599869876,89.28692125718149,1.791145657316661
2022,Census Tract 712.01; Lincoln County; North Carolina,37109071201,13.897596656217345,26.64576802507837,0.0,0.8881922675026124,94.8798328108673,2.8735632183908044,1.3584117032392893,82.21343873517787,97.16494845360825,46.26288659793815,14.285714285714285,93.93939393939394,10.49757281553398,95.53571428571429,87.89659224441834,12.628336755646819,87.37166324435319,84.6063454759107,1.0575793184488838
2022,Census Tract 712.02; Lincoln County; North Carolina,37109071202,14.67065868263473,32.78443113772455,0.873253493013972,2.81936127744511,91.04291417165669,2.1457085828343314,3.1187624750499,84.17047184170472,97.56390977443608,46.34586466165413,14.173228346456693,94.1400304414003,8.450292397660819,96.29219701162147,89.54022988505747,3.0100334448160537,96.98996655518395,92.1264367816092,2.0689655172413794
2022,Census Tract 712.03; Lincoln County; North Carolina,37109071203,22.95798319327731,20.588235294117645,0.5378151260504201,2.2016806722689077,93.81512605042018,2.571428571428571,0.8739495798319328,71.44866385372714,98.05872361077408,50.32759039068188,1.2474012474012475,93.71776840131271,6.195462478184991,96.44175897952333,88.08549340609368,10.609756097560975,89.39024390243902,87.94906775807185,0.0
2022,Census Tract 1.01; Mecklenburg County; North Carolina,37119000101,0.4355400696864111,8.536585365853659,13.850174216027874,0.0,60.10452961672473,24.21602787456446,1.8292682926829267,42.46153846153846,100.0,55.03105590062112,0.0,70.76923076923077,1.6622922134733158,100.0,100.0,9.642857142857144,90.35714285714286,8.168642951251647,0.0
2022,Census Tract 1.02; Mecklenburg County; North Carolina,37119000102,3.6483035388544325,5.39948923750456,9.631521342575702,9.157241882524627,65.5235315578256,10.580080262677855,5.107624954396206,21.12597547380156,100.0,81.68154062940347,0.0,45.48494983277592,3.104884513441878,100.0,84.05263157894737,16.630100921456776,83.36989907854321,20.94736842105263,7.684210526315789
2022,Census Tract 1.03; Mecklenburg County; North Carolina,37119000103,2.2526934378060726,3.623898139079334,10.381978452497552,21.155729676787463,49.265426052889325,10.920666013712047,8.276199804113613,38.19849874895746,99.09533750869868,71.39874739039665,0.0,63.13594662218516,4.959919839679359,97.9250720461095,85.64206268958544,10.254083484573503,89.7459165154265,19.211324570273003,8.998988877654195
2022,Census Tract 1.04; Mecklenburg County; North Carolina,37119000104,1.605929586164299,7.65904879555281,4.632489190858554,8.46201358863496,80.23471278567017,4.2001235330450895,2.470660901791229,27.533460803059274,99.17355371900827,67.14876033057851,0.0,50.573613766730396,7.9723791588198365,100.0,82.13333333333334,37.185929648241206,62.8140703517588,51.55555555555556,14.133333333333335
2022,Census Tract 3.01; Mecklenburg County; North Carolina,37119000301,0.7337526205450734,1.8867924528301887,7.547169811320755,19.49685534591195,64.98951781970649,4.5073375262054505,3.459119496855346,41.11111111111111,100.0,83.35287221570925,,75.74074074074075,1.2671594508975714,92.66589057043073,97.47899159663865,8.812260536398467,91.18773946360153,18.34733893557423,6.442577030812324
2022,Census Tract 3.02; Mecklenburg County; North Carolina,37119000302,6.063268892794376,11.687170474516696,0.0,40.94903339191564,36.02811950790861,7.381370826010544,15.641476274165203,40.421052631578945,83.7125748502994,55.92814371257485,0.0,59.36842105263158,1.8709073900841908,99.40688018979834,79.17205692108668,27.07547169811321,72.9245283018868,11.384217335058215,19.663648124191464
2022,Census Tract 4.01; Mecklenburg County; North Carolina,37119000401,1.3266998341625207,5.693753454947484,4.588170259812051,9.286898839137644,84.79823106688778,0.7739082365948038,0.552791597567717,34.07350689127105,98.04287045666355,75.5824790307549,0.0,66.3093415007657,5.154061624649859,97.80426599749059,89.51473136915078,6.407137064071371,93.59286293592864,8.752166377816291,15.597920277296359
2022,Census Tract 4.02; Mecklenburg County; North Carolina,37119000402,1.5873015873015872,0.3003003003003003,4.676104676104676,3.5607035607035606,89.1033891033891,1.4157014157014158,1.2441012441012442,28.59087814840027,100.0,87.30650154798761,,73.31518039482641,2.3975588491717525,100.0,95.5719557195572,10.205434062292909,89.79456593770709,5.166051660516605,5.313653136531365
2022,Census Tract 5.01; Mecklenburg County; North Carolina,37119000501,4.287190082644629,1.6012396694214874,1.859504132231405,30.526859504132233,51.75619834710744,10.692148760330578,5.1652892561983474,28.2435129740519,97.37274220032842,58.53858784893268,0.0,58.982035928143716,5.180787911494873,92.83408650742415,80.50579557428873,11.30841121495327,88.69158878504673,27.081138040042152,25.07903055848261
2022,Census Tract 5.02; Mecklenburg County; North Carolina,37119000502,14.925373134328357,0.33921302578018997,10.312075983717776,6.0379918588873815,66.55359565807328,17.096336499321573,0.0,32.0040899795501,99.60732984293193,75.6544502617801,66.23931623931624,66.56441717791411,0.0,99.34156378600824,87.96296296296296,12.016293279022404,87.9837067209776,6.481481481481481,15.50925925925926
2022,Census Tract 5.03; Mecklenburg County; North Carolina,37119000503,0.0,30.666666666666664,0.6,30.4,54.86666666666666,10.066666666666666,4.066666666666666,39.50819672131147,91.1696359411309,56.08055770720372,,64.26229508196721,11.333333333333332,100.0,63.78174976481655,17.8516228748068,82.14837712519319,43.8381937911571,25.870178739416744
2022,Census Tract 6; Mecklenburg County; North Carolina,37119000600,10.014910536779324,5.392644135188867,6.610337972166998,49.60238568588469,35.11431411530815,4.4483101391650095,4.224652087475149,38.357094365241004,84.09893992932862,38.965628011564405,7.4074074074074066,74.20230821452817,2.3750345208505936,92.61853448275862,78.01418439716312,16.116819902650082,83.88318009734992,27.659574468085108,14.055448098001289
2022,Census Tract 7; Mecklenburg County; North Carolina,37119000700,5.975395430579964,2.519039250146456,4.862331575864089,30.638547158758055,54.42296426479203,8.025776215582894,2.0503807850029294,34.68468468468468,97.39368998628258,56.31001371742113,13.725490196078432,70.83333333333334,2.1183800623052957,99.36079545454545,80.93183779119931,6.381260096930533,93.61873990306947,20.88006902502157,10.267471958584986
2022,Census Tract 8; Mecklenburg County; North Carolina,37119000800,23.039375203384317,7.517084282460136,2.1151968760169217,63.03286690530426,29.4500488122356,2.668402212821347,2.733485193621868,59.02679830747532,92.98480786416444,43.476318141197495,0.0,77.29196050775741,4.651162790697675,94.53125,81.3807531380753,8.487555839183154,91.51244416081686,44.90934449093445,9.762900976290098
2022,Census Tract 9; Mecklenburg County; North Carolina,37119000900,9.701492537313433,10.964408725602755,2.2962112514351323,28.300803673938002,56.601607347876005,10.849598163030999,1.951779563719862,44.22187981510015,92.11444521981856,60.15352407536636,0.0,88.4437596302003,4.212572909915749,89.32119205298014,78.43137254901961,5.349344978165939,94.65065502183407,59.976931949250286,12.687427912341406
2022,Census Tract 10; Mecklenburg County; North Carolina,37119001000,11.06060606060606,10.909090909090908,3.5151515151515147,7.9393939393939394,76.87878787878788,4.575757575757576,7.090909090909091,46.97469746974697,97.46308216584627,77.43279060961757,35.44303797468354,83.71837183718371,3.9780521262002746,95.50561797752809,90.0,8.05734058329214,91.94265941670785,45.913978494623656,4.193548387096775
2022,Census Tract 11; Mecklenburg County; North Carolina,37119001100,13.863375430539609,8.869115958668198,3.1572904707233063,6.486796785304248,84.6727898966705,3.5878300803673935,2.095292766934558,49.47478991596639,96.759941089838,77.35640648011783,27.819548872180448,91.01890756302521,7.297567477507498,97.48571428571428,77.37961926091825,3.14533622559653,96.85466377440348,43.11310190369541,2.9115341545352744
2022,Census Tract 12; Mecklenburg County; North Carolina,37119001200,19.84065293431792,9.930042751651769,2.8565876408861253,21.472988729109986,49.067236688690244,23.26078507578702,3.342401865526622,43.05120167189133,81.3986013986014,42.65734265734265,1.5009380863039399,76.75026123301986,6.012121212121213,95.29454022988506,80.28100775193798,10.996119016817593,89.0038809831824,52.66472868217055,10.077519379844961
2022,Census Tract 13; Mecklenburg County; North Carolina,37119001300,14.635940181417014,13.679823486148566,3.0154449620004904,35.474380975729346,43.88330473155185,13.53272860995342,4.094140720764893,47.477295660948535,82.0125786163522,44.84276729559748,0.0,80.5247225025227,5.054566341183228,95.1984126984127,72.76887871853546,11.717171717171718,88.28282828282829,50.57208237986271,10.354691075514873
2022,Census Tract 14; Mecklenburg County; North Carolina,37119001400,18.568056648308417,3.8027799632835038,1.7833726724364019,20.45633359559402,60.13637555730396,7.736690270128507,9.88722790453711,37.90186125211506,96.08647036898994,64.44278792396571,14.049586776859504,74.45008460236888,4.848093083387202,86.79378531073446,87.1044776119403,7.560706401766004,92.439293598234,54.44776119402985,5.1940298507462686
2022,Census Tract 15.04; Mecklenburg County; North Carolina,37119001504,20.18076752111424,11.32019558453104,10.683064157652986,53.785746036449844,16.32834493999111,15.587494443621278,3.6153504222847825,74.22810333963453,61.42329778506973,11.238720262510254,1.2244897959183674,78.0718336483932,2.342878393454816,90.43179587831207,58.77061469265368,3.890489913544669,96.10951008645533,47.676161919040474,10.494752623688155
2022,Census Tract 15.05; Mecklenburg County; North Carolina,37119001505,31.08996147745298,4.713346929526399,2.5379560389757536,18.105597099478814,24.518468162247903,54.47541355087242,0.3625651484251076,61.41045958795562,74.06576980568012,29.409566517189834,5.874125874125874,80.26941362916006,1.5784281486353173,95.63399907106364,81.94701170671595,3.622327790973872,96.37767220902613,73.50585335797905,0.0
2022,Census Tract 15.07; Mecklenburg County; North Carolina,37119001507,35.89940487617585,6.507966980226532,0.0,48.89614129391438,6.949510462660779,43.482434248416205,0.6719139950086389,67.52283105022832,66.99561403508771,13.633040935672513,0.07262164124909223,54.45205479452054,1.6586248492159228,87.53611225753198,59.10049191848208,6.319947333772219,93.68005266622778,20.44975404075896,14.406184118060436
2022,Census Tract 15.08; Mecklenburg County; North Carolina,37119001508,26.947165569295006,13.794764734221937,1.79861891761683,51.935121246185965,22.145495423157218,22.097318130721053,2.023446282318934,75.92659229938828,88.21640316205533,27.56916996047431,1.3029315960912053,81.82799568189996,8.793141349747197,94.30686023341873,72.05169628432955,5.024932873034139,94.97506712696587,55.53311793214862,2.34248788368336
2022,Census Tract 15.09; Mecklenburg County; North Carolina,37119001509,34.721833939055074,14.677103718199607,4.473022085546548,63.06961140620631,3.63433044450657,25.719876991892647,3.103159071847917,50.65113091158327,75.5607476635514,21.962616822429908,0.09157509157509157,77.2446881425634,1.4989293361884368,86.61787767903816,57.14285714285714,5.47008547008547,94.52991452991452,65.0994575045208,2.5316455696202533
2022,Census Tract 15.10; Mecklenburg County; North Carolina,37119001510,18.260333127698953,17.14990746452807,4.996915484268969,66.37877853177051,6.662553979025293,16.255397902529303,5.706354102405922,80.42773817239144,81.73160173160173,25.19480519480519,2.2883295194508007,95.07453013609852,5.584905660377359,89.43044906900329,67.59825327510917,7.437348423605497,92.5626515763945,50.56768558951965,6.550218340611353
2022,Census Tract 16.03; Mecklenburg County; North Carolina,37119001603,23.14977973568282,15.13215859030837,8.127753303964758,33.78854625550661,28.656387665198235,26.762114537444937,2.6651982378854626,66.13852421910367,82.13359273670558,22.795071335927368,0.0,64.55409687641466,8.569790770994553,99.87961476725522,72.27609811751283,13.602759980285855,86.39724001971415,37.53565316600114,13.234455219623504
2022,Census Tract 16.05; Mecklenburg County; North Carolina,37119001605,22.93635790800252,9.073724007561438,5.923125393824827,32.640201638311275,26.84310018903592,31.001890359168243,3.5916824196597354,58.597883597883595,75.27896995708154,26.008583690987123,3.5856573705179287,67.1957671957672,6.950122649223221,95.30271398747391,69.6404793608522,11.854460093896714,88.14553990610328,22.503328894806923,12.78295605858855
2022,Census Tract 16.06; Mecklenburg County; North Carolina,37119001606,21.16836961350511,14.549089293647269,15.415370946246112,25.077743225233228,27.25455353176366,29.409151488227455,2.8431808085295422,73.47847600197922,72.30721198876053,27.130814861067748,0.1557632398753894,70.6580900544285,3.922121896162528,93.32574895714826,74.47368421052632,6.748466257668712,93.25153374233128,40.98684210526316,10.592105263157894
2022,Census Tract 16.07; Mecklenburg County; North Carolina,37119001607,30.701418167880412,15.40820237638942,0.42161747796090454,52.16558068225373,14.373323112303565,32.84783441931774,0.19164430816404754,63.16287878787878,74.64454976303317,24.34834123222749,0.0,80.39772727272727,7.52212389380531,97.2993827160494,58.587786259541986,12.73938384679434,87.26061615320566,24.904580152671755,8.110687022900763
2022,Census Tract 16.08; Mecklenburg County; North Carolina,37119001608,25.626610447411576,11.009604122745374,3.3263059264464747,40.52471304755212,14.406184118060436,37.05785898336847,4.684937924572499,65.12477175897749,72.90621381705905,11.385565418757237,3.361344537815126,63.42057212416312,4.31496062992126,90.46532846715328,56.77215189873418,13.091309130913093,86.90869086908691,43.860759493670884,9.873417721518987
2022,Census Tract 16.09; Mecklenburg County; North Carolina,37119001609,26.718047527296086,13.744380218368658,6.518946692357098,31.82402055234425,14.38664097623635,38.985228002569045,8.285163776493256,70.41461700632466,73.47689075630252,21.638655462184875,1.7080745341614907,75.40407589599438,7.405784399649431,96.70267197271177,74.82517482517483,9.921259842519685,90.07874015748033,45.629370629370634,11.013986013986015
2022,Census Tract 17.01; Mecklenburg County; North Carolina,37119001701,23.52941176470588,4.259634888438134,0.9916610322289835,33.536173089925626,38.81000676132522,23.844940274960557,2.817218841559612,48.358585858585855,85.77762619372442,43.04229195088677,0.0,78.95622895622895,0.7297050775311645,90.18754186202277,80.06166495375129,6.845380564863571,93.15461943513642,22.045220966084276,9.917780061664953
2022,Census Tract 17.02; Mecklenburg County; North Carolina,37119001702,31.644431119772147,4.2872133113476245,8.379553290361265,20.70154399640234,26.427821915754755,42.40743516714136,2.083645630340279,71.28463476070529,71.56565656565657,26.464646464646464,14.011208967173738,63.296149694134584,2.850877192982456,95.48133595284872,67.7762982689747,5.1767676767676765,94.82323232323232,37.860630270750114,12.339103417665335
2022,Census Tract 18.01; Mecklenburg County; North Carolina,37119001801,17.483044461190655,3.7678975131876418,1.5071590052750565,31.499623210248686,63.45139412207988,3.2403918613413714,0.30143180105501133,38.214783821478385,94.88151658767772,52.70142180094787,0.0,92.88702928870293,4.292237442922374,95.70484581497797,80.87071240105541,3.807106598984772,96.19289340101524,29.551451187335093,1.0554089709762533
2022,Census Tract 18.02; Mecklenburg County; North Carolina,37119001802,17.185269768769626,8.849557522123893,9.163574079360547,22.409363402797602,54.924350556665715,8.364259206394518,5.138452754781616,63.87978142076503,91.18311981914093,48.040693293142425,2.0522388059701493,79.07103825136612,5.7034220532319395,96.02872834811998,69.2080378250591,9.2274678111588,90.77253218884121,41.312056737588655,3.368794326241135
2022,Census Tract 19.10; Mecklenburg County; North Carolina,37119001910,28.36782506833268,12.495119094103865,12.983209683717298,35.27918781725889,10.191331511128466,37.094884810620854,4.451386177274502,65.76366184026156,75.19797275894837,17.104846373139058,4.968287526427061,66.79121905651564,5.287544289997275,94.63570856685348,72.95946696279844,9.31520644511581,90.6847935548842,41.53248195446974,12.54858411993337
2022,Census Tract 19.11; Mecklenburg County; North Carolina,37119001911,26.037361547363204,12.712845098363365,13.721276244007274,56.009257728550175,16.15142998842784,12.514465200859645,1.6035708381550668,73.49092444069227,87.64563106796116,20.388349514563107,5.096262740656852,76.69902912621359,3.017434063477872,91.92406692406692,78.52998065764024,6.085376930063579,93.91462306993643,60.154738878143135,11.702127659574469
2022,Census Tract 19.14; Mecklenburg County; North Carolina,37119001914,25.377994882530817,6.955105838567109,12.04931379390556,25.65712956501512,34.77552919283554,23.517096999302165,4.000930448941614,70.63106796116504,75.6712774613507,29.0480065093572,4.272151898734177,74.45388349514563,4.5822942643391515,97.04621248213435,68.98954703832753,2.5797691785471826,97.42023082145282,40.836236933797906,4.878048780487805
2022,Census Tract 19.16; Mecklenburg County; North Carolina,37119001916,28.925035360678926,12.258368694012258,8.651579443658651,47.33616218764733,26.237623762376238,16.69024045261669,1.0843941537010844,90.76487252124646,88.88027896164277,25.455249903138316,0.0,83.22946175637394,4.311774461028192,93.11152764761013,89.67046894803549,10.136674259681094,89.86332574031891,64.63878326996198,2.4714828897338403
2022,Census Tract 19.17; Mecklenburg County; North Carolina,37119001917,25.396470851016307,13.04444940808577,2.1442930533839624,23.877596604869332,36.92204601295511,34.710743801652896,2.345320527138709,75.80550673696543,78.2716049382716,16.71957671957672,5.617977528089887,74.92677211482133,2.9341317365269464,90.74161549362304,84.17047184170472,7.854137447405329,92.14586255259466,50.30441400304414,0.91324200913242
2022,Census Tract 19.18; Mecklenburg County; North Carolina,37119001918,27.835839918429773,7.596227377007391,3.7981136885036957,54.52459852153964,13.076726994646954,27.810349222533777,0.7902115727759368,70.97136440202134,85.66904196357879,25.21773555027712,1.1661807580174928,77.37226277372264,5.475097138820205,95.34992954438704,64.81700118063755,7.532751091703056,92.46724890829694,23.081463990554898,3.541912632821724
2022,Census Tract 19.19; Mecklenburg County; North Carolina,37119001919,21.20245398773006,9.865030674846626,13.25153374233129,32.71165644171779,27.19018404907975,22.478527607361965,4.368098159509202,72.002200220022,85.96428571428572,30.142857142857142,5.427974947807933,76.84268426842684,3.210576015108593,88.33922261484098,74.2134484885873,6.892590465249857,93.10740953475015,61.69031462060457,3.639728562615669
2022,Census Tract 19.20; Mecklenburg County; North Carolina,37119001920,30.456570155902003,8.982925018559762,4.992576095025983,30.549368968077207,19.042316258351892,43.55976243504083,1.855976243504083,62.97429620563035,81.4207650273224,18.547090967534555,1.9004524886877827,81.45654834761322,5.657859621030157,78.38360402165506,72.75167785234899,8.700980392156863,91.29901960784314,63.221476510067106,6.845637583892618
2022,Census Tract 19.21; Mecklenburg County; North Carolina,37119001921,27.002632568634827,10.71831515607371,15.75780368559609,32.230161714930425,21.286197818728844,27.9052275291463,2.8206092515983454,72.7735368956743,74.2713004484305,17.320627802690584,15.867768595041323,85.49618320610686,3.400309119010819,93.71155160628845,87.41258741258741,4.878048780487805,95.1219512195122,76.45687645687646,1.9813519813519813
2022,Census Tract 19.22; Mecklenburg County; North Carolina,37119001922,26.934928403117635,8.08410367953598,2.4107304694580387,43.95504803335146,19.6121080297263,30.433206452782308,3.588907014681892,68.96125309150865,72.55192878338279,17.922848664688427,7.454017424975799,76.1747732893652,6.3011659637807,89.37583001328021,70.2127659574468,5.75197889182058,94.24802110817943,69.76483762597985,5.823068309070549
2022,Census Tract 19.23; Mecklenburg County; North Carolina,37119001923,26.08478802992519,9.226932668329177,0.0,41.67082294264339,23.965087281795512,33.69077306733167,0.6733167082294265,71.03694874851013,88.68546320029293,18.381545221530573,0.0,88.67699642431465,2.260458839406208,95.42236904200094,88.4393063583815,10.46578493387004,89.53421506612996,37.31535003211304,4.881181759794476
2022,Census Tract 19.24; Mecklenburg County; North Carolina,37119001924,31.954612005856514,11.200585651537336,33.89458272327965,26.500732064421666,5.563689604685212,28.84333821376281,5.197657393850659,78.52697095435684,51.46862483311081,11.548731642189585,3.4934497816593884,72.19917012448133,2.0441097364174285,86.22493461203139,61.58868335146899,12.973484848484848,87.02651515151516,30.903155603917305,24.591947769314473
2022,Census Tract 19.25; Mecklenburg County; North Carolina,37119001925,28.63770560944749,2.57275411218895,3.9645719105862502,60.83930830873049,8.350906790383803,24.46225221425559,2.3829607760438636,71.56007751937985,66.90011057869518,17.213416881680796,0.0,70.30038759689923,4.639479905437352,92.31050897107286,74.75409836065575,3.328050713153724,96.67194928684627,28.36065573770492,5.901639344262295
2022,Census Tract 19.26; Mecklenburg County; North Carolina,37119001926,14.969325153374232,8.865030674846626,1.012269938650307,55.828220858895705,23.37423312883436,13.680981595092023,6.104294478527607,62.0627261761158,89.48188546941955,37.20296065446046,14.786967418546364,90.10856453558505,3.354978354978355,87.64623303696771,69.81441048034934,1.769436997319035,98.23056300268097,31.222707423580786,18.995633187772924
2022,Census Tract 19.27; Mecklenburg County; North Carolina,37119001927,24.20821574161179,3.167137033552838,0.0,66.16494198808404,9.407337723424272,22.169959234869864,2.257761053621825,51.69312169312169,90.04207573632539,26.180458158017768,29.77602108036891,61.37566137566137,3.6408771203971866,98.99569583931134,78.1038374717833,16.204287515762925,83.79571248423707,0.0,7.298720842738901
2022,Census Tract 20.04; Mecklenburg County; North Carolina,37119002004,26.57218777679362,12.683790965456158,2.267493356953056,29.353410097431354,51.07174490699734,12.559787422497786,4.747564216120461,67.96875,99.82165605095541,66.19108280254777,21.301775147928996,85.19736842105263,5.572979493365501,100.0,87.10575139146567,5.355575065847234,94.64442493415277,56.3543599257885,3.2467532467532463
2022,Census Tract 20.05; Mecklenburg County; North Carolina,37119002005,15.711252653927813,14.012738853503185,5.3078556263269645,12.384996461429584,71.19603680113235,8.067940552016985,3.043170559094126,61.103633916554514,98.52686308492201,71.14384748700174,45.892351274787536,95.5585464333782,2.938706968933669,81.38873079112123,88.92782060266293,11.20099564405725,88.79900435594274,19.551506657323056,0.0
2022,Census Tract 20.06; Mecklenburg County; North Carolina,37119002006,24.184566428003183,16.388225934765313,2.1479713603818613,3.0495889684433837,91.72633253778838,2.704852824184566,0.37125430920180325,55.375253549695735,93.77532228360957,66.88766114180478,39.44827586206897,95.131845841785,6.680657572577825,92.28843264897347,88.24324324324324,14.549653579676674,85.45034642032333,74.86486486486487,1.7567567567567568
2022,Census Tract 20.07; Mecklenburg County; North Carolina,37119002007,20.190713101160863,24.62686567164179,3.731343283582089,32.71144278606965,52.943615257048094,3.814262023217247,6.799336650082918,80.59701492537313,89.20515574650913,47.58324382384533,5.676855895196507,79.40298507462687,5.145530145530146,99.90610328638498,61.946050096339114,12.846347607052897,87.1536523929471,52.601156069364166,2.9865125240847785
2022,Census Tract 20.08; Mecklenburg County; North Carolina,37119002008,19.591980302497362,25.079141751670768,2.849103060147731,5.768554344002814,90.04572634540978,1.3366162504396766,0.0,50.823937554206424,97.55664149266993,63.43847179031542,13.953488372093023,94.01561144839549,6.99912510936133,99.26062846580407,97.06349206349206,5.617977528089887,94.3820224719101,97.53968253968253,3.4126984126984126
2022,Census Tract 21; Mecklenburg County; North Carolina,37119002100,23.119868637110017,12.413793103448276,7.684729064039408,17.635467980295566,61.37931034482759,9.09688013136289,4.203612479474549,52.358926919518964,92.03539823008849,43.76106194690266,30.182926829268293,91.30434782608695,4.442545920546775,92.93966623876764,83.74816983894583,7.26408689748812,92.73591310251189,51.83016105417276,6.44216691068814
2022,Census Tract 22.01; Mecklenburg County; North Carolina,37119002201,29.60117087449689,7.866813025978778,4.2444200512257595,9.586534943285766,74.57006952067326,7.8302231979509695,3.768752286864252,46.22331691297209,97.25123694337549,81.80318856514567,25.13089005235602,91.95402298850574,4.677754677754678,98.01857585139318,98.29383886255924,12.083333333333334,87.91666666666667,65.59241706161137,5.023696682464455
2022,Census Tract 22.02; Mecklenburg County; North Carolina,37119002202,20.250320924261874,16.91270860077022,0.41720154043645696,9.146341463414634,85.36585365853658,2.503209242618742,2.5673940949935816,34.96391339214114,99.23664122137404,77.43320610687023,51.77165354330708,93.42421812349639,7.927565392354125,100.0,88.05275407292474,10.919143054595715,89.08085694540429,59.81380915438324,1.9394879751745537
2022,Census Tract 23; Mecklenburg County; North Carolina,37119002300,41.18942731277533,9.030837004405285,0.40906230333543103,90.08810572687224,1.6362492133417241,4.688483322844556,3.1780994336060417,42.40282685512368,81.25408229915088,7.250163291966036,2.2590361445783134,61.71967020023557,5.201072386058981,80.04966887417218,62.53002401921537,2.8771384136858478,97.12286158631416,18.494795836669336,32.746196957566056
2022,Census Tract 24; Mecklenburg County; North Carolina,37119002400,11.960025789813024,5.415860735009671,1.2572533849129592,5.1257253384912955,80.23855577047067,9.284332688588009,4.094132817537073,33.71462974111981,96.50406504065042,80.65040650406505,23.04832713754647,71.82420228777845,1.684364701574515,98.004158004158,91.39722863741339,11.947127605490595,88.05287239450941,35.277136258660505,4.618937644341801
2022,Census Tract 25; Mecklenburg County; North Carolina,37119002500,8.822269807280513,6.423982869379015,2.8265524625267666,7.537473233404711,81.37044967880087,6.0385438972162735,2.226980728051392,46.04261796042618,98.05570152390962,81.34524435102469,16.883116883116884,90.18264840182648,4.368248003757633,98.40679766330324,90.0604432505037,7.2851805728518055,92.7148194271482,28.609805238415042,2.552048354600403
2022,Census Tract 26; Mecklenburg County; North Carolina,37119002600,11.451495258935083,9.044493070751276,4.230488694383661,26.33114514952589,60.61269146608315,3.1363967906637495,5.689277899343545,20.4574332909784,93.8532110091743,65.22935779816514,41.52542372881356,68.36086404066074,3.459637561779242,94.5054945054945,83.05785123966942,14.38679245283019,85.61320754716981,38.01652892561984,7.300275482093664
2022,Census Tract 27.01; Mecklenburg County; North Carolina,37119002701,15.452991452991451,18.25641025641026,0.0,1.7777777777777777,91.8974358974359,5.094017094017094,1.2307692307692308,22.916666666666664,99.12280701754386,80.61821219715956,53.994490358126725,79.16666666666666,1.6174686615446827,97.69938650306749,88.09716599190284,6.155015197568389,93.84498480243161,81.37651821862349,2.348178137651822
2022,Census Tract 27.02; Mecklenburg County; North Carolina,37119002702,25.594118652761153,9.916224995725766,2.855188921183108,2.1200205163275774,89.50247905624893,2.9064797401265174,2.6158317661138653,25.595238095238095,100.0,92.35688185140073,53.69003690036901,92.12454212454212,4.204963235294118,97.67784740140067,96.1835997937081,6.101694915254238,93.89830508474576,86.23001547189273,0.5157297576070139
2022,Census Tract 28; Mecklenburg County; North Carolina,37119002800,24.305003971405878,22.66348954196452,0.10590415673815197,0.9531374106433679,98.17315329626688,0.5824728620598358,0.18533227429176596,19.606299212598426,99.59912536443149,89.94169096209913,68.13880126182966,97.71653543307086,11.437565582371459,98.08707124010554,91.1783238815375,1.7337461300309598,98.26625386996905,94.89603024574669,0.315059861373661
2022,Census Tract 29.03; Mecklenburg County; North Carolina,37119002903,21.81355540134166,14.226231783483692,4.533888503354152,7.888040712468193,83.92320148045339,1.7117742308582002,1.9430950728660652,59.32721712538226,100.0,81.1230964467005,59.85997666277713,89.90825688073394,3.2248520710059174,98.25726141078837,91.19247897080653,11.203866432337433,88.79613356766257,48.93617021276596,0.9896091044037605
2022,Census Tract 29.05; Mecklenburg County; North Carolina,37119002905,29.200118941421348,15.938150460898006,2.0814748736247397,1.5462384775498068,86.02438299137674,7.909604519774012,2.4382991376746954,47.32620320855615,98.6829727187206,85.18344308560677,36.24242424242424,89.12655971479501,4.451910961780765,98.44155844155844,91.6205533596838,24.970344009489917,75.02965599051008,67.27272727272727,6.007905138339921
2022,Census Tract 29.07; Mecklenburg County; North Carolina,37119002907,30.704868154158216,10.851926977687627,18.078093306288032,5.096348884381339,65.31440162271805,5.552738336713996,5.95841784989858,60.921052631578945,96.42712139667073,79.09053999187982,58.91016200294551,92.30263157894737,3.6589828027808267,100.0,88.3495145631068,9.079445145018916,90.92055485498108,43.41192787794729,0.7628294036061026
2022,Census Tract 29.08; Mecklenburg County; North Carolina,37119002908,22.11764705882353,28.058823529411764,2.3529411764705883,1.852941176470588,88.26470588235294,5.9411764705882355,1.588235294117647,54.5367717287488,97.94851166532582,69.67015285599356,30.87121212121212,98.94937917860554,9.894259818731117,99.57537154989384,80.54169636493229,8.180628272251308,91.81937172774869,69.49394155381326,12.045616535994299
2022,Census Tract 29.09; Mecklenburg County; North Carolina,37119002909,22.96124927703875,10.005783689994216,10.8155002891845,2.42914979757085,83.8635049161365,0.7518796992481203,2.139965297860035,47.284345047923324,99.34426229508196,82.54098360655738,26.421404682274247,79.71246006389777,4.42942942942943,97.11442786069652,83.79351740696278,12.683438155136267,87.31656184486373,36.134453781512605,7.803121248499399
2022,Census Tract 29.10; Mecklenburg County; North Carolina,37119002910,16.739811912225704,12.570532915360502,2.413793103448276,4.921630094043887,82.69592476489028,1.3479623824451412,8.620689655172415,54.55207574654042,98.8009592326139,69.82414068745004,10.554089709762533,85.43335761107065,2.183734939759036,98.91917293233082,85.472018089316,15.801999048072346,84.19800095192765,38.439796495195026,8.988128886376485
2022,Census Tract 30.06; Mecklenburg County; North Carolina,37119003006,21.949058693244737,16.54485049833887,4.496124031007752,3.8316722037652267,86.13510520487264,3.145071982281285,2.39202657807309,66.33778293673825,98.10032650638172,72.84060552092609,33.108108108108105,94.83459082994776,6.09512959270863,96.44087256027555,92.72277227722773,3.071017274472169,96.92898272552783,71.73267326732673,0.49504950495049505
2022,Census Tract 30.08; Mecklenburg County; North Carolina,37119003008,27.384763124199747,15.973111395646608,2.0166453265044813,8.146606914212548,79.84955185659412,9.5550576184379,0.43213828425096035,61.97680282400403,97.42280009287207,60.900859066635704,35.630383711824585,85.62783661119516,4.752431476569408,92.83803863298662,90.1639344262295,6.90406976744186,93.09593023255815,63.50507416081187,6.440281030444965
2022,Census Tract 30.12; Mecklenburg County; North Carolina,37119003012,26.49181905678537,23.84504331087584,2.743022136669875,12.223291626564004,75.76997112608277,5.7747834456207885,3.4889316650625597,53.18985395849347,97.47899159663865,69.04201680672269,28.950863213811424,93.46656418139892,5.335515548281506,98.71508379888269,75.14542570068747,9.217474795967355,90.78252520403265,53.781068217874136,11.581173982020095
2022,Census Tract 30.13; Mecklenburg County; North Carolina,37119003013,26.17683176422431,14.756446991404012,5.055259926320098,0.7777322963569382,89.80761358984854,2.271796970937372,2.0875972165370444,73.50848385331143,99.6783625730994,82.54385964912281,20.903361344537817,95.29282977558839,7.956750762406433,98.37083010085338,91.42248268513585,5.678391959798995,94.32160804020101,93.02077783697389,2.876931273308471
2022,Census Tract 30.15; Mecklenburg County; North Carolina,37119003015,23.654365436543653,18.955895589558956,4.986498649864987,6.786678667866787,78.16381638163816,6.480648064806481,3.582358235823582,67.75623268698061,99.32955131511089,70.52604435275916,29.153269024651664,92.85318559556787,7.309596793209148,94.43370699652107,93.91534391534393,0.0,100.0,91.32275132275133,0.582010582010582
2022,Census Tract 30.16; Mecklenburg County; North Carolina,37119003016,27.01013149385643,8.83811166199612,24.0784651864626,13.623625781418408,52.27419702522095,5.173528777753826,4.850183229144212,62.165002627430376,98.26224328593996,71.75355450236967,10.907003444316878,84.23541776142932,4.341405788541051,96.86226568867156,92.46458923512748,3.867102396514161,96.13289760348583,49.97167138810198,1.9263456090651558
2022,Census Tract 30.17; Mecklenburg County; North Carolina,37119003017,25.74412532637076,15.848563968668408,4.046997389033943,10.391644908616188,76.6579634464752,5.24804177545692,3.6553524804177546,61.11518708730741,99.25205684367988,70.04487658937921,27.26008344923505,92.00293470286134,4.781997187060478,94.30128840436075,90.89692101740295,6.4495929868503445,93.55040701314965,84.27041499330656,1.07095046854083
2022,Census Tract 30.18; Mecklenburg County; North Carolina,37119003018,19.02817476521029,16.29236423029808,8.370763576970191,5.716619028174765,79.50183748468763,5.226623111474071,1.1841567986933441,67.59927797833934,97.87798408488064,68.43501326259947,28.35820895522388,95.57761732851986,3.383838383838384,95.19368723098995,92.90718038528897,10.5716523101018,89.4283476898982,69.43957968476357,1.7513134851138354
2022,Census Tract 30.19; Mecklenburg County; North Carolina,37119003019,27.48652621264086,18.226359627633514,3.1847133757961785,7.202351788339049,77.60901518863302,7.496325330720236,4.507594316511514,63.34310850439883,100.0,77.50889679715303,1.3392857142857142,92.52199413489735,4.864864864864865,98.38220424671385,88.10126582278481,11.335578002244668,88.66442199775533,80.25316455696202,0.0
2022,Census Tract 30.20; Mecklenburg County; North Carolina,37119003020,25.20775623268698,25.346260387811636,2.169898430286242,1.9390581717451523,93.67497691597416,2.21606648199446,0.0,65.44923301680059,97.49415302372202,81.99131306381557,67.72030651340997,94.15631848064281,4.506172839506172,97.75739041794088,89.81657179000632,2.886977886977887,97.11302211302211,94.11764705882352,3.478810879190386
2022,Census Tract 30.21; Mecklenburg County; North Carolina,37119003021,29.76027397260274,8.938356164383562,2.2260273972602738,3.801369863013699,88.32191780821917,1.4726027397260275,4.178082191780822,56.582633053221286,100.0,85.2359208523592,48.97959183673469,89.91596638655463,5.509507557289127,95.47169811320755,88.11059907834101,2.0758122743682312,97.92418772563177,65.52995391705069,3.133640552995392
2022,Census Tract 30.22; Mecklenburg County; North Carolina,37119003022,28.817480719794347,28.843187660668377,5.347043701799485,2.956298200514139,83.65038560411311,1.9023136246786632,6.143958868894601,65.8835546475996,98.16782704287284,77.94063759618908,25.11961722488038,96.5270684371808,13.362224629830264,93.10141509433963,87.00384122919334,7.737743650324867,92.26225634967513,88.4122919334187,6.017925736235595
2022,Census Tract 31.02; Mecklenburg County; North Carolina,37119003102,13.857213683688647,18.765493306891422,1.2890431333663859,7.411998016856717,63.65889935547844,21.913733267228558,5.726326227069905,39.113863744640305,88.16287878787878,57.60732323232324,0.0,79.56169604573606,4.143884892086331,99.25619834710744,73.52941176470588,7.863171923589515,92.13682807641048,45.22661523625844,14.754098360655737
2022,Census Tract 31.05; Mecklenburg County; North Carolina,37119003105,20.20990312163617,22.38966630785791,0.1076426264800861,4.009687836383208,91.81916038751345,1.7491926803013993,2.3143164693218514,53.625081645983016,98.80450070323488,69.79606188466948,21.391752577319586,90.85564990202482,6.8764967499144705,94.05845711547676,91.65707710011507,5.850487540628386,94.1495124593716,85.90333716915995,0.0
2022,Census Tract 31.06; Mecklenburg County; North Carolina,37119003106,26.895923479845134,9.974948758824869,2.7100888180368936,15.167387838761101,49.738100660441816,30.653609656114778,1.730813026645411,58.24858757062147,86.9449081803005,59.26544240400668,0.0,83.78531073446328,2.679127725856698,96.63099484740388,85.72237960339943,3.867102396514161,96.13289760348583,74.8441926345609,1.3031161473087818
2022,Census Tract 31.08; Mecklenburg County; North Carolina,37119003108,28.393632416787263,5.615050651230101,2.3154848046309695,18.523878437047756,27.14905933429812,50.70911722141823,1.3024602026049203,58.674901740595175,84.22330097087378,22.766990291262136,1.7408123791102514,67.88321167883211,3.5165723524656425,91.42461964038728,72.06623470122389,9.863724853990915,90.13627514600908,35.42116630669546,8.423326133909287
2022,Census Tract 31.09; Mecklenburg County; North Carolina,37119003109,30.193356470004957,1.8096182449181955,1.8096182449181955,26.772434308378777,10.312345066931087,58.7010411502231,2.404561229548835,57.71812080536913,69.11636045494313,25.240594925634298,4.619565217391304,63.51869606903164,1.3913663931501963,95.65936337329475,72.22222222222221,8.273381294964029,91.72661870503596,1.3071895424836601,11.699346405228757
2022,Census Tract 31.10; Mecklenburg County; North Carolina,37119003110,13.624454148471616,5.93886462882096,0.8296943231441047,0.0,82.75109170305677,8.51528384279476,7.903930131004366,51.48874364560639,100.0,73.28366152208622,0.0,95.78794480755265,0.0,99.26345609065156,98.14643188137164,1.2808783165599267,98.71912168344006,73.77201112140871,0.46339202965708987
2022,Census Tract 31.11; Mecklenburg County; North Carolina,37119003111,24.81162540365985,3.606027987082885,6.862217438105491,2.7179763186221746,82.53498385360602,6.566200215285253,1.318622174381055,52.644710578842314,95.86912065439674,68.9161554192229,13.363363363363364,90.26946107784431,0.7158196134574087,100.0,90.44313934863854,10.681926561754889,89.31807343824512,39.402028830752805,5.766150560597971
2022,Census Tract 32.01; Mecklenburg County; North Carolina,37119003201,13.20015667841755,9.16568742655699,0.0,5.992949471210341,76.69408538973757,15.785350567959263,1.527614571092832,38.392321535692865,92.37536656891496,46.04105571847507,0.0,80.98380323935213,5.324909747292419,98.98373983739837,86.0621326616289,9.360730593607306,90.6392694063927,69.52141057934509,8.060453400503778
2022,Census Tract 32.03; Mecklenburg County; North Carolina,37119003203,19.91599579978999,4.130206510325516,2.2051102555127757,24.501225061253063,52.22261113055653,12.250612530626531,8.820441022051103,43.82217090069284,97.96610169491525,54.57627118644067,17.419354838709676,83.14087759815243,4.743083003952568,94.94949494949495,78.1011781011781,8.613046231792273,91.38695376820772,25.294525294525293,10.325710325710325
2022,Census Tract 32.04; Mecklenburg County; North Carolina,37119003204,14.918851435705369,18.3832709113608,1.5917602996254683,7.490636704119851,80.4307116104869,3.9637952559300875,6.523096129837704,37.22261989978525,95.47638110488391,69.29543634907927,18.87905604719764,85.61202576950609,4.5487894350697,89.95215311004785,88.61061419200954,5.627462014631401,94.3725379853686,64.34108527131784,8.825283243887895
2022,Census Tract 33.01; Mecklenburg County; North Carolina,37119003301,5.145565335138795,7.0412999322951935,9.88490182802979,4.942450914014895,74.74610697359513,9.27555856465809,1.1509817197020988,32.232232232232235,93.95348837209302,75.62790697674419,0.0,72.07207207207207,1.4450867052023122,97.25190839694656,89.2354124748491,7.18954248366013,92.81045751633987,9.758551307847082,12.776659959758552
2022,Census Tract 33.02; Mecklenburg County; North Carolina,37119003302,18.639609169485155,11.349116873355882,3.720405862457723,2.931228861330327,85.04321683577602,1.954152574220218,6.350995866215708,36.67649950835792,93.78585086042065,70.36328871892925,8.053691275167784,87.41396263520157,2.9099307159353347,97.90741915028536,87.25901089689857,4.712460063897764,95.28753993610223,63.118189438390615,7.041072925398156
2022,Census Tract 34.01; Mecklenburg County; North Carolina,37119003401,14.693446088794925,8.0338266384778,1.849894291754757,0.47568710359408034,79.28118393234672,15.221987315010571,3.171247357293869,38.72377622377623,99.38271604938271,93.48422496570645,25.465838509316768,73.86363636363636,2.41635687732342,100.0,93.57884796978281,13.62153344208809,86.3784665579119,42.020774315391876,0.84985835694051
2022,Census Tract 34.02; Mecklenburg County; North Carolina,37119003402,21.211283185840706,7.936946902654868,2.820796460176991,0.4701327433628319,87.88716814159292,6.415929203539823,2.4059734513274336,40.476190476190474,97.3338485316847,82.72797527047913,21.41414141414141,86.18012422360249,2.5974025974025974,98.7357259380098,95.9261616804583,14.38692098092643,85.61307901907357,73.13812858052196,0.0
2022,Census Tract 35; Mecklenburg County; North Carolina,37119003500,10.736533528765117,16.159765481861488,2.6383290582631,0.696225723708318,88.49395382924148,2.491755221692928,5.679736167094173,20.90313182811362,99.00043459365493,90.56931768796176,44.21052631578947,87.90968681718864,7.624262847514743,96.5909090909091,91.15687462144155,9.08590308370044,90.91409691629956,60.32707450030285,5.511811023622047
2022,Census Tract 36; Mecklenburg County; North Carolina,37119003600,13.10578426263679,7.9468473163105795,3.4392912975508074,33.03804064616988,45.72694111516415,13.366336633663368,4.429390307451798,33.43573988735279,91.05783866057838,57.458143074581436,17.549668874172188,64.10650281618024,4.533091568449683,98.61431870669746,72.78511992168379,12.878464818763327,87.12153518123668,33.431228585413606,13.509544787077827
2022,Census Tract 37.01; Mecklenburg County; North Carolina,37119003701,1.6203703703703702,1.8518518518518516,3.8194444444444446,8.275462962962964,84.43287037037037,0.40509259259259256,3.0671296296296298,36.10698365527489,98.64150943396226,85.58490566037736,52.54237288135594,84.54680534918276,1.5966883500887048,97.47952110901072,87.62214983713355,19.104084321475625,80.89591567852437,0.0,8.224755700325732
2022,Census Tract 37.02; Mecklenburg County; North Carolina,37119003702,17.90411540093339,3.8184132371658888,1.1879507848960544,46.79677556215528,44.42087399236318,6.873143826898601,0.7212558336868901,36.62587412587413,91.49338374291115,46.25078764965343,0.0,80.24475524475524,0.20671834625322996,92.64884568651276,74.02826855123675,7.742461287693561,92.25753871230644,11.925795053003533,8.92226148409894
2022,Census Tract 38.02; Mecklenburg County; North Carolina,37119003802,21.38871667699938,17.203967761934283,3.533787972721637,69.99380037197767,11.99628022318661,13.484190948543088,0.9919404835709857,38.88888888888889,83.84683098591549,21.610915492957748,0.16474464579901155,75.24509803921569,8.32018927444795,92.8183464091732,60.949152542372886,7.523510971786834,92.47648902821317,34.847457627118644,12.067796610169491
2022,Census Tract 38.05; Mecklenburg County; North Carolina,37119003805,14.337568058076226,1.5037593984962405,19.911848586984704,18.61550427793622,48.40549649987037,8.322530464091264,4.7446201711174485,42.09505334626576,93.97163120567376,58.58156028368794,3.216374269005848,84.91755577109602,4.6307506053268765,95.82228116710876,85.56797020484171,2.407996365288505,97.5920036347115,17.271880819366853,13.268156424581006
2022,Census Tract 38.07; Mecklenburg County; North Carolina,37119003807,29.709670377646802,9.539401877319364,2.510368915084043,34.577603143418465,10.434402968784108,51.80091683038638,0.6767081423270028,51.6,71.3984539704849,23.893183415319747,0.0,64.11428571428571,2.360248447204969,96.05548331166017,72.20762155059133,7.025045815516188,92.97495418448382,35.019710906701704,5.650459921156373
2022,Census Tract 38.08; Mecklenburg County; North Carolina,37119003808,30.8843537414966,1.7989417989417988,1.345427059712774,28.359788359788357,3.839758125472411,66.40967498110355,0.045351473922902494,54.02173913043479,65.70504849539915,21.238497886097985,7.228070175438596,63.47826086956522,4.046369203849519,90.63045103413904,55.385329619312905,3.8392857142857144,96.16071428571429,18.152274837511605,10.724233983286908
2022,Census Tract 38.09; Mecklenburg County; North Carolina,37119003809,25.44347365634101,10.219751125231666,16.57400052952078,41.673285676462804,20.095313741064334,20.386550172094257,1.2708498808578237,55.740528128587826,78.59712230215827,32.14928057553957,0.0,64.35132032146957,5.9303977272727275,95.46550892426436,81.78963893249608,6.871345029239766,93.12865497076024,50.706436420722135,3.6891679748822606
2022,Census Tract 38.10; Mecklenburg County; North Carolina,37119003810,22.260976610586784,10.463684858432499,17.398440705785802,23.225276979893312,10.545752974969226,47.10709889208043,1.7234304472712352,37.89341166596727,75.26627218934911,38.90532544378698,25.782227784730914,64.16281997482164,3.766025641025641,94.2228848304137,79.36507936507937,7.298410829899941,92.70158917010006,36.317460317460316,9.904761904761905
2022,Census Tract 38.11; Mecklenburg County; North Carolina,37119003811,16.16740088105727,8.061674008810572,5.814977973568282,60.26431718061674,12.687224669603525,17.841409691629956,3.3920704845814975,37.752161383285305,94.37652811735941,33.12958435207824,80.38147138964578,77.01729106628243,2.049395691014188,99.07063197026022,79.56795679567958,9.453952730236349,90.54604726976365,34.56345634563456,4.05040504050405
2022,Census Tract 39.02; Mecklenburg County; North Carolina,37119003902,27.43845141890622,11.689532042849088,1.5410637098289794,79.12046607780492,3.1948881789137378,14.640105243375306,1.5034767900770531,42.13098729227762,78.03806734992679,17.774524158125914,8.810949529512403,75.95307917888563,2.4274406332453826,89.60685091475283,53.94486692015209,4.407087687414812,95.59291231258518,29.087452471482887,11.02661596958175
2022,Census Tract 39.03; Mecklenburg County; North Carolina,37119003903,42.766151046405824,12.51137397634213,4.185623293903549,76.16014558689717,4.185623293903549,13.10282074613285,2.3657870791628755,45.06437768240343,73.73271889400922,16.129032258064516,0.0,79.54220314735336,3.382838283828383,78.15315315315316,45.26431718061674,8.46774193548387,91.53225806451613,5.616740088105727,38.32599118942731
2022,Census Tract 40; Mecklenburg County; North Carolina,37119004000,23.960695389266817,12.799193751574704,9.44822373393802,49.81103552532124,15.847820609725371,15.948601662887377,8.944318468127992,53.96610169491526,79.44890929965557,16.838882510524304,2.3192360163710775,76.47457627118645,6.196156394963552,87.01923076923077,60.899014778325125,16.115702479338843,83.88429752066115,43.84236453201971,16.44088669950739
2022,Census Tract 41.01; Mecklenburg County; North Carolina,37119004101,15.473078933612127,8.259278619968635,0.0,40.87820177731312,47.673810768426556,2.9796131730266597,8.468374281233665,45.521601685985246,90.22346368715084,65.92178770949721,24.369747899159663,81.5595363540569,1.9789734075448362,95.60761346998537,83.31697742885181,1.0679611650485437,98.93203883495146,30.42198233562316,7.75269872423945
2022,Census Tract 41.02; Mecklenburg County; North Carolina,37119004102,15.365938258758238,6.1047519944502255,5.584460631286854,33.15990287894554,45.855012140131805,8.567464446756851,6.833159902878945,35.17964071856288,95.76634512325832,74.33011789924974,7.722007722007722,92.44011976047905,4.672131147540984,88.42857142857142,94.903988183161,14.195183776932826,85.80481622306718,47.41506646971935,2.2156573116691285
2022,Census Tract 42; Mecklenburg County; North Carolina,37119004200,20.260223048327138,16.691449814126393,0.03717472118959108,66.43122676579925,16.50557620817844,10.63197026022305,6.394052044609666,28.69481765834933,79.10146390711762,18.727915194346288,6.451612903225806,71.11324376199616,2.237762237762238,96.82080924855492,66.3250366032211,10.190664036817882,89.80933596318211,32.8696925329429,23.42606149341142
2022,Census Tract 43.02; Mecklenburg County; North Carolina,37119004302,29.80074447120648,11.8020582439238,4.970440113860302,72.87059338734399,7.0724764615721485,12.064812787387783,3.0216772498357787,35.47646383467279,80.042689434365,18.854500177872644,10.414827890556046,76.80826636050516,4.61634435433562,93.1002331002331,59.419464997154236,14.584346135148273,85.41565386485172,46.38588503130336,12.122936824132042
2022,Census Tract 43.03; Mecklenburg County; North Carolina,37119004303,20.89804186360567,18.365968939905468,9.182984469952734,49.56110735989196,12.491559756921,24.40918298446995,4.355165428764349,58.41379310344828,78.58142790480635,29.58469435370975,19.94459833795014,86.62068965517241,6.402048655569782,95.3474320241692,67.5,7.246376811594203,92.7536231884058,58.854166666666664,3.0208333333333335
2022,Census Tract 43.04; Mecklenburg County; North Carolina,37119004304,31.515012606005044,11.162044464817786,14.43960577584231,59.3628237451295,5.6383222553289025,16.8920467568187,3.6672014668805866,67.94468887492144,80.83055246570264,13.5706340378198,0.0,67.81898177247014,9.036144578313253,98.02089059923034,70.03584229390681,7.738095238095238,92.26190476190477,54.98207885304659,4.946236559139785
2022,Census Tract 43.06; Mecklenburg County; North Carolina,37119004306,24.099441907661085,4.9974632166412984,0.0,56.16438356164384,5.530187721968543,31.303906646372397,7.00152207001522,40.542521994134894,56.651456651456655,15.935415935415936,3.050397877984085,87.68328445747801,9.99331550802139,95.61347743165925,73.48608837970541,9.548482605477423,90.45151739452257,6.137479541734861,11.04746317512275
2022,Census Tract 43.07; Mecklenburg County; North Carolina,37119004307,21.7163239613932,7.742341586235837,4.1334452370960975,66.61770877045741,22.09399916072178,6.6722618548048676,0.48258497691984886,56.81725681725682,93.984496124031,14.263565891472869,1.4771048744460855,92.06349206349206,4.261592066470115,86.21125869702719,85.84717607973423,1.5052356020942408,98.49476439790575,74.28571428571429,3.322259136212625
2022,Census Tract 44; Mecklenburg County; North Carolina,37119004400,21.696907743419374,10.503450038333758,5.238947099412216,63.73626373626373,14.157935088167648,16.227958088423204,0.638895987733197,59.27299703264095,79.69924812030075,8.378088077336198,0.3110419906687403,91.83976261127597,9.432114882506527,95.83116206357478,69.28934010152284,1.7456359102244388,98.25436408977556,60.34263959390863,6.662436548223351
2022,Census Tract 45; Mecklenburg County; North Carolina,37119004500,23.30588980367321,15.072830905636478,8.803039898670043,64.69284357188094,15.167827739075365,3.8632045598480054,7.473084230525649,59.83531564501372,81.67233835683034,15.070491006319884,0.0,92.40622140896615,6.193228736581338,93.29896907216495,58.620689655172406,2.8404952658412235,97.15950473415877,57.87106446776612,17.991004497751124
2022,Census Tract 46; Mecklenburg County; North Carolina,37119004600,18.501841997544002,23.168235775685634,0.0,93.28694228407696,2.4559967253376995,4.257060990585345,0.0,59.93150684931506,83.10308182784271,8.129649309245483,0.0,95.8904109589041,6.981416373681568,93.37175792507205,55.86642599277978,14.108527131782948,85.89147286821705,47.47292418772563,19.855595667870034
2022,Census Tract 47; Mecklenburg County; North Carolina,37119004700,16.009417304296644,4.2377869334902885,1.1183048852266038,59.21130076515597,32.9605650382578,2.2366097704532075,4.473219540906415,29.213483146067414,97.46835443037975,36.427566807313646,0.0,66.6131621187801,1.5416958654519972,92.9192546583851,85.01026694045176,18.697829716193656,81.30217028380635,47.84394250513347,11.293634496919918
2022,Census Tract 48; Mecklenburg County; North Carolina,37119004800,12.00698080279232,23.595113438045377,0.0,88.69109947643979,5.165794066317626,4.642233856893543,1.50087260034904,38.13443072702332,84.78737395879,16.87856203419553,6.690140845070422,92.04389574759945,12.058706862356209,95.98633646456021,41.57303370786517,10.05053340819764,89.94946659180236,42.25967540574282,28.15230961298377
2022,Census Tract 49; Mecklenburg County; North Carolina,37119004900,16.60649819494585,24.789410348977135,0.0,97.83393501805054,2.166064981949458,0.0,0.0,44.01709401709402,83.79204892966361,8.409785932721713,0.0,45.2991452991453,7.07070707070707,87.96561604584528,67.89667896678966,4.240282685512367,95.75971731448763,77.49077490774908,1.4760147601476015
2022,Census Tract 50; Mecklenburg County; North Carolina,37119005000,25.13389441469013,9.334353481254782,3.978576893649579,70.27543993879112,19.05126243305279,3.0604437643458304,3.6342769701606734,43.07832422586521,93.22493224932249,48.13008130081301,14.717741935483872,89.34426229508196,3.6791006642820645,95.53512803676954,76.12612612612612,1.7699115044247788,98.23008849557522,55.4054054054054,10.18018018018018
2022,Census Tract 51; Mecklenburg County; North Carolina,37119005100,23.28301886792453,10.716981132075471,7.584905660377358,76.18867924528303,10.566037735849058,5.056603773584905,0.6037735849056604,61.21031746031746,77.86752827140549,8.185245018847603,0.0,64.78174603174604,2.9513034923757995,94.80415667466026,44.077356970185335,8.61561119293078,91.38438880706921,24.65753424657534,19.258662369057213
2022,Census Tract 52; Mecklenburg County; North Carolina,37119005200,15.424430641821946,14.751552795031056,0.0,74.84472049689441,11.283643892339544,11.749482401656316,2.122153209109731,27.37430167597765,78.13432835820896,20.522388059701495,0.0,73.74301675977654,3.763109191856878,86.86200378071834,70.6021251475797,6.3053097345132745,93.69469026548673,34.35655253837072,12.278630460448642
2022,Census Tract 53.01; Mecklenburg County; North Carolina,37119005301,35.996429368444545,3.816112474893997,1.048873019415309,54.831510823476904,10.600312430261102,33.05065833519304,0.46864539165364877,52.357320099255574,67.71037181996086,21.135029354207436,1.63727959697733,76.1166253101737,3.695955369595537,99.30523390458545,66.1090458488228,2.6537997587454765,97.34620024125452,33.82899628252788,14.250309789343246
2022,Census Tract 53.05; Mecklenburg County; North Carolina,37119005305,25.865724381625444,19.905771495877502,0.0,67.39693757361603,1.2720848056537104,30.43580683156655,0.8951707891637221,51.34892086330935,82.31316725978648,14.768683274021353,0.0,83.36330935251799,9.850651414045123,93.27731092436974,56.54290931223371,7.851934941110487,92.14806505888951,42.11807668898357,7.973219720024345
2022,Census Tract 53.06; Mecklenburg County; North Carolina,37119005306,24.092116917626218,14.614703277236494,0.0,47.74136403897254,8.857395925597874,43.09123117803366,0.3100088573959256,50.595238095238095,71.78825048418335,20.65848934796643,0.0,87.10317460317461,6.651108518086348,94.02843601895735,57.308377896613194,7.57825370675453,92.42174629324546,46.88057040998218,17.647058823529413
2022,Census Tract 53.07; Mecklenburg County; North Carolina,37119005307,25.09000900090009,4.14041404140414,4.342934293429343,48.35733573357336,10.126012601260125,33.55085508550855,3.622862286228623,56.9206008583691,74.42748091603053,15.801526717557252,0.0,65.82618025751073,2.0278450363196128,96.52209492635025,70.6047032474804,11.496531219028741,88.50346878097126,9.798432250839866,9.238521836506159
2022,Census Tract 53.08; Mecklenburg County; North Carolina,37119005308,33.71853074700784,5.6128765992571195,2.8064382996285597,34.585224927775485,1.1143210895583986,61.20511762278168,0.2888980602558811,60.16260162601627,65.63965170797053,6.898861352980576,0.0,77.35191637630662,1.3075965130759652,95.69983136593592,50.32894736842105,17.615176151761517,82.38482384823848,8.00438596491228,13.706140350877194
2022,Census Tract 54.03; Mecklenburg County; North Carolina,37119005403,30.70131600866234,8.395802098950526,2.148925537231384,46.92653673163419,9.728469098783942,27.969348659003828,13.22671997334666,60.458958517210945,79.60526315789474,27.183014354066987,1.3869625520110958,79.03795233892322,3.918269230769231,97.73622047244095,73.32985386221294,5.289174493326742,94.71082550667326,61.5866388308977,4.801670146137787
2022,Census Tract 54.04; Mecklenburg County; North Carolina,37119005404,24.05947285424645,18.202297814823158,3.311556656904708,71.14214913268754,10.700608245100247,13.02095066456409,1.8247353007434106,61.93265007320644,86.29191321499013,20.052596975673897,0.0,89.7510980966325,7.6238504894690005,98.95586141433319,70.17732401934444,3.324675324675325,96.67532467532467,63.191832348199895,9.457281031703385
2022,Census Tract 54.05; Mecklenburg County; North Carolina,37119005405,31.917808219178085,5.993150684931506,1.2671232876712328,64.82876712328766,8.664383561643836,11.883561643835616,13.356164383561644,57.5938566552901,88.98888300688195,43.2503970354685,0.0,85.06825938566553,3.8229376257545273,99.2231638418079,84.21494542401344,12.103321033210332,87.89667896678966,62.55247691015953,4.953820319059614
2022,Census Tract 54.06; Mecklenburg County; North Carolina,37119005406,24.678598437106125,20.468868162339298,0.0,83.2367027980842,8.44466851525082,5.949079909251323,2.3695487774136628,73.09039943938332,91.35714285714286,35.25,0.14124293785310735,94.11352487736511,5.4886211512717535,99.01041666666667,70.69876688197299,4.002254791431793,95.9977452085682,50.14679976512038,5.695830886670581
2022,Census Tract 55.08; Mecklenburg County; North Carolina,37119005508,23.687877380399442,14.537854156990246,0.9986065954482117,41.19832791453785,47.93311658151417,6.595448211797492,3.274500696702276,68.41432225063939,97.5975975975976,48.114781448114776,0.0,92.45524296675191,4.65611685940353,97.48005039899202,88.65203761755485,0.0,100.0,87.64890282131661,1.6300940438871474
2022,Census Tract 55.10; Mecklenburg County; North Carolina,37119005510,34.643442012803334,3.6921244603245493,3.528360875390799,60.30966205151109,8.53059401518535,26.60413875241924,1.0272443054935239,69.72775294595694,82.26507332971211,38.32156436719175,0.0,83.01503453880537,6.469248291571754,97.80189204229272,80.66248880931064,12.392156862745098,87.6078431372549,59.44494180841539,2.372426141450313
2022,Census Tract 55.11; Mecklenburg County; North Carolina,37119005511,21.293732695695947,8.381575635539894,2.4163100931286183,70.40020135917443,20.18625723634533,5.638056883966776,1.3591744273848478,72.06703910614524,97.18772826880935,41.74579985390796,9.696969696969697,99.72067039106145,7.579149344419571,97.50208159866777,89.32642487046633,11.992704058367533,88.00729594163246,31.968911917098445,3.678756476683938
2022,Census Tract 55.12; Mecklenburg County; North Carolina,37119005512,22.00212239122745,8.471878316236294,1.8217191368942343,69.1368942341705,9.869119207640608,16.094800141492748,3.07746727980191,67.8882272102611,86.68188736681887,29.65499746321664,0.0,81.76820888685296,7.709750566893423,98.08429118773945,78.2240071396698,3.028991778450887,96.97100822154911,68.98705934850513,1.9187862561356537
2022,Census Tract 55.13; Mecklenburg County; North Carolina,37119005513,21.625509470151044,13.378086789738672,7.096619515703669,42.24406617118197,34.7638456005754,9.68592663629825,6.20954207624071,49.69059405940594,96.40675530003593,46.78404599353216,7.591240875912408,87.25247524752476,9.635974304068522,91.65935030728708,90.83076923076922,5.192532088681447,94.80746791131855,81.66153846153847,4.061538461538461
2022,Census Tract 55.15; Mecklenburg County; North Carolina,37119005515,17.35632183908046,18.04597701149425,3.103448275862069,31.95402298850575,48.39080459770115,10.613026819923371,5.938697318007663,56.98324022346368,94.92080830147461,46.25887493173129,14.249999999999998,88.68715083798882,5.579399141630901,93.93479909021987,79.1320406278855,9.06801007556675,90.93198992443325,82.82548476454294,3.970452446906741
2022,Census Tract 55.16; Mecklenburg County; North Carolina,37119005516,24.05128205128205,13.025641025641024,1.3846153846153846,44.256410256410255,47.8974358974359,3.948717948717949,2.5128205128205128,78.97990726429676,99.75510204081633,65.38775510204081,16.379310344827587,94.74497681607419,5.0101557210561944,96.26467449306297,88.49028400597906,0.0,100.0,89.0881913303438,1.046337817638266
2022,Census Tract 55.17; Mecklenburg County; North Carolina,37119005517,17.9056557174611,17.263521857248705,2.272165966905409,34.92220301308965,48.752778463818224,8.298345270437144,5.754507285749568,52.85806037251124,97.77995429317663,58.21090434214822,7.9086115992970125,84.6499678869621,12.906137184115524,99.10979228486647,91.03369503141062,4.1073384446878425,95.89266155531216,80.06853226727584,3.3123929183323817
2022,Census Tract 55.19; Mecklenburg County; North Carolina,37119005519,29.0819034141164,5.908367238634353,11.710596143640545,40.014151777817084,34.86644259685123,11.250663364585176,2.1581461171059613,71.65124208475402,94.976276862964,52.358358917108575,3.4649476228847704,87.18947881149536,1.6712397106510353,99.28379588182632,82.20958570268074,3.109012199921291,96.8909878000787,39.92688870836718,1.9090170593013809
2022,Census Tract 55.20; Mecklenburg County; North Carolina,37119005520,23.862745098039216,12.823529411764707,17.392156862745097,44.96078431372549,21.45098039215686,10.470588235294118,5.7254901960784315,61.97827329902802,88.5498401627434,55.73961057832025,14.494163424124515,92.56718124642653,7.854751480813804,95.90457256461232,81.88277087033747,8.702702702702702,91.29729729729729,85.43516873889875,0.0
2022,Census Tract 55.22; Mecklenburg County; North Carolina,37119005522,16.311066799601196,4.007976071784646,4.127617148554337,43.90827517447657,39.48155533399801,7.956131605184447,4.52642073778664,54.73797559224695,93.69610466845079,50.996134403806124,11.73469387755102,90.63173007896626,12.832176203016518,99.46236559139786,85.986328125,9.139307897071872,90.86069210292813,33.740234375,1.611328125
2022,Census Tract 55.25; Mecklenburg County; North Carolina,37119005525,24.29885573255553,5.9905766210455464,9.894547902176352,40.99169845187346,26.161094906888042,18.891631142023783,4.0610275970383665,63.35195530726258,88.70351060132083,46.33298574904414,10.668229777256741,96.08938547486034,5.245998814463545,99.15658232489916,76.23697916666666,2.7232425585813806,97.27675744141861,55.2734375,0.0
2022,Census Tract 55.26; Mecklenburg County; North Carolina,37119005526,16.40571817562968,4.867256637168142,6.024506466984343,55.51395507147719,24.268209666439756,11.91286589516678,2.2804628999319263,69.71109040074556,98.46582984658299,52.16178521617852,19.22141119221411,98.22926374650513,14.26222770242499,96.90666666666667,97.16666666666667,0.0,100.0,87.33333333333333,0.0
2022,Census Tract 55.27; Mecklenburg County; North Carolina,37119005527,24.909270867700428,16.52919828439459,1.583635763774332,47.64104256021115,39.854833388320685,9.435829759155395,1.4846585285384362,42.90657439446367,98.1442205726405,49.787910922587486,6.275303643724696,96.36678200692042,14.411247803163443,95.57109557109557,87.0,2.3028611304954643,97.69713886950454,50.642857142857146,7.7857142857142865
2022,Census Tract 55.28; Mecklenburg County; North Carolina,37119005528,23.70625924100542,9.684573681616559,0.0,60.49778215869887,35.78117299162149,2.1192705766387383,1.6017742730409068,48.69281045751634,98.32300401020781,65.87677725118483,15.913200723327305,99.45533769063181,7.881136950904392,93.85313531353135,66.75406397482958,4.506760140210315,95.49323985978968,50.760356581017305,2.674357629785003
2022,Census Tract 55.29; Mecklenburg County; North Carolina,37119005529,24.71609886439546,19.97327989311957,0.46760187040748163,47.29458917835671,41.08216432865731,4.809619238476954,6.346025384101536,82.7426810477658,99.1304347826087,33.52657004830918,0.0,98.92141756548536,3.0168589174800355,100.0,82.71604938271605,15.133876600698487,84.86612339930151,37.31138545953361,0.9602194787379973
2022,Census Tract 55.30; Mecklenburg County; North Carolina,37119005530,28.17096863724674,5.772966971967804,21.815154038301415,47.82126006106023,27.0052733832917,2.3868998057174577,0.971412711629198,51.876019575856446,97.52308984047019,62.04869857262805,0.0,85.15497553017944,6.491499227202473,96.2406015037594,85.96993557623479,6.430006697923643,93.56999330207636,57.909806728704375,0.7874015748031495
2022,Census Tract 55.31; Mecklenburg County; North Carolina,37119005531,23.328877005347593,5.848930481283422,0.21724598930481284,40.60828877005348,48.830213903743314,7.754010695187167,2.59024064171123,74.04773996952768,98.2051282051282,46.717948717948715,10.11743450767841,94.71813103098019,6.259609048978695,94.54161640530761,88.3362676056338,11.423001949317738,88.57699805068226,61.31161971830986,1.3644366197183098
2022,Census Tract 55.32; Mecklenburg County; North Carolina,37119005532,14.59995165578922,2.0788010635726373,28.52308436064781,41.40681653372009,24.051244863427605,5.632100555958424,0.38675368624607204,62.3179965055329,91.47333534197047,51.94335643266044,0.0,89.6913220733838,5.557146949298195,98.52786540483702,94.63350785340315,7.6923076923076925,92.3076923076923,18.586387434554975,4.406631762652705
2022,Census Tract 55.33; Mecklenburg County; North Carolina,37119005533,9.090909090909092,0.0,3.1313131313131315,32.72727272727273,49.3939393939394,13.939393939393941,0.8080808080808081,31.771894093686353,100.0,53.768844221105525,0.0,83.70672097759673,0.0,89.44020356234097,85.95744680851064,7.8431372549019605,92.15686274509804,8.652482269503546,10.070921985815604
2022,Census Tract 55.34; Mecklenburg County; North Carolina,37119005534,14.514534308878781,6.6640300573462525,12.022938501087602,42.79216927031837,34.387977061498916,4.488827368004746,6.30808779909037,59.72222222222222,97.47714808043875,44.53382084095064,0.0,81.84865900383141,6.847096923432801,95.78642650369893,77.5926697209496,8.811241929358147,91.18875807064185,5.0395668471470225,5.872553102873803
2022,Census Tract 55.35; Mecklenburg County; North Carolina,37119005535,24.494886505362935,0.9728111748565728,19.007233724120727,51.08505861810926,18.209029683212773,7.607882264903966,4.09079570965328,42.03440538519072,80.87091757387248,43.04043545878694,0.0,71.12939416604338,3.6544850498338874,98.57482185273159,74.0,7.2642967542503865,92.73570324574962,20.27777777777778,18.333333333333332
2022,Census Tract 55.36; Mecklenburg County; North Carolina,37119005536,17.786818551668024,10.398698128559806,13.816110659072416,48.6899918633035,28.52725793327909,7.485760781122865,1.4808787632221316,50.87009307972481,94.56057541020454,52.50618116430659,1.6839378238341969,77.45851881829219,4.691211401425178,98.31761407086414,83.16100443131462,8.63697705802969,91.3630229419703,35.450516986706056,4.83751846381093
2022,Census Tract 56.04; Mecklenburg County; North Carolina,37119005604,0.43044077134986225,0.8436639118457301,8.247245179063361,32.38636363636363,47.24517906336088,5.733471074380166,6.387741046831956,46.87861271676301,98.74081846799581,52.1511017838405,16.666666666666664,70.57803468208093,0.6570983918381462,82.73527420446851,75.60975609756098,24.13515687851971,75.86484312148029,18.133616118769883,21.845174973488866
2022,Census Tract 56.09; Mecklenburg County; North Carolina,37119005609,8.036739380022963,1.7508610792192882,23.335246842709527,47.24454649827784,20.866819747416763,5.769230769230769,2.784156142365098,54.863013698630134,98.93373952779893,48.97182025894897,0.0,89.7945205479452,1.3108614232209739,97.26695949243533,81.36160714285714,10.756972111553784,89.2430278884462,5.46875,26.339285714285715
2022,Census Tract 56.10; Mecklenburg County; North Carolina,37119005610,16.673159329957148,17.374366965329177,1.4413712504869498,51.227113361901054,27.853525516166734,12.271133619010518,7.206856252434749,63.68015414258189,89.45988463555322,31.830099632931308,4.014598540145985,90.07707129094412,3.83356708742403,97.78374748153122,73.28413284132841,5.64066852367688,94.35933147632312,41.845018450184504,6.494464944649446
2022,Census Tract 56.11; Mecklenburg County; North Carolina,37119005611,16.637478108581437,7.630723042281712,8.30622967225419,61.54615961971479,17.312984738553915,10.13259944958719,2.7020265198899174,66.48079306071871,93.02491103202847,35.16014234875445,6.666666666666667,84.88228004956629,10.024009603841536,96.98196540301804,84.52655889145497,0.5740528128587831,99.42594718714122,54.44572748267898,1.7321016166281753
2022,Census Tract 56.12; Mecklenburg County; North Carolina,37119005612,24.431625381744144,5.4462164913471325,4.411265693926027,41.33016627078385,27.248048863250762,21.68306752629793,5.327451645741432,61.945636623748214,95.6080153719462,53.30771342300302,9.074243813015583,91.38054363376253,7.52132914234396,97.55325273459988,81.09224414869206,9.43474646716542,90.56525353283457,71.13354749885269,1.5603487838458008
2022,Census Tract 56.13; Mecklenburg County; North Carolina,37119005613,27.605118829981716,9.29746670148864,5.562810133194045,62.49673544006268,12.535910159310525,15.12144162966832,4.283102637764429,72.85100286532952,95.47439460103216,48.90829694323144,6.456953642384105,90.54441260744986,8.673653776653415,93.95973154362416,87.65331152902698,8.183183183183184,91.81681681681681,72.69010629599346,1.6353229762878168
2022,Census Tract 56.15; Mecklenburg County; North Carolina,37119005615,30.842745438748914,10.338835794960904,4.73501303214596,52.780191138140744,24.326672458731537,15.421372719374457,2.736750651607298,70.66115702479338,93.16596931659693,38.633193863319384,9.839816933638444,85.53719008264463,8.259773013871374,96.88814129520605,83.41708542713567,0.0,100.0,90.20100502512562,1.7587939698492463
2022,Census Tract 56.16; Mecklenburg County; North Carolina,37119005616,34.18284789644013,5.380258899676376,2.2249190938511325,53.51941747572816,24.555016181229774,16.50485436893204,3.1957928802589,57.519788918205805,82.01174743024964,33.77386196769457,5.100182149362477,83.90501319261213,2.7658266748617084,89.4776119402985,86.55913978494624,11.004784688995215,88.99521531100478,57.795698924731184,8.736559139784946
2022,Census Tract 56.17; Mecklenburg County; North Carolina,37119005617,31.140199793317258,12.19428177747158,1.722356183258698,53.25525318635894,19.77264898380985,20.737168446434723,4.512573200137789,73.48024316109422,83.40732519422863,36.23751387347392,6.684491978609626,87.99392097264437,6.7033516758379195,97.31774415405778,85.32019704433498,1.3605442176870748,98.63945578231292,84.92610837438423,0.0
2022,Census Tract 56.18; Mecklenburg County; North Carolina,37119005618,24.638092534771502,15.214305989213738,0.6528526823729776,53.39199545841612,32.812943514050524,7.607152994606869,5.535055350553505,59.90873533246415,93.60100376411543,39.18862400669176,4.166666666666666,96.21903520208605,12.278719397363465,91.93783389995144,88.08837656099904,4.844606946983546,95.15539305301645,78.29010566762729,3.554274735830932
2022,Census Tract 56.19; Mecklenburg County; North Carolina,37119005619,23.65076057511982,8.96020004167535,2.187955824130027,50.01041883725777,29.86038758074599,13.690352156699312,4.25088560116691,79.21323200715243,96.12756264236903,40.25382362512203,8.742514970059881,94.27805096110863,5.43508097721658,94.46707399864222,80.84862385321101,0.5701254275940707,99.42987457240594,88.07339449541286,0.8600917431192661
2022,Census Tract 56.21; Mecklenburg County; North Carolina,37119005621,29.97946611909651,10.061601642710473,3.4433738745853737,34.102037592797345,48.712683620281155,9.714105196651397,4.027799715684726,83.50183823529412,94.5646703573226,34.323100150981375,9.499489274770173,87.77573529411765,5.209281164695177,96.05437665782493,71.14406779661017,8.420644159875824,91.57935584012418,79.11016949152543,2.584745762711864
2022,Census Tract 56.22; Mecklenburg County; North Carolina,37119005622,17.603211009174313,2.522935779816514,4.988532110091743,62.95871559633027,20.98623853211009,6.76605504587156,4.3004587155963305,60.882352941176464,99.65556831228473,16.87715269804822,0.0,90.14705882352942,1.6701461377870561,99.09909909909909,58.29823083403538,24.587039390088947,75.41296060991105,5.728727885425442,4.296545914069082
2022,Census Tract 56.23; Mecklenburg County; North Carolina,37119005623,9.685101878803916,5.318867425244774,0.793860809738026,57.634294786980675,25.61524212754697,10.637734850489547,5.318867425244774,60.01184834123223,95.58881449389524,36.077195746356836,0.0,87.91469194312796,0.4980955171403457,94.81022463206816,86.25570776255708,7.516891891891891,92.4831081081081,23.424657534246577,4.931506849315069
2022,Census Tract 56.24; Mecklenburg County; North Carolina,37119005624,20.580204778156997,6.2457337883959045,0.7849829351535836,66.89419795221842,24.300341296928327,4.027303754266211,3.9931740614334474,69.54515491100857,83.4398296059638,34.66453674121406,0.0,85.10217534607779,5.826499784203712,97.0679012345679,81.89300411522635,0.0,100.0,83.53909465020575,0.720164609053498
2022,Census Tract 56.25; Mecklenburg County; North Carolina,37119005625,21.46494907130018,6.920311563810665,6.560814859197124,53.13061713600958,27.097064110245654,8.208508088675853,5.002995805871779,76.94826457105435,94.73944183749073,50.87675969375154,21.371769383697814,91.02815979043876,8.048827007438488,90.96323148627654,83.54916067146283,5.613399728383884,94.38660027161612,81.00719424460432,0.0
2022,Census Tract 56.26; Mecklenburg County; North Carolina,37119005626,29.65779467680608,7.088538837588267,0.0,52.851711026615966,18.332428028245516,20.505160239000546,8.310700706137968,74.94707127734651,83.34050796383985,32.4580284115368,0.0,84.26252646436133,5.675675675675676,99.34249850567842,88.13077469793888,1.1243851018973998,98.8756148981026,85.14570007107321,2.55863539445629
2022,Census Tract 56.27; Mecklenburg County; North Carolina,37119005627,35.36940818654163,8.756811557470536,2.2684070460017742,58.12951463692815,18.692180965657077,19.50323152959067,1.4066658218223294,82.25753061900033,88.49889624724062,29.249448123620308,7.7975376196990425,82.45614035087719,9.07843137254902,92.18946837994457,82.91477974475092,6.034816247582206,93.96518375241779,78.46850555784273,1.2762453684643886
2022,Census Tract 57.09; Mecklenburg County; North Carolina,37119005709,12.728839112642687,19.72862373465432,7.602842989446479,21.817790221839328,61.70579366788714,5.039844927848374,3.8337281929786777,60.24659863945578,92.171581769437,49.919571045576404,0.0,82.6530612244898,6.910167818361303,98.26887661141804,89.55445544554456,3.7178265014299336,96.28217349857007,51.03960396039604,4.702970297029703
2022,Census Tract 57.10; Mecklenburg County; North Carolina,37119005710,26.238830219333874,10.134037367993502,5.625507717303005,26.705930138099106,44.23233143785541,20.97887896019496,2.4573517465475225,68.32191780821918,87.61061946902655,28.824273072060684,35.942668136714445,78.8527397260274,5.286343612334802,96.3346908552388,84.57943925233646,6.2317429406037,93.7682570593963,51.92107995846313,0.25960539979231567
2022,Census Tract 57.12; Mecklenburg County; North Carolina,37119005712,21.015761821366024,16.3164039696439,1.9556333917104496,6.217162872154115,80.50204319906597,4.699357851722125,6.625802685347344,69.09288430200978,97.67533490937747,41.80457052797478,7.8277886497064575,92.39543726235742,6.39320029563932,97.19047619047619,87.14524207011685,2.2838499184339316,97.71615008156607,86.0601001669449,0.0
2022,Census Tract 57.13; Mecklenburg County; North Carolina,37119005713,19.94088221919054,24.374715779899955,6.139154160982264,2.6375625284220097,79.39972714870396,9.254206457480674,2.569349704411096,75.74107683000605,96.87964338781575,42.13967310549777,10.031347962382444,89.05021173623715,9.94600738846263,94.64119291705498,90.55588762701734,7.671081677704194,92.3289183222958,93.06634787806335,2.809324566646742
2022,Census Tract 57.14; Mecklenburg County; North Carolina,37119005714,21.164889253486464,20.968006562756358,3.5767022149302705,10.36915504511895,80.88597210828547,2.182116488925349,2.9860541427399507,76.16254713028907,95.1850200624164,48.662505572893444,25.586854460093893,94.1767909509845,10.218522372528616,98.65498905223647,92.61652053530226,3.3452274754683318,96.65477252453168,95.01615136132902,1.338255652976465
2022,Census Tract 57.15; Mecklenburg County; North Carolina,37119005715,20.122783083219645,21.521145975443385,0.23874488403819918,13.813096862210095,77.62619372442019,6.684856753069577,1.6371077762619373,79.08496732026144,92.7298311444653,32.5046904315197,10.706638115631693,90.0093370681606,10.247651579846286,99.15449654112221,81.31212723658051,2.7079303675048356,97.29206963249516,89.46322067594433,1.5904572564612325
2022,Census Tract 57.16; Mecklenburg County; North Carolina,37119005716,26.106594399277327,10.749774164408311,6.124661246612466,24.426377597109305,39.223125564588976,26.775067750677508,3.4507678410117433,66.87062937062937,93.10141509433963,42.89504716981132,26.661059714045415,86.7132867132867,8.2640586797066,99.67236985802694,91.04155423637344,3.085774058577406,96.9142259414226,77.60388559093361,2.9681597409606044
2022,Census Tract 57.18; Mecklenburg County; North Carolina,37119005718,21.977124183006534,15.14161220043573,2.559912854030501,23.883442265795207,55.392156862745104,10.648148148148149,7.516339869281046,94.10071942446044,87.85607196401799,33.92053973013493,22.33502538071066,87.4820143884892,8.027923211169284,96.44513137557959,93.99375975039001,3.7537537537537538,96.24624624624624,79.79719188767551,2.9641185647425896
2022,Census Tract 57.19; Mecklenburg County; North Carolina,37119005719,17.777113833283536,20.974006573050495,4.8700328652524645,16.522258739169406,64.65491484911861,13.414998506124887,0.537795040334628,59.76616231086658,84.53483689085783,32.501006846556585,8.986175115207374,79.50481430536452,6.395348837209303,97.08237986270024,86.45690834473324,4.193971166448231,95.80602883355176,83.44733242134062,5.88235294117647
2022,Census Tract 57.20; Mecklenburg County; North Carolina,37119005720,15.370284117373078,34.606427573358175,11.970190964136004,5.728924080111784,81.64881229622729,0.0,0.6520726595249186,65.67164179104478,95.67198177676538,43.052391799544424,25.327510917030565,83.45771144278606,4.678040726472207,93.67088607594937,91.98682766190998,12.487992315081652,87.51200768491834,84.30296377607024,1.646542261251372
2022,Census Tract 57.21; Mecklenburg County; North Carolina,37119005721,14.24596549805231,15.887590428491933,1.669449081803005,9.29326655537006,82.35948803561492,5.481357818586533,1.196438508625487,79.90088105726872,95.34161490683229,33.43685300207039,25.892857142857146,97.41189427312776,7.040882543802726,88.75868055555556,88.66197183098592,7.250163291966036,92.74983670803397,74.01408450704226,0.0
2022,Census Tract 57.22; Mecklenburg County; North Carolina,37119005722,18.703007518796994,19.407894736842106,9.492481203007518,14.661654135338345,64.42669172932331,7.659774436090226,3.7593984962406015,69.74267968056787,92.15425531914893,36.63563829787234,4.4673539518900345,90.150842945874,8.092485549132949,99.58402662229618,84.22330097087378,7.415730337078652,92.58426966292134,88.95631067961165,13.228155339805825
2022,Census Tract 57.23; Mecklenburg County; North Carolina,37119005723,21.422004290530186,6.9567882316886305,8.97946674839105,32.24026969046889,39.8406374501992,15.844315047502299,3.0953110634385537,73.90338700721821,97.04749679075738,36.02909713307659,0.0,93.7812326485286,6.240249609984399,97.15073529411765,87.41633199464525,0.0,100.0,32.329317269076306,1.0040160642570282
2022,Census Tract 58.11; Mecklenburg County; North Carolina,37119005811,20.203453986278685,22.403595930920275,5.4885261414714925,8.327418973267092,66.33546250295717,18.784007570380883,1.0645848119233499,65.4320987654321,94.8068397720076,57.85307156428119,20.0,92.46913580246914,3.379780610732286,93.07440336920916,88.45738942826321,5.5045871559633035,94.4954128440367,80.85221143473571,0.0
2022,Census Tract 58.15; Mecklenburg County; North Carolina,37119005815,20.126509488211617,19.00517538815411,7.964347326049453,6.440483036227718,77.91834387579068,5.520414031052328,2.156411730879816,61.80798878766643,97.07602339181285,62.768031189083814,28.998242530755714,81.35949544498949,6.551475881929446,96.89800210304942,86.32138114209828,6.109725685785536,93.89027431421447,63.94422310756972,0.0
2022,Census Tract 58.16; Mecklenburg County; North Carolina,37119005816,19.450418160095577,21.0752688172043,4.874551971326166,8.38709677419355,74.45639187574672,9.175627240143369,3.106332138590203,65.6687898089172,96.90787376474339,71.6289448517692,22.950819672131146,89.36305732484077,6.407594185701572,97.86476868327402,88.70772946859904,5.748434832100171,94.25156516789983,80.07246376811594,1.8719806763285023
2022,Census Tract 58.17; Mecklenburg County; North Carolina,37119005817,24.982586487114,17.227768748548876,12.096586951474345,4.922219642442535,74.48339911771534,5.99024843278384,2.507545855583933,65.66617862371888,97.37098344693281,69.23076923076923,16.666666666666664,94.94875549048317,4.673475704116373,93.20557491289199,87.93846153846154,5.468295520651542,94.53170447934845,84.61538461538461,1.4153846153846155
2022,Census Tract 58.24; Mecklenburg County; North Carolina,37119005824,33.86056191467222,7.492195629552549,4.308012486992716,29.46930280957336,30.59313215400624,28.886576482830385,6.742976066597295,57.01917130488559,84.57831325301206,44.130808950086056,0.0,80.64316635745207,4.7199496538703585,92.49797242497972,79.55198161975876,4.182718767198679,95.81728123280132,63.64158529580701,3.6186099942561745
2022,Census Tract 58.26; Mecklenburg County; North Carolina,37119005826,22.331368696791092,15.487884741322855,2.128356254092993,12.213490504256711,38.99803536345776,36.50949574328749,10.150622134905042,59.08521303258145,87.21770551038843,28.139114724480578,13.360323886639677,76.19047619047619,5.227655986509275,98.50746268656717,84.07821229050279,7.65262252794497,92.34737747205503,66.94599627560521,2.700186219739292
2022,Census Tract 58.27; Mecklenburg County; North Carolina,37119005827,13.416666666666666,4.25,1.875,41.291666666666664,23.791666666666668,26.208333333333332,6.833333333333333,47.427293064876956,78.75968992248062,33.850129198966414,0.0,79.19463087248322,2.955665024630542,91.55528554070473,79.62128043282236,10.347615198059822,89.65238480194017,32.01082055906222,4.959422903516682
2022,Census Tract 58.28; Mecklenburg County; North Carolina,37119005828,19.825470411780746,21.78892827924734,0.29997272975184075,9.65366784837742,85.87401145350422,2.9997272975184073,1.1726206708481048,58.109684947491246,93.41911764705883,60.257352941176464,37.11340206185567,84.53908984830805,2.4829931972789114,96.95173581710415,95.33771667662882,10.342979635584138,89.65702036441586,80.63359234907352,1.434548714883443
2022,Census Tract 58.29; Mecklenburg County; North Carolina,37119005829,20.386904761904763,8.432539682539684,3.373015873015873,41.86507936507937,23.16468253968254,28.025793650793652,3.571428571428571,62.9889669007021,94.78927203065133,42.98850574712644,10.077519379844961,92.77833500501504,5.1713395638629285,94.7244094488189,66.35514018691589,17.62894534257121,82.37105465742879,10.373831775700934,8.130841121495328
2022,Census Tract 58.30; Mecklenburg County; North Carolina,37119005830,21.955922865013775,13.911845730027547,1.1019283746556474,18.209366391184574,57.54820936639119,19.146005509641874,3.994490358126722,64.07322654462243,97.5674648422653,49.41087039148613,3.8112522686025407,92.04805491990847,6.353688669255206,99.22044174967517,88.43205574912892,3.626595030221625,96.37340496977838,68.85017421602787,0.34843205574912894
2022,Census Tract 58.32; Mecklenburg County; North Carolina,37119005832,34.553391537944925,10.443250503693754,13.801208865010073,0.7723304231027535,75.52048354600403,5.070517125587642,4.8354600402955,71.57502329916123,99.63541666666667,82.34375,30.390920554854983,96.64492078285181,4.104669061056952,99.24914675767918,91.6504854368932,1.9980970504281639,98.00190294957184,68.93203883495146,2.524271844660194
2022,Census Tract 58.33; Mecklenburg County; North Carolina,37119005833,18.873035940039735,29.67310818132563,12.76864728192162,7.820119198121726,73.61387032689181,4.6595629402203365,1.1378002528445006,55.79540122008447,93.91925160019696,60.53668143771541,22.177419354838708,74.14359455654622,8.23686553873553,98.39939024390245,78.9795918367347,1.9019019019019021,98.09809809809809,75.10204081632654,1.9897959183673468
2022,Census Tract 58.34; Mecklenburg County; North Carolina,37119005834,25.714929070029275,15.807250619229904,1.8239135329880658,14.95158748029723,66.1337536590858,8.781805899572168,8.308939428056744,57.958287596048294,92.39455330454999,51.34506808369312,15.494978479196556,85.62019758507134,7.0021218551076085,94.311377245509,94.78547854785478,4.657016991818754,95.34298300818125,64.95049504950495,3.3003300330033
2022,Census Tract 58.35; Mecklenburg County; North Carolina,37119005835,25.52931596091205,15.350162866449512,4.193811074918567,0.6921824104234527,89.98371335504885,3.908794788273615,1.221498371335505,67.57215619694398,95.74970484061393,60.56670602125147,8.060453400503778,89.13412563667232,6.560962274466922,96.37883008356546,85.76271186440678,5.2462526766595285,94.75374732334048,90.73446327683617,3.954802259887006
2022,Census Tract 58.36; Mecklenburg County; North Carolina,37119005836,22.244846016798167,8.75540850089081,7.3555612115042,6.541104606770171,54.543140748282006,29.905828455077625,1.6543649783659964,57.65765765765766,91.38563049853371,43.7683284457478,2.7210884353741496,84.20773714891362,6.448445171849428,95.07328990228014,81.87725631768953,1.9815994338287333,98.01840056617127,77.76173285198556,1.371841155234657
2022,Census Tract 58.39; Mecklenburg County; North Carolina,37119005839,17.890466531440165,12.57606490872211,7.221095334685598,9.290060851926977,60.85192697768763,11.318458417849898,11.318458417849898,54.36893203883495,97.53559693318729,59.91237677984665,5.367231638418079,91.96822594880847,1.6798418972332017,96.36923076923077,85.63492063492063,10.891089108910892,89.10891089108911,39.04761904761905,2.6984126984126986
2022,Census Tract 58.40; Mecklenburg County; North Carolina,37119005840,22.637889688249402,13.908872901678656,8.29736211031175,13.764988009592328,70.40767386091127,5.371702637889688,2.158273381294964,67.44868035190615,97.19504240052184,67.57990867579909,16.2534435261708,87.97653958944281,11.407315561066337,98.0672268907563,90.0,5.617977528089887,94.3820224719101,65.11904761904762,4.0476190476190474
2022,Census Tract 58.43; Mecklenburg County; North Carolina,37119005843,27.567737870195337,7.844990548204159,20.28985507246377,9.735349716446125,53.02457466918714,11.783238815374922,5.16698172652804,52.29289940828402,90.73985680190931,61.909307875894996,18.48137535816619,62.79585798816568,4.393214441061331,94.39912996193584,87.97629127857748,3.5130718954248366,96.48692810457517,78.49280270956817,4.657070279424217
2022,Census Tract 58.45; Mecklenburg County; North Carolina,37119005845,36.216715407110975,9.342773587809758,31.168231491457593,4.001847006310605,42.23487763583192,4.063413883330768,18.53162998306911,69.76976976976978,96.01412714429868,58.17356205852674,10.394537177541729,73.02302302302303,2.060106640814348,95.90736040609137,83.69467028003614,1.5124555160142348,98.48754448398577,55.8717253839205,2.7551942186088527
2022,Census Tract 58.46; Mecklenburg County; North Carolina,37119005846,28.96899019347999,12.748476013782136,6.41399416909621,6.254969520275642,77.92207792207793,5.6453750331301356,3.76358335542009,69.99266324284666,98.9737274220033,78.48932676518884,20.625,95.8914159941306,3.880597014925373,95.96938775510205,91.55378486055777,2.562111801242236,97.43788819875776,99.8406374501992,0.7171314741035857
2022,Census Tract 58.47; Mecklenburg County; North Carolina,37119005847,26.75414616365956,15.728084563513761,18.771642063058138,7.289958082741024,67.74193548387096,4.082376526334974,2.114087843994897,71.99570815450643,98.9926490607133,75.41519194119249,18.201516793066087,80.68669527896995,4.777307788006967,96.2836556693212,88.98390342052313,2.787286063569682,97.21271393643032,76.05633802816901,6.1368209255533195
2022,Census Tract 58.48; Mecklenburg County; North Carolina,37119005848,27.93062200956938,9.768740031897927,8.732057416267942,2.2328548644338118,78.8676236044657,8.592503987240828,1.5749601275917064,68.57429718875501,96.66363360630876,68.33484986351228,19.602529358626917,85.69277108433735,2.3789764868603043,97.87867510234463,95.55555555555556,2.41635687732342,97.58364312267658,98.15873015873015,1.4603174603174605
2022,Census Tract 58.49; Mecklenburg County; North Carolina,37119005849,21.33115111838516,18.821603927986907,10.120021822149482,13.502454991816695,72.31314784506274,2.345881069285325,1.718494271685761,63.06306306306306,92.06349206349206,60.40100250626567,6.6874027993779155,83.25825825825825,3.918169209431346,97.07196029776675,78.32061068702289,0.0,100.0,86.56488549618321,5.7251908396946565
2022,Census Tract 58.50; Mecklenburg County; North Carolina,37119005850,18.178466076696164,16.224188790560472,17.21976401179941,2.396755162241888,69.6165191740413,7.7433628318584065,3.023598820058997,50.2092050209205,99.4700582935877,75.8876523582406,19.51219512195122,88.28451882845188,12.257169287696577,94.31000654022237,83.2639467110741,0.0,100.0,43.38051623646961,15.986677768526228
2022,Census Tract 58.51; Mecklenburg County; North Carolina,37119005851,27.099400171379607,11.632390745501285,2.313624678663239,23.671808054841474,61.375321336760926,6.2553556126820915,6.383890317052271,60.382231404958674,99.6306245802552,59.63734049697784,22.96747967479675,87.55165289256198,10.696444313840729,92.59708737864078,91.55019059720458,0.0,100.0,85.00635324015248,0.9529860228716646
2022,Census Tract 58.52; Mecklenburg County; North Carolina,37119005852,10.495626822157435,16.472303206997086,0.0,6.219630709426627,86.83187560738581,6.462585034013606,0.4859086491739553,45.2895419187554,99.5830851697439,49.67242406194163,48.091603053435115,89.97407087294728,2.0089285714285716,90.43189368770764,89.18228279386712,5.854049719326383,94.14595028067362,35.43441226575809,2.9812606473594547
2022,Census Tract 58.53; Mecklenburg County; North Carolina,37119005853,15.70727353859884,10.441767068273093,1.2048192771084338,18.51851851851852,38.73270861222669,40.82998661311915,0.71396697902722,68.48090982940698,86.3395225464191,31.962864721485413,0.0,67.42485783915517,2.1175224986765486,99.33730947647449,84.69026548672566,12.130637636080872,87.86936236391914,26.371681415929203,0.0
2022,Census Tract 58.54; Mecklenburg County; North Carolina,37119005854,17.25533480500368,2.097130242825607,16.59308314937454,17.328918322295806,17.0345842531273,24.90802060338484,24.13539367181751,27.223511214230474,99.800796812749,71.71314741035857,0.0,69.99226604795051,3.734993330369053,99.28400954653938,90.39595619208087,1.2479201331114809,98.75207986688852,19.79780960404381,24.59983150800337
2022,Census Tract 58.55; Mecklenburg County; North Carolina,37119005855,26.848839731077856,11.103882021253524,10.887009325525916,5.0965083495987855,69.55107351984385,10.409889394925179,4.0555194101062675,69.50800915331807,93.16380449141347,68.75825627476883,3.139866793529972,90.16018306636155,3.5576638007708272,98.4119982355536,92.64705882352942,11.917098445595855,88.08290155440415,63.64705882352941,1.1176470588235294
2022,Census Tract 58.56; Mecklenburg County; North Carolina,37119005856,27.807692307692307,3.5769230769230766,23.76923076923077,18.96153846153846,50.11538461538462,3.4615384615384617,3.6923076923076925,75.04173622704508,98.51367419738408,76.21878715814506,8.98876404494382,88.48080133555926,1.7581246670218436,98.58461538461538,94.90695396669932,0.0,100.0,57.78648383937316,0.0
2022,Census Tract 58.57; Mecklenburg County; North Carolina,37119005857,18.58700806069227,11.19013750592698,19.298245614035086,8.297771455666192,54.95495495495496,11.000474158368895,6.4485538169748695,55.31660692951016,99.01574803149606,70.47244094488188,16.84981684981685,75.86618876941458,3.7856726849155504,99.30928626247122,93.1842385516507,18.27676240208877,81.72323759791122,68.47710330138446,8.626198083067091
2022,Census Tract 58.58; Mecklenburg County; North Carolina,37119005858,31.68341092869395,6.714040676304828,25.60646900269542,16.197010536633176,45.67507963734379,10.70815976476354,1.8132810585640775,69.06523201075991,93.74238114587567,48.88256806176351,0.0,81.84263618022865,4.931109499637419,94.16553595658074,89.29032258064517,7.6831447290053605,92.31685527099464,42.774193548387096,2.7096774193548385
2022,Census Tract 58.59; Mecklenburg County; North Carolina,37119005859,21.59392789373814,14.648956356736242,15.71157495256167,6.869070208728653,72.18216318785579,3.3776091081593926,1.8595825426944972,63.646170442286945,97.69654481722584,72.45868803204807,14.180478821362799,83.92664509169363,4.549854791868345,97.53390875462392,89.75950349107835,0.6933744221879815,99.30662557781201,58.41737781225756,0.0
2022,Census Tract 58.60; Mecklenburg County; North Carolina,37119005860,26.536930561698362,8.6687306501548,20.94206103494029,8.248562582927908,59.000442282176024,6.324635117204777,5.484298982750995,50.47353760445682,96.67397660818715,68.71345029239765,27.955801104972377,91.30919220055709,3.6122817579771227,96.43564356435644,90.54586381541925,2.09366391184573,97.90633608815426,43.950478334271246,7.315700619020822
2022,Census Tract 58.61; Mecklenburg County; North Carolina,37119005861,20.34840622683469,32.09785025945144,10.89696071163825,1.2601927353595257,77.8724981467754,8.191252779836915,1.7790956263899185,68.73479318734793,94.5514325974636,57.82057303898544,8.794788273615636,81.99513381995133,10.609585853885529,98.53420195439739,87.81038374717834,1.8463810930576072,98.1536189069424,70.57938299473288,1.805869074492099
2022,Census Tract 58.62; Mecklenburg County; North Carolina,37119005862,19.669000636537238,14.735837046467218,11.48949713558243,2.8962444302991726,73.13812858052196,3.787396562698918,8.688733290897517,55.792933442892355,95.55152065365411,61.28007262823423,13.321492007104796,91.04354971240755,1.7036450079239305,98.17889662560258,88.21428571428571,3.281519861830743,96.71848013816926,83.83928571428572,6.875000000000001
2022,Census Tract 58.63; Mecklenburg County; North Carolina,37119005863,29.875195007800315,15.600624024960998,17.888715548621946,14.144565782631306,59.4383775351014,3.848153926157046,4.6801872074882995,61.27167630057804,95.83333333333334,61.44859813084113,14.757969303423849,86.29232039636663,2.1134593993325916,93.09644670050761,89.31419457735247,0.0,100.0,73.28548644338117,5.263157894736842
2022,Census Tract 58.64; Mecklenburg County; North Carolina,37119005864,27.91548151158066,7.090613571718814,26.615197074360015,8.959772450223486,54.185290532303945,5.160503860219423,5.079236082893133,71.67474421109317,98.85943279901356,75.43156596794081,17.304625199362043,93.322563274098,1.9447576099210824,93.87014871236852,97.6341604154645,4.254143646408839,95.74585635359117,68.20542412002308,3.577611079053664
2022,Census Tract 58.65; Mecklenburg County; North Carolina,37119005865,15.63393708293613,21.163012392755004,4.814108674928503,15.872259294566254,72.73593898951383,5.958055290753098,0.6196377502383222,47.13804713804714,97.69378603459322,66.6880204996797,64.57142857142857,77.21661054994388,11.92090395480226,90.3734439834025,92.72943980929678,13.505154639175258,86.49484536082474,73.89749702026222,0.0
2022,Census Tract 58.66; Mecklenburg County; North Carolina,37119005866,15.909090909090908,5.160984848484849,3.835227272727273,31.55776515151515,41.19318181818182,16.50094696969697,6.912878787878787,60.47904191616767,95.40191862388356,31.888852133642075,0.0,84.67065868263472,3.5472972972972974,94.82815057283143,86.9281045751634,10.727109515260324,89.27289048473968,1.608848667672197,2.262443438914027
2022,Census Tract 58.67; Mecklenburg County; North Carolina,37119005867,14.189914163090128,21.646995708154506,9.468884120171674,34.656652360515025,32.00107296137339,20.198497854077253,3.674892703862661,47.301349325337334,93.61556845339707,45.44213041993855,1.7647058823529411,80.50974512743629,8.721475461081587,95.05606523955149,59.204275534441805,5.126760563380282,94.87323943661971,45.605700712589076,22.030878859857484
2022,Census Tract 58.68; Mecklenburg County; North Carolina,37119005868,33.479692645444565,18.00219538968167,2.1587998536406876,12.47713135748262,64.72740578119283,3.8053421148920603,16.831320892791805,34.6711259754738,94.26751592356688,30.110017371163867,0.0,64.65997770345597,4.0154015401540155,100.0,78.16455696202532,3.8539553752535496,96.14604462474645,59.81012658227848,2.109704641350211
2022,Census Tract 59.08; Mecklenburg County; North Carolina,37119005908,17.546922741161065,16.28109995635094,15.582714971628109,18.376254910519425,57.8786556089044,4.277608031427324,3.884766477520733,78.00511508951406,97.87478460654796,69.55772544514647,6.572769953051644,91.30434782608695,6.794055201698514,96.79389312977099,85.51351351351352,3.7460978147762747,96.25390218522372,89.29729729729729,1.1891891891891893
2022,Census Tract 59.10; Mecklenburg County; North Carolina,37119005910,34.6740405563935,5.698005698005698,1.642366348248701,43.00318417965477,20.093849505614212,17.345399698340874,17.915200268141447,69.41860465116278,89.50091296409008,46.50030432136336,0.5271084337349398,86.04651162790698,7.208825038481273,92.75653923541248,84.23621278672523,6.395614435815442,93.60438556418455,38.457784285017084,0.9272816007808687
2022,Census Tract 59.13; Mecklenburg County; North Carolina,37119005913,19.730284374083844,8.927000879507476,13.808267370272647,30.357666373497512,24.274406332453825,31.061272354148343,0.4983875696276752,48.56466410180526,87.91141812271435,39.130434782608695,0.13315579227696406,84.31488606096478,4.3644996347699045,92.89753449445827,83.27402135231317,2.9696132596685083,97.0303867403315,65.65836298932385,0.3558718861209964
2022,Census Tract 59.15; Mecklenburg County; North Carolina,37119005915,16.195190947666198,5.233380480905233,3.1117397454031117,56.85997171145686,21.676096181046674,14.462517680339463,3.889674681753889,41.54390100176782,98.02816901408451,57.605633802816904,0.0,85.68061284619918,6.4978902953586495,92.3878568192116,76.73611111111111,12.515188335358445,87.48481166464155,14.86111111111111,1.3194444444444444
2022,Census Tract 59.16; Mecklenburg County; North Carolina,37119005916,28.087261394624075,10.712894429294897,3.428126217374367,53.95403194390339,5.492793143747566,31.593299571484224,5.531749123490456,39.264828738512946,84.92167101827677,20.234986945169712,4.565217391304348,72.59816207184629,10.532089961601756,90.38737446197992,68.45039018952063,8.188331627430912,91.81166837256909,27.424749163879596,9.810479375696767
2022,Census Tract 59.18; Mecklenburg County; North Carolina,37119005918,33.79688929551693,8.032936870997256,2.6715462031107045,32.0768526989936,29.38700823421775,32.02195791399817,3.8426349496797805,63.62735381565907,93.67088607594937,39.541892706449666,4.0,76.41228939544104,6.7440574903261465,94.18562657999277,85.55358200118414,1.2857977790765636,98.71420222092344,84.42865600947306,0.7104795737122558
2022,Census Tract 59.19; Mecklenburg County; North Carolina,37119005919,21.74181593576282,16.028412600370597,10.253242742433601,12.75478690549722,55.033971587399634,17.634342186534898,4.323656578134651,65.79954093343535,88.10029749256269,39.43901402464938,11.132437619961612,88.06426931905126,9.47119179163378,96.28537735849056,83.23529411764706,1.9466474405191059,98.05335255948089,78.67647058823529,4.264705882352941
2022,Census Tract 59.20; Mecklenburg County; North Carolina,37119005920,26.629018245004342,7.38488271068636,1.3900955690703736,12.858384013900956,32.102519548218936,51.04257167680279,2.6064291920069502,56.17070357554786,79.20209287115762,36.429038587311965,0.0,82.35294117647058,2.926525529265255,91.00077579519007,77.45208568207441,13.37890625,86.62109375,44.64487034949267,5.5242390078917705
2022,Census Tract 59.21; Mecklenburg County; North Carolina,37119005921,21.77057356608479,7.182044887780549,8.179551122194512,42.718204488778056,34.3142144638404,7.556109725685786,7.231920199501247,45.58595766649458,95.17528635890315,50.60742797639708,9.210526315789473,82.96334537945276,2.8371055148230795,93.94879751745539,97.43918053777209,5.390672319806178,94.60932768019383,52.752880921895006,1.3444302176696543
2022,Census Tract 59.22; Mecklenburg County; North Carolina,37119005922,26.14445574771109,11.037639877924722,9.231943031536114,32.24821973550356,34.58799593082401,18.99796541200407,4.933875890132248,62.283156127588136,95.6981407218374,48.01312431644185,4.510309278350515,84.49916060436486,3.6157024793388426,96.1304347826087,94.51754385964912,8.860759493670885,91.13924050632912,85.89181286549707,1.2426900584795322
2022,Census Tract 59.23; Mecklenburg County; North Carolina,37119005923,27.47214484679666,6.9986072423398324,16.695682451253482,46.848885793871865,17.91434540389972,16.904596100278553,1.6364902506963788,59.85074626865672,92.6092715231788,51.47019867549669,5.350118017309206,84.81343283582089,7.729236677868459,93.18494091783457,93.33001493280238,2.0,98.0,48.5813837730214,2.538576406172225
2022,Census Tract 59.24; Mecklenburg County; North Carolina,37119005924,23.476702508960575,8.781362007168457,5.794504181600956,28.405017921146953,45.9378733572282,18.936678614097968,0.9259259259259258,61.636740331491715,90.65620542082739,40.03804089396101,11.750599520383693,82.83839779005525,4.3130366900858705,94.91568727644353,87.62937407589946,5.009363295880149,94.99063670411985,79.39871858058156,0.0
2022,Census Tract 59.25; Mecklenburg County; North Carolina,37119005925,25.65707133917397,10.826032540675845,14.67459324155194,26.063829787234045,42.17772215269087,11.858573216520652,5.225281602002503,67.38703339882122,95.99813866914843,48.85993485342019,9.693053311793214,94.62999345121152,9.217171717171716,90.58390320883746,95.29170931422722,4.961089494163424,95.03891050583657,86.89866939611053,2.3541453428863868
2022,Census Tract 59.26; Mecklenburg County; North Carolina,37119005926,25.950369588173178,14.38753959873284,11.84002111932418,21.449313621964098,55.71541710665259,5.570221752903906,5.425026399155227,84.18410041841004,96.72346002621232,71.63452536978095,26.061493411420205,88.49372384937239,4.919786096256685,98.77750611246944,95.76512455516014,2.8689941237469756,97.13100587625303,93.02491103202847,0.0
2022,Census Tract 59.27; Mecklenburg County; North Carolina,37119005927,20.866045142296368,4.465161923454367,4.121687929342492,55.60598626104023,15.198724239450442,14.683513248282631,10.3900883218842,39.51146346689522,91.4270405429541,26.43329165922486,0.0,65.20248553674737,1.3796310649511705,97.1396522714526,84.454839870457,0.0,100.0,46.05973371716445,5.685498380712486
2022,Census Tract 59.28; Mecklenburg County; North Carolina,37119005928,17.613636363636363,10.056818181818182,0.0,40.51136363636363,35.79545454545455,20.28409090909091,3.4090909090909087,45.66596194503171,95.54263565891473,22.189922480620154,0.31645569620253167,92.60042283298098,7.379310344827586,94.18032786885246,81.75046554934823,6.932409012131716,93.06759098786829,87.15083798882681,2.97951582867784
2022,Census Tract 59.29; Mecklenburg County; North Carolina,37119005929,21.727574750830563,7.3754152823920265,3.9202657807308974,43.056478405315616,34.26356589147287,15.592469545957918,3.1672203765227023,59.65719063545151,97.85549323655559,55.460244143846914,22.740524781341108,95.1923076923077,11.488398415393322,94.66887417218544,86.22821810005621,5.1705756929637525,94.82942430703625,63.85609893198426,0.5621135469364812
2022,Census Tract 59.30; Mecklenburg County; North Carolina,37119005930,25.511862203444913,12.154696132596685,0.0,24.179395515112123,35.94410139746506,26.681832954176144,13.19467013324667,49.29577464788733,83.43825665859565,32.25181598062954,15.040000000000001,85.44600938967136,0.6980802792321117,98.47176079734218,72.59136212624585,6.666666666666667,93.33333333333333,44.76744186046512,7.308970099667775
2022,Census Tract 59.31; Mecklenburg County; North Carolina,37119005931,20.385947550717468,8.980702622464126,3.2162295893122215,35.403265710044536,34.38891637803068,19.099455714992576,7.892132607619991,67.1919770773639,87.16654650324442,38.9689978370584,0.0,75.9789875835721,2.6724673710379117,97.23538704581358,86.6710875331565,11.502347417840376,88.49765258215963,58.620689655172406,2.586206896551724
2022,Census Tract 59.32; Mecklenburg County; North Carolina,37119005932,19.076797385620914,3.63562091503268,22.426470588235293,31.495098039215684,26.59313725490196,5.514705882352941,13.970588235294118,62.35107227958697,91.02857142857142,41.42857142857143,18.58407079646018,81.96981731532964,1.67276529012023,89.46175637393767,93.98572884811416,3.6345776031434185,96.36542239685659,65.74923547400611,5.300713557594292
2022,Census Tract 60.05; Mecklenburg County; North Carolina,37119006005,27.984746259900263,12.907010853622763,2.5814021707245525,35.40627750073335,42.358462892343795,16.075095335875623,3.5787621003226753,63.745019920318725,82.21024258760107,32.83917340521114,9.947643979057592,87.45019920318725,6.15071283095723,96.5986394557823,74.46280991735537,1.2244897959183674,98.77551020408163,77.60330578512396,9.173553719008265
2022,Census Tract 60.08; Mecklenburg County; North Carolina,37119006008,13.78290446613428,12.658976634131914,3.4900916888494526,45.51907719609583,36.409346347234546,6.713989943803608,7.867494824016563,85.94211458948612,89.12956277577216,38.788608102687526,14.906832298136646,91.02185469580625,7.7530017152658655,96.66666666666667,79.20863309352518,2.524544179523142,97.47545582047685,65.89928057553956,5.0359712230215825
2022,Census Tract 60.09; Mecklenburg County; North Carolina,37119006009,22.348951911220716,14.210850801479655,6.041923551171394,50.0924784217016,33.07644882860666,5.856966707768187,4.932182490752158,72.98735861610113,93.24149806284976,28.669823504089536,8.374384236453201,92.28210246174318,6.788408098451766,93.95936298736957,80.09554140127389,6.05833956619297,93.94166043380703,74.12420382165605,6.8471337579617835
2022,Census Tract 60.11; Mecklenburg County; North Carolina,37119006011,20.50656087885261,12.72505340250229,1.464754348489472,67.22612145254806,26.42660970399756,2.2581629539212695,2.6243515410436373,60.17628205128205,88.61161524500908,26.90562613430127,2.490421455938697,84.53525641025641,3.6468330134357005,86.06606606606607,65.82397003745318,0.0,100.0,73.87640449438202,3.089887640449438
2022,Census Tract 60.12; Mecklenburg County; North Carolina,37119006012,22.778345250255363,11.910112359550562,10.725229826353422,45.29111338100102,29.6220633299285,9.009193054136874,5.352400408580184,54.46187128177393,90.07609384908054,23.5573874445149,7.363770250368189,90.8058409951325,11.534391534391535,78.1317885590152,83.93960192175703,15.043731778425656,84.95626822157435,86.06726149622513,0.0
2022,Census Tract 60.13; Mecklenburg County; North Carolina,37119006013,21.648590021691973,4.143167028199566,5.531453362255966,76.941431670282,8.091106290672451,9.436008676789589,0.0,69.82272360999194,90.27237354085604,31.16083009079118,6.636500754147813,94.60112812248187,4.9280177187153935,95.54865424430642,86.75292667898952,7.0446735395189,92.9553264604811,86.32162661737523,0.0
2022,Census Tract 60.14; Mecklenburg County; North Carolina,37119006014,23.444138965258684,9.4976255936016,2.7743064233941515,31.092226943264183,49.41264683829043,15.246188452886777,1.474631342164459,81.4966683751922,98.57090509344081,55.66141443752291,6.891271056661561,92.97796002050231,8.390466862553053,98.52616064848931,94.80609418282549,8.200890019071837,91.79910998092816,73.19944598337949,0.0
2022,Census Tract 60.15; Mecklenburg County; North Carolina,37119006015,22.85923395950232,11.905342766528422,2.3908270309831665,48.597218833861916,39.03391070992925,9.978043425225664,0.0,70.28623353021354,87.10479573712256,36.55417406749556,4.148936170212766,81.19036801453885,7.063315303849825,96.7440119760479,89.00144717800289,6.305084745762713,93.69491525423729,77.27930535455862,1.085383502170767
2022,Census Tract 60.16; Mecklenburg County; North Carolina,37119006016,18.344774980930588,8.886346300533944,10.144927536231885,59.30587337909993,6.254767353165523,21.96796338672769,2.326468344774981,77.0223752151463,71.50170648464163,17.121729237770193,24.61928934010152,85.97246127366608,4.2970574497898175,84.15969092079845,72.57559958289886,12.179487179487179,87.82051282051282,45.151199165797706,4.066736183524505
2022,Census Tract 61.03; Mecklenburg County; North Carolina,37119006103,21.997389033942557,12.42384682332463,8.485639686684072,30.417754569190603,53.11140121845083,1.7188859878154918,6.266318537859007,62.07642393655372,91.90391459074732,46.47093712930012,7.433380084151472,86.66186012977649,9.312080536912752,94.21422986708366,86.72331386086033,8.458920758385998,91.541079241614,54.4875199150292,0.8497079129049389
2022,Census Tract 61.05; Mecklenburg County; North Carolina,37119006105,28.746498599439775,9.73389355742297,4.6568627450980395,40.826330532212886,44.397759103641455,4.936974789915967,5.182072829131653,81.73913043478261,93.27217125382263,40.97859327217125,4.730831973898858,89.7584541062802,6.87960687960688,96.76140118968935,70.35681610247026,3.102836879432624,96.89716312056737,73.74199451052151,0.0
2022,Census Tract 61.08; Mecklenburg County; North Carolina,37119006108,23.653088042049937,8.453788874288218,3.942181340341656,61.213315812527384,21.660096364432764,10.64388961892247,2.5405168637757334,76.22185612300933,89.7501601537476,33.02370275464446,0.0,91.37836353651839,8.89271371199082,94.46594427244582,82.41206030150754,4.019292604501608,95.98070739549838,76.66108319374652,3.6850921273031827
2022,Census Tract 61.09; Mecklenburg County; North Carolina,37119006109,20.37617554858934,17.711598746081506,2.288401253918495,78.24451410658307,4.482758620689655,14.670846394984327,0.3134796238244514,63.73307543520309,88.47502191060474,30.28045574057844,4.176334106728538,80.27079303675049,9.05511811023622,91.74252275682704,73.14460596786535,2.7529761904761902,97.24702380952381,57.38332058148432,9.793420045906656
2022,Census Tract 61.10; Mecklenburg County; North Carolina,37119006110,23.785624663918263,9.213120630937443,5.413156479655852,56.37210969707833,25.631833661946583,11.399892453844775,1.1830077074744578,55.86387434554973,90.64783244033123,27.496346809547006,6.049495875343721,92.87958115183245,1.2699905926622765,97.15160796324656,88.62068965517241,11.077041011881947,88.92295898811805,63.577586206896555,2.586206896551724
2022,Census Tract 61.11; Mecklenburg County; North Carolina,37119006111,17.931566760998198,11.113969642397736,0.0,55.930023154103424,31.206586056084383,9.493182402881398,3.3702083869307953,74.46020974706971,92.47235105244381,36.92472351052444,3.405017921146954,90.06785934608267,11.7926019601644,97.98801369863014,80.0385109114249,2.9283489096573208,97.07165109034268,64.37740693196406,3.530166880616174
2022,Census Tract 61.12; Mecklenburg County; North Carolina,37119006112,25.142392188771357,1.3425549227013833,7.445077298616762,56.06183889340927,20.545158665581774,12.733930024410089,3.2139951179820994,52.34521575984991,84.94182067077344,51.266255989048595,0.0,83.77110694183865,8.804347826086957,100.0,90.16829052258636,4.64527027027027,95.35472972972973,27.280779450841454,14.348981399468554
2022,Census Tract 61.13; Mecklenburg County; North Carolina,37119006113,16.782006920415224,14.47520184544406,1.384083044982699,58.88119953863898,35.66897347174164,2.306805074971165,1.7589388696655135,57.5890068707058,96.71024884015183,66.42766765078026,11.987381703470032,83.5103060587133,8.697158697158697,100.0,95.33546325878595,13.200221852468108,86.7997781475319,52.07667731629393,4.792332268370607
2022,Census Tract 61.14; Mecklenburg County; North Carolina,37119006114,20.563462097008422,9.148997966889342,5.605576532094104,42.20156839965147,19.808306709265175,29.654371187917516,2.7301771710717397,54.698581560283685,88.0857823669579,39.912629070691025,3.7825059101654848,94.14893617021278,6.325411334552103,96.18464437117287,81.04395604395604,6.125080593165699,93.8749194068343,52.815934065934066,5.975274725274725
2022,Census Tract 61.15; Mecklenburg County; North Carolina,37119006115,26.282973621103118,1.5827338129496402,13.093525179856117,66.18705035971223,7.865707434052757,11.798561151079138,1.0551558752997603,37.48627881448957,98.23392202599133,66.71109630123291,4.6137339055794,95.27991218441272,6.473649967469096,99.71274685816877,84.51099672437998,13.691437802907917,86.30856219709209,1.357042583060365,4.4454843238184365
2022,Census Tract 62.08; Mecklenburg County; North Carolina,37119006208,24.51216252338947,8.580593424218124,2.6998128842555467,1.8978882651697406,90.40363539160651,2.72654370489174,2.27211975407645,56.37162586315129,95.98145285935085,54.134466769706336,7.436918990703852,89.01443816698054,3.5056657223796037,98.4037558685446,88.70056497175142,7.005253940455342,92.99474605954467,43.94224733207784,4.3314500941619585
2022,Census Tract 62.09; Mecklenburg County; North Carolina,37119006209,21.019496344435417,9.82940698619009,1.462225832656377,13.952071486596262,76.82778229082047,3.8180341186027618,3.9398862713241263,67.09650582362728,93.99833287024173,55.43206446235065,16.585956416464892,96.75540765391015,8.974029313448186,97.89572864321609,84.913112164297,4.776231666039864,95.22376833396014,35.150078988941544,6.595576619273302
2022,Census Tract 62.10; Mecklenburg County; North Carolina,37119006210,22.171153425257167,19.65419128912235,10.615014226307725,10.833880499015102,72.11643685708033,4.15845918144014,2.276209236156708,66.5390924002187,90.46091015169195,55.07584597432905,15.0,86.00328048113724,6.411698537682789,97.11286089238845,90.61085972850678,1.1185682326621924,98.88143176733782,74.43438914027149,2.5452488687782804
2022,Census Tract 62.11; Mecklenburg County; North Carolina,37119006211,27.152634091994273,15.008753780041381,2.5624701575680406,3.215024669743753,85.88254018780837,5.968486391851027,2.3714785930288076,78.15764482431149,98.81499395405079,69.35912938331317,14.52589105581708,95.2516619183286,8.018352632728861,97.33455882352942,97.84081287044877,3.1570315703157035,96.84296842968429,86.7485182049111,1.651143099068586
2022,Census Tract 62.12; Mecklenburg County; North Carolina,37119006212,25.299299751524735,11.63316015360289,9.19358482042015,15.202168511407274,61.847752428281,7.951208493336345,5.805285746555229,77.99245994344957,96.8561872909699,51.17056856187291,2.9810298102981028,90.24505183788878,5.382521923193226,97.22322394518572,87.91946308724832,5.496828752642706,94.5031712473573,52.46085011185683,1.6778523489932886
2022,Census Tract 62.14; Mecklenburg County; North Carolina,37119006214,24.784429662478445,11.03720128110372,4.0650406504065035,9.854644000985465,72.57945306725794,9.312638580931264,4.188223700418822,66.08884073672806,99.50599858856741,51.30557515878616,13.630406290956751,91.38678223185266,4.683917458237799,96.40742202921437,84.59323254139669,2.5946704067321176,97.40532959326788,90.92872570194385,0.0
2022,Census Tract 62.16; Mecklenburg County; North Carolina,37119006216,15.915768854064643,23.310479921645445,0.0,3.4280117531831538,92.65426052889325,3.1831537708129285,0.7345739471106758,48.45605700712589,96.47495361781077,57.204700061842914,34.26573426573427,88.47980997624703,7.396622015142691,96.09838846480068,84.67561521252797,17.145505097312327,82.85449490268768,84.3400447427293,1.7897091722595078
2022,Census Tract 62.17; Mecklenburg County; North Carolina,37119006217,16.755674232309747,24.66622162883845,0.0,0.0,92.85714285714286,4.806408544726302,2.336448598130841,45.27131782945737,96.21621621621622,58.08731808731808,25.198938992042443,89.53488372093024,7.979149959903769,100.0,85.75518969219756,10.90561224489796,89.09438775510205,78.02433786685755,0.0
2022,Census Tract 62.18; Mecklenburg County; North Carolina,37119006218,22.58064516129032,16.357119582926035,1.6617790811339197,2.1505376344086025,88.693385467579,2.606712284131639,4.887585532746823,63.85542168674698,98.91662741403674,69.94818652849742,37.76371308016878,85.35681186283595,3.535353535353535,97.91386271870795,97.11191335740072,5.621805792163544,94.37819420783646,94.85559566787003,0.0
2022,Census Tract 62.19; Mecklenburg County; North Carolina,37119006219,20.0,26.31051752921536,3.1051752921535893,0.5008347245409015,81.40233722871453,3.6060100166944906,11.385642737896493,69.12144702842377,99.2653810835629,73.4159779614325,31.702544031311152,96.51162790697676,4.507512520868113,90.7103825136612,96.94727104532839,6.406926406926407,93.5930735930736,98.05735430157262,1.572617946345976
2022,Census Tract 62.20; Mecklenburg County; North Carolina,37119006220,13.46824842986741,23.06350314026518,2.372644801116539,0.0,91.24214933705514,3.7334263782274943,2.6517794836008375,53.15555555555556,98.50936967632026,61.456558773424184,32.94117647058823,84.62222222222222,8.14516129032258,98.43652282676672,76.54656696125085,15.459770114942529,84.54022988505747,82.73283480625425,4.486743711760707
2022,Census Tract 62.21; Mecklenburg County; North Carolina,37119006221,27.414475215266464,10.053525715615546,1.5359553176634861,16.84896439376309,68.44309983709564,6.492902024668373,6.679078426809403,74.5598057073467,99.63839579224194,51.28205128205128,7.9831932773109235,95.81056466302368,6.829111894838088,94.11532385466035,93.19484240687679,5.098572399728076,94.90142760027193,85.31518624641834,0.9312320916905444
2022,Census Tract 62.22; Mecklenburg County; North Carolina,37119006222,25.86750788643533,13.170347003154575,4.048370136698212,14.957939011566774,79.39011566771819,0.0,1.6035751840168244,54.836557705136755,97.94303797468355,58.46518987341772,23.864836325237594,72.84856571047365,5.673758865248227,96.69421487603306,80.89639970609845,2.156721782890007,97.84327821711,89.12564290962528,8.376193975018369
2022,Census Tract 62.23; Mecklenburg County; North Carolina,37119006223,32.46899661781285,12.664411875234874,0.0,26.982337467117624,63.20931980458474,7.252912438932732,2.5554302893649004,71.58403869407496,95.80764488286067,52.8976572133169,6.0606060606060606,83.4340991535671,7.289927657206455,94.16058394160584,77.65108323831242,4.570184983677911,95.42981501632208,82.66818700114025,0.0
2022,Census Tract 62.24; Mecklenburg County; North Carolina,37119006224,21.213073538654932,15.084852294154619,0.0,16.059082338152106,62.31929604022627,21.27592708988058,0.34569453174104336,66.32791327913279,87.34177215189874,38.25597749648382,13.478260869565217,79.40379403794037,11.76705225368967,96.32047477744807,90.57971014492753,12.350035285815103,87.6499647141849,38.56682769726248,6.602254428341385
2022,Census Tract 63.05; Mecklenburg County; North Carolina,37119006305,24.81875302078299,11.889801836636057,7.032382793620107,33.3494441759304,43.25761237312712,13.412276462058967,2.9482841952634122,80.82271147161066,98.42951059167275,65.04747991234477,5.420353982300885,95.53881807647741,4.757312761170042,98.1998199819982,90.55059523809523,1.0309278350515463,98.96907216494846,93.08035714285714,0.0
2022,Census Tract 63.06; Mecklenburg County; North Carolina,37119006306,15.722801788375559,26.60208643815201,6.482861400894188,15.87183308494784,71.08792846497765,3.5767511177347244,2.9806259314456036,44.991212653778554,94.63459759481961,41.443108233117485,0.0,91.3884007029877,4.597701149425287,99.46091644204851,86.38297872340426,7.114624505928854,92.88537549407114,89.14893617021276,0.0
2022,Census Tract 63.07; Mecklenburg County; North Carolina,37119006307,23.339483394833948,11.420664206642066,9.354243542435423,22.232472324723247,61.80811808118081,4.81549815498155,1.7896678966789668,72.82347282347283,99.609375,70.72916666666667,57.38636363636363,89.22558922558923,3.9711191335740073,94.59627329192547,81.32313231323133,4.512247529007306,95.48775247099269,70.29702970297029,7.065706570657065
2022,Census Tract 63.08; Mecklenburg County; North Carolina,37119006308,25.12388503468781,11.546085232903865,1.3131813676907829,3.3944499504459857,89.39544103072349,3.840436075322101,2.0564915758176414,47.398843930635834,97.1890372452565,66.51440618411806,6.013986013986014,96.59601798330122,3.57379219060225,95.39629805410537,87.85923753665689,0.0,100.0,63.167155425219946,1.2316715542521994
2022,Census Tract 63.09; Mecklenburg County; North Carolina,37119006309,24.379481522338665,15.83011583011583,0.0,17.264202978488694,62.051847766133484,19.305019305019304,1.3789299503585217,52.12903225806451,97.76923076923076,35.76923076923077,27.52808988764045,83.22580645161291,6.929248723559446,95.07042253521126,84.45040214477211,15.227272727272728,84.77272727272728,54.95978552278821,4.021447721179625
2022,Census Tract 63.10; Mecklenburg County; North Carolina,37119006310,18.593974175035868,15.982783357245337,2.898134863701578,3.1563845050215207,76.3558106169297,12.051649928263988,5.538020086083214,51.62866449511401,97.5867269984917,40.19607843137255,6.993006993006993,86.23778501628665,10.786041593232287,88.04713804713805,72.66610597140453,0.0,100.0,80.31959629941127,1.682085786375105
2022,Census Tract 63.11; Mecklenburg County; North Carolina,37119006311,26.74389322588769,9.317552253840343,0.8813900780659782,2.241249055653488,85.01636867287837,4.18030722739864,7.6806849660035255,68.98995865327821,97.5322703113136,51.898253606681855,16.11804767309875,95.09746012994684,5.912684771399106,96.3382737576286,93.11355311355311,0.7272727272727273,99.27272727272727,96.33699633699634,1.684981684981685
2022,Census Tract 64.03; Mecklenburg County; North Carolina,37119006403,14.374267046406434,12.26336069693416,3.2836320991790924,15.798291171050426,70.196012732451,4.2218126989445475,6.500251298374938,35.048802129547475,94.59712679575264,64.95940037476578,14.11042944785276,66.14906832298136,4.597926041870475,96.81247880637504,87.17248908296943,11.668273866923819,88.33172613307619,68.72270742358079,9.006550218340612
2022,Census Tract 64.04; Mecklenburg County; North Carolina,37119006404,27.445013141513346,13.985336837736892,2.849633420943422,3.859454973025315,85.79333241112187,2.5868031539632037,4.910776040946189,54.36630602782071,98.85844748858447,81.11249481112495,30.371272063298843,89.02627511591963,4.4995233555767395,97.60245330359632,96.50180940892642,0.0,100.0,97.2657820667471,0.0
2022,Census Tract 64.07; Mecklenburg County; North Carolina,37119006407,31.776155717761554,8.102189781021899,5.012165450121654,4.184914841849149,78.1265206812652,2.18978102189781,10.48661800486618,64.32432432432432,95.44354838709678,52.05645161290322,8.289241622574956,79.69969969969969,5.813124108416548,96.46017699115043,90.80779944289694,1.3058419243986255,98.69415807560138,73.74651810584957,1.2534818941504178
2022,Census Tract 64.08; Mecklenburg County; North Carolina,37119006408,21.25813449023861,19.088937093275486,1.373825018076645,4.953000723065799,82.03181489515546,4.5914678235719455,7.049891540130152,34.216502649507945,100.0,67.36493936052922,0.0,87.28236184708554,9.090909090909092,99.21450151057401,86.49468892261002,10.765064319566688,89.23493568043331,32.16995447647951,11.608497723823975
2022,Census Tract 64.09; Mecklenburg County; North Carolina,37119006409,17.336532693461308,31.403719256148772,1.3797240551889622,3.569286142771446,92.44151169766047,2.609478104379124,0.0,58.009708737864074,98.92884468247895,67.59755164498851,29.761904761904763,90.16990291262135,6.748911465892599,98.09523809523809,91.02564102564102,7.6923076923076925,92.3076923076923,69.93006993006993,4.020979020979021
2022,Census Tract 64.10; Mecklenburg County; North Carolina,37119006410,25.043128234617594,16.733755031627375,3.392754456584244,4.25531914893617,73.40425531914893,13.139735480161013,5.807935595169638,54.456193353474326,99.04513888888889,47.39583333333333,5.481283422459892,88.14199395770392,8.93747602608362,94.18238993710692,84.87698986975398,1.9162526614620299,98.08374733853798,77.93053545586108,0.0
2022,Census Tract 64.11; Mecklenburg County; North Carolina,37119006411,29.81132075471698,19.794168096054886,10.806174957118353,10.668953687821613,58.07890222984563,20.445969125214408,0.0,50.93666369313114,90.35506094329624,35.50609432962374,12.926136363636365,91.34701159678859,2.541544477028348,93.29569513055752,71.48972602739725,7.375099127676448,92.62490087232355,62.5,4.023972602739726
2022,Census Tract 9801; Mecklenburg County; North Carolina,37119980100,,,,,,,,,,,,,,,,,,,
2022,Census Tract 9802; Mecklenburg County; North Carolina,37119980200,,,,,,,,,,,,,,,,,,,
2022,Census Tract 9803; Mecklenburg County; North Carolina,37119980300,,,,,,,,,,,,,,,,,,,
2022,Census Tract 502.01; Rowan County; North Carolina,37159050201,19.92857142857143,24.452380952380953,1.2619047619047619,41.0,48.76190476190476,5.69047619047619,3.2857142857142856,43.183220234423196,88.25694212111074,22.147875543660085,5.733333333333333,84.63911165946946,10.139756170086232,98.75406283856988,69.60142772159429,11.199154780771263,88.80084521922875,63.117192147531235,14.396192742415229
2022,Census Tract 502.02; Rowan County; North Carolina,37159050202,29.569041336851363,19.577836411609496,1.2840809146877747,33.42128408091469,58.80386983289358,4.766930518909411,1.723834652594547,45.58955895589559,85.20625889046943,28.13655761024182,4.666130329847144,87.84878487848785,8.466533466533468,97.04608113430484,77.3,13.644214162348877,86.35578583765113,56.85,10.9
2022,Census Tract 503; Rowan County; North Carolina,37159050300,16.469135802469136,14.814814814814813,0.2962962962962963,33.80246913580247,52.074074074074076,7.333333333333333,6.493827160493828,30.43243243243243,89.84425697598962,23.88059701492537,10.623556581986143,72.0,5.409399940880875,95.85081585081585,71.40600315955766,9.95732574679943,90.04267425320057,37.493417588204316,14.16535018430753
2022,Census Tract 504; Rowan County; North Carolina,37159050400,29.37181663837012,9.949066213921903,0.1697792869269949,54.80475382003396,14.770797962648558,25.02546689303905,5.229202037351443,39.92890995260663,85.78947368421052,16.165413533834585,0.17699115044247787,71.32701421800948,4.519230769230769,76.97784810126582,71.66276346604215,31.184528605962935,68.81547139403706,24.59016393442623,23.302107728337237
2022,Census Tract 505; Rowan County; North Carolina,37159050500,14.669421487603307,24.12190082644628,1.1105371900826446,26.859504132231404,66.03822314049587,1.3171487603305785,4.6745867768595035,28.468323977546113,93.1925894011202,49.89228780697975,41.702127659574465,91.98075380914193,14.9818401937046,93.3291770573566,87.43500866551126,9.773260359655982,90.22673964034402,59.53206239168111,0.6932409012131715
2022,Census Tract 507; Rowan County; North Carolina,37159050700,15.986198964922368,19.63772282921219,0.0,31.598619896492234,64.37607820586544,3.0189764232317424,1.0063254744105807,38.564668769716086,79.17427840701498,21.04493971501644,3.117505995203837,72.3186119873817,4.722792607802875,89.46149392009265,69.66887417218544,12.666281087333719,87.33371891266628,66.49006622516556,9.13907284768212
2022,Census Tract 508; Rowan County; North Carolina,37159050800,11.734080897076492,27.873448137765315,0.0,62.11453744493392,21.826191429715657,14.73768522226672,1.3215859030837005,42.93893129770993,83.63377609108159,10.341555977229602,0.0,79.1030534351145,8.39382940108893,92.76595744680851,67.05150976909414,18.22803195352215,81.77196804647785,58.52575488454706,9.946714031971581
2022,Census Tract 509.01; Rowan County; North Carolina,37159050901,23.52581105896756,25.42338298306468,2.203631911854724,1.6119159355233625,89.5531524178739,3.856355845745766,2.7749438890022446,60.61867935752529,90.52876234747241,19.66879721092388,19.85731272294887,84.88994646044021,5.096051227321238,89.26829268292683,73.75328083989501,19.279661016949152,80.72033898305084,80.99737532808399,7.296587926509186
2022,Census Tract 509.03; Rowan County; North Carolina,37159050903,18.711557138232436,18.711557138232436,0.0,7.623826481061832,90.56328909032048,0.24279702168986728,1.5700874069278083,54.76432689047135,92.34264939786412,24.994319472847078,16.158536585365855,82.23126483553746,8.861011549183592,93.4065934065934,79.60658370132478,9.942154736080983,90.057845263919,93.13528703331994,6.382978723404255
2022,Census Tract 509.04; Rowan County; North Carolina,37159050904,18.08439383791025,18.519758874748828,0.0,0.20093770931011384,95.37843268586738,4.05224380442063,0.3683858004018754,68.67816091954023,74.64973730297724,11.821366024518388,5.1020408163265305,91.37931034482759,9.116925592804579,95.93333333333334,53.288490284005974,15.316455696202533,84.68354430379746,85.12705530642751,0.8221225710014948
2022,Census Tract 510.01; Rowan County; North Carolina,37159051001,20.00546597430992,17.231484012025145,0.05465974309920743,0.669581852965291,92.85323858977863,3.7305274665209076,2.691992347635966,54.50188291680931,90.18852625177377,21.670383133995543,11.787439613526569,79.86990756590208,6.405876323881107,93.58288770053476,77.52921535893155,6.929770043505283,93.07022995649473,62.73789649415693,3.1385642737896493
2022,Census Tract 510.02; Rowan County; North Carolina,37159051002,28.898342379345753,10.869884113246297,0.07334604664808567,1.99501246882793,93.67757077893502,3.3885873551415577,0.8654833504474109,50.614886731391586,92.13107445385644,17.365135978600087,19.140164899882215,92.6537216828479,9.263461935217661,96.47377938517178,75.81967213114754,8.682634730538922,91.31736526946108,78.11475409836065,2.8278688524590163
2022,Census Tract 511.01; Rowan County; North Carolina,37159051101,22.036322036322037,21.90762190762191,0.42900042900042895,1.0439010439010439,86.04318604318605,10.324610324610324,2.1593021593021593,65.85202544358889,88.94048121570283,21.35922330097087,17.71019677996422,80.48208905256111,6.162876008804108,95.25222551928783,69.0915300546448,7.018100984439505,92.9818990155605,80.29371584699454,4.064207650273223
2022,Census Tract 511.02; Rowan County; North Carolina,37159051102,14.756396775324221,24.9211356466877,3.0143708377146865,2.663862600771118,89.51980371538731,3.5751840168243953,1.2267788293024886,36.553945249597426,90.0129701686122,18.720276696930394,15.862068965517242,79.22705314009661,8.223684210526317,94.91404011461319,74.70588235294117,9.574468085106384,90.42553191489363,83.89705882352942,6.470588235294119
2022,Census Tract 512.01; Rowan County; North Carolina,37159051201,22.32587064676617,8.084577114427862,0.0,17.024253731343283,56.91853233830846,16.2157960199005,9.841417910447761,55.995004163197336,84.07515097293671,14.627600089465446,3.1512605042016806,85.13738551207327,7.405924739791833,94.27860696517413,79.28496319663512,9.557774607703282,90.44222539229672,78.39116719242902,1.4721345951629863
2022,Census Tract 512.02; Rowan County; North Carolina,37159051202,20.093050305321313,20.354754289037512,1.9482407676650189,15.266065716778133,49.403896481535334,30.764757196859556,2.6170398371619656,46.79029957203994,87.9261933413558,19.01323706377858,6.563706563706563,84.23680456490727,6.986899563318777,90.03712871287128,83.66219415943172,3.429878048780488,96.5701219512195,74.58563535911603,0.7892659826361484
2022,Census Tract 512.04; Rowan County; North Carolina,37159051204,18.764446312250474,20.445471737760034,3.9924353855852073,19.33179239335995,51.670519016600124,22.336625341458287,2.668627862996428,39.77405531749124,88.12918242653477,23.916205993599068,15.481171548117153,83.63848850798597,9.284232365145229,95.79653832567998,69.72579742585339,6.878582595101615,93.12141740489838,58.81365416899832,3.077783995523223
2022,Census Tract 513.01; Rowan County; North Carolina,37159051301,23.430178069353328,18.93158388003749,0.6560449859418931,10.262417994376758,80.83411433926898,6.935332708528586,1.3120899718837862,45.82441113490364,91.41689373297002,18.32425068119891,4.784688995215311,85.33190578158458,12.607099143206854,93.1918656056587,60.29411764705882,9.426229508196721,90.57377049180327,55.54298642533937,13.687782805429865
2022,Census Tract 513.02; Rowan County; North Carolina,37159051302,19.28856762412022,21.49514932470991,0.8750237778200495,16.663496290660074,74.33897660262507,4.793608521970706,3.3288948069241013,50.174912543728134,91.21418826739426,27.339699863574353,31.201248049921997,95.00249875062468,11.831251473014378,93.94812680115274,77.45512143611406,12.839392544868844,87.16060745513116,86.48363252375924,2.3759239704329462
2022,Census Tract 513.03; Rowan County; North Carolina,37159051303,27.303523035230352,16.32791327913279,0.728319783197832,40.83672086720867,53.35365853658537,4.623983739837398,0.45731707317073167,38.35139318885449,91.43239625167337,29.66532797858099,12.256267409470752,81.26934984520123,7.1295433364398875,91.37931034482759,81.04823395366502,8.892733564013842,91.10726643598616,54.95632358526395,6.380554500569692
2022,Census Tract 514; Rowan County; North Carolina,37159051400,23.53018372703412,16.968503937007874,0.47244094488188976,9.4750656167979,76.92913385826772,9.973753280839896,3.149606299212598,67.63873159682899,82.8657503295048,17.98154773112408,0.9887005649717515,96.46092865232163,6.650585802894556,94.92055222714248,73.75710227272727,9.569685292228645,90.43031470777136,73.7215909090909,6.534090909090909
2022,Census Tract 515.01; Rowan County; North Carolina,37159051501,27.65312310491207,9.298564786739439,0.8085708510208208,14.715989488578938,56.62017384273297,21.285627653123104,6.569638164544169,61.36618141097424,82.99078667611623,21.509567682494684,1.2845849802371543,70.996640537514,4.1713641488162345,88.20018365472912,73.0035756853397,7.548209366391184,92.45179063360881,65.31585220500597,3.2181168057210967
2022,Census Tract 515.02; Rowan County; North Carolina,37159051502,23.90773405698779,16.417910447761194,0.0,12.103120759837177,80.40705563093623,5.59023066485753,1.8995929443690638,74.80127186009538,73.3029958285931,12.779673871824043,4.7976011994003,91.81240063593005,5.955777460770328,92.90519877675841,73.589001447178,6.684672518568535,93.31532748143147,61.143270622286536,4.26917510853835
2022,Census Tract 516; Rowan County; North Carolina,37159051600,27.78198334595004,18.319454958364876,6.888720666161999,14.186222558667676,65.17789553368661,11.930355791067374,1.8168054504163513,63.426688632619445,90.09771986970684,14.896851248642779,11.566265060240964,95.88138385502472,6.624737945492662,94.5286750164799,77.85575048732943,14.442961974649767,85.55703802535022,79.33723196881091,4.951267056530215
2022,Census Tract 517; Rowan County; North Carolina,37159051700,20.643062679844864,15.851369948705116,1.1009633429250594,5.592393344176154,65.28212185662454,23.94595270862004,4.078568747654197,67.8965717606043,82.93357933579337,16.88191881918819,10.692307692307693,87.10052295177223,8.245309790320038,93.69918699186992,74.73487211478478,7.900028727377191,92.09997127262281,75.42108546475359,9.731752963194012
2022,Census Tract 518.01; Rowan County; North Carolina,37159051801,24.143267742648685,16.405040902056157,0.2653106345346009,1.0391333185938536,88.03891222639841,8.445721866018129,2.210921954455008,74.25180598555211,80.96266584387534,10.891700092564022,15.66757493188011,92.36326109391125,4.838239580297289,98.5781990521327,78.01592161665646,8.103545301069218,91.89645469893078,69.44274341702388,3.551745254133497
2022,Census Tract 518.02; Rowan County; North Carolina,37159051802,18.62026862026862,15.343915343915343,0.38665038665038665,5.372405372405373,82.58038258038258,5.087505087505088,6.573056573056572,59.13500404203719,89.19137466307278,21.83288409703504,6.838905775075988,85.3274050121261,10.352588147036759,96.03004291845494,70.91212458286985,8.962025316455696,91.0379746835443,79.92213570634038,1.5016685205784204
2022,Census Tract 519.01; Rowan County; North Carolina,37159051901,17.77592322136449,22.199040267056127,0.39641143334028794,4.4857083246401,83.7471312330482,9.13832672647611,2.2324222824953055,63.16501352569883,92.69316909294513,18.617021276595743,10.09009009009009,87.24075743913436,7.054047196143111,94.5945945945946,67.56607929515418,15.964831096714486,84.03516890328552,79.95594713656388,1.2114537444933922
2022,Census Tract 519.03; Rowan County; North Carolina,37159051903,9.436178543461239,20.986687548942832,0.0,17.306186374314798,76.70321064996085,2.153484729835552,3.837118245888802,77.95527156549521,93.06587419514611,18.7221396731055,18.58108108108108,98.1629392971246,14.267185473411153,85.93231585932315,65.26402640264027,13.79800853485064,86.20199146514936,95.04950495049505,5.6105610561056105
2022,Census Tract 519.04; Rowan County; North Carolina,37159051904,24.604204515961587,13.781468985206333,3.1663638723072927,15.676096548144303,65.94861147158059,14.793667272255384,0.41526083571243183,87.21854304635761,90.7256499805976,20.372526193247964,8.865248226950355,91.85430463576158,6.161790017211704,96.21503017004936,44.902234636871505,8.028259473346179,91.97174052665382,82.12290502793296,1.675977653631285
2022,Census Tract 520; Rowan County; North Carolina,37159052000,32.75503122831367,11.658570437196392,0.0,37.543372657876475,45.246356696738374,13.913948646773076,3.296321998612075,30.169050715214563,89.80747451868629,26.10419026047565,1.257861635220126,85.56566970091028,9.958720330237359,87.04761904761905,69.0891472868217,12.31945624468989,87.68054375531011,40.98837209302326,12.4031007751938
2022,Census Tract 9301.01; Stanly County; North Carolina,37167930101,21.31045886730054,19.036792062835882,3.121124431583299,3.947912360479537,87.57751136833403,2.563042579578338,2.790409260024804,52.87769784172662,86.60174613834788,24.27803895231699,17.436661698956783,84.53237410071942,7.635597682991048,95.59154295996402,62.033694344163656,8.831596269884805,91.1684037301152,86.64259927797833,1.1432009626955475
2022,Census Tract 9301.02; Stanly County; North Carolina,37167930102,20.194943649101432,15.930551325007613,5.543710021321962,10.965580261955528,77.94699969540055,2.3149558330795004,3.228754188242461,54.525862068965516,87.33031674208145,11.188811188811188,8.968609865470851,86.56609195402298,6.755725190839694,93.01204819277108,67.84107946026985,21.94265652428321,78.05734347571679,73.2383808095952,2.998500749625187
2022,Census Tract 9302; Stanly County; North Carolina,37167930200,19.61743772241993,22.24199288256228,0.5782918149466192,20.52935943060498,70.7517793594306,5.960854092526691,2.179715302491103,47.15261958997722,81.62241887905604,14.896755162241886,16.016713091922004,86.86408504176157,6.653728860548933,94.62295081967214,72.15007215007215,18.852459016393443,81.14754098360656,77.27272727272727,4.834054834054834
2022,Census Tract 9303; Stanly County; North Carolina,37167930300,18.43687374749499,21.417835671342687,9.443887775551103,7.364729458917836,73.14629258517033,6.913827655310621,3.1312625250501,42.58168184252812,87.44756373023556,18.78025169409487,9.929078014184398,94.91162292447777,7.524570024570025,94.78919943154904,77.13912475506206,10.362997658079626,89.63700234192038,75.1796211626388,0.45721750489875895
2022,Census Tract 9305; Stanly County; North Carolina,37167930500,26.647727272727273,21.392045454545457,1.4772727272727273,2.8125,80.22727272727272,8.806818181818182,6.676136363636363,49.55947136563877,80.89038219235616,14.783704325913483,12.371134020618557,89.86784140969164,7.967353284104159,95.02943100065401,61.32145508537491,17.513778322106553,82.48622167789344,65.85003711952487,4.157386785449146
2022,Census Tract 9307; Stanly County; North Carolina,37167930700,23.105400696864113,16.09320557491289,1.328397212543554,0.10888501742160278,95.92770034843205,0.1524390243902439,2.4825783972125435,68.0071492403932,89.40192128912302,20.45243259993802,6.649937264742785,85.16532618409293,4.134806003964883,99.18559794256322,70.32364234777839,8.25364871665828,91.74635128334172,85.29895776193088,1.8650575973669776
2022,Census Tract 9308.01; Stanly County; North Carolina,37167930801,19.97978436657682,18.716307277628033,0.0,1.448787061994609,92.06536388140162,5.171832884097035,1.3140161725067385,68.03310997240835,85.1063829787234,19.078793546878654,22.972972972972975,89.55459203783997,3.0315789473684207,97.92315680166148,70.16393442622952,7.715582450832073,92.28441754916793,83.89344262295081,6.967213114754098
2022,Census Tract 9308.02; Stanly County; North Carolina,37167930802,29.317035312378735,12.145906092355451,0.2716336825766395,4.132712456344587,78.13348855258052,16.23981373690338,1.2223515715948778,70.47700902449506,82.91578629640809,16.752188348928463,22.95390404515522,85.00214868929953,5.270381553664563,96.76204819277109,71.86379928315412,3.4045008655510673,96.59549913444894,82.73596176821984,0.4181600955794504
2022,Census Tract 9309.01; Stanly County; North Carolina,37167930901,18.114874815905743,17.415316642120764,0.0,8.21060382916053,81.33284241531665,6.222385861561119,4.2341678939617085,75.2411575562701,89.19597989949749,14.472361809045225,22.683706070287542,90.67524115755627,11.10611510791367,98.97585954645209,55.01930501930502,16.045380875202593,83.9546191247974,82.62548262548263,4.343629343629344
2022,Census Tract 9309.02; Stanly County; North Carolina,37167930902,23.892100192678228,20.589044866501514,0.27525461051472616,1.1560693641618496,88.10900082576383,4.872006606110652,5.5876685934489405,65.76402321083172,87.51007252215955,21.232876712328768,15.656565656565657,91.48936170212765,6.526468455402465,98.76888640179071,79.53890489913545,4.473503097040606,95.5264969029594,85.87896253602305,5.475504322766571
2022,Census Tract 9310.01; Stanly County; North Carolina,37167931001,26.71936758893281,20.35573122529644,0.0,0.0,99.84189723320158,0.0,0.15810276679841898,51.0783200908059,79.97705106138841,22.030981067125648,13.50844277673546,82.17934165720771,5.070118662351672,98.0411361410382,83.64312267657994,13.782051282051283,86.21794871794873,83.51920693928129,1.6109045848822798
2022,Census Tract 9310.02; Stanly County; North Carolina,37167931002,20.779593006592147,14.15878475207796,0.0,21.066208082545142,73.45944396675264,4.2419031241043275,1.2324448265978791,59.40533980582524,87.54528985507247,12.817028985507244,10.1010101010101,81.18932038834951,9.913169319826338,97.25593667546174,66.19402985074628,14.157591287636132,85.84240871236388,71.94029850746269,5.0
2022,Census Tract 9311.01; Stanly County; North Carolina,37167931101,16.201117318435752,14.24581005586592,7.309124767225327,10.893854748603351,78.86405959031657,2.094972067039106,0.8379888268156425,60.72961373390557,88.715953307393,23.216601815823605,7.59493670886076,89.48497854077253,8.5,96.04221635883906,76.00518806744488,35.75,64.25,75.22697795071336,4.020752269779507
2022,Census Tract 9311.02; Stanly County; North Carolina,37167931102,20.947840717891193,16.432978126752666,0.0,22.26584408300617,75.35053280987101,0.0,2.3836231071228267,55.74935400516796,86.06245239908607,17.897943640517898,2.6804123711340204,87.66149870801033,4.292302234835048,90.29850746268657,76.22222222222223,19.016196760647873,80.98380323935213,70.81481481481482,6.666666666666667
2022,Census Tract 9312.02; Stanly County; North Carolina,37167931202,22.968197879858657,17.05750080308384,0.0,5.428846771602956,92.48313523931898,1.4134275618374559,0.6745904272406039,52.14626391096979,89.94197292069632,25.580270793036753,12.567324955116696,84.41971383147853,7.8815679733110935,94.9402670414617,65.3355989804588,17.17100633356791,82.8289936664321,68.05437553101105,2.548853016142736
2022,Census Tract 9312.03; Stanly County; North Carolina,37167931203,18.315274379587557,19.50367004543866,0.0,72.59699405802166,20.377490387976234,6.151695211464523,0.8738203425375743,42.95366795366795,82.25086762518592,16.36093207734259,1.090909090909091,78.28185328185329,3.465982028241335,80.67669172932331,44.04858299595142,21.136653895274584,78.86334610472542,31.255060728744937,37.48987854251012
2022,Census Tract 9312.04; Stanly County; North Carolina,37167931204,13.410364145658264,38.93557422969188,5.287114845938375,20.483193277310924,72.16386554621849,1.0854341736694677,0.9803921568627451,38.961038961038966,91.13978494623656,27.13978494623656,6.315789473684211,91.31493506493507,11.443590780428629,98.09596344249809,62.90760869565217,19.076415612974163,80.92358438702584,59.44293478260869,4.415760869565218
2022,Census Tract 201; Union County; North Carolina,37179020100,23.528569382786767,16.726335385937276,0.0,0.22912788199914075,93.18344551052556,5.226979808105399,1.3604467993698983,78.64021009629414,88.26979472140762,23.376623376623375,7.572016460905349,77.2979282170995,8.258426966292134,99.1339648173207,68.02168021680217,10.931034482758621,89.06896551724138,90.39876113046846,1.548586914440573
2022,Census Tract 202.03; Union County; North Carolina,37179020203,19.123595505617978,17.235955056179776,1.595505617977528,7.280898876404494,84.08988764044943,4.786516853932584,2.247191011235955,69.01884968583857,95.51948051948051,47.4025974025974,35.57833089311859,96.23006283228614,6.223951097527091,97.61555392516507,84.84276729559748,1.73053152039555,98.26946847960446,96.0377358490566,0.5660377358490566
2022,Census Tract 202.04; Union County; North Carolina,37179020204,23.847826086956523,16.130434782608695,1.3043478260869565,0.0,91.19565217391305,5.3478260869565215,2.152173913043478,66.47337901950449,92.58347978910369,23.233743409490334,7.2767364939360535,81.86610437532946,5.966314587496432,97.56330625895843,70.88174982911825,10.135135135135135,89.86486486486487,89.13192071086809,0.683526999316473
2022,Census Tract 202.05; Union County; North Carolina,37179020205,25.039872408293462,15.94896331738437,3.1897926634768736,10.972886762360448,78.91547049441786,4.146730462519936,2.77511961722488,67.58021390374331,87.4703369719981,28.618889416231607,26.564885496183205,92.11229946524064,3.234042553191489,95.99012954966071,77.24770642201835,0.0,100.0,88.9908256880734,5.963302752293578
2022,Census Tract 202.06; Union County; North Carolina,37179020206,22.18551461245235,11.664548919949175,0.025412960609911054,0.07623888182973317,91.61372299872936,4.193138500635324,4.09148665819568,59.86811116344795,91.61786237188872,21.266471449487558,31.700680272108844,93.07583608101743,4.1802743305029395,95.56503198294243,71.37907137907138,0.9608785175017158,99.03912148249829,88.011088011088,1.0395010395010396
2022,Census Tract 203.05; Union County; North Carolina,37179020305,32.578573842514366,7.626450377379745,2.973977695167286,12.706995606623858,69.88847583643123,9.034583755773347,5.395967106004281,64.31054461181922,94.51564266867697,49.96230682246514,8.774193548387096,91.33835457705678,5.6307435254803675,91.16080937167199,87.70764119601328,2.93801504836976,97.06198495163024,82.98265042451088,0.07382798080472498
2022,Census Tract 203.07; Union County; North Carolina,37179020307,27.241426800716155,15.300922737914888,1.3083597300647294,8.015424872607078,68.35146674011844,18.372125051645778,3.9526236055639723,66.14069690992767,93.58613217768146,22.55687973997833,9.231805929919137,90.13806706114399,8.68824531516184,94.67376830892144,84.67881944444444,9.469548133595286,90.53045186640472,89.10590277777779,1.3454861111111112
2022,Census Tract 203.08; Union County; North Carolina,37179020308,30.38893453848261,10.572445905231444,3.4100246507806085,8.0936729663106,69.66584497397973,16.65297178855108,2.1774856203779787,78.42234499693063,88.0226480836237,31.402439024390244,11.76792556102901,86.92449355432781,7.9677355892189645,95.36708860759494,90.23485784919654,4.972592012529366,95.02740798747064,81.82941903584673,1.1948908117016894
2022,Census Tract 203.09; Union County; North Carolina,37179020309,21.999087174806025,14.148790506617983,0.0,4.062072113190324,88.407120036513,6.024646280237335,1.5061615700593338,70.1417004048583,95.0453593859037,38.52058618283321,2.67639902676399,84.51417004048582,9.8888238736103,93.85342789598108,85.81997533908755,14.631578947368421,85.36842105263159,96.6707768187423,0.7398273736128237
2022,Census Tract 203.10; Union County; North Carolina,37179020310,27.575549450549453,12.929258241758243,1.8200549450549453,10.096153846153847,78.4684065934066,3.6744505494505497,5.940934065934066,71.46412277063459,97.40701938187533,54.400209533787326,28.355704697986578,89.79676482787225,7.871028923660503,96.36305117476665,91.05367793240556,0.4453240969816922,99.5546759030183,89.11530815109344,0.9443339960238568
2022,Census Tract 203.12; Union County; North Carolina,37179020312,20.90825265099124,8.29875518672199,3.9188566159520515,10.142923005993545,64.29230059935455,16.551406177962193,5.094513600737667,63.33333333333333,93.77510040160642,23.828647925033465,9.013605442176871,85.66666666666667,6.703584960652871,90.6811377245509,80.60925600468659,8.373590982286634,91.62640901771336,71.5875805506737,1.8746338605741066
2022,Census Tract 203.13; Union County; North Carolina,37179020313,19.43081452404318,15.014720314033367,1.521099116781158,2.6987242394504416,87.19332679097154,4.023552502453385,4.563297350343474,70.76612903225806,90.8436886854153,38.84892086330935,8.26086956521739,85.28225806451613,6.211936662606577,97.80590717299577,76.93208430913349,3.937007874015748,96.06299212598425,79.62529274004683,1.9906323185011712
2022,Census Tract 203.14; Union County; North Carolina,37179020314,25.195868945868945,13.212250712250711,5.876068376068376,13.817663817663817,64.90384615384616,7.71011396011396,7.6923076923076925,63.81842456608812,92.75758403935501,45.121617928395736,27.0985401459854,88.65153538050734,5.879552487502975,97.41524001342732,82.83544303797468,5.457156534226903,94.5428434657731,82.58227848101266,2.5822784810126582
2022,Census Tract 203.15; Union County; North Carolina,37179020315,29.074626865671643,10.746268656716417,2.3482587064676617,1.8308457711442787,83.94029850746269,9.65174129353234,2.228855721393035,65.79696394686907,94.55128205128204,49.006410256410255,9.68,93.92789373814043,5.331088664421998,93.87902933719667,87.86741713570981,5.2725118483412325,94.72748815165876,94.74671669793621,4.627892432770482
2022,Census Tract 203.16; Union County; North Carolina,37179020316,22.651720139157323,14.031696946269811,7.537688442211055,4.696559721685349,80.82721298801701,2.937765751836104,4.000773096250483,64.22621657167909,91.24475524475525,41.62237762237762,19.618239660657476,88.82069267864972,6.346826586706647,96.03721571330117,90.93437152391546,3.3333333333333335,96.66666666666667,79.81090100111234,0.8898776418242491
2022,Census Tract 203.17; Union County; North Carolina,37179020317,28.62349313148304,10.008410428931876,2.9576675077095596,8.410428931875526,74.6986262966078,7.807681525091113,6.125595738716008,66.83760683760683,94.66487334678322,45.819323021744005,10.576923076923077,93.33333333333333,6.500392772977219,96.39981051634297,85.17006802721089,0.85431654676259,99.14568345323741,89.88662131519274,2.4489795918367347
2022,Census Tract 203.18; Union County; North Carolina,37179020318,22.776911076443056,12.610504420176808,5.824232969318772,9.178367134685388,74.36297451898076,8.944357774310973,1.6900676027041082,64.87057580559957,92.95774647887323,36.345852895148674,17.517241379310345,87.90279978869519,6.228956228956229,96.9298245614035,86.0768672951414,2.198581560283688,97.80141843971631,82.52356780275562,1.305293691080493
2022,Census Tract 203.19; Union County; North Carolina,37179020319,28.12960235640648,19.88217967599411,9.484536082474227,12.164948453608247,63.03387334315169,15.257731958762887,0.05891016200294551,73.95736793327154,89.12264995523725,46.28469113697404,17.037037037037038,86.00556070435589,6.598360655737705,92.57884972170687,83.09608540925268,0.0,100.0,92.34875444839858,1.7793594306049825
2022,Census Tract 203.20; Union County; North Carolina,37179020320,23.728813559322035,13.408662900188324,0.3389830508474576,4.218455743879472,86.70433145009416,2.9001883239171375,5.83804143126177,56.048387096774185,91.06078665077473,31.585220500595945,18.101545253863137,87.09677419354838,6.222222222222222,98.89958734525447,80.68303094983992,3.995901639344263,96.00409836065575,84.63180362860192,1.7075773745997866
2022,Census Tract 203.21; Union County; North Carolina,37179020321,15.70669029685423,15.108551174124946,0.28799291094373064,14.55471865307931,58.551174124944616,23.81479840496234,2.7913159060700043,56.89505637467476,87.33472512178149,22.025052192066806,5.287713841368585,90.98005203816132,5.729303547963206,98.21493624772313,79.6248382923674,0.0,100.0,89.26261319534282,5.239327296248383
2022,Census Tract 204.01; Union County; North Carolina,37179020401,18.622208241585405,18.386284995281535,0.1887385970430953,9.295375904372444,78.21642025794276,7.911292859389746,4.388172381251966,60.343688037012555,92.43373493975903,26.313253012048193,12.616201859229747,91.83740912095175,9.180517974487824,95.73847051955633,82.10894552723637,6.012212306247065,93.98778769375294,83.05847076461768,6.196901549225387
2022,Census Tract 204.03; Union County; North Carolina,37179020403,21.365051133837262,16.91863050244553,0.0,12.65006669630947,63.91729657625611,21.787461093819473,1.6451756336149401,58.565217391304344,82.62684649967888,26.653821451509312,29.365079365079367,83.65217391304348,6.644048628781453,97.83927217589083,81.04838709677419,10.253317249698432,89.74668275030156,81.98924731182797,1.3440860215053763
2022,Census Tract 204.05; Union County; North Carolina,37179020405,20.724029380902415,14.113326337880377,0.0,12.277019937040922,52.20356768100734,32.21406086044071,3.305351521511018,43.08943089430895,79.67306325515281,14.854299928926796,2.8753993610223643,81.30081300813008,9.596293845135671,94.46064139941691,77.31829573934837,14.925373134328357,85.07462686567165,27.31829573934837,3.3834586466165413
2022,Census Tract 204.06; Union County; North Carolina,37179020406,31.301570401916422,6.254990684056427,0.0,32.126696832579185,12.35027947830716,49.321266968325794,6.201756720787863,41.38357010500309,61.26401630988787,8.35881753312946,1.2646793134598013,67.44904261890056,0.9686168151879118,86.82666666666667,56.27009646302251,20.10276172125883,79.89723827874117,23.47266881028939,19.85530546623794
2022,Census Tract 205.01; Union County; North Carolina,37179020501,26.988687376548754,16.376369186568503,0.10773927096426647,26.324295205602443,39.00161608906446,26.216555934638176,8.349793499730653,59.3984962406015,86.08745031232255,18.938103350369108,18.441558441558442,80.25326474079937,10.044422507403752,92.46744104188666,70.03188097768331,4.27263479145473,95.72736520854527,63.12433581296493,7.226354941551541
2022,Census Tract 205.02; Union County; North Carolina,37179020502,23.186951066499372,12.923462986198246,0.32622333751568383,28.05520702634881,47.40276035131744,22.30865746549561,1.9071518193224593,52.52257036643654,87.34177215189874,28.824593128390596,2.445302445302445,91.76845459373341,5.58640967004247,93.0178069353327,81.86746987951807,4.597701149425287,95.40229885057471,75.12048192771084,1.9277108433734942
2022,Census Tract 206.01; Union County; North Carolina,37179020601,23.26839826839827,13.834776334776336,0.8477633477633478,27.723665223665222,30.393217893217894,40.566378066378064,0.468975468975469,68.24276640790401,81.06591865357645,16.32538569424965,6.748971193415638,66.0197600564573,4.019746121297603,95.10058403634004,61.041009463722396,4.518072289156627,95.48192771084338,55.20504731861199,6.046267087276551
2022,Census Tract 206.02; Union County; North Carolina,37179020602,21.617293835068054,20.776621297037632,1.2610088070456364,20.916733386709367,41.39311449159327,32.52602081665332,3.9031224979983987,44.486486486486484,77.53601881799472,25.90414583945898,1.3824884792626728,67.02702702702703,5.9244126659857,94.44958371877891,53.13059033989267,8.008776741634668,91.99122325836532,52.832438878950505,17.412045319022063
2022,Census Tract 207.01; Union County; North Carolina,37179020701,19.394797380994515,12.298708193240135,1.3802866749247922,32.27747301362591,43.14280658290568,19.341709431958947,3.8577242965846756,37.46355685131195,79.18115102356123,19.389725762842797,18.998716302952502,66.42371234207968,3.7461436756280304,95.31772575250837,73.52746525479816,4.788909892879647,95.21109010712036,75.64526803441429,6.551952349437459
2022,Census Tract 207.02; Union County; North Carolina,37179020702,24.238227146814403,16.735918744228997,2.0544783010156973,13.48107109879963,62.51154201292706,20.267774699907665,1.6851338873499537,60.08997429305912,77.64227642276423,14.159891598915989,16.08040201005025,85.60411311053984,6.063375990249847,91.79978700745474,63.450292397660824,4.134548002803083,95.86545199719691,74.19590643274854,1.3888888888888888
2022,Census Tract 208; Union County; North Carolina,37179020800,23.962200472494093,21.211609854876816,0.3037462031724603,29.88525143435707,65.187310158623,3.3074586567667903,1.3162335470806614,66.45244215938303,82.55,12.45,7.620041753653445,91.13110539845758,7.656458055925433,93.95584509591023,64.02550091074681,10.073710073710075,89.92628992628993,76.54826958105647,4.41712204007286
2022,Census Tract 209.01; Union County; North Carolina,37179020901,22.097819681791396,14.456884698487526,0.19642506383814573,5.048124140640345,85.11098016106855,6.639167157729327,3.00530347672363,66.2964751327861,80.07307476110175,11.49522203485104,13.09987029831388,87.30082085948817,3.580433686333838,92.79166666666666,66.51352730985197,7.855126999059266,92.14487300094073,74.11944869831547,2.9606942317508933
2022,Census Tract 209.02; Union County; North Carolina,37179020902,21.666117879486336,17.731313796509713,0.3457359236088245,1.0372077708264735,72.75271649654263,22.291735265064208,3.572604543957853,68.54531607006854,78.32167832167832,17.902097902097903,6.225296442687747,84.72962680883474,6.452290878520387,98.40940525587828,68.49620705042392,3.612903225806452,96.38709677419355,78.35787594823739,6.5595716198125835
2022,Census Tract 210.04; Union County; North Carolina,37179021004,26.393167180061607,9.591150938112573,2.590310837300476,8.667040044805377,77.62531503780453,10.08120974516942,1.0361243349201905,73.20557491289199,95.08695652173913,48.17391304347826,9.936083672283557,91.42857142857143,9.320905459387484,97.50617283950618,87.90357296599225,7.927070947284978,92.07292905271503,89.49634093844166,1.9801980198019802
2022,Census Tract 210.05; Union County; North Carolina,37179021005,18.587679759605066,22.3223867782786,0.0,9.336767546683838,76.02489804679115,9.379695213565142,5.258639192959862,70.85741811175336,88.33942118572634,20.56757516156224,19.184290030211482,85.16377649325626,12.735473600424516,94.77674810446504,73.05757406372275,6.774361646690985,93.22563835330901,86.52878703186137,0.0
2022,Census Tract 210.06; Union County; North Carolina,37179021006,30.70957095709571,9.900990099009901,5.0,2.013201320132013,83.13531353135313,7.376237623762376,2.4752475247524752,68.70748299319727,96.75592173017507,64.83007209062822,28.61635220125786,91.96428571428571,5.191712312455347,98.98116702686013,95.75113808801214,0.0,100.0,96.0546282245827,0.9610520991401114
2022,Census Tract 210.07; Union County; North Carolina,37179021007,34.408442330558856,7.387039239001189,19.158739595719382,7.297859690844232,64.1052318668252,3.2104637336504163,6.227705112960761,68.39887640449437,96.79470872551514,77.30857288221826,10.621521335807051,93.82022471910112,4.237480172218445,95.58320373250389,95.62697576396207,5.1,94.89999999999999,99.36775553213909,0.0
2022,Census Tract 210.09; Union County; North Carolina,37179021009,35.64037709818349,4.276845251782019,15.38284663140952,7.4269947114279145,68.79742469533227,4.52977696022074,3.8629570016095656,72.3076923076923,98.21711568938193,63.27258320126783,7.703281027104136,86.993006993007,4.144337263308325,97.73880941393632,94.5679012345679,0.9779951100244498,99.02200488997555,97.94238683127571,1.1522633744855968
2022,Census Tract 210.12; Union County; North Carolina,37179021012,35.75187969924812,9.530075187969924,1.4473684210526316,3.308270676691729,84.9812030075188,5.432330827067669,4.830827067669173,84.52807646356032,96.09756097560975,55.869918699187,8.833333333333334,95.4599761051374,4.651843183148039,92.99923488905891,94.78847332924586,3.4911242603550297,96.50887573964498,91.23237277743715,0.0
2022,Census Tract 210.13; Union County; North Carolina,37179021013,28.320715760495524,8.797889424179859,1.9729295710025234,11.97522367515485,65.33608625831613,12.709337003899975,8.00642349162652,77.39586367608506,98.03178042614663,48.23040808956302,3.027027027027027,83.60034954849985,4.624739958393343,96.05430632159525,89.52414772727273,3.956343792633015,96.043656207367,73.08238636363636,1.2073863636363635
2022,Census Tract 210.14; Union County; North Carolina,37179021014,26.82310469314079,11.84115523465704,0.0,4.693140794223827,93.03249097472924,0.4332129963898917,1.84115523465704,75.39170506912443,89.93135011441647,33.58123569794051,21.961620469083158,89.58525345622121,4.193389245189936,93.015214384509,83.92675483214649,6.112702960840497,93.8872970391595,73.44862665310275,2.950152594099695
2022,Census Tract 210.15; Union County; North Carolina,37179021015,20.516499282639884,19.286739085878253,4.427136708341874,23.795859807337568,68.41565894650543,1.6601762656282024,1.7011682721869235,77.23492723492723,90.68219633943427,38.186356073211314,13.9186295503212,88.04573804573805,7.155773701885818,98.0232058444349,82.67670915411355,9.34873949579832,90.65126050420169,89.10776361529548,1.3325608342989572
2022,Census Tract 210.16; Union County; North Carolina,37179021016,28.978428978428976,6.939356939356939,14.733414733414735,9.442409442409442,67.27716727716728,5.555555555555555,2.9914529914529915,70.26431718061674,99.14438502673796,78.14616755793227,6.5912117177097205,92.07048458149781,7.765042979942693,96.72243086377603,96.14576033637002,1.721763085399449,98.27823691460054,97.68745620182202,0.0
2022,Census Tract 210.17; Union County; North Carolina,37179021017,36.52500426693975,8.38026967059225,14.968424645844,6.041986687147977,64.97695852534562,11.827956989247312,2.184673152415088,59.44903581267218,94.68668784291077,67.16719607276927,11.904761904761903,91.40495867768595,4.6517881150847,99.14923785891527,98.33333333333333,1.5317286652078774,98.46827133479212,96.55555555555554,0.7777777777777778
2022,Census Tract 210.18; Union County; North Carolina,37179021018,30.01058201058201,12.275132275132275,11.238095238095239,7.5132275132275135,76.52910052910052,3.619047619047619,1.1005291005291007,70.94125078963992,96.85012114918658,68.6742817583939,18.745098039215684,94.81996209728364,5.4429996976111275,95.68062827225131,95.22451888809694,3.2413793103448274,96.75862068965517,89.16607270135424,0.0
2022,Census Tract 210.19; Union County; North Carolina,37179021019,26.195630781342256,15.863019090730171,5.766581381617792,8.403857508364496,77.77996457390277,1.5941743751230073,6.4554221609919304,60.74666666666667,99.009324009324,71.70745920745921,17.324350336862366,96.53333333333333,8.656158161902217,97.4260468689973,96.7397747480735,3.9293849658314355,96.07061503416855,95.6135151155898,0.0
2022,Census Tract 210.20; Union County; North Carolina,37179021020,31.594698589140656,7.652843095339888,10.773834972210345,9.149209063702438,73.492945703292,4.296707994869602,2.2873022659256095,70.67082683307332,99.5104895104895,67.2027972027972,15.508021390374333,83.67134685387416,8.0,98.32469086557639,91.34823359769287,0.0,100.0,91.78082191780823,0.0
2022,Census Tract 210.21; Union County; North Carolina,37179021021,26.43524699599466,13.840676457498887,6.853582554517133,19.047619047619047,68.66933689363596,4.6283934134401425,0.801068090787717,56.69586983729662,95.11533242876527,65.8751696065129,3.0864197530864197,85.98247809762202,4.597701149425287,99.58677685950413,90.49586776859503,6.0802069857697285,93.91979301423027,93.80165289256198,1.1019283746556474
2022,Census Tract 201; Chester County; South Carolina,45023020100,19.460010188487008,22.312786551197146,0.0,60.366785532348445,37.49363219561895,0.815078960774325,1.3245033112582782,59.26470588235294,84.13028413028412,6.583506583506583,0.0,82.79411764705881,6.261859582542694,93.66286438529785,39.18770581778266,11.467444120505345,88.53255587949465,60.48298572996706,10.428100987925356
2022,Census Tract 202; Chester County; South Carolina,45023020200,27.758674585808063,13.129102844638949,1.3441700531416068,54.673335417317915,38.10565801813067,5.5329790559549865,0.34385745545482965,68.10534016093635,77.64480612733365,7.036859741503111,5.486725663716814,79.88295537673739,4.54348766767633,95.34883720930233,44.96,18.14014407334643,81.85985592665357,52.800000000000004,14.48
2022,Census Tract 203; Chester County; South Carolina,45023020300,19.077380952380953,16.607142857142858,0.0,69.79166666666666,28.92857142857143,0.8333333333333334,0.4464285714285714,60.47854785478548,88.05845511482254,14.947807933194154,2.6066350710900474,74.75247524752476,5.737403457153365,84.51156812339332,47.81931464174455,14.797611147976111,85.20238885202389,62.616822429906534,7.632398753894081
2022,Census Tract 204; Chester County; South Carolina,45023020400,25.66204287515763,17.46532156368222,0.0,36.34930643127364,59.64691046658259,2.112232030264817,1.8915510718789406,54.7244094488189,83.95121951219512,13.853658536585368,9.221902017291066,79.21259842519684,7.124681933842239,93.30042313117066,57.63239875389408,7.135969141755062,92.86403085824494,81.72377985462099,7.684319833852545
2022,Census Tract 205; Chester County; South Carolina,45023020500,14.728385615914307,26.243305279265495,0.0,17.40627390971691,77.5822494261668,1.0711553175210407,3.940321346595256,70.5648369132856,86.77494199535964,15.591647331786543,4.3478260869565215,88.22593476531424,14.894571556751906,95.19586104951958,57.8860445912469,15.077138849929876,84.92286115007013,84.14533443435177,7.927332782824112
2022,Census Tract 206.01; Chester County; South Carolina,45023020601,12.46278179498086,18.077413866439812,2.552105487026797,27.81794980859209,68.60910250957039,0.0,1.020842194810719,64.25925925925927,85.27302813017099,20.408163265306122,31.891891891891895,80.64814814814815,5.150631681243926,92.94770206022187,66.16071428571428,6.2761506276150625,93.72384937238493,86.07142857142858,6.071428571428571
2022,Census Tract 206.02; Chester County; South Carolina,45023020602,24.547034003474806,20.625465376023826,0.0,24.298833457433606,65.37602382725241,6.056093323405311,4.269049391908662,54.48415374241402,88.91402714932126,18.06184012066365,2.8968713789107765,88.5367498314228,12.467105263157894,96.1947397873531,59.96204933586338,6.283343212803794,93.7166567871962,87.7292852624921,4.490828589500316
2022,Census Tract 207; Chester County; South Carolina,45023020700,18.594436310395317,13.177159590043924,1.2201073694485114,24.15812591508053,66.42264519277697,4.2947779404587605,3.904343582235237,74.53838678328474,88.73937677053824,14.943342776203966,3.870967741935484,95.04373177842565,4.739052189562088,96.14325068870524,49.87277353689568,17.523609653725078,82.47639034627493,82.95165394402035,2.1628498727735366
2022,Census Tract 208; Chester County; South Carolina,45023020800,29.330125832716508,15.433012583271651,0.0,24.629903774981496,71.89119170984456,0.6846780162842339,2.7942264988897114,74.267578125,85.97142857142858,12.542857142857141,9.722222222222223,93.212890625,6.980476063118481,92.0723825937096,53.83141762452107,9.92234685073339,90.07765314926661,81.80076628352491,6.321839080459771
2022,Census Tract 209; Chester County; South Carolina,45023020900,18.67179980750722,21.847930702598653,0.9143407122232916,20.548604427333974,66.98748796920115,0.43310875842155916,11.11645813282002,70.25316455696202,85.80729166666666,16.080729166666664,4.53074433656958,96.9620253164557,9.408284023668639,96.5986394557823,45.89041095890411,11.782477341389729,88.21752265861026,86.0730593607306,0.7990867579908676
2022,Census Tract 210; Chester County; South Carolina,45023021000,23.00204918032787,25.81967213114754,0.0,42.57172131147541,49.12909836065574,3.278688524590164,5.020491803278689,76.41509433962264,78.58166189111748,10.243553008595988,15.80547112462006,92.29559748427673,12.574850299401197,93.53507565337001,48.78048780487805,16.24106230847804,83.75893769152196,83.65853658536585,5.121951219512195
2022,Census Tract 101; Lancaster County; South Carolina,45057010100,18.22623992181774,17.37112142682629,2.0034204739799657,6.059125335939409,89.83630588810165,0.0,2.1011483019789887,84.37001594896331,90.60034305317323,28.885077186963983,30.83778966131907,80.27644869750132,7.857783089333732,93.90529770276605,63.92572944297083,12.018669778296383,87.98133022170362,81.29973474801061,5.305039787798409
2022,Census Tract 102.01; Lancaster County; South Carolina,45057010201,12.526242127361792,13.051084674597622,0.0,25.57732680195941,69.66410076976906,1.8544436668999302,2.9041287613715885,72.78820375335121,75.39682539682539,6.393298059964726,10.179640718562874,86.8632707774799,12.120000000000001,94.94451294697905,47.64397905759162,24.206349206349206,75.79365079365078,81.02094240837697,12.696335078534032
2022,Census Tract 102.02; Lancaster County; South Carolina,45057010202,25.62635628329059,21.52298283685145,0.0,23.831130400473466,66.8968238311304,1.1047543894259222,8.16729137897021,63.49789915966386,85.0702384841555,14.472394642273766,8.076009501187649,87.18487394957984,6.539801661752881,93.5666982024598,58.53154084798346,11.16214974735875,88.83785025264125,72.69906928645294,6.3598759048603934
2022,Census Tract 103; Lancaster County; South Carolina,45057010300,25.14365314295664,15.63642695455337,0.0,14.661326832665855,80.95072261884033,0.0,4.387950548493818,65.66385880465303,89.77929584866001,17.94534944823962,0.3536693191865605,94.38427597272363,7.513375203535706,95.31304651976215,70.49902152641879,11.89655172413793,88.10344827586208,73.53228962818004,5.528375733855186
2022,Census Tract 104; Lancaster County; South Carolina,45057010400,19.2417967505575,16.087926091111818,0.4460019114367633,26.95125836253584,60.21025804396305,10.608474036317299,1.7840076457470533,54.19473361910594,87.42194469223907,16.592328278322928,26.222222222222225,87.93631353337416,12.03155818540434,95.95529536987759,69.67999999999999,11.221590909090908,88.7784090909091,96.56,1.04
2022,Census Tract 105; Lancaster County; South Carolina,45057010500,24.43535479281522,10.17250577983283,1.476080384136582,39.39178374533167,44.887070958563044,8.731993597723635,5.513071314245065,58.41880341880342,75.25083612040135,8.30546265328874,1.8924302788844622,83.37606837606837,3.8832666509767,93.39174881343556,55.0921435499515,9.798775153105861,90.20122484689414,53.2007759456838,7.080504364694471
2022,Census Tract 106; Lancaster County; South Carolina,45057010600,20.58189655172414,21.382389162561577,0.0,19.011699507389164,67.70320197044335,11.376231527093596,1.9088669950738917,57.06754530477759,83.87370205552024,15.278660733206188,5.5721393034825875,91.13673805601317,10.53767660910518,96.80953915565583,76.57873701039168,7.572958995197636,92.42704100480236,84.45243804956036,2.3581135091926457
2022,Census Tract 107; Lancaster County; South Carolina,45057010700,28.490351872871738,15.664018161180476,1.4755959137343928,86.12372304199774,10.32917139614075,2.0715096481271282,0.0,62.58064516129033,82.27232537577365,6.23342175066313,10.39136302294197,77.69585253456222,1.8650793650793651,81.04895104895104,48.04428044280443,20.247204237786935,79.75279576221307,27.601476014760145,20.88560885608856
2022,Census Tract 108; Lancaster County; South Carolina,45057010800,16.9811320754717,18.361711919005984,3.819604233778187,40.7731247123792,49.516797054763,2.7151403589507592,3.1753336401288546,52.80898876404494,82.8258221680877,13.824604141291108,0.0,73.03370786516854,5.845980888139405,86.73376029277219,50.814332247557005,11.950286806883364,88.04971319311663,35.93919652551574,10.966340933767643
2022,Census Tract 109; Lancaster County; South Carolina,45057010900,24.588792863116808,19.31976582102035,2.509060496236409,23.334262614998604,56.147198215779206,14.245887928631168,3.763590744354614,42.4492385786802,86.7040448538246,28.674409291149377,5.46875,86.73857868020305,6.136783733826247,92.5414364640884,72.59842519685039,5.29455630126771,94.7054436987323,67.32283464566929,14.173228346456693
2022,Census Tract 110.01; Lancaster County; South Carolina,45057011001,16.631467793030623,19.271383315733896,0.0,32.875747976064766,64.0267511439634,1.284758887715593,1.8127419922562478,65.31724406383806,87.60386256456322,10.307657758814283,0.49019607843137253,90.26858699883223,16.297234536626558,95.88299024918743,72.02048417132217,7.8111587982832615,92.18884120171674,86.82495344506518,2.2346368715083798
2022,Census Tract 110.02; Lancaster County; South Carolina,45057011002,24.322033898305083,19.78813559322034,0.0,16.122881355932204,76.03813559322033,5.190677966101695,2.6483050847457625,72.62479871175523,84.10680228862047,10.870947234583598,0.8347245409015025,92.00214707461085,3.3314669652855544,95.18768046198267,62.174940898345156,5.79064587973274,94.20935412026726,82.74231678486997,5.614657210401891
2022,Census Tract 111; Lancaster County; South Carolina,45057011100,22.062391681109187,17.12305025996534,0.8318890814558059,24.38474870017331,66.9844020797227,6.34315424610052,1.4558058925476605,67.69349249133616,86.21738028882696,22.396757030656193,72.24938875305624,85.05968425105891,7.671781187458306,89.72055888223552,72.65660722450846,3.571428571428571,96.42857142857143,79.1952446273434,0.6401463191586648
2022,Census Tract 112.03; Lancaster County; South Carolina,45057011203,31.098473510924872,4.938641125411554,12.181981442681831,1.855731816821311,70.0688416641724,15.893445076324452,0.0,76.4765784114053,94.45196211096076,50.293188994136216,10.70840197693575,84.0122199592668,1.9113814074717639,98.55227882037534,85.8843537414966,7.619795758051846,92.38020424194815,94.30272108843538,0.0
2022,Census Tract 112.04; Lancaster County; South Carolina,45057011204,22.29707525468288,18.61649687808084,4.025632599408478,5.422280644101216,75.5011501807427,13.588563917186985,1.462372658560631,64.38938053097345,94.08962978999783,44.72829616800173,6.7924528301886795,94.01769911504425,5.984351871431592,98.07162534435263,89.08045977011494,9.844559585492227,90.15544041450777,97.03065134099617,1.9157088122605364
2022,Census Tract 112.05; Lancaster County; South Carolina,45057011205,25.689120861197196,15.168814222802151,6.034904583265373,10.161474473984669,75.3058228673952,7.013537758930028,1.4842603164247268,75.26697992310977,95.91165413533834,51.691729323308266,12.689901697944595,86.45877829987185,6.628621597892889,97.94584500466853,88.50056369785794,7.828195358503637,92.17180464149635,78.65464111236378,3.8331454340473505
2022,Census Tract 112.06; Lancaster County; South Carolina,45057011206,16.5380374862183,16.59316427783903,0.0,0.3858875413450937,94.26681367144432,4.575523704520397,0.7717750826901874,54.051796157059314,73.48837209302326,26.44518272425249,14.909090909090908,94.31913116123643,0.9247027741083224,96.3949843260188,65.54959785522789,7.213930348258707,92.7860696517413,95.04021447721179,2.546916890080429
2022,Census Tract 112.07; Lancaster County; South Carolina,45057011207,37.14358452138493,10.743380855397149,5.091649694501019,2.1384928716904277,85.03054989816701,5.728105906313646,2.0112016293279025,65.61210453920219,93.22256230870136,54.83165719282903,28.83865939204988,92.98486932599724,2.67314702308627,96.13034623217924,88.57368006304176,2.5345622119815667,97.46543778801843,99.60598896769109,0.0
2022,Census Tract 112.08; Lancaster County; South Carolina,45057011208,15.081206496519723,34.37741686001547,0.0,14.984532095901004,72.83449342614075,10.034802784222737,2.1461716937354987,88.98473788984738,99.0113692535838,49.233811171527435,37.82178217821782,94.75779694757797,8.60655737704918,100.0,79.8202614379085,0.0,100.0,86.51960784313727,0.0
2022,Census Tract 112.09; Lancaster County; South Carolina,45057011209,6.188416246094689,63.06176399903869,2.5835135784667145,6.633020908435472,85.24393174717616,3.112232636385484,2.4273011295361693,85.34418948926721,96.59971117237758,50.584219508993044,27.54491017964072,97.92746113989638,15.486102215960035,88.08193668528864,85.27131782945736,6.316021126760564,93.68397887323944,99.78858350951374,1.104063894761569
2022,Census Tract 112.10; Lancaster County; South Carolina,45057011210,26.38647102710768,13.20567023128575,0.37304153195722456,15.269833374782394,68.24173091270828,5.297189753792589,10.818204426759513,85.8942065491184,99.66044142614601,67.57215619694398,2.67314702308627,96.1376994122586,3.3445945945945943,100.0,93.47382732834805,7.832080200501252,92.16791979949875,100.0,0.4758667573079538
2022,Census Tract 112.11; Lancaster County; South Carolina,45057011211,3.4482758620689653,29.780564263322884,0.0,0.0,94.35736677115987,5.329153605015674,0.3134796238244514,56.76855895196506,85.09933774834437,4.966887417218543,0.0,52.838427947598255,37.66233766233766,100.0,68.57142857142857,0.0,100.0,100.0,0.0
2022,Census Tract 601.02; York County; South Carolina,45091060102,10.17388087310396,11.135775064742878,2.4047354790972992,20.08879023307436,69.55234924158343,6.215316315205328,1.7388087310395854,48.66425992779783,88.36038052602126,44.82372691662003,3.404255319148936,77.32851985559567,4.4490644490644495,92.83449587824984,80.76923076923077,7.644787644787645,92.35521235521236,44.565217391304344,4.3478260869565215
2022,Census Tract 602; York County; South Carolina,45091060200,19.172113289760347,16.33986928104575,0.0,38.9161220043573,49.128540305010894,9.177559912854031,2.7777777777777777,39.0224358974359,78.03951367781154,13.829787234042554,4.882459312839059,82.9326923076923,6.401617250673855,79.33930571108623,53.0209617755857,11.220580186097427,88.77941981390258,38.47102342786683,9.3711467324291
2022,Census Tract 603; York County; South Carolina,45091060300,28.315612758813653,11.807498601007275,0.30777839955232233,65.16508114157806,25.993284834918857,2.6021264689423615,5.9317291550083935,52.38938053097345,83.21523472099203,8.237378210806023,0.0,84.60176991150442,9.250585480093678,92.90816326530611,56.18461538461539,5.797101449275362,94.20289855072464,44.30769230769231,13.538461538461538
2022,Census Tract 604.01; York County; South Carolina,45091060401,18.533157663592444,19.499341238471672,0.21958717610891526,83.57487922705315,9.969257795344753,5.709266578831796,0.5270092226613966,54.29162357807652,75.43186180422265,7.421625079974409,3.1884057971014492,87.48707342295761,5.444743935309973,87.06382978723404,42.05882352941177,12.371134020618557,87.62886597938144,49.2156862745098,13.823529411764707
2022,Census Tract 604.02; York County; South Carolina,45091060402,32.036535859269286,9.675236806495263,2.9093369418132613,72.12449255751014,21.380243572395127,1.6914749661705006,1.8944519621109608,44.386617100371744,92.95199182839632,27.630234933605717,0.8503401360544218,87.21189591078067,9.003540718259991,91.98949441891004,67.23618090452261,0.9950248756218906,99.00497512437812,81.70854271356785,2.4120603015075375
2022,Census Tract 605.01; York County; South Carolina,45091060501,18.17095038852361,11.117752540346682,4.393305439330543,56.93365212193664,33.77166766288105,1.7931858936043037,3.1081888822474597,49.871244635193136,80.34037558685446,17.95774647887324,0.0,64.12017167381975,5.67557671182717,89.85896574882472,51.30494505494505,15.299592786503782,84.70040721349622,22.39010989010989,17.10164835164835
2022,Census Tract 605.02; York County; South Carolina,45091060502,27.736890524379028,18.031278748850045,0.0,84.31462741490341,13.201471941122357,2.2999080036798527,0.18399264029438822,57.84313725490197,82.31865284974094,11.72279792746114,0.0,93.35511982570807,16.54996817313813,95.40669856459331,58.323632130384176,19.342723004694836,80.65727699530515,59.022118742724096,7.566938300349244
2022,Census Tract 606; York County; South Carolina,45091060600,1.212471131639723,0.11547344110854503,0.28868360277136257,39.78060046189377,51.096997690531175,3.7528868360277134,5.080831408775981,23.154362416107382,90.0,47.5,,45.469798657718115,0.0,85.03480278422273,,,,,
2022,Census Tract 607; York County; South Carolina,45091060700,19.614921780986762,22.760873302389548,1.4956162970603404,17.62076671823964,73.38834450747808,3.2490974729241873,4.246175004297748,43.36700336700336,96.16682738669238,47.275795564127286,34.486486486486484,88.24915824915824,8.87739711269123,97.62340036563072,73.2084690553746,4.32411375146085,95.67588624853916,72.23127035830619,2.6465798045602607
2022,Census Tract 608.02; York County; South Carolina,45091060802,19.41747572815534,12.570260602963721,1.788451711803781,17.322432294328053,67.09248850281043,7.46039856923863,6.336228921819111,46.37096774193548,88.15305371596762,30.61074319352465,3.9525691699604746,87.6008064516129,4.375396322130628,98.64636209813875,84.23028785982478,4.880952380952381,95.11904761904762,79.59949937421777,5.632040050062578
2022,Census Tract 608.03; York County; South Carolina,45091060803,23.844917637605466,18.62193652069104,3.0534351145038165,22.940940136601046,52.89272800321414,18.260345520289274,2.8525512253917236,53.13788364635822,97.0677146311971,36.78960096735187,6.6492829204693615,89.64727439303711,6.489675516224189,90.59425423061786,58.03368229403733,7.882599580712789,92.11740041928721,44.014565316340466,5.279927173418298
2022,Census Tract 608.04; York County; South Carolina,45091060804,20.751813585403386,13.299626291492636,0.9452626950978238,17.344471312376346,66.1464058034733,10.793581006814684,4.7702791822378545,55.94013096351731,94.59287531806616,27.417302798982192,10.288808664259928,86.10851262862488,11.07103218645949,92.97568506368198,74.72306143001008,5.965909090909091,94.0340909090909,62.38670694864048,4.028197381671702
2022,Census Tract 609.01; York County; South Carolina,45091060901,23.588277340957827,7.205146533238027,0.8720514653323803,36.46890636168692,48.47748391708363,11.336669049320944,2.8448892065761258,52.11875843454791,87.45098039215686,33.49480968858132,1.9184652278177456,83.29284750337382,3.5398230088495577,96.98041991035622,76.48681790312692,4.0588235294117645,95.94117647058825,22.225628448804414,5.518087063151441
2022,Census Tract 609.04; York County; South Carolina,45091060904,18.978207533554624,17.563862029152837,0.1298888728532256,24.996391975754076,65.23307836628662,6.465579448693895,3.1750613364121807,65.68134791605085,93.82088384825968,33.33985138834572,13.211600429645543,88.82648536801655,12.593516209476311,98.8265306122449,85.68084276238783,3.026863412788498,96.9731365872115,93.44518142801405,0.0
2022,Census Tract 609.08; York County; South Carolina,45091060908,25.991725480652228,12.63081041615965,1.241177902165977,48.941348259917255,45.07179362375274,2.798734485276223,1.9469457288878074,48.64598719842442,88.0614657210402,33.25453112687155,11.602209944751381,87.05071393402265,7.563301545544229,96.26933575978161,69.9041533546326,5.836341756919374,94.16365824308063,46.38977635782748,2.8115015974440896
2022,Census Tract 609.09; York County; South Carolina,45091060909,22.093230934095374,22.50401857474549,1.6431505626004643,19.717806751205572,72.4057867476335,3.911412752277192,2.321843186283265,47.16338880484115,96.6592974699091,49.029722426922135,6.727480045610035,85.02269288956127,12.906923429619441,96.52116836232359,91.3156752062527,3.8413361169102296,96.15866388308977,71.21146330872776,1.0855405992184108
2022,Census Tract 609.10; York County; South Carolina,45091060910,17.77449532250123,17.89758739537174,1.8463810930576072,17.134416543574595,74.93845396356474,1.55096011816839,4.529788281634663,67.5857843137255,95.6694214876033,46.01652892561984,10.332749562171628,92.83088235294117,10.389221556886227,89.45378151260505,88.48704038577456,2.411764705882353,97.58823529411764,94.333936106088,1.2055455093429777
2022,Census Tract 609.11; York County; South Carolina,45091060911,28.365384615384613,12.293956043956044,2.1634615384615383,14.560439560439562,63.70192307692307,12.826236263736263,6.74793956043956,57.45794392523364,98.04603854389723,39.21306209850107,17.20430107526882,85.94392523364486,13.884135908090931,93.12383322962042,84.74903474903475,0.0,100.0,93.33976833976834,0.33783783783783783
2022,Census Tract 609.12; York County; South Carolina,45091060912,25.0,11.595744680851064,6.861702127659575,5.159574468085106,81.54255319148936,3.2446808510638294,3.1914893617021276,51.10220440881763,96.53312788906008,44.45300462249615,13.538461538461538,90.8817635270541,4.680851063829787,100.0,77.27272727272727,6.923076923076923,93.07692307692308,87.32782369146005,0.8264462809917356
2022,Census Tract 609.13; York County; South Carolina,45091060913,18.027709861450692,18.09290953545232,2.9991850040749797,11.947840260798696,73.38223308883455,6.389568052159738,5.281173594132029,58.69793489674484,91.28494244773314,38.313366220342964,4.868421052631579,83.75918795939798,8.868562338437066,96.45305514157974,77.01685191825027,10.494223363286265,89.50577663671375,56.400143420580854,6.489781283614199
2022,Census Tract 610.04; York County; South Carolina,45091061004,28.650112023898433,13.041448842419717,3.566094100074683,6.067961165048544,82.58028379387603,5.825242718446602,1.9604182225541449,59.80246913580247,91.9405544441269,50.40011431837668,5.092792403970652,78.5432098765432,4.250295159386068,94.00070997515087,84.87662509949588,2.053014553014553,97.94698544698545,75.03316529583444,2.6797559034226586
2022,Census Tract 610.06; York County; South Carolina,45091061006,22.191574724172515,13.741223671013039,8.47542627883651,8.24974924774323,69.7592778335005,7.723169508525577,5.792377131394182,58.241150442477874,99.47607404820118,63.25532658050995,5.777166437414031,92.36725663716814,10.255580718214171,97.46317512274959,88.97405660377359,0.0,100.0,79.48113207547169,0.4716981132075472
2022,Census Tract 610.07; York County; South Carolina,45091061007,27.15248315447966,11.841776890441727,10.531569752932368,13.588719740454206,56.62590466683304,14.47466932867482,4.779136511105565,47.90667945030361,91.60590764628903,45.410357076088985,7.4002574002573995,80.12144455097476,7.0570054945054945,95.54665409990575,85.07042253521126,4.6553267681289165,95.34467323187108,73.42723004694835,2.879499217527387
2022,Census Tract 610.08; York County; South Carolina,45091061008,34.06728512350509,10.562199619984353,8.3268134570247,12.238739242204092,64.78149100257069,8.639767519839053,6.013188778361462,52.84666433810688,95.45370541489558,57.32766586582887,11.844262295081966,92.87460705553615,9.594846584166808,97.88767395626242,92.09901661580197,4.066363044892648,95.93363695510735,81.89216683621567,3.6283485927433032
2022,Census Tract 610.09; York County; South Carolina,45091061009,27.736389684813755,15.692454632282713,11.595033428844317,7.793696275071634,72.77936962750717,5.396370582617001,2.4355300859598854,67.28349370836418,99.03926482873851,68.08688387635756,8.498705780845556,92.2033061929435,8.70429252782194,97.91706478119625,84.38222450552273,2.1613470721286756,97.83865292787132,87.15643462625225,4.8291805805291546
2022,Census Tract 610.10; York County; South Carolina,45091061010,29.003282086716187,14.52755225427535,6.166868198307134,13.214717567801001,59.198479875626184,18.794264985316982,2.6256693729486957,72.32227488151659,99.81387928742356,57.910130284498806,3.7463976945244957,94.54976303317537,7.761557177615572,100.0,79.1172282866635,4.140127388535031,95.85987261146497,61.08210726150926,0.0
2022,Census Tract 610.11; York County; South Carolina,45091061011,20.658781916657457,11.495523377915331,10.268597325080137,13.186691721012489,63.22537857853432,9.892782137725213,3.4265502376478394,68.68255959849435,94.81833512187644,52.93576575195462,5.62043795620438,93.85194479297365,7.9269991641125666,98.75330562901398,84.26501035196688,2.6455026455026456,97.35449735449735,54.63250517598344,2.329192546583851
2022,Census Tract 610.12; York County; South Carolina,45091061012,22.236448997012378,10.990183525394794,4.310712761416987,10.072556551429791,80.58045241143833,2.560819462227913,2.4754588134869824,56.4226216571679,99.32060821740536,60.30410870268521,23.68024132730015,95.48443665059185,2.607025246981339,95.7461892945764,84.5442536327609,3.134996801023673,96.86500319897632,79.12813738441216,4.887714663143989
2022,Census Tract 611.01; York County; South Carolina,45091061101,23.72948388372553,14.316788609847736,0.2372948388372553,22.266165710895788,68.36068815503262,5.457781293256872,3.6780700019774573,52.634011090573004,93.68267831149927,31.470160116448326,4.531410916580844,83.3641404805915,6.974332382680839,95.92523364485982,79.71512770137524,4.368248003757633,95.63175199624237,78.7819253438114,4.469548133595285
2022,Census Tract 611.03; York County; South Carolina,45091061103,30.398402586288864,7.2168869449462765,1.5118379766092993,9.109061519444708,81.81991062089949,4.174194161833222,3.3849957212132735,67.03397612488521,97.08467623791385,57.412833284500444,2.877106452938759,93.5720844811754,4.549180327868853,98.20457018498368,88.02816901408451,6.193228736581338,93.80677126341867,93.01643192488262,0.0
2022,Census Tract 611.04; York County; South Carolina,45091061104,27.358194923221564,14.948292071450956,3.212159197743654,5.076778439360702,69.89971795675338,10.89000313381385,10.921341272328423,65.03667481662592,95.78241073568176,48.40642223819794,10.659509202453988,83.0480847595762,6.341673856773081,96.92209041359409,88.9749430523918,1.215121512151215,98.78487848784879,95.53530751708428,4.5102505694760815
2022,Census Tract 612.02; York County; South Carolina,45091061202,22.109826589595375,20.785163776493256,0.36127167630057805,10.717726396917149,63.896917148362235,0.5057803468208093,24.51830443159923,64.77707006369427,87.5,17.355371900826448,4.166666666666666,87.38853503184714,12.399505256648114,92.16101694915254,69.0909090909091,5.955188679245283,94.04481132075472,83.69905956112854,5.266457680250784
2022,Census Tract 612.03; York County; South Carolina,45091061203,25.909878682842287,11.987290583477758,0.9676487579433852,14.355863662622761,81.1525129982669,2.0652801848642404,1.4586943963027152,72.34277307833761,88.07047336022076,26.59732540861813,7.306590257879657,90.06987863184995,7.816764132553606,90.15047879616964,81.6640378548896,6.696100073583517,93.30389992641648,86.47476340694006,3.8249211356466875
2022,Census Tract 612.04; York County; South Carolina,45091061204,18.445670424562245,14.511873350923482,0.2638522427440633,34.132885584072916,59.294794914847685,3.310146318061885,2.9983209402734468,54.76681799422204,95.8252427184466,39.19093851132686,4.6255506607929515,81.96450680973999,8.19133034379671,97.6225854383358,83.46774193548387,5.162523900573614,94.83747609942638,40.67540322580645,5.040322580645161
2022,Census Tract 612.05; York County; South Carolina,45091061205,24.28326914848096,21.00984167736414,0.0,18.48523748395379,71.90842961061189,5.027813436029097,4.5785194694052205,55.09456985967053,85.45775684427436,29.26111274654107,7.103064066852367,92.80048810250152,9.522463972873693,95.79611140304782,77.32997481108312,9.484724122207023,90.51527587779297,68.16120906801008,0.4030226700251889
2022,Census Tract 613.01; York County; South Carolina,45091061301,21.905805038335156,13.953997809419496,0.284775465498357,53.36254107338445,38.64184008762322,2.343921139101862,5.3669222343921135,60.30262572318647,94.69438411417933,24.790567793980763,4.513399153737659,90.65420560747664,9.64336661911555,92.6961926961927,73.10584152689415,3.0829596412556053,96.9170403587444,79.06304222093696,5.6101792943898205
2022,Census Tract 613.02; York County; South Carolina,45091061302,21.81215992429619,12.325526378045895,0.0,22.758457534894724,72.72297137449728,3.5013011592145733,1.0172699313934233,71.4992577931717,95.3835709436524,20.332654446707398,0.0,91.53884215734784,9.440242057488653,95.36185525789685,74.63110102156641,8.704663212435234,91.29533678756476,82.80363223609535,5.845629965947786
2022,Census Tract 614.01; York County; South Carolina,45091061401,17.2789406236651,14.9508756941478,0.74754378470739,5.360956856044425,89.19265271251602,4.378470739000427,0.3203759077317386,66.789159393661,85.63397876327295,15.584009993753902,13.825503355704699,79.60496095544327,6.351665375677769,90.1076984443558,47.334123222748815,5.274971941638609,94.72502805836139,70.43838862559242,3.1990521327014214
2022,Census Tract 614.03; York County; South Carolina,45091061403,22.053928095872173,13.382157123834887,1.2649800266311584,16.328229027962713,74.46737683089214,3.2123834886817573,4.727030625832223,73.59472588480223,92.53803429123401,34.532721564839406,6.75,87.23108952116586,9.95088618407004,98.10201660735468,87.21876495931068,5.517865219357756,94.48213478064224,86.59645763523217,1.0531354715174726
2022,Census Tract 614.04; York County; South Carolina,45091061404,21.438337435056056,22.914957615531854,1.257861635220126,24.25485370522286,69.8660103910309,3.7735849056603774,0.847689362865737,43.278301886792455,98.97435897435898,45.67765567765568,1.8292682926829267,92.04009433962264,9.502262443438914,95.94805194805195,87.75367389783065,0.0,100.0,77.60671798460463,7.6277116864940515
2022,Census Tract 615.03; York County; South Carolina,45091061503,20.328748742032875,23.045957732304593,0.13418316001341832,2.5830258302583027,94.4649446494465,0.0,2.8178463602817847,56.713132795304475,90.45020463847203,25.875397908140062,21.20418848167539,93.32355099046221,14.778947368421052,98.95493141737427,64.38906752411575,4.747320061255743,95.25267993874425,85.85209003215434,4.742765273311897
2022,Census Tract 615.04; York County; South Carolina,45091061504,17.73308957952468,16.473694901482837,3.635994312411132,5.281332520820638,88.70607353239895,1.218769043266301,1.157830591102986,73.42879872712808,87.46743095362169,8.520062532569046,9.821428571428571,86.31662688941925,6.701675418854713,96.76170362548399,80.90452261306532,9.709618874773138,90.29038112522686,89.09547738693468,4.974874371859297
2022,Census Tract 615.05; York County; South Carolina,45091061505,16.164207825529186,5.965362411802437,0.22450288646568314,11.577934573444516,78.31943553559975,7.216164207825529,2.6619627966645285,59.382239382239376,84.61538461538461,10.39136302294197,16.666666666666664,93.35907335907336,8.942457231726284,86.64072632944229,63.30376940133038,6.139438085327783,93.86056191467222,91.46341463414635,1.7738359201773837
2022,Census Tract 615.06; York County; South Carolina,45091061506,18.232683773876133,24.36812656762493,0.0,6.559907389542737,89.69708662936523,1.0418676442214934,2.7011383368705384,53.94045534150613,91.23898392949715,23.12078797304303,3.197353914002205,89.62346760070052,8.069844266163283,92.18533886583678,71.32735002361834,0.656968559361802,99.3430314406382,83.13651393481342,0.0
2022,Census Tract 616.01; York County; South Carolina,45091061601,24.6315099901736,11.300360301342941,0.4258106780216181,48.116606616442844,47.10121192269898,1.0809040288241074,3.275466754012447,64.12337662337663,90.57220708446867,17.9291553133515,12.204724409448819,79.62662337662337,7.648848326814428,80.51470588235294,51.275510204081634,12.434847356664184,87.56515264333582,59.2687074829932,9.438775510204081
2022,Census Tract 616.02; York County; South Carolina,45091061602,24.898722343409162,14.474914303521347,0.0,23.013399813025863,54.37831100031162,14.054222499220941,8.554066687441571,57.019661952397385,82.05069124423963,21.152073732718893,9.516728624535316,85.06381510865816,6.1203319502074685,95.84120982986768,66.52858326429163,7.22521137586472,92.77478862413528,68.76553438276719,9.1963545981773
2022,Census Tract 617.01; York County; South Carolina,45091061701,23.970704671417263,19.635787806809184,0.0,3.008709422011085,89.68725257323833,5.423594615993666,1.880443388756928,62.487309644670056,86.26670457776514,17.628660790446403,53.41246290801187,82.08121827411168,12.626920072897683,95.58160504959423,60.8053007135576,7.4091552619159975,92.590844738084,85.93272171253822,1.9367991845056065
2022,Census Tract 617.05; York County; South Carolina,45091061705,26.027397260273972,15.652699435938757,0.22159548751007255,7.292506043513296,90.16921837228043,1.1281224818694602,1.1885576148267527,71.17726657645467,93.42297573808828,23.3849751534639,9.887869520897045,85.52097428958051,8.561269146608314,96.21212121212122,73.61262241566921,3.9707419017763845,96.02925809822361,93.30794341675734,1.3057671381936888
2022,Census Tract 617.06; York County; South Carolina,45091061706,24.531737773152965,15.101456815816858,0.858480749219563,9.365244536940686,76.04058272632675,10.210718002081165,3.5249739854318416,70.6780696395846,90.53402737613264,33.10198573356468,0.0,91.905925473427,8.80730782488797,95.38540861046661,74.91903562432529,7.397534155281573,92.60246584471842,79.95681899964015,1.0795250089960418
2022,Census Tract 617.08; York County; South Carolina,45091061708,33.55811186037287,11.093481422715854,1.6395610207589582,16.369165674996694,78.02459341531139,1.6660055533518445,2.300674335581119,73.91729078476067,98.35474419652918,51.926977687626774,8.795309168443497,85.24910452621296,9.592039800995025,97.91177238318977,90.86557638611886,1.6862745098039214,98.31372549019608,87.47506980454727,1.5556441962504985
2022,Census Tract 617.09; York County; South Carolina,45091061709,23.557837511325882,13.651464814255512,1.011778918755663,10.404711567502266,81.28964059196618,5.48172757475083,1.8121413470250678,78.72340425531915,97.12134632418069,43.268379096545615,1.2698412698412698,88.08510638297872,7.467404188067957,94.4336209295853,79.4558359621451,5.196261682242991,94.80373831775701,75.51261829652996,0.03943217665615142
2022,Census Tract 617.10; York County; South Carolina,45091061710,24.41256492703438,22.780113776898343,1.75612169181301,3.9079891169923324,84.64011872372001,5.4909720504575805,4.2047984170170665,71.74447174447175,97.1718636693256,41.29804205946338,6.71875,89.92628992628993,8.606020942408376,91.06267029972753,94.31459254579912,10.413129598189022,89.58687040181098,83.575489576753,3.2849020846494
2022,Census Tract 618.01; York County; South Carolina,45091061801,31.19800332778702,10.232945091514143,0.4159733777038269,19.10704381586245,60.56572379367721,11.70271769273433,8.208541320022185,71.96323046618515,85.22727272727273,23.994755244755243,0.0,85.09520682862771,3.506650544135429,93.77453729669098,71.17327117327117,10.687022900763358,89.31297709923665,75.44677544677545,5.128205128205128
2022,Census Tract 618.02; York County; South Carolina,45091061802,20.973154362416107,18.60318791946309,0.2307046979865772,6.145134228187919,81.22902684563759,8.473154362416107,3.9219798657718123,61.16859403530128,86.85190489830994,21.42652535090232,6.666666666666667,94.33962264150944,9.607218683651805,87.76160145586897,79.17082917082917,6.229508196721312,93.77049180327869,67.88211788211788,2.997002997002997
2022,Census Tract 619; York County; South Carolina,45091061900,14.871794871794872,26.074950690335307,0.0,16.68639053254438,78.73767258382644,1.9329388560157792,2.642998027613412,86.90476190476191,88.47902981303689,17.33198585144012,11.564625850340136,85.66666666666667,8.71177015755329,99.63369963369964,20.019020446980505,6.450177935943061,93.54982206405694,85.02139800285306,0.47551117451260105
