Year,NAME,GEOID,PercentUnder18,PercentOver65,PercentAsian,PercentBlack,PercentWhite,PercentHispanic,PercentOther,PercentDroveMoreThan20Minutes,PercentHighSchoolDiploma,PercentAdultsWithAtLeastBachelors,PercentPrivateSchool,PercentDroveAlone,PercentVeteran,PercentEmployed,PercentInternetAccess,PercentVacant,PercentOccupied,PercentOwnerOccupied,PercentNoVehicle
2020,"Census Tract 9201, Anson County, North Carolina",37007920100,23.550295857988164,17.159763313609467,0.0,50.38461538461539,42.396449704142015,4.763313609467456,2.455621301775148,51.812555260831125,80.91476091476092,10.395010395010395,4.53920220082531,94.9602122015915,12.577399380804955,88.27785817655571,63.7785016286645,14.674819344080046,85.32518065591995,71.92182410423453,9.055374592833875
2020,"Census Tract 9202, Anson County, North Carolina",37007920200,18.976215098241987,22.440537745604964,1.861427094105481,37.5387797311272,57.238883143743536,3.1023784901758016,0.25853154084798347,56.03357817418678,80.27065527065527,14.031339031339032,0.0,82.5813221406086,5.2329291640076585,97.58064516129032,76.74698795180723,16.498993963782695,83.5010060362173,77.95180722891565,5.0602409638554215
2020,"Census Tract 9203.01, Anson County, North Carolina",37007920301,18.778850188837602,23.52077213596307,0.10490977759127151,23.940411246328157,69.53420058749475,5.140579101972303,1.2798992866135124,69.7872340425532,82.02650469353948,9.7736057426836,15.773809523809524,86.52482269503547,6.122448979591836,96.40350877192982,63.46153846153846,14.067796610169491,85.9322033898305,76.82445759368836,3.8461538461538463
2020,"Census Tract 9203.02, Anson County, North Carolina",37007920302,22.66112266112266,7.484407484407485,0.0,12.058212058212058,82.53638253638253,5.405405405405405,0.0,81.15384615384616,94.6236559139785,2.6881720430107525,0.0,100.0,2.8901734104046244,86.66666666666667,68.53932584269663,18.72146118721461,81.27853881278538,100.0,0.0
2020,"Census Tract 9204, Anson County, North Carolina",37007920400,33.50059031877214,12.367178276269184,0.0,80.40141676505313,18.358913813459267,0.0,1.2396694214876034,38.551572787125096,85.00842223469961,11.005053340819765,0.0,71.10460863204096,4.837993786063027,92.25213394615889,52.32100708103855,14.005412719891746,85.99458728010826,46.813532651455546,13.611329661683714
2020,"Census Tract 9205.01, Anson County, North Carolina",37007920501,23.728813559322035,12.076271186440678,0.0,60.59322033898306,29.02542372881356,10.38135593220339,0.0,41.48936170212766,72.22222222222221,25.416666666666664,0.0,100.0,5.555555555555555,100.0,56.83453237410072,0.0,100.0,89.92805755395683,0.0
2020,"Census Tract 9205.02, Anson County, North Carolina",37007920502,14.690841469084148,24.546722454672246,4.160855416085542,63.52859135285913,32.05485820548582,0.0697350069735007,0.18596001859600186,61.37244050913115,78.65743527995184,12.853702588801927,16.88963210702341,90.92418372993912,7.629427792915531,88.63119599818098,53.00668151447662,19.749776586237715,80.25022341376228,48.60801781737194,9.298440979955457
2020,"Census Tract 9206, Anson County, North Carolina",37007920600,19.02994964219454,19.93108931884442,1.0601643254704478,37.1587596077392,49.80121918897429,9.912536443148689,2.0673204346673737,48.28169014084507,83.51729212656365,10.927152317880795,17.098445595854923,73.5774647887324,8.641571194762685,90.70464767616193,54.63386727688787,18.735471873547187,81.26452812645282,70.13729977116705,5.148741418764303
2020,"Census Tract 9800, Anson County, North Carolina",37007980000,0.0,2.7359781121751023,3.761969904240766,48.97400820793434,34.19972640218879,2.3939808481532148,10.6703146374829,,75.94740912606342,2.9389017788089715,0.0,,5.06155950752394,,,,,,
2020,"Census Tract 405.01, Cabarrus County, North Carolina",37025040501,28.785357737104828,10.776910277742225,0.0,38.8327147062588,38.8839114296685,18.64840650198387,3.6349673620888265,67.60863769661424,91.2574619680339,19.121894858463314,4.890895410082769,84.99066915489203,8.644859813084112,95.6955252918288,75.4620526936689,12.249827467218772,87.75017253278122,78.37200157294534,2.4380652772316163
2020,"Census Tract 405.02, Cabarrus County, North Carolina",37025040502,25.10495382031906,13.249370277078084,1.0747271200671704,8.043660789252728,77.06129303106634,12.292191435768261,1.528127623845508,61.08768971332209,83.94142467113429,29.312484487465873,13.297463489623368,88.6593591905565,6.233183856502242,87.07438016528926,86.75078864353313,3.6055603822762814,96.39443961772372,67.68814781433078,3.8305543037404237
2020,"Census Tract 406, Cabarrus County, North Carolina",37025040600,16.179469748470428,21.59075458871516,0.0,5.846363018354861,85.42488103331067,5.370496261046907,3.3582596872875596,58.95061728395061,92.77307833762413,20.19124678190511,0.0,88.01907968574635,4.249797242497973,97.33403031887087,68.4172918899607,7.102555592432791,92.8974444075672,79.27831368345838,2.0364415862808145
2020,"Census Tract 407.01, Cabarrus County, North Carolina",37025040701,26.190476190476193,14.880952380952381,0.0,13.690476190476192,60.984848484848484,24.242424242424242,1.0822510822510822,46.666666666666664,83.34786399302529,10.026155187445509,1.1976047904191618,78.91156462585033,5.4985337243401755,90.09661835748793,63.56821589205397,12.924281984334204,87.0757180156658,60.86956521739131,1.6491754122938531
2020,"Census Tract 407.03, Cabarrus County, North Carolina",37025040703,32.83582089552239,14.1044776119403,7.08955223880597,43.992537313432834,27.01492537313433,18.134328358208958,3.7686567164179103,45.06114769520226,83.90367553865653,15.272496831432193,0.0,66.22765757290688,3.722222222222222,96.22317596566523,50.76023391812865,18.571428571428573,81.42857142857143,19.1812865497076,6.783625730994151
2020,"Census Tract 407.04, Cabarrus County, North Carolina",37025040704,21.73076923076923,18.5989010989011,1.291208791208791,32.44505494505495,56.565934065934066,7.472527472527473,2.2252747252747254,60.935251798561154,86.97068403908796,9.446254071661238,12.26252158894646,79.06474820143885,10.424710424710424,91.33216986620128,68.92458100558659,5.416116248348745,94.58388375165126,53.072625698324025,11.103351955307263
2020,"Census Tract 407.05, Cabarrus County, North Carolina",37025040705,23.318872017353577,10.466377440347072,1.7895878524945772,32.049891540130155,52.81995661605207,11.3882863340564,1.9522776572668112,52.04755614266843,94.88966318234611,18.273325590398763,8.319467554076539,87.18626155878468,30.233380480905232,96.43268124280783,87.45791245791246,4.3478260869565215,95.65217391304348,70.62289562289563,2.6936026936026933
2020,"Census Tract 408, Cabarrus County, North Carolina",37025040800,26.90225135366201,15.559988600740951,0.0,20.746651467654605,64.32031917925335,12.938159019663722,1.9948703334283273,53.798767967145785,85.91916558018254,19.035202086049544,9.367088607594937,86.10540725530458,8.810916179337232,91.18505545826036,68.89556724267469,24.589235127478755,75.41076487252124,59.353869271224646,4.2824943651389935
2020,"Census Tract 409, Cabarrus County, North Carolina",37025040900,15.934959349593496,25.31165311653116,0.3252032520325203,18.59078590785908,66.2330623306233,12.303523035230352,2.5474254742547426,52.18783351120597,89.31899641577061,27.38351254480287,10.526315789473683,96.69156883671292,5.157962604771115,96.23389494549059,68.78901373283396,11.491712707182321,88.50828729281768,61.79775280898876,2.4968789013732833
2020,"Census Tract 410.01, Cabarrus County, North Carolina",37025041001,23.049504950495052,16.11881188118812,0.0,18.138613861386137,67.52475247524752,9.94059405940594,4.3960396039603955,59.84905660377359,87.63769889840881,22.766217870257037,0.0,90.49056603773586,8.800823468862584,96.6869506423259,54.479166666666664,20.0,80.0,63.854166666666664,10.9375
2020,"Census Tract 410.02, Cabarrus County, North Carolina",37025041002,33.74714145704018,13.13296308395949,0.0,23.358379614505065,57.236197321136885,12.77360339758249,6.631819666775564,35.3396388650043,61.77823198773633,3.9345937659683186,0.0,69.90541702493552,3.9447731755424065,88.04034582132564,51.798561151079134,12.025316455696203,87.9746835443038,33.710174717368965,27.33812949640288
2020,"Census Tract 411, Cabarrus County, North Carolina",37025041100,25.78493574101188,13.43744916219294,0.06507239303725396,13.030746705710103,77.0945176508866,9.321620302586627,0.4880429477794046,69.11494674990819,89.27992590877518,33.01690206066219,16.795366795366796,97.13551230260742,9.732573432704953,94.61697722567288,85.52405498281786,15.005476451259584,84.99452354874042,82.9896907216495,2.8780068728522337
2020,"Census Tract 412.01, Cabarrus County, North Carolina",37025041201,25.930051236355535,12.474938739140121,3.1632880374248162,37.80351971485854,53.55312987302294,4.165738471820005,1.3143239028736913,47.817589576547235,97.41956036954444,20.54794520547945,6.93196405648267,92.70358306188925,4.180451127819549,92.04639602319801,80.74398249452955,8.41683366733467,91.58316633266533,75.85703865791393,1.0940919037199124
2020,"Census Tract 412.02, Cabarrus County, North Carolina",37025041202,28.401941398525977,18.047815926658277,1.1864102103181737,20.45658817184972,72.85637246090239,4.925399964048176,0.5752291928815387,48.001508295625946,97.62931034482759,41.244612068965516,5.417276720351391,86.50075414781297,6.2013557619884505,97.96481545360469,84.01727861771057,12.8060263653484,87.1939736346516,59.93520518358532,1.7818574514038878
2020,"Census Tract 413.01, Cabarrus County, North Carolina",37025041301,23.760707765763236,15.48939755652296,5.153770537845808,8.987501755371436,74.45583485465525,5.266114309787951,6.136778542339559,72.98080405650127,95.69338553472079,49.68060993200083,11.568123393316196,93.5530604853314,8.601952477435992,95.09695290858727,81.1328790459966,6.454183266932271,93.54581673306774,92.29131175468484,3.705281090289608
2020,"Census Tract 413.04, Cabarrus County, North Carolina",37025041304,34.091843728581225,4.701850582590816,12.570253598355038,23.68745716244003,56.545579163810835,5.1679232350925295,2.0287868403015765,65.54294975688816,97.95364891518737,67.52958579881657,5.085865257595773,91.11831442463533,4.679700499168053,99.05756495160468,91.6628701594533,6.635474266269672,93.36452573373033,87.10706150341686,2.0045558086560367
2020,"Census Tract 413.05, Cabarrus County, North Carolina",37025041305,26.532846715328468,13.43065693430657,10.328467153284672,4.124087591240875,80.62043795620438,4.927007299270073,0.0,59.557013945857264,97.29299363057325,34.394904458598724,4.440789473684211,92.28876127973749,6.110283159463488,100.0,90.2439024390244,2.275189599133261,97.72481040086673,87.91574279379158,1.5521064301552108
2020,"Census Tract 413.06, Cabarrus County, North Carolina",37025041306,27.567911714770798,7.576400679117147,24.002546689303905,22.389643463497453,47.07130730050933,2.7801358234295415,3.756366723259762,73.63590005099438,94.27116486314449,53.37364735837047,5.112781954887218,83.68179500254972,9.434515089364195,85.68273831431726,90.77892325315005,10.507432086109688,89.49256791389031,54.009163802978236,3.264604810996564
2020,"Census Tract 413.07, Cabarrus County, North Carolina",37025041307,34.74692202462381,3.4199726402188784,17.211789578410645,16.229324710856858,55.04290511130456,8.730257430667827,2.7857231687601045,74.84563758389262,97.68837519448766,64.36985996888197,6.3202791779759595,91.19463087248322,5.526967791118734,93.29885800474035,79.22705314009661,6.219110378912685,93.78088962108731,95.12516469038208,2.1080368906455864
2020,"Census Tract 415.03, Cabarrus County, North Carolina",37025041503,27.910354845403614,8.404233243411497,7.055405685826935,21.622743307740194,59.76343639759286,9.130525005187797,2.42788960365221,77.83630470016207,97.31398579808584,42.945353504167954,6.322444678609063,84.52188006482983,7.694532831935204,95.74624129079574,80.86900129701687,5.975609756097561,94.02439024390243,89.94811932555123,4.734111543450065
2020,"Census Tract 415.04, Cabarrus County, North Carolina",37025041504,27.666829030686802,10.837798343886995,5.187530443253776,6.380905991232343,69.31320019483682,9.74184120798831,9.376522162688747,80.2223522527794,97.8587528174305,41.88580015026296,0.0,92.86132241076653,5.084175084175084,96.80903289150712,88.81278538812786,2.3048327137546467,97.69516728624535,91.93302891933028,1.5220700152207
2020,"Census Tract 415.05, Cabarrus County, North Carolina",37025041505,36.56034846143037,7.123788112968947,16.313053252775045,17.226359421104398,55.69762540396235,6.969228607559365,3.7937333145988474,74.81539059463661,98.17818817070128,59.346144247566755,1.8065268065268065,92.26583754372328,7.840531561461795,97.3894348894349,92.55631733594515,4.400749063670412,95.59925093632958,88.00195886385896,0.0
2020,"Census Tract 415.06, Cabarrus County, North Carolina",37025041506,21.294992961994772,17.57490448421476,1.4277096320128695,18.3792479388699,78.34305248341042,0.9853207319525437,0.864669213754273,70.10607521697203,98.24407374890255,53.17529997073456,9.062170706006324,95.46769527483124,5.748594787940726,98.89380530973452,87.99512492382694,5.417867435158501,94.5821325648415,95.551492992078,0.9140767824497258
2020,"Census Tract 415.07, Cabarrus County, North Carolina",37025041507,28.755129958960328,11.98358413132695,5.06155950752394,0.6019151846785226,84.21340629274965,10.12311901504788,0.0,79.64543663821405,91.33139776026546,40.81294068851099,4.0428061831153395,96.97964543663822,8.218125960061444,95.2247191011236,81.79508890770533,14.233841684822076,85.76615831517792,90.85520745131245,2.4555461473327687
2020,"Census Tract 416.02, Cabarrus County, North Carolina",37025041602,25.402070940735843,15.069398545935227,4.097818902842035,1.9167217448777263,75.91980612469706,14.232209737827715,3.8334434897554526,68.47826086956522,90.26128266033254,20.834747200542925,29.207232267037554,89.13043478260869,8.00354400472534,97.87535410764873,71.13874345549738,4.1405269761606025,95.8594730238394,84.55497382198953,2.225130890052356
2020,"Census Tract 416.03, Cabarrus County, North Carolina",37025041603,20.629114850036576,11.36308217507925,2.9261155815654716,2.560351133869788,81.54108753962448,9.558644233113874,3.413801511826384,84.13677130044843,94.72566371681415,35.92920353982301,29.105691056910572,88.78923766816143,5.867895545314901,97.60765550239235,84.10740203193033,6.891891891891892,93.10810810810811,79.24528301886792,3.4107402031930336
2020,"Census Tract 416.04, Cabarrus County, North Carolina",37025041604,19.223394055608818,15.22051773729626,0.0,1.558005752636625,97.6510067114094,0.5273250239693192,0.2636625119846596,73.4126984126984,95.49870466321244,35.78367875647668,13.461538461538462,89.15343915343915,6.142433234421365,99.29048414023373,80.18679119412941,11.14404267931239,88.85595732068761,91.72781854569713,5.136757838559039
2020,"Census Tract 417.01, Cabarrus County, North Carolina",37025041701,18.489110707803995,20.916515426497277,2.1551724137931036,12.386569872958257,82.07803992740472,3.3802177858439206,0.0,72.04301075268818,88.24833702882484,22.204624643649034,7.142857142857142,89.19843597262953,8.544391873086557,96.5938864628821,73.20971867007673,15.868746637977408,84.13125336202259,84.59079283887469,1.4066496163682864
2020,"Census Tract 417.02, Cabarrus County, North Carolina",37025041702,19.635990771597026,12.073827223788772,4.639835939502691,1.2304537298128686,86.97769802614714,6.024096385542169,1.1279159189951296,74.45932028836252,92.87925696594426,17.647058823529413,2.9315960912052117,88.51699279093718,4.976076555023924,93.4600088378259,73.3061224489796,15.458937198067632,84.54106280193237,76.73469387755102,2.36734693877551
2020,"Census Tract 419.01, Cabarrus County, North Carolina",37025041901,35.228499460237494,10.43540842029507,0.0,24.253328535444403,24.505217704210146,38.682979489024824,12.55847427132062,51.85512367491166,65.31413612565446,4.908376963350785,0.0,81.53710247349824,17.38888888888889,92.0846394984326,51.52354570637119,11.7359413202934,88.26405867970661,65.37396121883657,5.124653739612189
2020,"Census Tract 419.02, Cabarrus County, North Carolina",37025041902,25.550779150994092,12.57388500806018,0.0,35.00806018269748,37.39924771628157,24.395486297689413,3.1972058033315425,64.45526475958613,78.20823244552058,26.472962066182404,0.0,73.34144856968959,4.593128390596745,82.85984848484848,46.164021164021165,13.352435530085959,86.64756446991404,30.555555555555557,11.574074074074074
2020,"Census Tract 420, Cabarrus County, North Carolina",37025042000,27.367662945624776,11.721281958948506,2.754771335974073,11.883327331652863,63.32373064458048,16.222542311847317,5.815628375945265,51.30574527922861,72.36586043925493,13.038643313872672,1.3370865587614356,75.45198875050221,5.651958353991076,92.98946603705049,59.54415954415955,9.629248197734293,90.3707518022657,69.74358974358974,3.361823361823362
2020,"Census Tract 421.01, Cabarrus County, North Carolina",37025042101,26.51215375918598,7.744488411531939,1.1305822498586773,48.13453928773318,9.468626342566422,39.51384963256077,1.7524024872809498,66.78301337987202,70.96916299559471,14.801762114537445,6.912442396313365,76.78883071553228,2.4615384615384617,91.3157894736842,37.509727626459146,20.923076923076923,79.07692307692308,47.704280155642024,7.937743190661478
2020,"Census Tract 421.02, Cabarrus County, North Carolina",37025042102,27.293754818812644,17.244924184014394,2.5443330763299925,21.38267797481367,61.989205859676176,10.896941660241582,3.1868414289385765,63.3668903803132,76.90174326465927,19.25515055467512,4.8009367681498825,77.06935123042506,11.240721102863201,94.74221541602859,71.94444444444444,10.336239103362391,89.66376089663761,73.95833333333334,2.986111111111111
2020,"Census Tract 422.01, Cabarrus County, North Carolina",37025042201,25.843881856540087,9.388185654008439,0.0,19.374120956399437,75.8790436005626,3.8326300984528836,0.9142053445850914,62.07865168539326,95.69183983781045,28.58590978205778,12.954545454545455,89.8876404494382,7.365299060800791,83.99280575539568,78.38541666666666,1.7902813299232736,98.20971867007673,56.68402777777778,9.288194444444445
2020,"Census Tract 422.02, Cabarrus County, North Carolina",37025042202,21.297192642787994,16.577928363988384,0.0,17.424975798644724,77.00871248789932,1.4762826718296225,4.09002904162633,69.9142156862745,89.11984410522898,44.39753166612537,7.9722703639514725,90.625,8.425584255842558,95.36757301107754,90.56732740943268,6.097560975609756,93.90243902439023,82.98017771701981,0.9569377990430622
2020,"Census Tract 423, Cabarrus County, North Carolina",37025042300,16.702457647339536,23.097112860892388,0.21474588403722264,25.149129086136963,55.643044619422575,15.652588880935337,3.3404915294679074,62.33207952713595,82.06504578465425,19.797916008841174,6.25,82.96614723267061,9.682039530220568,96.96517412935324,70.19830028328612,19.69972702456779,80.30027297543221,49.74504249291785,10.311614730878187
2020,"Census Tract 424.01, Cabarrus County, North Carolina",37025042401,22.785132382892055,17.948065173116092,0.0,7.7647657841140525,82.84114052953157,7.128309572301425,2.265784114052953,46.73972602739726,92.23477943857091,30.222384250820273,12.421052631578949,88.54794520547945,6.6909572706194105,96.5093411996067,87.58217677136597,11.33419689119171,88.66580310880829,74.28780131482834,5.6245434623813
2020,"Census Tract 424.02, Cabarrus County, North Carolina",37025042402,30.72771587743733,9.697075208913649,0.017409470752089137,32.95612813370474,36.768802228412255,24.1991643454039,6.0584958217270195,53.32795482049213,86.43122676579925,17.348203221809168,2.187784867821331,85.15530455828963,5.302839909525006,94.77897667942918,68.03699897225077,19.91769547325103,80.08230452674897,33.60739979445015,12.127440904419322
2020,"Census Tract 425.01, Cabarrus County, North Carolina",37025042501,20.269220812839762,12.5032358270774,5.177323323841574,8.594356717577014,71.49883510225213,11.467771162309086,3.2617136940201914,58.60716037273173,89.59056210964607,48.71616932685635,11.532625189681335,85.28690534575773,7.5,96.38087031451961,85.77348066298343,12.928442573662057,87.07155742633795,85.35911602209944,0.6906077348066298
2020,"Census Tract 425.02, Cabarrus County, North Carolina",37025042502,14.185502727981294,15.666406858924395,0.0,33.67108339828527,51.79267342166797,14.146531566640686,0.3897116134060795,57.32924021488872,87.66006984866124,21.944121071012805,0.0,83.96009209516501,6.494096276112625,97.87657597876576,59.76520811099253,18.237347294938917,81.76265270506107,59.44503735325507,15.26147278548559
2020,"Census Tract 425.03, Cabarrus County, North Carolina",37025042503,19.651212250106337,18.800510421097407,6.656741811994896,11.718417694598044,69.54487452148022,7.911527009783072,4.168438962143769,51.84021543985637,91.64779161947905,40.40203850509626,8.5383502170767,86.53500897666068,5.479089465325569,98.54906452844597,86.82291666666667,7.6923076923076925,92.3076923076923,74.21875,0.7291666666666666
2020,"Census Tract 425.04, Cabarrus County, North Carolina",37025042504,20.877084620135886,12.60037059913527,2.1618282890673255,15.688696726374305,63.99011735639284,9.512044471896232,8.647313156269302,59.188275084554675,95.76271186440678,46.69491525423729,3.870967741935484,90.75535512965051,5.386416861826698,96.07843137254902,76.32093933463796,3.2196969696969697,96.78030303030303,85.51859099804305,0.9784735812133072
2020,"Census Tract 426.01, Cabarrus County, North Carolina",37025042601,26.47160068846816,17.64199655765921,0.29259896729776247,10.206540447504302,78.2788296041308,10.137693631669535,1.0843373493975903,55.325914149443555,95.12578616352201,51.12683438155137,15.858725761772854,95.6677265500795,6.975655430711611,96.0109103307194,85.91476091476092,3.7037037037037033,96.29629629629629,86.74636174636174,4.46985446985447
2020,"Census Tract 426.02, Cabarrus County, North Carolina",37025042602,30.280172413793103,6.869612068965517,3.8523706896551726,17.40301724137931,56.0614224137931,20.474137931034484,2.209051724137931,66.9908466819222,95.3228476821192,34.68543046357616,6.742857142857144,93.53546910755148,5.252918287937743,95.12079583135954,86.66186012977649,13.690105787181084,86.30989421281892,75.41456380677721,0.0
2020,"Census Tract 426.03, Cabarrus County, North Carolina",37025042603,20.573255951675947,12.696908681748193,5.460144498401042,20.478502901812153,62.32381854790952,9.925381973232264,1.8121520786450314,63.55950574463473,94.80033984706881,40.18691588785047,4.406474820143885,87.86039453717754,10.49806143751864,98.99799599198397,80.51658163265306,5.967016491754123,94.03298350824588,68.71811224489795,0.9885204081632654
2020,"Census Tract 426.04, Cabarrus County, North Carolina",37025042604,26.34238787113076,13.455464308275427,1.8951358180669615,20.2568961886713,68.64603074331438,4.990524320909665,4.211412929037692,63.52555086732302,95.29855868222374,37.43994509265614,6.347826086956522,88.18565400843882,9.262435677530018,93.80421313506815,76.59863945578232,3.289473684210526,96.71052631578947,78.63945578231292,0.5442176870748299
2020,"Census Tract 101.01, Catawba County, North Carolina",37035010101,17.20540448093039,25.722592782623565,0.7012142979305627,8.70531896699162,89.6357106208312,0.9577561142466221,0.0,52.17564870259481,88.11250274664908,22.610415293342122,3.5849056603773586,87.90419161676647,8.634579632307375,93.31347236014564,73.8961038961039,15.539305301645337,84.46069469835467,85.36796536796537,0.0
2020,"Census Tract 101.02, Catawba County, North Carolina",37035010102,24.363797300287672,18.632440805487942,10.157114405842,5.333038282805931,77.29586191635318,6.926311130781146,0.2876742642177473,34.068627450980394,90.89515634580012,31.5450643776824,16.581632653061224,85.1470588235294,8.201523140011718,96.55635062611807,72.8626585769443,5.128205128205128,94.87179487179486,78.76447876447877,6.453392167677882
2020,"Census Tract 102.01, Catawba County, North Carolina",37035010201,23.58183003694849,16.713757878722017,11.60617257118018,0.0,79.30884590306455,6.455118452510324,2.629863073244947,55.78947368421052,84.78676002546149,14.60852959898154,0.0,90.09569377990431,10.793014600629832,94.43957968476357,72.30154197601371,13.871126414166257,86.12887358583374,77.04169046259281,0.3997715591090805
2020,"Census Tract 102.03, Catawba County, North Carolina",37035010203,26.879647480033046,16.44175158358579,12.503442577802259,2.5337372624621315,63.45359405122556,17.98402643899752,3.5251996695125314,28.102625298329354,79.16102841677943,12.313937753721245,1.740139211136891,90.51312649164677,4.632768361581921,88.2085020242915,69.89329268292683,2.8867505551443373,97.11324944485567,78.4298780487805,10.13719512195122
2020,"Census Tract 102.04, Catawba County, North Carolina",37035010204,23.25718786923986,14.080346593146908,9.255612445844822,6.754627806222922,62.62307995273729,15.498227648680581,5.868452146514376,32.93155402496771,80.80996884735202,12.64797507788162,6.682297772567409,97.24494188549289,6.825763407749551,93.73806796487209,72.71293375394322,3.353658536585366,96.64634146341463,59.67402733964248,2.576235541535226
2020,"Census Tract 103.01, Catawba County, North Carolina",37035010301,22.042785234899327,14.031040268456376,6.1870805369127515,1.0276845637583893,78.33473154362416,12.332214765100671,2.1182885906040267,50.26881720430107,84.3155031731641,29.918404351767908,11.573033707865168,90.3673835125448,4.304546677428033,95.47422274695002,74.26744805540757,5.9147869674185465,94.08521303258145,83.16462440063933,6.180074587107086
2020,"Census Tract 103.02, Catawba County, North Carolina",37035010302,20.349401488191525,12.811387900355871,7.165965706890974,7.829181494661921,79.7961824652216,5.208670333225494,0.0,31.833778116660312,93.28171828171828,54.145854145854145,21.593533487297922,94.3194815097217,7.0268074735987005,92.25913621262458,78.58249419054995,4.2284866468842734,95.77151335311572,73.97366382649109,4.298993028659954
2020,"Census Tract 103.03, Catawba County, North Carolina",37035010303,20.608331496583645,20.960987436632138,0.7493938726030417,3.151862464183381,80.22922636103151,11.196826096539564,4.672691205642495,34.50869769628585,87.5,15.030864197530864,13.90922401171303,90.97320169252468,5.247084952803998,92.95774647887323,75.858310626703,8.158158158158157,91.84184184184184,77.82016348773841,8.337874659400544
2020,"Census Tract 103.04, Catawba County, North Carolina",37035010304,26.0643330179754,13.268684957426679,2.672658467360454,7.28476821192053,59.03500473036897,29.399243140964998,1.608325449385052,28.835063437139564,81.37590269859369,14.02508551881414,6.696935300794552,85.69780853517878,7.45361484325016,86.68831168831169,62.18158066623122,4.372267332916927,95.62773266708308,61.33246244284781,13.455258001306337
2020,"Census Tract 104.02, Catawba County, North Carolina",37035010402,13.602362204724411,14.783464566929133,2.3622047244094486,14.330708661417324,59.33070866141732,18.858267716535433,5.118110236220472,24.594594594594597,85.53978210630571,20.534829976890062,0.6837606837606838,70.94594594594594,4.625199362041467,93.71451743714518,58.311620635747786,13.245931283905968,86.75406871609404,30.43251693590412,11.985409067222513
2020,"Census Tract 104.03, Catawba County, North Carolina",37035010403,21.030330062444246,18.465655664585192,14.91971454058876,8.96520963425513,57.42640499553969,15.120428189116861,3.568242640499554,33.24280282455187,90.5069751616196,28.03674719292276,0.0,81.2601846822379,5.252753459474724,90.23734885803852,65.72403705509508,10.043859649122808,89.95614035087719,49.53681131155534,6.728425158459288
2020,"Census Tract 104.04, Catawba County, North Carolina",37035010404,16.652719665271967,20.167364016736403,0.0,11.882845188284518,76.48535564853557,9.163179916317992,2.4686192468619246,51.32743362831859,83.72358652198744,28.840662478583667,0.0,86.08205953338697,10.843373493975903,91.72019985724482,79.47598253275109,2.9661016949152543,97.03389830508475,48.47161572052402,0.0
2020,"Census Tract 105.01, Catawba County, North Carolina",37035010501,20.40358744394619,24.04708520179372,5.044843049327354,10.229820627802692,81.50224215246637,2.382286995515695,0.8408071748878924,32.42320819112628,96.86134286849423,49.980135081446164,5.5306427503736915,82.13879408418657,8.063380281690142,93.94697348674337,71.94787379972564,20.80391091797936,79.19608908202063,72.63374485596708,2.400548696844993
2020,"Census Tract 105.02, Catawba County, North Carolina",37035010502,21.663019693654267,20.650984682713347,6.564551422319474,0.6017505470459519,89.00437636761488,2.1061269146608317,1.723194748358862,33.202099737532805,95.33737680060652,54.66262319939348,17.81818181818182,92.25721784776903,8.48463687150838,90.54861488321563,86.45390070921985,4.276985743380855,95.72301425661914,89.07801418439716,1.6312056737588652
2020,"Census Tract 106, Catawba County, North Carolina",37035010600,23.58835692699221,19.548274216637505,2.3381581040241772,13.18593923970097,71.22634006680451,12.21568315571815,1.033879433752187,46.87275341480949,88.07594350544107,31.07200740912248,7.6286764705882355,80.66139468008627,11.44879267277269,92.9375,69.36829558998808,13.889839206294901,86.11016079370509,56.058800158919354,2.2248708780294004
2020,"Census Tract 107, Catawba County, North Carolina",37035010700,22.503057480635956,11.333061557276803,5.258866693844273,11.41459437423563,45.943742356298415,28.291887484712596,9.090909090909092,45.23246650906225,76.77275265214963,7.872696817420436,14.463840399002494,69.34594168636721,5.155181483429773,96.08411892675852,58.07984790874525,8.282476024411508,91.71752397558849,35.07604562737642,9.315589353612168
2020,"Census Tract 109, Catawba County, North Carolina",37035010900,25.37124802527646,20.75829383886256,2.748815165876777,55.76619273301737,29.921011058451818,8.941548183254344,2.6224328593996837,18.72340425531915,80.00914913083257,11.070448307410796,2.496532593619972,77.4468085106383,10.795935647756139,77.29083665338645,42.318059299191376,7.191994996873046,92.80800500312696,50.40431266846361,21.495956873315365
2020,"Census Tract 110, Catawba County, North Carolina",37035011000,28.090385467434647,14.48825875055383,1.4621178555604786,16.127603012848915,49.53478068232167,27.558706247230834,5.316792202038104,39.397590361445786,70.49295774647887,4.71830985915493,10.028653295128938,76.62650602409639,8.281444582814446,86.21700879765396,53.789731051344745,15.057113187954311,84.94288681204569,47.55501222493888,8.557457212713937
2020,"Census Tract 111.01, Catawba County, North Carolina",37035011101,19.475446428571427,19.670758928571427,5.943080357142857,8.426339285714286,75.72544642857143,7.505580357142858,2.3995535714285716,43.964978111319574,87.7661494045471,19.52363767592927,1.289134438305709,93.24577861163228,7.254425546685178,89.81173864894795,64.57229371688115,8.581314878892734,91.41868512110727,76.68433005299016,1.514004542013626
2020,"Census Tract 111.02, Catawba County, North Carolina",37035011102,28.845664886854816,11.594202898550725,10.424612255275871,6.585303839308416,68.29392321383168,12.140859394863972,2.555301296720061,36.64983664983665,89.88916974528486,32.879642232160215,10.709592641261498,85.62518562518562,5.806682151152403,95.99699774831123,76.53538050734312,10.727056019070321,89.27294398092968,62.416555407209614,1.7356475300400533
2020,"Census Tract 112, Catawba County, North Carolina",37035011200,16.56137954584258,17.278470206590406,0.0,9.1855898924364,71.79443401058563,11.900290250981731,7.119685845996244,38.715953307393,86.20151582701739,16.40659830584039,0.0,87.7431906614786,7.4892572130141195,94.13333333333334,65.49682875264271,5.475619504396483,94.52438049560352,67.82241014799155,5.412262156448203
2020,"Census Tract 113, Catawba County, North Carolina",37035011300,29.293078055964656,16.288659793814432,4.315169366715758,9.941089837997055,64.1678939617084,17.835051546391753,3.74079528718704,36.08847497089639,84.1151881096145,13.098002786809104,10.904872389791183,83.04229724485836,5.332222453655488,94.54545454545455,56.112610875433866,10.090152565880722,89.90984743411929,64.94408021596605,7.751639028152719
2020,"Census Tract 114.01, Catawba County, North Carolina",37035011401,19.42699170645891,14.903242020608193,10.228700678562452,16.05931138477004,62.930384518723294,1.859763759738628,8.92183965820558,46.901408450704224,78.4257602862254,10.053667262969588,5.392156862745098,84.88262910798122,5.3850970569818415,97.85191956124314,67.82655246252676,9.758454106280192,90.24154589371982,61.24197002141327,9.68950749464668
2020,"Census Tract 114.02, Catawba County, North Carolina",37035011402,20.49469964664311,23.851590106007066,0.9086320040383644,0.5047955577990914,90.91367995961636,5.906108026249369,1.76678445229682,55.5045871559633,76.64051355206848,17.36804564907275,3.3123028391167195,88.07339449541286,9.873015873015872,97.79761904761905,68.7617850408548,12.341597796143251,87.65840220385674,70.71024512884978,7.479572595851666
2020,"Census Tract 115.01, Catawba County, North Carolina",37035011501,19.7,21.66,0.0,3.64,92.7,3.42,0.24,76.45759717314488,84.6839546191248,17.693138843868176,6.743185078909613,91.6077738515901,8.144458281444583,94.39288476411446,69.1712204007286,9.105960264900661,90.89403973509934,85.10928961748634,1.411657559198543
2020,"Census Tract 115.03, Catawba County, North Carolina",37035011503,18.403428877578353,17.09081167961425,0.0,1.259040985802304,94.34770961693009,3.857487275649612,0.5357621216180015,70.47904191616766,88.16503800217154,35.97538906985161,23.008849557522122,90.77844311377245,7.1240971766250825,98.70667356440765,74.42348008385744,19.966442953020135,80.03355704697987,88.19007686932216,0.9783368273934312
2020,"Census Tract 115.05, Catawba County, North Carolina",37035011505,18.75,18.20414847161572,0.0,3.384279475982533,93.99563318777294,2.6200873362445414,0.0,76.10738255033557,91.70872386445565,34.571016582552275,13.346228239845262,98.12080536912752,6.684581793752099,88.91246684350132,80.91849935316947,17.502668089647813,82.49733191035219,76.52005174644243,3.751617076326003
2020,"Census Tract 115.06, Catawba County, North Carolina",37035011506,23.05861350788456,23.207378756322523,0.0,0.0,89.0211246652782,10.97887533472181,0.0,66.47272727272727,93.0008382229673,37.3428331936295,19.618528610354225,94.54545454545455,9.358081979891725,100.0,88.36846213895394,12.559726962457338,87.44027303754265,88.75878220140515,3.747072599531616
2020,"Census Tract 116.01, Catawba County, North Carolina",37035011601,24.09663012586277,14.12911084043849,1.2180267965895248,10.962241169305726,68.00649614291514,13.15468940316687,6.658546488022736,66.88911704312115,83.90870185449359,10.984308131241084,20.833333333333336,82.70020533880903,3.824552019256486,96.374483708123,66.70673076923077,11.34789557805008,88.65210442194991,89.66346153846155,3.8461538461538463
2020,"Census Tract 116.02, Catawba County, North Carolina",37035011602,25.08542713567839,15.557788944723619,1.809045226130653,0.5628140703517588,89.06532663316582,7.497487437185929,1.065326633165829,59.564671410632066,86.26340882002384,15.554231227651966,30.851063829787233,92.2980326496442,9.686074590823718,97.73809523809524,72.57341961174714,7.461999078765545,92.53800092123446,79.89049278247884,0.0
2020,"Census Tract 117.01, Catawba County, North Carolina",37035011701,21.092278719397363,22.829043732998535,3.306130989746809,9.667294413057125,76.29211132035991,6.842435655994978,3.89202762084118,39.65280950205574,91.9269298762522,34.20742486741308,18.235294117647058,95.84285061671997,6.8682047202333605,97.75051124744377,75.05399568034558,6.322711178553364,93.67728882144664,75.43196544276458,2.75377969762419
2020,"Census Tract 117.02, Catawba County, North Carolina",37035011702,20.085176535238357,18.285478774556946,2.7613683198241517,6.017310070064569,79.40651188350049,10.125017172688556,1.689792553922242,52.353585112205806,89.23480870217554,16.035258814703678,11.808118081180812,92.11822660098522,8.50954100051573,95.19981082998345,63.81051898293278,3.9799331103678925,96.0200668896321,78.3002438174852,2.124695228143504
2020,"Census Tract 118.01, Catawba County, North Carolina",37035011801,21.145153189352083,19.755566716892684,2.8963669847647746,11.585467939059098,84.31274066633183,0.6194542106144316,0.5859701992298677,51.70494084899096,89.46492271105826,13.983353151010702,5.079962370649106,94.88517745302714,8.980891719745223,96.94507637309067,81.23129542539547,2.946058091286307,97.0539419087137,84.90808037622915,0.04275331338178709
2020,"Census Tract 118.02, Catawba County, North Carolina",37035011802,26.15740740740741,17.691798941798943,2.099867724867725,9.788359788359788,84.06084656084656,2.3644179894179893,1.6865079365079365,64.77911646586345,80.44613194114856,10.061699098243949,4.2748091603053435,93.25301204819277,8.978952082400358,94.86808818214672,55.60000000000001,12.21225126804526,87.78774873195474,82.26666666666667,6.4
2020,"Census Tract 9501.01, Cleveland County, North Carolina",37045950101,23.15106580166821,12.974976830398516,1.8164967562557925,4.726598702502317,89.62001853568118,1.4828544949026876,2.3540315106580167,82.06229860365198,81.27189436809485,11.721907841552143,19.318181818181817,87.75510204081633,8.779546550892427,94.91606714628298,35.03112620260328,25.28541226215645,74.71458773784356,74.64629315223543,14.318053197509903
2020,"Census Tract 9501.02, Cleveland County, North Carolina",37045950102,18.524658101947782,24.202237878159966,1.0360547036883547,3.398259428097804,94.65395772896808,0.0,0.9117281392457521,69.05615292712068,85.28259653049804,16.508114157806382,0.0,70.60931899641577,5.289928789420142,93.39622641509435,44.232698094282846,26.95970695970696,73.04029304029304,73.6208625877633,3.911735205616851
2020,"Census Tract 9502, Cleveland County, North Carolina",37045950200,19.652244237767892,21.572988273352202,0.5458956732713304,23.331985442782045,75.07076425394258,0.1213101496158512,0.9300444803881924,65.38060479666319,80.51623646960866,16.791562586733278,2.177293934681182,85.34932221063607,7.070961248112733,89.56365272154746,47.33796296296296,23.234118169702356,76.76588183029764,80.0925925925926,5.902777777777778
2020,"Census Tract 9503.01, Cleveland County, North Carolina",37045950301,22.30571060541005,17.732932589094034,2.8553027050236155,26.277372262773724,62.129669386002575,4.873336195792185,3.864319450407901,61.29533678756477,91.08941104668904,20.903265181568507,7.634730538922156,87.720207253886,6.769825918762089,90.32553874369556,57.72357723577236,19.607843137254903,80.3921568627451,75.29706066291432,4.815509693558474
2020,"Census Tract 9503.02, Cleveland County, North Carolina",37045950302,16.68034805450665,16.696765719914627,1.9208668527335413,6.862584140535216,90.05089476276473,0.5417829584633065,0.6238712855032015,63.847203274215545,88.48609211126312,14.227086183310533,2.1136063408190227,87.96043656207367,5.556650246305419,95.65217391304348,68.75626880641926,18.811074918566774,81.18892508143323,77.5827482447342,1.7552657973921766
2020,"Census Tract 9504, Cleveland County, North Carolina",37045950400,27.04668694617114,21.14799629678614,1.9838645681788125,21.769607194815503,71.14138341489222,4.734823436053432,0.370321386060045,57.78463648834019,86.2096294828611,21.141272042797702,1.1741682974559686,83.19615912208505,8.901377810007252,93.70337212772307,59.148644009612084,5.483452303698897,94.5165476963011,74.11603158256094,8.2389289392379
2020,"Census Tract 9505, Cleveland County, North Carolina",37045950500,15.341440598690365,17.08762082943561,0.0,21.64016214530714,74.49329591518553,2.1515434985968196,1.7149984409105083,63.57516828721017,81.30879345603273,10.797546012269938,9.35960591133005,84.36798803290951,9.723756906077348,82.01479795105293,48.94957983193277,19.13929784824462,80.86070215175538,43.0672268907563,7.352941176470589
2020,"Census Tract 9506.01, Cleveland County, North Carolina",37045950601,20.918367346938776,14.795918367346939,0.1943634596695821,10.495626822157435,77.98833819241983,9.159378036929057,2.162293488824101,40.27709054923305,77.40094022834117,12.357286769644055,4.4959128065395095,81.79119247897081,7.956989247311828,94.16058394160584,56.649892163910856,14.557739557739557,85.44226044226045,75.41337167505392,3.235082674335011
2020,"Census Tract 9506.03, Cleveland County, North Carolina",37045950603,17.965981573352234,16.619418851878102,5.457122608079376,12.437987243090006,78.38412473423104,1.4174344436569808,2.303330970942594,54.225878833208675,89.46615824594852,13.775023832221164,4.181184668989547,80.40388930441287,14.384449244060477,98.81367759944173,54.57875457875458,2.7604630454140695,97.23953695458593,82.6007326007326,3.7545787545787546
2020,"Census Tract 9506.04, Cleveland County, North Carolina",37045950604,31.70880292415474,17.301248857752054,0.6701187937861712,9.04660371611331,81.99817240328967,8.285105086810844,0.0,61.75298804780876,80.23733455043359,12.962117754450023,0.23121387283236997,91.53386454183267,7.716324710080285,87.60757314974182,57.37410071942446,12.509834775767112,87.49016522423288,61.42086330935251,5.215827338129497
2020,"Census Tract 9507.01, Cleveland County, North Carolina",37045950701,16.51003302006604,25.781051562103123,0.0,41.83388366776734,54.076708153416305,4.089408178816358,0.0,36.148062463851936,81.32646490663232,26.175144880875724,0.0,94.91035280508964,8.640097353209613,90.01910219675263,56.04257983719474,10.73225265511459,89.26774734488541,73.26236693800877,3.068252974326863
2020,"Census Tract 9507.02, Cleveland County, North Carolina",37045950702,25.132978723404253,18.24468085106383,0.6382978723404255,31.01063829787234,57.97872340425532,0.45212765957446804,9.920212765957446,32.33166388425153,97.21984602224123,28.999144568006844,0.4098360655737705,89.92765720645521,6.927175843694494,93.60550909985244,68.50291639662994,9.660421545667447,90.33957845433255,66.55865197666883,8.943616331821127
2020,"Census Tract 9508, Cleveland County, North Carolina",37045950800,25.525075010715813,18.474067723960566,0.0,26.596656665237887,70.87441063009001,2.528932704672096,0.0,52.70057682223388,89.15741345525801,24.33050293925539,5.046480743691899,86.20870477189303,7.91304347826087,91.07562235791451,54.76059438635112,9.466865969108122,90.53313403089189,65.16235553109522,6.439185470555861
2020,"Census Tract 9509, Cleveland County, North Carolina",37045950900,33.08575286968264,18.50101282916948,1.4517218095881161,72.28224172856179,24.037812288993923,1.1816340310600946,1.0465901417960837,47.78869778869779,80.71895424836602,12.418300653594772,0.0,86.11793611793613,13.370332996972756,89.76215098241985,38.28793774319067,18.978562421185373,81.02143757881463,39.766536964980546,27.39299610894942
2020,"Census Tract 9510, Cleveland County, North Carolina",37045951000,24.90808823529412,18.71936274509804,0.0,32.567401960784316,60.20220588235294,0.39828431372549017,6.832107843137254,31.329827197595794,88.4581881533101,37.10801393728223,3.103448275862069,82.34410217881293,7.588739290085679,98.4251968503937,67.71989752348419,26.72090112640801,73.27909887359199,65.67036720751494,15.627668659265584
2020,"Census Tract 9511, Cleveland County, North Carolina",37045951100,13.272727272727272,24.509090909090908,0.0,41.709090909090904,51.090909090909086,4.509090909090909,2.690909090909091,37.83783783783784,73.84393063583815,19.315992292870906,0.0,78.66795366795367,7.211740041928722,94.64138499587798,46.38364779874214,24.15026833631485,75.84973166368515,39.15094339622642,14.70125786163522
2020,"Census Tract 9512, Cleveland County, North Carolina",37045951200,15.576719576719578,26.074074074074073,1.1428571428571428,20.6984126984127,66.41269841269842,7.746031746031747,4.0,44.9375866851595,86.58972245122285,20.6375377851058,37.2972972972973,85.89921405455387,12.108297819002257,90.625,55.447298494242695,15.840477077897875,84.15952292210213,58.14880425155005,8.768821966341896
2020,"Census Tract 9513, Cleveland County, North Carolina",37045951300,17.6747311827957,23.958333333333336,1.243279569892473,8.736559139784946,81.55241935483872,7.862903225806452,0.6048387096774194,52.13414634146341,92.47216035634744,30.734966592427615,0.0,80.6910569105691,6.122448979591836,91.05984138428262,64.47944006999126,12.279355333844972,87.72064466615502,84.51443569553805,1.4873140857392826
2020,"Census Tract 9514, Cleveland County, North Carolina",37045951400,22.229371079298694,17.40389255267814,0.11259449895447966,19.108894965417402,74.03892552678141,3.8925526781405826,2.8470323307061287,36.992040217846665,87.99322198015008,19.6562575647543,1.5518913676042678,89.94553833263511,7.321613236814891,91.52067274001402,51.69612995699953,22.596153846153847,77.40384615384616,72.09746774964167,2.436693741041567
2020,"Census Tract 9515.01, Cleveland County, North Carolina",37045951501,20.207892882311487,12.332628611698379,1.1804087385482733,3.699788583509514,84.98942917547568,8.632840028188864,1.4975334742776605,57.16367168528412,91.58499493071984,30.618452179790467,3.577512776831346,83.14715881495871,7.310589277802393,92.74697790746144,60.19607843137255,14.093206064008983,85.90679393599102,75.359477124183,6.470588235294119
2020,"Census Tract 9515.02, Cleveland County, North Carolina",37045951502,24.630924630924632,19.735819735819735,0.0,4.040404040404041,88.50038850038851,4.040404040404041,3.418803418803419,56.26043405676127,87.67281105990783,25.806451612903224,5.3627760252365935,83.13856427378965,5.77319587628866,98.86178861788618,24.78813559322034,19.17808219178082,80.82191780821918,71.82203389830508,5.084745762711865
2020,"Census Tract 9515.03, Cleveland County, North Carolina",37045951503,32.76222315085667,14.375261178437107,0.3343083994985374,14.79314667781028,78.01922273297116,5.975762641036356,0.8775595486836606,50.27442371020856,85.35388927820603,32.30553608969867,0.0,92.20636663007684,10.876320696084525,93.70764762826718,60.96938775510205,20.887991927346114,79.11200807265388,74.74489795918367,10.204081632653061
2020,"Census Tract 9516.01, Cleveland County, North Carolina",37045951601,23.533778767631773,13.833209601583766,0.27220984904726553,33.13536253402623,61.79163573372928,1.855976243504083,2.9448156396931453,64.29819452533488,87.12618526622903,12.436177972283005,4.093567251461988,92.07920792079209,4.466019417475728,90.76923076923077,62.68980477223427,28.19314641744548,71.80685358255452,63.91901663051338,2.3138105567606653
2020,"Census Tract 9516.02, Cleveland County, North Carolina",37045951602,22.234249837627193,17.66616150681966,0.0,17.83935916865122,78.61008876380168,1.8618748646893266,1.6886772028577615,41.024131842260154,86.1671469740634,10.150496317643292,2.6467203682393556,92.52501471453797,6.542316258351893,96.79521998913634,54.593023255813954,17.34742912061509,82.65257087938491,67.73255813953489,4.4186046511627906
2020,"Census Tract 301.03, Gaston County, North Carolina",37071030103,25.05233775296581,27.145847871598043,0.0,6.071179344033497,91.48639218422889,0.0,2.4424284717376135,55.121042830540034,83.50810295519543,18.589132507149667,7.903780068728522,93.66852886405958,10.242085661080075,91.68026101141925,79.56810631229236,14.000000000000002,86.0,81.22923588039868,3.488372093023256
2020,"Census Tract 301.04, Gaston County, North Carolina",37071030104,20.4653371320038,12.440645773979107,19.990503323836656,0.949667616334283,75.64102564102564,3.418803418803419,0.0,75.9018759018759,92.03211859172329,52.93390982087709,13.609467455621301,87.01298701298701,9.194029850746269,91.66666666666666,79.48016415868673,13.797169811320757,86.20283018867924,87.82489740082079,1.5047879616963065
2020,"Census Tract 301.05, Gaston County, North Carolina",37071030105,19.472405414786532,12.113849357861854,1.7007983339118362,19.507115584866366,77.7507809788268,1.0413051023950017,0.0,78.42105263157895,91.22137404580153,33.63549618320611,4.878048780487805,94.34210526315789,9.344978165938866,92.65536723163842,82.23684210526315,7.958477508650519,92.04152249134948,79.69924812030075,3.9473684210526314
2020,"Census Tract 301.06, Gaston County, North Carolina",37071030106,11.810154525386315,26.71081677704194,0.0,25.938189845474614,74.06181015452539,0.0,0.0,67.2811059907834,84.5272206303725,21.48997134670487,26.08695652173913,85.71428571428571,10.026737967914439,88.56502242152466,80.05115089514067,12.331838565022421,87.66816143497758,80.30690537084399,2.557544757033248
2020,"Census Tract 302.05, Gaston County, North Carolina",37071030205,24.815229563269877,16.461366181410973,1.1422172452407615,4.524076147816349,89.07054871220605,2.4860022396416572,2.777155655095185,77.12882096069869,89.87554658594013,10.763538513286242,9.694555112881806,88.4825327510917,6.881143878462913,96.72781358453149,64.54311454311454,5.932203389830509,94.0677966101695,74.96782496782497,3.088803088803089
2020,"Census Tract 302.06, Gaston County, North Carolina",37071030206,32.06699346405229,7.8431372549019605,0.6127450980392157,25.0,60.58006535947712,11.11111111111111,2.696078431372549,77.47474747474747,93.1266846361186,40.02695417789757,17.656765676567655,90.40404040404042,8.238123872519543,90.48387096774194,85.24374176548089,4.287515762925599,95.7124842370744,98.41897233201581,0.7905138339920948
2020,"Census Tract 302.07, Gaston County, North Carolina",37071030207,22.506619593998234,40.60017652250662,0.0,6.619593998234776,91.61518093556928,0.0,1.7652250661959399,69.03073286052009,81.66089965397923,20.530565167243367,28.497409326424872,92.67139479905437,6.378132118451026,95.83333333333334,68.08035714285714,6.2761506276150625,93.72384937238493,92.41071428571429,0.0
2020,"Census Tract 302.08, Gaston County, North Carolina",37071030208,10.53484602917342,22.52836304700162,0.0,1.6207455429497568,98.37925445705025,0.0,0.0,83.56164383561644,84.78260869565217,34.78260869565217,8.695652173913043,78.53881278538812,7.427536231884058,90.77380952380952,84.57943925233646,7.758620689655173,92.24137931034483,98.13084112149532,6.5420560747663545
2020,"Census Tract 302.09, Gaston County, North Carolina",37071030209,17.772778402699664,20.75365579302587,3.093363329583802,2.924634420697413,88.30146231721034,3.318335208098987,2.3622047244094486,83.1353919239905,90.91549295774648,10.352112676056338,9.35960591133005,92.87410926365796,6.361149110807114,97.62162162162163,75.78692493946731,6.455266138165346,93.54473386183464,85.4721549636804,2.784503631961259
2020,"Census Tract 303.01, Gaston County, North Carolina",37071030301,19.362920544022906,16.714387974230494,0.5726556907659269,1.789549033643522,93.59341445955619,2.612741589119542,1.4316392269148175,67.38644825018615,76.37795275590551,11.318897637795274,3.8997214484679668,91.51154132539091,7.0128717265867735,94.44444444444444,56.266666666666666,5.143338954468803,94.8566610455312,74.22222222222223,4.533333333333333
2020,"Census Tract 303.02, Gaston County, North Carolina",37071030302,18.5979381443299,18.391752577319586,0.5360824742268041,7.587628865979382,78.59793814432989,11.917525773195877,1.3608247422680413,68.52846401718583,84.4257996853697,16.46565285789198,9.117647058823529,84.1031149301826,6.382978723404255,90.05576208178438,59.523809523809526,8.91566265060241,91.08433734939759,71.95767195767195,3.7037037037037033
2020,"Census Tract 304.01, Gaston County, North Carolina",37071030401,23.259423503325944,12.328159645232816,0.0,0.22172949002217296,97.25055432372505,0.6208425720620843,1.9068736141906875,60.12448132780083,86.21538461538462,14.799999999999999,10.196560196560196,89.79253112033196,6.125397284021959,98.59041482078132,56.022727272727266,8.996897621509824,91.00310237849017,85.51136363636364,3.6931818181818183
2020,"Census Tract 304.03, Gaston County, North Carolina",37071030403,16.175266175266177,19.205569205569205,0.0,0.0,87.01883701883702,6.347256347256347,6.6339066339066335,77.02845100105374,63.226170332769314,9.30626057529611,16.350710900473935,81.34878819810326,5.6668295065950165,93.13052011776252,86.53846153846155,7.801418439716312,92.19858156028369,81.28205128205128,1.4102564102564104
2020,"Census Tract 304.04, Gaston County, North Carolina",37071030404,16.48559282002834,11.714690599905527,0.9447331128956069,13.084553613604157,83.84506376948512,0.8030231459612659,1.3226263580538498,57.90598290598291,89.85597996242956,14.58985597996243,17.346938775510203,88.35470085470085,4.468325791855204,98.582995951417,78.87788778877888,20.052770448548813,79.94722955145119,86.63366336633663,0.0
2020,"Census Tract 305.01, Gaston County, North Carolina",37071030501,26.38888888888889,15.562678062678062,0.0,3.133903133903134,86.21794871794873,10.648148148148149,0.0,77.23970944309927,91.03563474387528,12.861915367483295,7.552870090634441,91.0411622276029,9.337203676826318,96.95817490494296,58.96907216494846,7.706945765937203,92.2930542340628,72.88659793814432,2.3711340206185567
2020,"Census Tract 305.03, Gaston County, North Carolina",37071030503,15.636983383042184,11.930123561994035,0.3834682573498083,6.305922454196847,84.14997869620792,1.0651896037494673,8.095440988495954,61.4702154626109,83.72717508055854,6.0687432867884,3.260869565217391,90.36755386565272,4.848484848484849,98.8011988011988,84.95197438633937,20.11935208866155,79.88064791133846,79.40234791889007,0.0
2020,"Census Tract 305.04, Gaston County, North Carolina",37071030504,17.061923583662715,17.654808959156785,0.0,1.3175230566534915,93.08300395256917,5.599472990777339,0.0,58.322903629536924,90.40451552210725,15.898400752587019,5.381165919282512,84.23028785982478,2.8594122319301034,93.45579793340988,60.22364217252396,17.955439056356486,82.0445609436435,83.06709265175719,9.105431309904153
2020,"Census Tract 306.01, Gaston County, North Carolina",37071030601,24.2152466367713,18.100285364859356,0.0,4.11740725642071,91.76518548715859,2.2013860578883,1.9160211985324094,69.9885452462772,89.77469670710572,12.420566146735991,3.804347826086957,97.4799541809851,6.024744486282948,95.34161490683229,63.68260427263479,15.911035072711718,84.08896492728827,71.1088504577823,6.3072227873855535
2020,"Census Tract 306.02, Gaston County, North Carolina",37071030602,18.22125813449024,22.45119305856833,0.3615328994938539,4.0853217642805495,90.27476500361533,4.1937816341287055,1.0845986984815619,45.755860953920774,78.85960193652501,19.526627218934912,11.029411764705882,78.73888439773647,4.155614500442087,97.31827805222301,45.31668153434433,9.157212317666126,90.84278768233386,76.0035682426405,5.619982158786797
2020,"Census Tract 307, Gaston County, North Carolina",37071030700,25.728804493179997,18.18668093073014,0.0,7.140946777213158,86.68093073014175,4.6269055897298745,1.551216902915218,66.2667607621736,90.79054604726976,21.434392828035858,9.020044543429844,97.45942131263232,7.274036730284479,97.24358974358974,60.4225352112676,4.31266846361186,95.68733153638814,62.112676056338024,7.605633802816901
2020,"Census Tract 308.01, Gaston County, North Carolina",37071030801,12.485811577752553,19.012485811577754,0.0,4.6538024971623155,92.79228149829738,0.9080590238365494,1.6458569807037458,69.08783783783784,81.39362490733876,6.523350630096368,8.571428571428571,85.6418918918919,5.242463958060288,91.66666666666666,66.5589660743134,14.384508990318118,85.61549100968188,88.8529886914378,5.654281098546042
2020,"Census Tract 308.02, Gaston County, North Carolina",37071030802,23.236514522821576,11.358921161825727,0.0,12.110995850622407,81.6649377593361,6.224066390041494,0.0,50.352112676056336,75.93712212817412,10.681176944780331,16.91449814126394,90.55164319248826,7.601351351351352,95.97765363128492,47.249834327369115,17.85519869352205,82.14480130647796,46.71968190854871,12.060967528164348
2020,"Census Tract 309.01, Gaston County, North Carolina",37071030901,18.761220825852785,23.563734290843808,0.807899461400359,12.387791741472173,72.84560143626571,8.303411131059246,5.655296229802514,65.50137994480221,84.23817863397548,18.27203736135435,1.400560224089636,92.0883164673413,7.624309392265194,95.01718213058419,72.17898832684824,3.925233644859813,96.07476635514018,65.07782101167315,8.560311284046692
2020,"Census Tract 309.02, Gaston County, North Carolina",37071030902,29.048063462435834,13.835744283714419,1.1199253383107792,41.413905739617356,32.99113392440504,22.608492767148856,1.8665422305179653,60.09253903990746,77.36121124729632,13.698630136986301,13.601741022850925,93.4065934065934,7.287853577371048,87.66364551863042,59.5810705973623,7.4659009332376165,92.5340990667624,59.193173002327384,7.447633824670287
2020,"Census Tract 310.01, Gaston County, North Carolina",37071031001,25.185396463205933,16.05818596691386,10.924130062749573,3.993154592127781,62.72104962920707,15.858528237307473,6.503137478608101,60.67510548523207,70.44444444444444,12.577777777777776,5.028735632183908,85.90717299578058,3.1261913839115514,97.4947807933194,64.92969396195203,7.568807339449542,92.43119266055045,72.53928866832092,14.971050454921423
2020,"Census Tract 310.04, Gaston County, North Carolina",37071031004,20.533070088845015,14.610069101678183,2.829878249424153,18.85488647581441,74.30075682790391,1.1516946363935505,2.8627838104639687,66.6006600660066,87.19081272084806,27.69434628975265,0.0,92.47524752475248,4.333333333333334,90.17117614577582,65.65954310980104,4.098939929328622,95.90106007067138,56.81650700073691,2.0633750921149594
2020,"Census Tract 310.05, Gaston County, North Carolina",37071031005,13.36405529953917,19.67741935483871,1.566820276497696,5.622119815668203,87.28110599078342,1.889400921658986,3.6405529953917046,74.47418738049714,83.83054892601432,19.1527446300716,0.0,94.5506692160612,6.914893617021277,94.94195688225538,69.00296150049358,4.071969696969697,95.9280303030303,83.51431391905231,2.171767028627838
2020,"Census Tract 310.06, Gaston County, North Carolina",37071031006,18.75843454790823,25.708502024291498,0.0,13.96761133603239,83.46828609986505,1.417004048582996,1.1470985155195683,81.78571428571428,87.41965105601469,28.74196510560147,17.365269461077844,100.0,15.11627906976744,91.0377358490566,69.18032786885246,10.68814055636896,89.31185944363104,80.16393442622952,1.9672131147540985
2020,"Census Tract 311.01, Gaston County, North Carolina",37071031101,20.69997008674843,9.213281483697278,1.6153155848040681,24.558779539335927,61.292252467843255,8.226144181872568,4.307508226144182,60.09783368273934,83.15445636957536,17.96546896873542,5.0,85.32494758909853,10.78838174273859,93.87533875338754,69.67084639498434,1.3910355486862442,98.60896445131375,60.50156739811913,3.2915360501567394
2020,"Census Tract 311.02, Gaston County, North Carolina",37071031102,16.387959866220736,10.654562828475871,0.0,23.745819397993312,71.47634973721931,2.341137123745819,2.436693741041567,66.01036269430051,86.53976886471789,16.383412644459554,4.081632653061225,86.52849740932642,4.228571428571429,83.03858520900322,80.1906779661017,4.934541792547835,95.06545820745217,36.86440677966102,4.025423728813559
2020,"Census Tract 312.02, Gaston County, North Carolina",37071031202,17.832866853258697,11.31547381047581,0.0,11.875249900039984,73.4906037584966,13.67453018792483,0.9596161535385845,56.81198910081744,92.3865300146413,19.39970717423133,21.686746987951807,90.05449591280654,4.821697639377198,76.14503816793892,62.5,5.83058305830583,94.16941694169417,47.07943925233645,24.649532710280376
2020,"Census Tract 312.03, Gaston County, North Carolina",37071031203,22.382445141065833,8.463949843260188,7.7115987460815045,2.19435736677116,89.21630094043887,0.25078369905956116,0.6269592476489028,72.76688453159042,96.289592760181,46.15384615384615,6.382978723404255,83.66013071895425,7.512116316639742,92.32209737827716,77.05882352941177,0.0,100.0,67.64705882352942,6.470588235294119
2020,"Census Tract 312.04, Gaston County, North Carolina",37071031204,14.368556701030927,11.275773195876289,0.0,2.5773195876288657,96.77835051546391,0.5798969072164949,0.06443298969072164,66.8496158068057,81.9672131147541,7.5591985428051,9.183673469387756,90.99890230515916,3.0850263355906695,95.43650793650794,60.254372019077906,21.07904642409034,78.92095357590966,51.669316375198726,4.292527821939586
2020,"Census Tract 313.01, Gaston County, North Carolina",37071031301,28.424039205571315,12.664431261284498,2.940417848852205,15.83698736136188,62.44518957957184,13.79932937838535,4.9780758318287335,50.8859357696567,85.3836784409257,13.926106374340236,3.5278154681139755,89.8671096345515,6.162162162162162,96.03053435114504,72.46484085862325,5.853658536585367,94.14634146341463,66.98741672834937,0.8882309400444115
2020,"Census Tract 313.03, Gaston County, North Carolina",37071031303,21.2798374809548,13.712544438801421,0.0,25.901472828847133,54.39309294057897,18.0802437785678,1.6251904520060942,35.532407407407405,74.20470262793914,8.160442600276625,0.0,74.07407407407408,6.774193548387098,84.17663293468262,49.45054945054945,0.0,100.0,27.06043956043956,3.708791208791209
2020,"Census Tract 313.04, Gaston County, North Carolina",37071031304,22.540846948982995,14.37145715238413,3.2010670223407804,12.504168056018672,69.42314104701566,11.903967989329777,2.9676558852950983,65.8154859967051,83.45498783454988,13.041362530413625,20.795660036166367,82.8665568369028,9.126130004304777,96.03554340396445,77.22772277227723,5.015673981191222,94.98432601880877,73.51485148514851,1.8151815181518154
2020,"Census Tract 314.01, Gaston County, North Carolina",37071031401,31.50224215246637,14.162929745889388,2.615844544095665,22.83258594917788,53.88639760837071,4.633781763826607,16.031390134529147,53.21100917431193,76.13168724279835,20.693709582598473,0.6276150627615062,94.57881567973311,7.910529187124932,98.69600651996741,60.66066066066066,13.356461405030357,86.64353859496966,42.84284284284284,7.6076076076076085
2020,"Census Tract 314.02, Gaston County, North Carolina",37071031402,16.245791245791246,25.252525252525253,0.0,10.353535353535353,88.88888888888889,0.7575757575757576,0.0,50.970377936670076,85.41666666666666,13.513513513513514,9.46372239747634,91.01123595505618,12.110552763819095,89.1891891891892,77.9475982532751,3.375527426160337,96.62447257383965,85.48034934497817,0.9825327510917031
2020,"Census Tract 315, Gaston County, North Carolina",37071031500,29.198027511030368,13.807422787438359,0.0,32.98728263690631,43.00545029846873,24.00726706462497,0.0,43.353783231083845,72.76995305164318,6.530089628681178,2.8727770177838576,72.39263803680981,6.048387096774194,94.22706863373958,58.08510638297872,10.248249522597073,89.75175047740292,36.24113475177305,21.48936170212766
2020,"Census Tract 316, Gaston County, North Carolina",37071031600,20.52511991921232,12.875536480686694,0.0,15.299166877051249,76.39484978540773,7.47286038879071,0.8331229487503155,41.58038147138964,79.38450129773823,9.788654060066742,8.877721943048575,84.46866485013625,5.400254129606099,93.58024691358024,55.08345978755691,6.258890469416785,93.74110953058322,51.66919575113808,6.600910470409711
2020,"Census Tract 317.03, Gaston County, North Carolina",37071031703,24.266211604095563,12.286689419795222,0.0,43.7542662116041,50.750853242320815,3.549488054607509,1.9453924914675766,51.42262317834837,83.48668280871671,17.869249394673123,28.23275862068966,87.57807078417765,7.345651194231635,94.42379182156134,64.65677179962894,9.335576114381833,90.66442388561816,81.81818181818183,0.6493506493506493
2020,"Census Tract 317.04, Gaston County, North Carolina",37071031704,25.681019332161686,13.818101933216168,0.0,14.015817223198592,72.14411247803163,12.521968365553604,1.3181019332161688,51.06635071090048,80.8398133748056,9.735614307931572,16.71763506625892,86.84834123222748,10.257168193910731,84.72032742155525,65.46929316338354,3.5754189944134076,96.42458100558659,72.47972190034763,3.9397450753186556
2020,"Census Tract 317.05, Gaston County, North Carolina",37071031705,18.408488063660478,12.254641909814323,0.0,6.312997347480106,76.0212201591512,17.50663129973475,0.15915119363395225,76.41975308641975,86.36755823986195,15.099223468507333,21.75925925925926,91.11111111111111,11.571334648257725,95.097037793667,65.0,17.073170731707318,82.92682926829268,77.94117647058823,0.0
2020,"Census Tract 317.06, Gaston County, North Carolina",37071031706,19.984627209838585,24.519600307455804,0.0,0.0,97.46348962336664,2.536510376633359,0.0,76.13019891500905,76.60944206008584,10.836909871244634,0.0,93.30922242314648,13.064361191162345,98.26086956521739,71.24735729386892,21.03505843071786,78.96494156928213,82.66384778012686,1.9027484143763214
2020,"Census Tract 318, Gaston County, North Carolina",37071031800,28.723728297289064,14.19433445019799,0.0,53.94456289978679,24.520255863539443,19.55528480048736,1.9798964361864149,45.87080948487326,83.46495557749259,9.772951628825272,4.674220963172805,84.13736713000817,5.769230769230769,88.61731843575419,63.816925734024174,21.00954979536153,78.99045020463848,59.41278065630398,6.390328151986183
2020,"Census Tract 319.01, Gaston County, North Carolina",37071031901,34.935064935064936,7.662337662337662,0.0,61.168831168831176,24.025974025974026,12.207792207792208,2.5974025974025974,34.81781376518219,84.87394957983193,21.218487394957982,0.0,46.558704453441294,3.592814371257485,82.41758241758241,68.51851851851852,14.960629921259844,85.03937007874016,11.574074074074074,6.944444444444445
2020,"Census Tract 319.02, Gaston County, North Carolina",37071031902,14.977109221713539,32.30869849574886,0.0,64.09417920209287,15.761935905820797,3.727926749509483,16.415958142576848,45.81395348837209,68.95874263261297,20.530451866404714,1.1904761904761905,79.30232558139535,14.23076923076923,71.31011608623548,20.442708333333336,33.21739130434783,66.78260869565219,56.510416666666664,32.29166666666667
2020,"Census Tract 320, Gaston County, North Carolina",37071032000,20.784048665089557,7.739101047651234,0.0,51.470091247042916,38.28996282527881,7.975667455221358,2.2642784724569114,39.93174061433447,75.73055968301139,8.221892025755324,6.70391061452514,83.61774744027304,4.906143344709898,87.18887262079062,42.77047522750253,17.030201342281877,82.96979865771812,35.085945399393324,13.751263902932253
2020,"Census Tract 321, Gaston County, North Carolina",37071032100,27.359781121751027,16.89466484268126,0.0,33.99452804377565,42.44186046511628,18.433652530779753,5.1299589603283176,41.66020170674942,79.73174366616989,12.071535022354695,7.08955223880597,80.37238169123351,6.308851224105462,94.92017416545718,56.91854759568204,19.57379636937648,80.42620363062352,16.290480863591757,16.290480863591757
2020,"Census Tract 322.01, Gaston County, North Carolina",37071032201,14.892787524366472,22.72904483430799,0.0,4.56140350877193,79.37621832358674,13.37231968810916,2.690058479532164,52.66821345707656,90.8695652173913,43.28502415458937,27.044025157232703,90.02320185614849,8.337193144974526,94.61161651504548,69.35866983372921,10.1067615658363,89.8932384341637,58.59065716547902,2.375296912114014
2020,"Census Tract 322.02, Gaston County, North Carolina",37071032202,24.72959685349066,9.734513274336283,4.08062930186824,5.850540806293019,78.56440511307768,3.5889872173058017,7.91543756145526,47.286108555657776,92.32974910394265,22.00716845878136,7.455012853470437,87.94848206071757,5.094709340300457,95.8265139116203,73.58974358974359,11.464245175936435,88.53575482406356,60.0,3.205128205128205
2020,"Census Tract 323.01, Gaston County, North Carolina",37071032301,15.505830444374407,10.683895367160416,4.002521273242988,12.480302552789158,76.93034982666246,1.7018594390167037,4.8849669082886855,58.050586057988895,89.58868894601542,30.505569837189373,16.791979949874687,89.51264651449723,7.124207385303991,97.1627675460428,75.34992223950233,3.8145100972326103,96.18548990276739,54.27682737169518,1.244167962674961
2020,"Census Tract 323.02, Gaston County, North Carolina",37071032302,27.43238496663154,18.75658587987355,5.619950825430277,14.822620302072357,67.57990867579909,6.2873199859501225,5.690200210748156,54.95750708215298,81.45204027556969,22.89348171701113,4.904051172707889,90.55712936732768,8.08325266214908,95.46925566343042,65.20572450805008,7.065669160432253,92.93433083956775,59.83899821109123,11.449016100178891
2020,"Census Tract 324.03, Gaston County, North Carolina",37071032403,18.517001229004507,19.991806636624336,0.6145022531749283,0.40966816878328555,95.08398197460058,3.2363785333879553,0.6554690700532568,71.42857142857143,94.71046770601336,33.797327394209354,35.89041095890411,100.0,7.18954248366013,84.59167950693374,72.30603448275862,11.025886864813039,88.97411313518695,80.92672413793103,2.8017241379310347
2020,"Census Tract 324.04, Gaston County, North Carolina",37071032404,28.091755319148938,11.934840425531915,1.5625,5.4188829787234045,86.7686170212766,1.3962765957446808,4.853723404255319,73.17744154057772,93.40126152353227,57.49636098981077,15.119760479041917,89.88995873452545,14.147018030513175,98.5228002569043,82.49581239530988,5.162827640984909,94.83717235901509,71.52428810720268,4.0201005025125625
2020,"Census Tract 324.05, Gaston County, North Carolina",37071032405,22.736418511066397,18.47753185781355,2.380952380952381,8.484238765928907,84.30583501006036,1.30784708249497,3.5211267605633805,76.56488549618321,99.05033238366572,40.07597340930674,19.747899159663866,93.05343511450381,10.590277777777777,96.08900876601484,84.76190476190476,5.234657039711191,94.7653429602888,88.28571428571429,0.5714285714285714
2020,"Census Tract 324.06, Gaston County, North Carolina",37071032406,22.866894197952217,12.286689419795222,3.8517796196977088,0.9751340809361287,94.63676255485129,0.0,0.5363237445148707,78.72559095580678,93.13031161473087,39.6600566572238,10.81081081081081,92.08633093525181,4.36156763590392,97.506678539626,86.12303290414879,13.597033374536466,86.40296662546353,91.41630901287554,0.0
2020,"Census Tract 325.05, Gaston County, North Carolina",37071032505,22.847589857899138,13.541376427974367,2.2290331568682085,41.6829200334355,39.509612705489,6.937865700752299,9.640568403455001,51.92525481313703,92.20830070477682,22.905246671887237,0.0,89.6942242355606,12.31491513181654,93.38924518993586,84.96009821976673,4.959159859976663,95.04084014002333,40.577041129527316,4.788213627992634
2020,"Census Tract 325.06, Gaston County, North Carolina",37071032506,17.126909518213864,10.781433607520565,1.7920094007050529,23.354876615746182,58.431257344300825,14.54171562867215,1.8801410105757932,63.91082210868555,83.10948310948311,28.61212861212861,10.85972850678733,89.64235949837436,9.783764622474301,97.12199312714776,69.1696750902527,10.123296560674886,89.87670343932511,34.368231046931406,0.0
2020,"Census Tract 325.07, Gaston County, North Carolina",37071032507,23.874133949191688,16.599307159353348,7.448036951501155,10.392609699769054,69.3418013856813,10.594688221709008,2.222863741339492,66.68536174985978,93.69261477045909,39.04191616766467,17.541229385307346,86.59562535053281,13.955252180508154,98.73928391326274,83.2189168573608,5.342960288808665,94.65703971119133,91.6094584286804,0.0
2020,"Census Tract 325.08, Gaston County, North Carolina",37071032508,21.274900398406373,19.52191235059761,3.904382470119522,11.434262948207172,82.66932270916335,1.0358565737051793,0.9561752988047808,66.98606271777004,95.78082191780823,37.97260273972603,21.428571428571427,91.1149825783972,6.730769230769231,98.16440542697525,79.54802259887006,14.244186046511627,85.75581395348837,85.42372881355932,1.5819209039548021
2020,"Census Tract 325.09, Gaston County, North Carolina",37071032509,33.05691669807765,11.27026008292499,2.186204297022239,1.4700339238597813,91.06671692423672,3.6562382208820203,1.6208066339992462,66.59308314937455,96.85086155674391,47.474747474747474,21.3953488372093,97.7924944812362,7.657657657657657,96.86847599164928,88.35920177383592,2.591792656587473,97.40820734341253,88.13747228381375,0.5543237250554324
2020,"Census Tract 325.10, Gaston County, North Carolina",37071032510,31.74200101574403,15.185373285931943,0.9141696292534282,2.793296089385475,90.19807008633825,0.4570848146267141,5.6373793803961405,66.86602870813397,96.21621621621622,51.891891891891895,0.0,96.77033492822966,7.5892857142857135,97.11934156378601,89.76486860304288,4.617414248021108,95.3825857519789,95.71230982019364,1.3831258644536653
2020,"Census Tract 326, Gaston County, North Carolina",37071032600,27.178807947019866,20.158940397350992,1.403973509933775,10.14569536423841,81.43046357615894,4.370860927152318,2.6490066225165565,56.4804469273743,96.61081492764662,38.11881188118812,16.587677725118482,88.71508379888267,7.275372862859221,97.60166840458811,82.47496423462088,13.436532507739937,86.56346749226006,81.83118741058655,3.5050071530758222
2020,"Census Tract 327.02, Gaston County, North Carolina",37071032702,15.602836879432624,25.79787234042553,1.1081560283687943,19.636524822695037,71.05496453900709,3.9893617021276597,4.210992907801418,57.692307692307686,91.82771949199338,38.37658752070679,29.692832764505116,92.71255060728745,12.079831932773109,98.2078853046595,63.92045454545454,5.545617173524151,94.45438282647585,42.70833333333333,15.909090909090908
2020,"Census Tract 327.03, Gaston County, North Carolina",37071032703,26.990208599404003,13.452532992762878,0.9365687526607066,23.58450404427416,58.833546189868024,14.218816517667094,2.4265644955300125,48.992576882290564,86.60477453580901,20.424403183023873,27.16297786720322,88.86532343584305,6.997084548104956,88.0275624461671,64.68085106382979,9.87535953978907,90.12464046021093,53.191489361702125,2.3404255319148937
2020,"Census Tract 327.04, Gaston County, North Carolina",37071032704,15.13210568454764,27.008273285294905,0.9073925807312517,29.62369895916733,62.20976781425141,3.015745930077395,4.2433947157726175,47.06242350061199,94.25067075507857,24.03219624377156,7.894736842105263,93.32925336597307,8.081761006289307,93.7257079400333,59.67741935483871,14.982224479431183,85.01777552056882,36.26045400238949,5.256869772998805
2020,"Census Tract 328.01, Gaston County, North Carolina",37071032801,17.107843137254903,28.284313725490197,0.9803921568627451,30.245098039215684,59.166666666666664,0.6372549019607843,8.970588235294118,35.22561863173217,68.10776942355889,13.471177944862156,12.302839116719243,87.91848617176127,6.8598462448255475,100.0,51.720647773279346,8.348794063079778,91.65120593692022,24.392712550607285,23.88663967611336
2020,"Census Tract 328.02, Gaston County, North Carolina",37071032802,25.0189346124716,20.020196919969706,0.9845998485231002,22.368088866447867,61.80257510729614,8.10401413784398,6.740722039888918,66.11464968152866,84.05851462865716,10.05251312828207,7.704918032786885,86.05095541401275,6.969696969696971,92.92817679558011,68.75349357182785,3.8172043010752685,96.18279569892472,49.69256567915036,27.110117384013417
2020,"Census Tract 329, Gaston County, North Carolina",37071032900,28.841951930080118,10.172371934935665,0.5098324836125273,48.14275309541151,40.88370963826171,8.545763534838553,1.9179412478756979,58.84227296866702,92.90664492458215,27.88422339991847,2.6528258362168398,84.75836431226766,6.857727737973388,90.96045197740112,63.41948310139165,10.86828115770821,89.13171884229179,38.767395626242546,5.36779324055666
2020,"Census Tract 331, Gaston County, North Carolina",37071033100,28.539823008849556,10.050568900126422,0.0,34.16561314791403,37.041719342604296,23.072060682680153,5.720606826801517,53.6996336996337,69.02025177887246,16.31089217296114,9.47867298578199,76.77655677655679,10.084033613445378,93.87338325391423,65.63071297989032,9.286898839137644,90.71310116086235,55.94149908592322,12.888482632541134
2020,"Census Tract 332.02, Gaston County, North Carolina",37071033202,17.898334045279796,14.224690303289192,0.9397693293464331,7.988039299444681,76.37761640324648,10.593763348996156,4.100811618966254,59.434746467165425,81.27187864644108,31.271878646441074,24.169184290030213,94.0149625935162,4.0062434963579605,97.11246200607903,71.27312295973884,9.368836291913215,90.63116370808679,80.63112078346029,1.7410228509249184
2020,"Census Tract 332.03, Gaston County, North Carolina",37071033203,26.578411405295316,12.966734555329259,0.0,27.834351663272233,52.070604209097084,15.987780040733199,4.107264086897488,50.20283975659229,81.70795993674223,12.177121771217712,0.4830917874396135,83.67139959432049,9.616273693943597,81.66397415185783,60.6430155210643,12.085769980506821,87.91423001949317,54.212860310421284,4.767184035476718
2020,"Census Tract 332.04, Gaston County, North Carolina",37071033204,30.061349693251532,12.043913464643204,0.0,35.679690022602514,45.20503713270907,15.14368743945754,3.9715854052308686,47.383935151068535,82.75132275132276,14.603174603174605,7.067669172932331,91.89388356669123,11.588180978762697,93.717277486911,58.259468170829976,12.234794908062236,87.76520509193777,55.84206285253828,4.754230459307011
2020,"Census Tract 333.03, Gaston County, North Carolina",37071033303,21.57650695517774,22.751159196290573,4.760432766615147,4.945904173106646,85.84234930448223,3.2457496136012365,1.205564142194745,62.225097024579554,93.33616298811545,51.146010186757216,9.796672828096119,92.17335058214748,10.16949152542373,99.02617163724894,84.74308300395256,0.0,100.0,89.48616600790514,0.0
2020,"Census Tract 333.06, Gaston County, North Carolina",37071033306,17.59776536312849,15.572625698324021,0.0,0.13966480446927373,98.32402234636871,1.536312849162011,0.0,71.24087591240877,88.13108945969886,24.977856510186005,27.979274611398964,83.64963503649635,6.779661016949152,93.84993849938499,72.29129662522202,1.054481546572935,98.94551845342706,87.03374777975134,2.1314387211367674
2020,"Census Tract 333.08, Gaston County, North Carolina",37071033308,8.339538346984364,16.530156366344006,0.0,19.880863737900224,69.76917349218168,5.658972449739389,4.690990320178704,79.42073170731707,88.9554794520548,13.613013698630136,31.428571428571427,96.03658536585365,4.1429731925264015,93.98084815321477,68.79432624113475,11.598746081504702,88.40125391849529,81.02836879432624,0.0
2020,"Census Tract 333.09, Gaston County, North Carolina",37071033309,26.682242990654203,16.121495327102803,4.158878504672897,9.532710280373832,82.33644859813084,3.1308411214953273,0.8411214953271028,67.42738589211619,87.03094140882159,11.125740618828177,24.274406332453825,91.59751037344398,8.349267049075843,100.0,71.67785234899328,7.107231920199501,92.8927680798005,82.01342281879195,8.590604026845638
2020,"Census Tract 333.10, Gaston County, North Carolina",37071033310,17.687074829931973,17.346938775510203,0.0,18.172983479105927,55.34499514091351,19.533527696793,6.948493683187561,54.31654676258992,88.96103896103897,18.051948051948052,0.0,61.780575539568346,7.319952774498228,95.12390087929657,71.33676092544987,8.254716981132075,91.74528301886792,75.96401028277636,8.097686375321336
2020,"Census Tract 333.11, Gaston County, North Carolina",37071033311,27.07641196013289,15.946843853820598,0.0,0.0,100.0,0.0,0.0,58.862876254180605,92.04819277108433,27.228915662650603,18.69918699186992,86.2876254180602,10.022779043280181,98.50299401197606,64.47876447876449,11.604095563139932,88.39590443686008,90.34749034749035,0.0
2020,"Census Tract 333.12, Gaston County, North Carolina",37071033312,27.32297973150829,13.4509081337194,3.1587259805211896,9.765727823111344,82.91655698868124,1.4477494077388786,2.7112397999473545,61.54252509244586,95.23251270027355,41.46150840171942,17.763975155279503,95.56259904912837,9.054690329590729,98.1981981981982,94.94252873563218,2.539208364451083,97.46079163554892,83.14176245210729,0.0
2020,"Census Tract 333.13, Gaston County, North Carolina",37071033313,27.721463199647424,21.46319964742177,6.170118995152049,13.001322168356106,77.56721022476863,2.6443367122080215,0.617011899515205,64.52947259565667,92.76944065484311,46.65757162346521,15.819209039548024,92.65770423991727,7.073170731707316,94.68267581475128,86.81462140992167,0.0,100.0,90.73107049608356,0.9138381201044387
2020,"Census Tract 334, Gaston County, North Carolina",37071033400,18.314483765049253,18.059102517329443,1.6052535570959505,4.925209777453484,81.61255016417365,6.8588106530463335,4.998175848230573,65.87510993843448,66.50625601539943,6.159769008662176,24.126984126984127,86.2796833773087,10.227780259044216,91.53605015673982,53.31715210355987,12.402551381998581,87.59744861800142,58.41423948220065,10.032362459546926
2020,"Census Tract 335.01, Gaston County, North Carolina",37071033501,19.8542172856647,19.507115584866366,0.03471017007983339,14.265879902811523,80.52759458521346,0.13884068031933355,5.0329746615758415,74.74178403755869,88.64673086670045,18.14495691839838,1.9607843137254901,81.97183098591549,9.484625378951927,90.20242914979757,74.0072202166065,3.146853146853147,96.85314685314685,77.16606498194946,2.256317689530686
2020,"Census Tract 335.02, Gaston County, North Carolina",37071033502,18.895481515289823,28.753993610223645,0.0,2.647193062528526,96.02921040620721,0.867183934276586,0.4564125969876769,81.22503328894807,90.27695934001179,22.569239835002946,10.416666666666668,90.41278295605859,13.956105796285875,94.46952595936796,68.25568797399784,3.046218487394958,96.95378151260505,85.80715059588299,1.3001083423618636
2020,"Census Tract 601, Iredell County, North Carolina",37097060100,23.795379537953796,21.006600660066006,0.0165016501650165,24.58745874587459,60.37953795379538,14.801980198019802,0.21452145214521454,34.29752066115703,89.41774491682071,33.826247689463955,0.0,88.91184573002755,9.037584184227677,95.16878290492411,71.43948071783124,5.859094176851186,94.14090582314881,56.20465826651394,1.4891179839633446
2020,"Census Tract 602, Iredell County, North Carolina",37097060200,28.043478260869563,11.08695652173913,0.0,67.52173913043478,12.956521739130435,15.869565217391305,3.6521739130434785,12.416851441241686,73.12280701754386,9.473684210526317,1.8779342723004695,73.61419068736141,5.075528700906345,85.85675430643698,51.689612015018774,19.61770623742455,80.38229376257546,49.18648310387985,14.392991239048811
2020,"Census Tract 603, Iredell County, North Carolina",37097060300,26.494676494676494,10.27846027846028,0.0,50.122850122850124,25.429975429975432,20.96642096642097,3.480753480753481,38.62622658340767,73.21196358907672,11.703511053315994,0.0,78.23371989295272,4.846796657381615,93.03442754203363,45.46485260770975,22.699386503067483,77.30061349693251,45.23809523809524,12.585034013605442
2020,"Census Tract 604, Iredell County, North Carolina",37097060400,23.298429319371728,13.99333650642551,0.0,48.59590671108996,32.175154688243694,18.729176582579722,0.49976201808662535,51.51376146788991,78.52760736196319,15.78050443081118,5.397301349325337,84.54128440366972,3.0096183679801425,94.38972162740899,53.05023923444976,12.184873949579831,87.81512605042016,51.61483253588517,11.004784688995215
2020,"Census Tract 605, Iredell County, North Carolina",37097060500,18.506666666666664,13.706666666666667,0.0,27.493333333333332,60.66666666666667,7.199999999999999,4.64,33.497536945812804,87.68529076396807,33.257316609654126,35.67251461988304,91.62561576354679,4.744764397905759,91.58464566929135,59.09909909909909,8.717105263157894,91.2828947368421,56.69669669669669,5.7057057057057055
2020,"Census Tract 606.01, Iredell County, North Carolina",37097060601,21.438695960311836,17.16867469879518,7.423812898653437,31.024096385542173,44.472005669737776,14.829907866761163,2.250177179305457,35.66781477229238,86.90822533721237,18.80454906109495,0.0,73.32567929582855,6.540369869192602,99.64714184897672,56.17529880478087,5.560200668896321,94.43979933110369,46.436476316954405,3.1429836210712705
2020,"Census Tract 606.02, Iredell County, North Carolina",37097060602,22.63184843830005,23.14388120839734,0.30721966205837176,5.171530977982591,89.29851510496671,2.9185867895545314,2.3041474654377883,50.442477876106196,96.68508287292818,43.232044198895025,34.95702005730659,84.82932996207333,11.383189940436797,97.74436090225564,72.6797385620915,6.593406593406594,93.4065934065934,91.50326797385621,2.4836601307189543
2020,"Census Tract 606.03, Iredell County, North Carolina",37097060603,20.03146303093865,16.727844782380703,3.8280020975353963,15.88883062401678,62.191924488725746,17.566858940744627,0.5243838489774515,71.55049786628734,77.92307692307693,6.846153846153847,5.47945205479452,91.4651493598862,5.508196721311476,83.89473684210526,70.85201793721974,11.390728476821192,88.60927152317882,70.4035874439462,8.520179372197308
2020,"Census Tract 607.01, Iredell County, North Carolina",37097060701,22.09799408089444,16.606379480434068,0.0,5.064123643538309,70.73331141072016,21.604735284445905,2.597829661295626,49.275362318840585,85.5879292403746,11.082206035379812,31.901840490797547,87.89855072463769,7.3026593499366825,94.50980392156862,65.38108356290174,13.502779984114376,86.49722001588562,80.71625344352617,1.7447199265381086
2020,"Census Tract 607.02, Iredell County, North Carolina",37097060702,22.27176220806794,13.927813163481954,3.418259023354565,9.065817409766455,76.4543524416136,8.21656050955414,2.845010615711253,51.46036161335188,82.82360210071053,18.072289156626507,2.0188425302826376,93.04589707927677,7.53892379131385,97.28813559322033,53.807390817469205,2.6172300981461287,97.38276990185388,85.27435610302352,2.967525195968645
2020,"Census Tract 607.03, Iredell County, North Carolina",37097060703,23.512252042007002,15.373395565927655,0.0,22.024504084014,68.26137689614936,5.134189031505251,4.579929988331389,45.32915360501568,91.7184265010352,18.88198757763975,21.087314662273478,93.04075235109718,8.504958047292144,96.50464227198252,71.55519742143433,4.538461538461538,95.46153846153847,75.7453666398066,2.2562449637389204
2020,"Census Tract 608.01, Iredell County, North Carolina",37097060801,17.432784041630526,19.4275802254987,0.0,5.492917028042787,80.8326105810928,12.720439433362243,0.9540329575021683,65.90145576707727,85.88461538461539,9.692307692307692,19.222462203023756,87.45800671892498,7.913165266106442,96.21975806451613,58.86426592797784,18.00113571834185,81.99886428165814,83.03324099722992,0.3462603878116343
2020,"Census Tract 608.02, Iredell County, North Carolina",37097060802,28.040448209893416,12.899699371412954,2.022410494670675,10.276031702650998,81.52500683246788,4.755397649631047,1.4211533205793931,62.893081761006286,85.53121124431583,16.24638280281108,25.44,95.45772187281621,5.65894417014812,95.26038619075483,68.0,18.30065359477124,81.69934640522875,78.16,1.1199999999999999
2020,"Census Tract 609.01, Iredell County, North Carolina",37097060901,23.551401869158877,13.761682242990656,0.0,1.3317757009345794,78.31775700934578,15.350467289719628,5.0,63.96292004634995,86.56417112299465,8.55614973262032,6.96774193548387,93.91657010428737,5.867819641754169,92.38095238095238,65.31986531986533,17.54580788450861,82.4541921154914,80.4040404040404,3.6363636363636362
2020,"Census Tract 609.02, Iredell County, North Carolina",37097060902,19.949622166246854,22.317380352644836,0.0,7.581863979848867,86.272040302267,3.2493702770780857,2.8967254408060454,58.36936380481779,80.60479666319083,9.384775808133472,14.113597246127366,82.70537368746139,4.87728130899937,93.12602291325696,45.46599496221663,17.377731529656607,82.6222684703434,78.90428211586902,2.141057934508816
2020,"Census Tract 610.01, Iredell County, North Carolina",37097061001,24.182461987086022,19.662570297854614,5.977921266402833,4.894813580504062,81.85794626119558,6.082066236200792,1.1872526556967298,52.80711506392441,93.47568208778173,17.67497034400949,13.191489361702127,87.88215675375208,6.181318681318682,94.14414414414415,64.16127426580388,9.707865168539326,90.29213483146067,76.05774016923843,0.0
2020,"Census Tract 610.02, Iredell County, North Carolina",37097061002,18.72418540614961,17.783386874713173,0.27535566773749426,8.031206975676916,83.93758604864617,5.484167049105094,2.271684258834328,55.11069241639189,89.14213358657803,22.158911047799936,24.71169686985173,87.9415920866698,6.437041219649915,90.55845721173162,64.56647398843931,3.9422543031649084,96.0577456968351,87.10982658959537,1.2138728323699421
2020,"Census Tract 610.03, Iredell County, North Carolina",37097061003,21.0989010989011,21.025641025641026,1.221001221001221,17.435897435897434,73.94383394383395,5.958485958485959,1.4407814407814408,38.43023255813954,90.40247678018576,25.00859993120055,1.4947683109118086,90.11627906976744,6.190034045187248,90.29367844698855,60.96131301289566,6.724986331328594,93.2750136686714,67.5263774912075,1.0550996483001172
2020,"Census Tract 611.01, Iredell County, North Carolina",37097061101,16.698779704560053,17.63005780346821,0.0,5.619781631342325,84.84264611432242,5.330764290301863,4.2068079640333975,49.964412811387895,87.97909407665504,17.465156794425088,0.0,88.75444839857651,4.240555127216654,97.44069912609238,64.05622489959839,10.431654676258994,89.568345323741,82.6305220883534,2.0080321285140563
2020,"Census Tract 611.02, Iredell County, North Carolina",37097061102,19.946524064171122,18.101604278074866,9.010695187165775,4.759358288770053,82.00534759358288,2.914438502673797,1.3101604278074865,57.8215527230591,87.14232627276105,13.749535488665924,4.783258594917788,82.79258400926999,4.408817635270541,90.58704453441295,64.79066575154427,10.283251231527094,89.71674876847291,77.28208647906658,9.402882635552505
2020,"Census Tract 611.03, Iredell County, North Carolina",37097061103,20.155038759689923,19.78429389956185,0.0,13.38051904280418,80.48533872598584,4.213009774182676,1.9211324570273005,62.44579358196011,83.5200746965453,11.624649859943977,2.0689655172413794,92.62792714657415,9.07555930772478,94.9919224555735,71.0771840542833,6.724683544303797,93.2753164556962,78.88040712468194,7.20949957591179
2020,"Census Tract 611.04, Iredell County, North Carolina",37097061104,22.793487574978577,16.452442159383033,0.6855184233076265,8.011996572407885,86.76092544987146,2.227934875749786,2.313624678663239,43.84384384384384,91.23434704830053,18.545020870602265,6.2645011600928076,83.98398398398398,11.123470522803114,88.1956155143339,66.63019693654267,7.955689828801611,92.04431017119839,75.49234135667396,1.2035010940919038
2020,"Census Tract 612.01, Iredell County, North Carolina",37097061201,24.030172413793103,14.520474137931034,2.9364224137931036,6.196120689655173,83.45905172413794,4.795258620689656,2.613146551724138,54.480712166172104,92.03809523809524,24.22857142857143,13.439306358381502,89.55489614243324,7.305773342836779,95.79611140304782,82.05673758865248,14.441747572815533,85.55825242718447,87.73049645390071,0.7801418439716312
2020,"Census Tract 612.02, Iredell County, North Carolina",37097061202,20.830337886412654,16.89432063263839,0.35945363048166784,28.01941049604601,68.70956146657082,2.3184759166067574,0.593098490294752,41.25136413241179,88.35923097181985,21.3062944429813,8.097686375321336,77.40996726082213,5.2296498408367444,95.99383667180277,73.03771661569827,7.365439093484419,92.63456090651559,76.45259938837921,3.873598369011213
2020,"Census Tract 612.03, Iredell County, North Carolina",37097061203,20.72331928111826,14.887952074550698,7.4772575992899935,12.49167960949634,69.4475260705569,7.654759263368094,2.928777457288662,63.57913669064749,97.02287684111563,43.05860231902225,4.40771349862259,89.11870503597122,5.625524769101595,93.77897990726429,79.43376068376068,10.17274472168906,89.82725527831093,68.80341880341881,3.4722222222222223
2020,"Census Tract 612.04, Iredell County, North Carolina",37097061204,23.327970581475522,18.731326131923694,0.11491611123879567,1.1491611123879568,91.95587221328431,2.321305447023673,4.4587451160652725,58.586448598130836,98.75123233651001,51.002300361485375,10.48951048951049,92.7570093457944,8.992805755395683,95.80027998133458,93.000693000693,19.65478841870824,80.34521158129176,91.54539154539154,0.4851004851004851
2020,"Census Tract 612.05, Iredell County, North Carolina",37097061205,20.550950755728913,21.550463188688447,1.340809361287177,1.0482691370063384,94.46611409068747,2.04778156996587,1.0970258410531448,78.10355583281347,94.36804191224624,37.13163064833006,6.5,90.51777916406736,7.057379564283522,96.37493526670119,71.90237797246559,18.17716333845366,81.82283666154633,87.85982478097623,2.252816020025031
2020,"Census Tract 613.01, Iredell County, North Carolina",37097061301,22.037037037037038,10.407407407407407,0.7037037037037037,2.4074074074074074,79.77777777777779,10.74074074074074,6.37037037037037,70.4213241616509,81.12472160356347,15.701559020044542,13.316582914572864,82.5451418744626,3.5154394299287413,94.20970266040689,64.17165668662675,5.649717514124294,94.35028248587571,69.66067864271457,4.291417165668663
2020,"Census Tract 613.02, Iredell County, North Carolina",37097061302,23.728813559322035,18.148924014473433,0.6474957151018854,6.094077318605979,85.85031422586175,6.1892972767091985,1.218815463721196,52.30702889176369,86.47355833111878,12.835503587563116,22.926829268292686,79.94825355756791,9.729187562688065,95.39810080350621,74.00581959262851,5.887722501141032,94.11227749885896,79.29194956353055,3.055286129970902
2020,"Census Tract 613.03, Iredell County, North Carolina",37097061303,22.208538587848935,13.83415435139573,2.894088669950739,1.9088669950738917,90.68144499178982,4.064039408866995,0.45155993431855496,50.77747989276139,95.23949456362033,34.88098736409051,11.757425742574256,92.01072386058982,8.232189973614776,94.2489270386266,83.45567476002259,1.7203107658157604,98.27968923418425,84.472049689441,1.4116318464144553
2020,"Census Tract 613.04, Iredell County, North Carolina",37097061304,19.51827242524917,10.96345514950166,0.9551495016611296,11.295681063122924,79.79651162790698,6.64451827242525,1.308139534883721,40.946045824094604,94.19254658385093,25.838509316770185,14.586466165413533,90.39172209903917,4.437564499484004,96.71621154510889,79.21882824236354,6.4637002341920375,93.53629976580797,52.97946920380571,2.053079619429144
2020,"Census Tract 614.01, Iredell County, North Carolina",37097061401,27.82485875706215,13.08262711864407,1.78319209039548,0.0,92.70833333333334,4.201977401129944,1.3064971751412429,56.74157303370787,98.90510948905109,63.21689259645464,13.157894736842104,92.2752808988764,5.088062622309197,98.33967485299205,91.22983870967742,14.261019878997407,85.7389801210026,96.7741935483871,0.0
2020,"Census Tract 614.02, Iredell County, North Carolina",37097061402,22.855239047143094,12.57704481092787,3.1484257871064467,9.128768948858903,82.40879560219891,3.681492587039813,1.6325170747959354,57.201505302771125,97.11634904714143,51.10330992978936,1.380500431406385,93.43140608963394,5.463182897862233,94.05162738496072,86.39901679639492,3.326732673267327,96.67326732673267,57.47644408029496,1.1061040557148711
2020,"Census Tract 614.03, Iredell County, North Carolina",37097061403,17.155555555555555,17.955555555555556,9.481481481481481,5.155555555555556,78.04444444444445,6.607407407407408,0.7111111111111111,54.265554842847976,95.69937369519833,47.4321503131524,11.00702576112412,91.4047466324567,11.409155937052933,96.39361154044308,76.30057803468208,3.948180135718692,96.05181986428131,56.133590237636476,5.523442517662171
2020,"Census Tract 614.04, Iredell County, North Carolina",37097061404,17.97047970479705,24.833948339483396,2.103321033210332,0.44280442804428044,93.46863468634686,1.033210332103321,2.952029520295203,56.60550458715596,96.5164886205295,48.25824431026475,41.732283464566926,80.73394495412845,14.93477282950967,96.6923076923077,83.22784810126582,8.005822416302767,91.99417758369724,55.69620253164557,6.012658227848101
2020,"Census Tract 614.05, Iredell County, North Carolina",37097061405,16.91842900302115,21.175501235924195,3.817632518538863,4.0098873935731945,80.06042296072508,9.502883823125515,2.6091733040373524,54.24374319912949,99.14860681114551,47.368421052631575,11.298076923076923,86.34385201305767,11.206611570247933,94.71526195899771,84.45440956651719,9.594594594594595,90.4054054054054,91.62929745889387,0.8968609865470852
2020,"Census Tract 614.06, Iredell County, North Carolina",37097061406,25.352609308885754,16.889985895627643,1.16361071932299,0.6875881523272214,85.57827926657264,7.951339915373766,4.619181946403385,73.02697302697302,98.24654622741764,61.05207226354942,9.516129032258064,91.9080919080919,3.4246575342465753,97.72468714448237,89.80032379924447,16.493916178458765,83.50608382154124,92.93038316243928,0.5936319481921208
2020,"Census Tract 614.07, Iredell County, North Carolina",37097061407,21.69442730824594,18.548221262595106,2.3647953937898416,3.701418877236274,89.12194118856674,1.3777503598601686,3.434094180546987,53.461918892185956,94.0340909090909,44.17613636363637,14.669652855543113,88.87240356083086,6.591386554621849,98.4822934232715,73.86541471048514,10.545963602426504,89.4540363975735,73.18727177882107,2.190923317683881
2020,"Census Tract 614.08, Iredell County, North Carolina",37097061408,33.21831147918105,5.590062111801243,0.9891879457096849,1.3572578789970096,87.92270531400966,8.212560386473431,1.518288474810214,55.02248875562219,97.88575667655786,47.06973293768546,10.889443059019118,98.45077461269365,7.578367206338271,98.85209713024283,89.27259368111683,9.387483355525966,90.61251664447404,82.58633357825128,0.881704628949302
2020,"Census Tract 615.01, Iredell County, North Carolina",37097061501,34.475374732334046,10.111824886985486,0.0,14.44206519152986,77.39709731144421,3.7830121341898644,4.377825362836069,48.685054522129576,92.7487352445194,29.34232715008432,0.7036059806508356,82.16805644644003,5.954974582425563,96.05263157894737,75.45871559633028,6.0344827586206895,93.96551724137932,62.53822629969419,5.657492354740061
2020,"Census Tract 615.02, Iredell County, North Carolina",37097061502,30.896166539730896,11.72886519421173,0.8377760853008377,6.524498603706524,78.92866209697893,11.144960649911145,2.564102564102564,54.151838671411625,92.00633161852,35.61535417491096,0.5701254275940707,95.9667852906287,4.371785451873622,97.0734126984127,76.09828741623231,4.548685145700071,95.45131485429992,79.82129560685034,1.4147431124348473
2020,"Census Tract 615.03, Iredell County, North Carolina",37097061503,21.81622783449758,19.881783987103706,3.2240730789897905,11.20365394948952,80.70929607737776,3.3046749059645353,1.5583019881783988,45.508625817965495,93.21522804372408,35.84621183565775,6.633499170812604,91.07674003569304,6.5979381443298974,96.12046962736089,71.79987004548408,1.2828736369467608,98.71712636305324,74.72384665367122,2.6640675763482777
2020,"Census Tract 616.01, Iredell County, North Carolina",37097061601,31.25546169531022,9.263035246140403,1.398193999417419,27.963879988348385,43.664433440139824,22.92455578211477,4.04893678997961,26.42526964560863,87.75826446280992,17.923553719008265,7.549361207897793,70.57010785824345,3.898305084745763,96.07982893799002,65.89492430988425,2.8546712802768166,97.14532871972318,46.215494211932324,9.706144256455921
2020,"Census Tract 616.03, Iredell County, North Carolina",37097061603,25.510940129838904,7.573936042317865,17.408030776628998,2.933397451310411,63.717239721086806,11.10843952873287,4.832892522240924,44.03669724770643,85.90673575129534,39.89637305699482,11.190817790530847,77.11818672423098,5.487411233053583,95.58566433566433,84.16945373467112,9.026369168356998,90.973630831643,37.95986622073579,4.51505016722408
2020,"Census Tract 616.04, Iredell County, North Carolina",37097061604,18.34319526627219,24.091293322062555,0.0,19.44209636517329,72.52747252747253,8.030431107354184,0.0,41.333333333333336,94.16475972540046,58.69565217391305,0.0,81.33333333333333,8.488612836438923,99.14383561643835,90.9090909090909,10.046728971962617,89.95327102803739,86.23376623376623,3.116883116883117
2020,"Census Tract 616.05, Iredell County, North Carolina",37097061605,17.135135135135133,11.45945945945946,8.162162162162161,0.0,86.5945945945946,4.594594594594595,0.6486486486486486,65.970409051349,89.57871396895787,39.98521803399852,0.0,95.73542210617929,6.457925636007827,97.31489015459724,83.56973995271868,2.981651376146789,97.01834862385321,62.88416075650118,7.68321513002364
2020,"Census Tract 701, Lincoln County, North Carolina",37109070100,27.3886562618957,15.359725923106204,0.07613247049866768,9.478492577084126,64.7316330414922,16.140083745717547,9.57365816520746,56.632425189816885,88.45291479820628,16.451793721973093,8.025477707006369,93.83653416703885,7.10353866317169,91.35606661379857,68.70778928410625,7.496876301541025,92.50312369845898,49.52723998199009,6.2584421431787485
2020,"Census Tract 702.01, Lincoln County, North Carolina",37109070201,24.825174825174827,9.595959595959595,0.0,20.82362082362082,56.93473193473193,20.687645687645688,1.554001554001554,57.47377622377622,80.27130639929224,11.235623709820112,0.0,83.91608391608392,7.79423226812159,93.53754202465446,58.48235862735621,5.481955230698949,94.51804476930104,33.83276945384244,10.246495891735139
2020,"Census Tract 702.02, Lincoln County, North Carolina",37109070202,19.280930560451182,20.056397603101868,4.899541769474798,9.86958054282693,80.93056045118082,1.4451885794853718,2.855128657032076,60.04548900682335,90.84967320261438,24.369747899159663,0.0,89.84078847611828,5.458515283842795,97.64481222151495,81.00961538461539,9.826589595375722,90.17341040462428,90.46474358974359,3.5256410256410255
2020,"Census Tract 703, Lincoln County, North Carolina",37109070300,18.726959941017448,28.38535266650283,0.14745637748832638,12.410911771934135,71.68837552224133,13.63971491767019,2.113541410666011,58.00954328561691,81.38068370394956,24.72618652505808,6.913996627318718,86.57123381049762,9.706682794073178,89.44543828264759,59.571938168846614,17.508582638548308,82.4914173614517,62.425683709869205,5.58858501783591
2020,"Census Tract 704, Lincoln County, North Carolina",37109070400,16.697519437245465,20.30729359496483,0.0,0.7960014809329877,92.15105516475379,5.609033691225472,1.4439096630877453,61.98237885462555,81.54362416107382,10.85810162991371,17.719568567026194,91.45374449339208,5.977777777777778,89.25463488460083,66.396933560477,5.854049719326383,94.14595028067362,87.0954003407155,2.8534923339011926
2020,"Census Tract 705, Lincoln County, North Carolina",37109070500,17.85927845325892,22.104843531991232,0.3787123779150887,0.6577636037472593,95.19633246960335,3.288818018736297,0.47837352999800675,67.60482481332566,81.89451587509839,15.324061926003674,11.782477341389729,87.93796668581275,11.089541373453045,93.896484375,56.88532799198798,5.934997644842204,94.0650023551578,82.7741612418628,6.359539308963445
2020,"Census Tract 706, Lincoln County, North Carolina",37109070600,18.66112448042004,18.529862174578867,0.0,3.1940494421352,81.79829359002406,14.438853642528986,0.5688033253117479,79.86704653371321,85.48983364140481,13.185459026494147,0.0,88.50902184235517,5.352339967724583,95.64102564102565,58.46422338568935,15.528255528255528,84.47174447174447,85.98022105875509,0.34904013961605584
2020,"Census Tract 707, Lincoln County, North Carolina",37109070700,25.502990755845566,17.645459488852637,0.0,1.9032082653616094,87.60195758564437,7.830342577487764,2.6644915715062534,67.08229426433915,89.0650406504065,17.804878048780488,0.17035775127768313,84.72568578553617,9.379562043795621,96.12492770387507,65.72052401746726,8.216432865731463,91.78356713426854,87.19068413391557,1.7467248908296942
2020,"Census Tract 708, Lincoln County, North Carolina",37109070800,15.468568102444703,14.580908032596044,0.0,7.7561117578579735,77.50291036088474,5.224097788125728,9.516880093131547,48.141795311606636,85.88126159554731,10.25974025974026,3.8768529076396807,93.65351629502572,8.831124117748322,93.65558912386706,66.0891089108911,3.283173734610123,96.71682626538988,68.45827439886845,5.091937765205092
2020,"Census Tract 709.01, Lincoln County, North Carolina",37109070901,21.956901572510194,15.346534653465346,0.0,0.17472335468841002,99.41758881770531,0.0,0.4076878276062901,56.166763173132594,92.92972057578324,24.132091447925486,24.682395644283122,91.0828025477707,7.388059701492537,94.39153439153439,72.36842105263158,5.516705516705517,94.48329448329449,85.44407894736842,0.0
2020,"Census Tract 709.02, Lincoln County, North Carolina",37109070902,23.13594903720863,13.377732734906617,3.5905603011437672,3.2141305921528884,88.64919646735197,2.7942666859707543,1.7518459533806283,65.18254674977739,95.2517667844523,27.03180212014134,15.881326352530541,88.36449985158801,10.623469579958561,97.82309176081566,70.74202229911573,7.961783439490445,92.03821656050955,80.5843906189927,2.3452518262206845
2020,"Census Tract 710.01, Lincoln County, North Carolina",37109071001,26.021798365122617,11.599844297391982,0.019462826002335537,3.7368625924484236,79.21370182950565,14.26625145971195,2.7637212923316468,69.327251995439,88.189448441247,14.778177458033573,2.793296089385475,90.57392626377802,8.3399105498553,95.9436232382262,69.06166219839142,9.859835669405511,90.14016433059449,77.37265415549598,6.916890080428955
2020,"Census Tract 710.02, Lincoln County, North Carolina",37109071002,23.991431631560157,16.88682613352374,0.0,7.247411638700465,83.07747233131025,8.782577650838986,0.8925383791503035,80.7909604519774,76.38266068759341,14.947683109118087,1.0245901639344261,81.73258003766477,5.119774542038516,92.70568278201866,59.82053838484547,11.395759717314489,88.60424028268551,85.74277168494517,4.187437686939183
2020,"Census Tract 711.01, Lincoln County, North Carolina",37109071101,19.22353343595006,16.504190182999828,2.4628014366341713,2.770651616213443,91.39729775953481,2.103642893791688,1.2656062938258936,72.28958630527818,92.14848143982002,28.008998875140605,4.129793510324483,89.65763195435092,8.448020326063943,96.58425504229018,80.11741682974561,4.735272184936615,95.2647278150634,64.54011741682974,3.8356164383561646
2020,"Census Tract 711.02, Lincoln County, North Carolina",37109071102,22.53398900781024,20.335551055828756,0.8967312698871854,1.3306334972519527,91.39427249059878,4.122071159965287,2.256291582296789,70.31571722717914,95.0627115269759,36.11387616961975,21.4170692431562,95.2299245024022,16.76624346527259,95.59412550066756,85.11278195488721,4.659498207885305,95.3405017921147,91.12781954887218,2.781954887218045
2020,"Census Tract 712.01, Lincoln County, North Carolina",37109071201,15.766738660907128,23.38012958963283,0.593952483801296,0.9179265658747301,93.68250539956804,4.805615550755939,0.0,80.10335917312662,96.16175462645647,40.027416038382455,20.603015075376884,89.92248062015504,12.435897435897436,94.55292908530318,82.7455919395466,13.601741022850925,86.39825897714908,87.53148614609572,1.2594458438287155
2020,"Census Tract 712.02, Lincoln County, North Carolina",37109071202,17.130681818181817,28.295454545454547,1.1931818181818183,1.3068181818181817,93.49431818181819,0.9375,3.0681818181818183,87.15277777777779,98.64672364672364,44.62250712250712,7.289293849658314,90.45138888888889,7.164895440521084,95.4401519949335,84.97340425531915,11.005917159763314,88.99408284023669,89.69414893617021,1.928191489361702
2020,"Census Tract 712.03, Lincoln County, North Carolina",37109071203,23.406655386350817,17.54089114495206,0.13160368490317728,0.8272231622485429,96.37149840195526,1.8236510622297424,0.8460236886632826,74.158368895211,97.74072081764389,50.080688542227,4.785643070787637,91.98672356567094,8.95925380461463,98.67223065250379,86.93856479091379,10.901563937442502,89.0984360625575,84.77026329375322,0.41300980898296336
2020,"Census Tract 1.01, Mecklenburg County, North Carolina",37119000101,2.085222121486854,5.349048050770626,12.964641885766092,11.967361740707162,44.51495920217589,19.85494106980961,10.698096101541251,38.39050131926121,100.0,66.75461741424802,0.0,73.7467018469657,0.9259259259259258,97.79179810725552,92.02453987730061,6.051873198847262,93.94812680115274,4.9079754601226995,0.0
2020,"Census Tract 1.02, Mecklenburg County, North Carolina",37119000102,1.296456352636128,4.49438202247191,6.82800345721694,4.926534140017287,69.57649092480554,14.39066551426102,4.278305963699222,21.807065217391305,100.0,77.78325123152709,0.0,42.45923913043478,0.21891418563922943,99.44186046511628,82.80293757649939,17.51640585562847,82.48359414437154,17.74785801713586,3.4271725826193387
2020,"Census Tract 1.03, Mecklenburg County, North Carolina",37119000103,4.679457182966776,5.194197473093121,16.939635002339728,17.173607861488065,51.3804398689752,7.861488067384183,6.644829199812821,36.76470588235294,100.0,72.47639796659404,0.0,59.38375350140056,7.265586647029947,97.84172661870504,94.1544885177453,11.623616236162361,88.37638376383764,20.981210855949893,8.1419624217119
2020,"Census Tract 1.04, Mecklenburg County, North Carolina",37119000104,0.0,12.975778546712801,4.325259515570934,1.2110726643598615,92.90657439446368,1.5570934256055362,0.0,26.705882352941174,100.0,69.24460431654677,,46.35294117647059,8.996539792387544,100.0,85.73281452658884,49.10891089108911,50.89108910891089,56.03112840466926,13.488975356679637
2020,"Census Tract 3.01, Mecklenburg County, North Carolina",37119000301,1.957585644371941,5.709624796084829,6.36215334420881,0.6525285481239804,91.19086460032626,1.794453507340946,0.0,47.294117647058826,100.0,91.70896785109983,,80.0,0.6655574043261231,90.0,96.69811320754717,14.859437751004014,85.14056224899599,23.11320754716981,0.0
2020,"Census Tract 3.02, Mecklenburg County, North Carolina",37119000302,4.314329738058552,22.650231124807398,0.0,41.75654853620955,40.83204930662558,12.788906009244993,4.622496147919876,42.5,83.27645051194538,51.19453924914675,,72.14285714285714,3.542673107890499,96.74185463659147,60.47904191616767,26.75438596491228,73.24561403508771,24.35129740518962,35.728542914171655
2020,"Census Tract 4.01, Mecklenburg County, North Carolina",37119000401,3.0197444831591174,7.607433217189315,4.878048780487805,12.311265969802555,80.31358885017421,1.1614401858304297,1.335656213704994,39.68516984258492,96.8,77.2,0.0,66.28003314001657,3.1137724550898205,97.87644787644788,84.28571428571429,9.404659188955996,90.595340811044,13.904761904761905,9.047619047619047
2020,"Census Tract 4.02, Mecklenburg County, North Carolina",37119000402,0.46019328117809477,0.36815462494247586,2.1168890934192364,4.832029452369995,85.36585365853658,2.208927749654855,5.476300046019328,31.333333333333336,100.0,87.54988028731046,,68.78787878787878,3.005085529357374,100.0,94.40504334121356,13.082191780821917,86.91780821917808,7.4074074074074066,7.249802994483845
2020,"Census Tract 5.01, Mecklenburg County, North Carolina",37119000501,5.657708628005658,3.488920320603489,0.33003300330033003,34.18198962753418,57.33144743045733,5.987741631305988,2.1687883074021688,33.92603129445234,91.49606299212599,72.91338582677164,0.0,58.89046941678521,2.998500749625187,96.76415681393902,95.90488771466315,25.197628458498023,74.80237154150198,49.00924702774108,0.0
2020,"Census Tract 5.02, Mecklenburg County, North Carolina",37119000502,26.103795507358633,0.46475600309837334,3.6405886909372582,16.03408210689388,60.65065840433772,18.590240123934933,1.0844306738962044,34.62002412545235,97.75840597758406,72.72727272727273,100.0,59.83112183353438,2.3060796645702304,100.0,90.29535864978902,20.558659217877096,79.44134078212291,11.954992967651195,8.860759493670885
2020,"Census Tract 5.03, Mecklenburg County, North Carolina",37119000503,1.979719942056977,23.27378078223081,0.0,28.874939642684694,58.23273780782231,7.774022211492033,5.118300338000966,41.19601328903654,84.41771459814106,61.67304537998907,,53.903654485049834,11.527093596059114,98.63760217983652,64.85788113695091,8.51063829787234,91.48936170212765,46.770025839793284,26.012058570198104
2020,"Census Tract 6, Mecklenburg County, North Carolina",37119000600,17.167962149374787,4.494761743832376,6.421088205474823,39.303818857722206,47.34707671510645,3.2443393038188577,3.6836769178776616,27.92475014697237,93.79770992366412,63.74045801526718,12.595419847328243,64.43268665490888,3.345573235414117,94.25061425061425,79.88319273199221,16.25,83.75,23.036988968202465,11.615833874107723
2020,"Census Tract 7, Mecklenburg County, North Carolina",37119000700,3.777148253068933,4.627006610009444,6.137865911237016,36.4494806421152,51.74693106704438,4.4381491973559966,1.2275731822474032,33.670033670033675,94.62719298245614,50.32894736842105,32.5,82.32323232323232,7.556427870461237,99.62453066332915,73.58778625954199,12.433155080213904,87.56684491978609,22.442748091603054,9.007633587786259
2020,"Census Tract 8, Mecklenburg County, North Carolina",37119000800,24.039692701664535,8.866837387964148,2.272727272727273,69.39820742637644,20.29449423815621,1.2804097311139564,6.75416133162612,56.33802816901409,88.01102434542949,29.16858061552595,3.2319391634980987,72.70288397048961,4.5090602612726505,89.16528468767275,69.07838070628767,13.09880239520958,86.90119760479041,40.999138673557276,9.819121447028424
2020,"Census Tract 9, Mecklenburg County, North Carolina",37119000900,11.948632049134561,9.826912339475154,3.796761585706309,45.784477945281964,44.89112227805695,4.522613065326634,1.0050251256281406,49.519230769230774,83.04597701149426,54.166666666666664,0.0,86.0576923076923,4.058338617628408,93.12169312169311,75.97315436241611,9.035409035409035,90.96459096459097,71.00671140939598,15.973154362416109
2020,"Census Tract 10, Mecklenburg County, North Carolina",37119001000,12.798634812286688,8.634812286689419,2.1843003412969284,7.8839590443686,82.32081911262799,4.812286689419795,2.7986348122866893,58.88824551244933,98.3189831898319,78.63878638786387,0.0,89.11407064273307,2.309197651663405,96.20658135283364,90.65789473684211,9.145248057381949,90.85475194261805,52.30263157894737,3.0921052631578947
2020,"Census Tract 11, Mecklenburg County, North Carolina",37119001100,16.985575507801002,5.387106270238445,3.3559022667059173,6.8295554901383575,84.30968501619076,2.561083308801884,2.943773918163085,49.26503340757238,97.16366423917209,74.12801839785358,15.343915343915343,91.89309576837417,8.226950354609928,98.93196202531645,77.6774193548387,3.965303593556382,96.03469640644362,42.83870967741936,0.4516129032258065
2020,"Census Tract 12, Mecklenburg County, North Carolina",37119001200,19.403603230482503,11.927935390349969,4.0588113481051975,21.867881548974943,56.533443777179535,16.525160488714018,1.0147028370262994,47.63986013986014,86.21700879765396,47.82991202346041,3.9723661485319512,80.63811188811188,5.344295991778006,96.43817204301075,77.78337531486146,15.495955725840782,84.50404427415921,61.25944584382872,15.566750629722922
2020,"Census Tract 13, Mecklenburg County, North Carolina",37119001300,11.505681818181818,13.825757575757574,2.911931818181818,34.73011363636363,46.66193181818182,13.446969696969695,2.2490530303030303,53.05378304466728,80.74159241161253,41.41994826099454,0.0,80.53783044667274,3.4242910647405025,95.3307392996109,70.17846862406448,11.961479979726306,88.0385200202737,46.86240644789868,12.895797351755899
2020,"Census Tract 14, Mecklenburg County, North Carolina",37119001400,13.146362839614373,3.4472684779433242,3.710195734735612,23.984808647385332,54.601226993865026,12.70815074496056,4.995617879053462,51.01058710298364,89.03474903474904,56.17760617760618,2.209944751381215,75.45717035611165,5.146316851664985,89.24407672057164,78.97022332506204,7.142857142857142,92.85714285714286,52.72952853598015,11.84863523573201
2020,"Census Tract 15.04, Mecklenburg County, North Carolina",37119001504,26.256907939075347,10.068742418115649,7.278608976951071,52.958619760075486,10.702250977220649,23.12980186008896,5.930718425663836,66.36971046770601,58.793576184880536,11.124167645906777,4.158607350096712,63.641425389755014,3.2405712193335776,92.23777941537705,61.82775479503573,0.225140712945591,99.77485928705441,43.62542309138774,9.176382098533283
2020,"Census Tract 15.05, Mecklenburg County, North Carolina",37119001505,31.905107722101185,6.124425078673445,2.3965141612200433,20.406681190994917,21.350762527233115,54.63568143306705,1.2103606874848705,57.503506311360454,69.88,14.04,3.1537450722733245,74.4039270687237,5.119089939566299,99.41458222458755,71.21102248005802,0.0,100.0,81.36330674401741,0.36258158085569253
2020,"Census Tract 15.07, Mecklenburg County, North Carolina",37119001507,33.60995850622407,5.375330064126745,0.0,42.79517163334591,8.223311957751791,48.434552998868355,0.5469634100339494,74.4612563044475,65.23284749377888,12.975471027372912,0.08481764206955046,59.238881247134344,1.05653912050257,94.41478439425052,47.24238026124819,7.205387205387205,92.7946127946128,25.61683599419449,17.99709724238026
2020,"Census Tract 15.08, Mecklenburg County, North Carolina",37119001508,28.04136253041363,12.317518248175183,1.4142335766423357,46.882603406326034,20.92457420924574,27.387469586374696,3.3911192214111923,75.21480502313284,84.84210526315789,28.912280701754383,0.0,79.61004626569729,7.90363482671175,91.83673469387756,63.27827191867853,8.060747663551401,91.93925233644859,57.052096569250324,3.6848792884371027
2020,"Census Tract 15.09, Mecklenburg County, North Carolina",37119001509,36.38861138861139,12.96203796203796,0.6493506493506493,67.70729270729271,3.071928071928072,27.172827172827173,1.3986013986013985,56.39147802929428,75.58810474922326,16.999556147359076,0.07496251874062969,85.68575233022636,2.277188849627012,83.42351205115592,49.34497816593886,2.1367521367521367,97.86324786324786,48.5589519650655,5.414847161572053
2020,"Census Tract 15.10, Mecklenburg County, North Carolina",37119001510,18.911841722432353,15.944137329066047,14.227524003491418,65.11492580739016,6.924643584521386,9.07768402676753,4.655222577829502,74.26424546023794,85.83298712089739,22.476111341919403,0.0,82.40450845335003,5.3103695730175815,90.99730458221025,68.51851851851852,4.3478260869565215,95.65217391304348,52.02020202020202,6.228956228956229
2020,"Census Tract 16.03, Mecklenburg County, North Carolina",37119001603,22.22467446479806,18.14169057603178,4.921650849702052,32.15625689693225,38.13727653939527,22.86470977709115,1.9201059368792759,73.29518359561278,90.58084772370488,22.794348508634226,2.8205128205128207,72.15069146399618,8.39954597048808,98.14733127481253,72.69681742043551,12.205882352941176,87.79411764705883,35.95756560580681,10.27359017308766
2020,"Census Tract 16.05, Mecklenburg County, North Carolina",37119001605,19.59345002823264,9.599096555618294,5.251270468661772,30.15245623941276,33.54037267080746,26.199887069452288,4.8560135516657255,62.47334754797441,77.23577235772358,23.429416112342942,2.3041474654377883,66.84434968017058,5.617977528089887,95.36784741144415,58.1151832460733,11.265969802555169,88.73403019744484,20.81151832460733,20.680628272251308
2020,"Census Tract 16.06, Mecklenburg County, North Carolina",37119001606,21.5,13.630434782608697,15.456521739130435,23.47826086956522,23.456521739130434,35.5,2.108695652173913,63.15319338990621,70.58823529411765,24.42455242966752,0.23837902264600713,64.76105404198303,3.159645232815964,93.88475107800862,62.72666218938885,8.36923076923077,91.63076923076923,35.862995298858294,10.141034251175284
2020,"Census Tract 16.07, Mecklenburg County, North Carolina",37119001607,35.42585680352901,14.523243976925688,1.9002375296912115,51.06888361045131,11.028164234815065,35.188327112317616,0.8143875127248049,57.65853658536585,70.24361948955917,19.02552204176334,0.0,65.65853658536585,10.667367314766159,96.83184402924452,54.18848167539267,5.2109181141439205,94.78908188585608,21.11692844677138,10.209424083769633
2020,"Census Tract 16.08, Mecklenburg County, North Carolina",37119001608,25.610591189226206,9.792284866468842,6.596667427527962,41.2919424788861,14.540059347181009,33.508331431180096,4.062999315224834,72.72222222222223,74.23704755145494,13.20085166784954,6.725146198830409,74.66666666666667,7.057379564283522,87.46230073244291,51.14551083591331,8.081957882754695,91.9180421172453,42.22910216718267,9.535603715170279
2020,"Census Tract 16.09, Mecklenburg County, North Carolina",37119001609,26.045627376425855,12.76932826362484,4.6261089987325725,42.870722433460074,12.420785804816223,36.343472750316856,3.7389100126742716,73.27307940606843,77.41607324516785,21.21057985757884,0.0,77.7275661717237,4.627249357326478,95.49803038829488,62.98701298701299,5.157813702848345,94.84218629715166,39.935064935064936,12.662337662337661
2020,"Census Tract 17.01, Mecklenburg County, North Carolina",37119001701,26.66184971098266,3.8053949903660884,8.69460500963391,21.483622350674374,37.59633911368015,27.86608863198459,4.359344894026975,47.57847533632287,77.79598525194592,38.3039737812372,0.0,80.44843049327353,3.3169129720853863,96.46601941747572,80.17817371937639,10.956866633614279,89.04313336638572,20.99109131403118,7.015590200445435
2020,"Census Tract 17.02, Mecklenburg County, North Carolina",37119001702,30.170072888380734,4.873517221666428,4.630555952551093,29.869944261826497,26.082606831499216,35.600971845076465,3.815921109046734,67.21311475409836,73.19240932020178,24.02113860196973,10.876623376623376,59.171048561707394,2.707692307692308,95.21621621621622,60.947503201024325,7.281361297981796,92.71863870201821,38.79641485275288,13.273580879214682
2020,"Census Tract 18.01, Mecklenburg County, North Carolina",37119001801,16.59021406727829,4.051987767584098,0.9938837920489296,37.84403669724771,55.58103975535168,5.581039755351682,0.0,42.302158273381295,93.71428571428572,38.285714285714285,2.5210084033613445,91.79856115107914,8.340971585701192,95.70765661252901,64.60674157303372,6.068601583113456,93.93139841688655,25.702247191011235,4.915730337078652
2020,"Census Tract 18.02, Mecklenburg County, North Carolina",37119001802,19.799713876967097,9.585121602288984,5.493562231759657,29.155937052932764,56.19456366237482,7.668097281831187,1.4878397711015738,58.044343376918704,95.44740973312402,43.75981161695447,2.7027027027027026,84.25241614553724,4.926285508809781,95.94594594594594,71.38643067846607,3.747870528109029,96.25212947189097,43.42182890855457,2.1828908554572273
2020,"Census Tract 19.10, Mecklenburg County, North Carolina",37119001910,25.46980478014961,12.424740010946907,16.78525816456851,37.42017879948914,9.268381682174786,33.260353950009126,3.265827403758438,72.44408945686901,69.61883408071749,13.20067264573991,7.7227722772277225,61.0223642172524,4.871481028151775,93.63215937388829,64.32779860739154,8.971233544612383,91.02876645538761,43.81360471344403,12.319228709159079
2020,"Census Tract 19.11, Mecklenburg County, North Carolina",37119001911,22.7881162259223,13.3692458374143,8.308847535096312,45.85373816519752,25.44890630101208,17.12373490042442,3.26477309826967,78.38405036726128,89.1740550629958,21.488567428838078,2.125147579693034,85.16963973417279,4.651162790697675,94.173859432799,86.45011600928075,2.48868778280543,97.51131221719457,62.08816705336427,13.45707656612529
2020,"Census Tract 19.14, Mecklenburg County, North Carolina",37119001914,26.75986020968547,8.412381427858213,7.388916625062407,32.426360459311034,37.51872191712432,19.67049425861208,2.9955067398901645,68.99175649968295,78.92156862745098,31.194295900178254,7.566462167689162,73.74762206721624,5.316973415132924,94.93207941483803,60.55312954876274,4.583333333333333,95.41666666666667,39.66521106259098,6.11353711790393
2020,"Census Tract 19.16, Mecklenburg County, North Carolina",37119001916,29.282274707635864,12.54299472598028,9.355652373308875,37.628984177940836,30.268287090116946,21.898647099289153,0.8484292593441871,85.40326571004454,88.4789156626506,26.242469879518072,1.2252591894439209,86.68975754576942,5.6095979247730225,98.17158931082982,89.61564396493594,13.578088578088579,86.42191142191142,67.2285906945381,3.7086985839514495
2020,"Census Tract 19.17, Mecklenburg County, North Carolina",37119001917,28.887353144436766,11.333794056668971,2.1423635107118177,28.86431697765492,36.07463718037319,30.47684865238424,2.441833678875835,71.2636695018226,77.73203592814372,19.872754491017965,6.278026905829597,77.94653705953827,3.498542274052478,91.99380165289256,81.02246320681643,6.854256854256854,93.14574314574314,55.30596436870643,0.774593338497289
2020,"Census Tract 19.18, Mecklenburg County, North Carolina",37119001918,22.71412680756396,7.474972191323694,3.5372636262513906,50.61179087875417,15.194660734149053,29.21023359288098,1.4460511679644048,63.99132321041214,78.06932296728215,23.291221250404924,3.6243822075782535,72.88503253796095,6.13126079447323,93.62611737271668,64.5933014354067,10.921683537559936,89.07831646244007,27.452153110047846,8.253588516746412
2020,"Census Tract 19.19, Mecklenburg County, North Carolina",37119001919,25.12868507253159,9.616284510996724,7.41693963500234,25.22227421619092,28.802058961160505,34.65138043986897,3.907346747777258,67.06948640483384,85.53964373035278,29.409710094306675,0.0,84.13897280966768,2.71875,91.75713711298754,71.18320610687023,5.585585585585585,94.41441441441441,62.72264631043257,7.442748091603053
2020,"Census Tract 19.20, Mecklenburg County, North Carolina",37119001920,32.09206861164052,7.4769095440551245,7.271661046767336,34.27649904706055,15.364316082685821,42.70634804280897,0.38117578067732005,63.71002132196162,80.27411986025263,18.48965331900027,1.4050091631032375,74.49893390191897,3.6269430051813467,78.92215568862275,78.45503922751962,3.2691185055458263,96.73088149445418,58.47917923958962,6.517803258901629
2020,"Census Tract 19.21, Mecklenburg County, North Carolina",37119001921,22.647584973166367,10.661896243291592,16.74418604651163,33.59570661896243,18.53309481216458,25.90339892665474,5.2236135957066185,77.31958762886599,80.89647812166488,19.69050160085379,11.930585683297181,80.09516256938937,2.127659574468085,93.43832020997375,82.24076281287248,6.361607142857142,93.63839285714286,74.25506555423122,1.66865315852205
2020,"Census Tract 19.22, Mecklenburg County, North Carolina",37119001922,29.588785046728972,7.5140186915887845,2.2242990654205608,47.53271028037383,22.710280373831775,23.962616822429904,3.570093457943925,70.11494252873564,79.98745294855709,20.138017565872023,1.3013013013013013,86.54214559386973,7.592248473586408,85.00186081131373,65.61964591661908,5.1976177585273415,94.80238224147266,71.84466019417476,4.454597372929754
2020,"Census Tract 19.23, Mecklenburg County, North Carolina",37119001923,24.99458991560268,10.452283055615668,1.1902185674096515,37.30794200389526,26.639255572386926,33.455961913005844,1.4066219433023155,75.86046511627907,88.34919593042336,14.670167377748605,0.0,91.30232558139535,3.4622042700519327,95.30125047366427,85.42682926829268,6.017191977077363,93.98280802292264,46.707317073170735,0.6097560975609756
2020,"Census Tract 19.24, Mecklenburg County, North Carolina",37119001924,28.555555555555557,16.25925925925926,28.962962962962962,33.55555555555556,10.148148148148147,21.85185185185185,5.481481481481482,83.73983739837398,48.41031793641272,10.257948410317937,23.885918003565063,80.21680216802169,4.717470191809228,87.76470588235294,48.484848484848484,15.384615384615385,84.61538461538461,39.61038961038961,30.627705627705627
2020,"Census Tract 19.25, Mecklenburg County, North Carolina",37119001925,28.331822302810515,3.241160471441523,2.175883952855848,64.34723481414325,9.29283771532185,20.12692656391659,4.057116953762466,72.66450040617384,74.88835451734799,25.626932325661283,0.0,73.5174654752234,7.147375079063884,95.73058520426942,70.89728453364818,9.266202463845742,90.73379753615426,25.265643447461628,5.371900826446281
2020,"Census Tract 19.26, Mecklenburg County, North Carolina",37119001926,25.93309372408073,9.012994194083495,3.0411943599668234,54.465026264860384,23.583079900470004,15.040088471108653,3.870611003594139,64.75315729047072,88.4004884004884,45.136345136345135,1.5037593984962405,93.97244546498278,3.6954087346024638,93.4032983508246,68.93203883495146,5.043383947939263,94.95661605206074,32.09594517418618,17.018846373500857
2020,"Census Tract 19.27, Mecklenburg County, North Carolina",37119001927,17.11333548595415,4.681950274459154,0.0,51.3077171456248,12.657410397158541,32.54762673555053,3.4872457216661283,55.26315789473685,86.03174603174604,22.448979591836736,15.139442231075698,62.71929824561403,4.36306973120374,98.0410447761194,83.69384359400999,19.81320880587058,80.18679119412941,0.0,1.913477537437604
2020,"Census Tract 20.04, Mecklenburg County, North Carolina",37119002004,26.87440982058546,14.711992445703496,0.7932011331444759,28.91406987724268,55.61850802644004,10.028328611898017,4.645892351274788,65.24307133121309,96.980510568213,61.78973373593193,19.567456230690013,82.14447978191731,7.360537190082645,100.0,82.56972111553786,8.768741481144934,91.23125851885506,56.72310756972112,3.386454183266932
2020,"Census Tract 20.05, Mecklenburg County, North Carolina",37119002005,14.948830409356725,9.429824561403509,12.463450292397662,4.605263157894736,70.72368421052632,11.659356725146198,0.5482456140350876,69.74416017797553,95.79131959666812,64.4454186760193,23.411371237458194,96.7741935483871,2.4924795874516548,86.93181818181817,91.68573607932876,12.131367292225201,87.8686327077748,21.35774218154081,1.0678871090770405
2020,"Census Tract 20.06, Mecklenburg County, North Carolina",37119002006,25.70694087403599,16.889460154241647,1.0796915167095116,2.904884318766067,93.7789203084833,1.7223650385604115,0.5141388174807198,54.66417910447762,96.94434339759913,74.24518006547835,29.11084043848965,92.3507462686567,7.82006920415225,92.27960354720918,93.3378196500673,10.589651022864018,89.41034897713598,79.87886944818304,1.2113055181695829
2020,"Census Tract 20.07, Mecklenburg County, North Carolina",37119002007,17.741289547456947,24.669603524229075,9.371245494593513,28.273928714457348,40.56868241890268,15.979175010012014,5.806968362034441,80.53097345132744,76.99553792761526,44.719881011403075,12.267657992565056,77.10176991150442,1.9474196689386565,98.06094182825484,61.32497761862131,8.367514356029531,91.63248564397047,50.40286481647269,13.69740376007162
2020,"Census Tract 20.08, Mecklenburg County, North Carolina",37119002008,20.28301886792453,27.641509433962263,5.817610062893082,17.955974842767294,74.37106918238993,1.8553459119496856,0.0,63.338414634146346,92.10097719869707,62.0928338762215,42.88702928870293,89.40548780487805,6.193293885601578,98.59237536656892,90.64150943396227,4.332129963898916,95.66787003610109,97.13207547169812,2.5660377358490565
2020,"Census Tract 21, Mecklenburg County, North Carolina",37119002100,22.096128170894527,10.981308411214954,8.678237650200266,20.160213618157545,61.748998664886514,3.404539385847797,6.008010680907877,54.11119812059515,91.74603174603175,37.188208616780045,9.121621621621621,86.13938919342208,4.927163667523565,93.46278317152104,76.40871525169047,6.39943741209564,93.60056258790436,41.62283996994741,4.357625845229151
2020,"Census Tract 22.01, Mecklenburg County, North Carolina",37119002201,29.132633216647218,10.812913263321665,4.356281602489304,5.056398288603656,76.66277712952159,12.174251264099572,1.7502917152858808,50.26861089792786,96.58119658119658,79.77207977207978,5.977011494252873,90.09976976208749,4.33589462129528,100.0,89.39393939393939,7.449605609114812,92.55039439088519,53.40909090909091,7.1022727272727275
2020,"Census Tract 22.02, Mecklenburg County, North Carolina",37119002202,17.503346720214193,15.36144578313253,0.4685408299866131,3.614457831325301,91.56626506024097,2.5100401606425704,1.8406961178045516,41.137998691955524,99.35454126325496,80.77455048409405,47.179487179487175,85.28449967298887,6.653144016227181,100.0,85.3010164190774,9.547383309759546,90.45261669024045,58.09225957779516,8.991399530883502
2020,"Census Tract 23, Mecklenburg County, North Carolina",37119002300,44.48680351906159,8.797653958944283,0.5278592375366569,88.79765395894428,2.6979472140762466,5.571847507331378,2.404692082111437,36.19402985074627,79.07673860911271,6.7745803357314145,0.0,63.80597014925373,4.338624338624339,81.79791976225854,43.55484387510008,2.8771384136858478,97.12286158631416,20.176140912730183,35.14811849479584
2020,"Census Tract 24, Mecklenburg County, North Carolina",37119002400,12.203186053501653,3.967538322813345,0.9317703636910128,6.311992786293959,82.62699128343853,4.92936579501052,5.199879771565976,46.43595041322314,97.1868978805395,76.878612716763,20.229007633587788,85.69214876033058,2.7730229373502224,97.96812749003983,92.96917252568956,11.952380952380953,88.04761904761905,32.66630611141157,1.8929150892374256
2020,"Census Tract 25, Mecklenburg County, North Carolina",37119002500,8.680892337536372,5.140640155189137,0.8729388942774006,4.219204655674103,83.46265761396701,7.419980601357905,4.025218234723569,44.61118690313779,99.38574938574939,76.5970515970516,15.929203539823009,84.4474761255116,6.439595529536987,97.5337639459777,84.7011952191235,12.237762237762238,87.76223776223776,21.673306772908365,2.6294820717131477
2020,"Census Tract 26, Mecklenburg County, North Carolina",37119002600,12.006861063464838,8.061749571183533,5.574614065180103,31.217838765008576,56.26072041166381,2.3156089193825045,4.631217838765009,24.489795918367346,94.62129527991219,62.019758507135016,47.27272727272727,70.26239067055393,6.920077972709551,90.75829383886256,78.59477124183006,20.3125,79.6875,37.745098039215684,2.941176470588235
2020,"Census Tract 27.01, Mecklenburg County, North Carolina",37119002701,12.62592343854936,18.36803223640027,1.3431833445265278,2.0819341840161183,94.32505036937542,2.0147750167897915,0.23505708529214236,26.398026315789476,98.39440098806092,85.09674763277069,40.97421203438395,81.99013157894737,2.1521906225980016,98.23399558498896,90.39504260263361,1.2996941896024465,98.70030581039755,81.56467854376453,1.9364833462432223
2020,"Census Tract 27.02, Mecklenburg County, North Carolina",37119002702,24.812286689419796,11.382252559726963,2.1843003412969284,2.150170648464164,91.41638225255973,3.2081911262798632,1.0409556313993173,27.865532604293236,100.0,86.99776785714286,47.32472324723247,90.80599432968813,4.221516114389469,99.0909090909091,91.29411764705883,3.5843920145190564,96.41560798548095,81.92941176470589,2.776470588235294
2020,"Census Tract 28, Mecklenburg County, North Carolina",37119002800,28.10126582278481,18.70886075949367,0.4810126582278481,1.1645569620253164,95.9493670886076,1.139240506329114,1.2658227848101267,30.42233357193987,99.85190670122176,89.92965568308034,52.599009900990104,98.28203292770222,11.30281690140845,98.92541087231352,92.33766233766234,6.892382103990327,93.10761789600967,93.31168831168831,0.0
2020,"Census Tract 29.03, Mecklenburg County, North Carolina",37119002903,15.509989484752893,14.931650893796004,3.838065194532071,5.83596214511041,84.12197686645636,3.391167192429022,2.8128286014721344,64.09017713365539,100.0,80.47978968123563,57.49999999999999,88.40579710144928,3.484754200373367,98.85159010600707,87.44349573078854,11.432384341637011,88.56761565836298,48.01607232546459,2.3103967855349072
2020,"Census Tract 29.05, Mecklenburg County, North Carolina",37119002905,27.355242566510174,17.183098591549296,2.566510172143975,1.1580594679186227,93.27073552425665,1.8153364632237872,1.1893583724569639,50.0,99.44444444444444,87.5925925925926,40.657698056801195,88.91013384321224,3.532959931064197,96.24724061810154,93.01561216105176,20.301244269810084,79.69875573018992,75.43138866064092,2.711585866885785
2020,"Census Tract 29.07, Mecklenburg County, North Carolina",37119002907,34.627285513361464,7.482419127988749,22.19409282700422,1.912798874824191,74.00843881856541,1.1533052039381153,0.7313642756680732,68.51119894598156,94.1914498141264,75.8364312267658,39.09531502423263,87.15415019762845,3.0120481927710845,99.54519613416714,93.75500400320256,10.530085959885387,89.46991404011462,51.881505204163325,0.0
2020,"Census Tract 29.08, Mecklenburg County, North Carolina",37119002908,23.543543543543542,22.162162162162165,0.8108108108108109,2.942942942942943,91.11111111111111,3.993993993993994,1.1411411411411412,44.98407643312102,98.74108266890474,69.82794796475031,45.75569358178054,93.94904458598727,7.030636292223096,98.8357843137255,87.50929368029739,10.39307128580946,89.60692871419053,72.11895910780669,5.87360594795539
2020,"Census Tract 29.09, Mecklenburg County, North Carolina",37119002909,21.64835164835165,16.648351648351646,5.329670329670329,0.0,92.6923076923077,0.0,1.9780219780219779,50.59132720105125,100.0,76.36511817440913,16.923076923076923,86.99080157687253,6.38148667601683,97.68563162970106,75.35377358490565,12.667353244078269,87.33264675592173,34.31603773584906,3.0660377358490565
2020,"Census Tract 29.10, Mecklenburg County, North Carolina",37119002910,14.57016434892541,17.003792667509483,3.002528445006321,4.077117572692794,83.15423514538558,1.643489254108723,8.122629582806574,57.55584756898817,96.37462235649546,66.08761329305136,0.0,82.98291721419186,4.550499445061043,99.27159209157128,72.63896384241771,12.84101599247413,87.15898400752587,32.002158661629785,19.751753912574205
2020,"Census Tract 30.06, Mecklenburg County, North Carolina",37119003006,21.802074330164217,16.05445116681072,6.309420916162489,7.497839239412272,81.97925669835783,3.2195332757130513,0.9939498703543647,60.250844187168354,98.22043628013776,68.28358208955224,28.76480541455161,91.31693198263386,5.301137940605051,94.8874475391072,91.94871794871796,5.751570807153214,94.24842919284679,64.35897435897436,0.46153846153846156
2020,"Census Tract 30.08, Mecklenburg County, North Carolina",37119003008,24.91414299094599,17.467998751170775,4.324071183265688,4.464564470808617,78.19231970028099,10.318451451763972,2.700593193880737,61.506450270495215,95.59665345662704,55.98855129898723,48.576675849403124,83.14606741573034,4.566305254378649,95.06597819850832,87.04819277108435,4.391648668106551,95.60835133189345,62.462349397590366,5.007530120481928
2020,"Census Tract 30.12, Mecklenburg County, North Carolina",37119003012,27.16828114440189,22.324847938724936,4.032439738679883,12.502815949538185,74.92678531200721,6.64564091011489,1.892318089659833,55.76547231270358,97.24473257698541,72.09076175040519,40.85750315258512,88.72964169381108,4.856170739251469,97.58149316508938,71.0189452124936,7.877358490566038,92.12264150943396,55.811571940604196,13.722478238607271
2020,"Census Tract 30.13, Mecklenburg County, North Carolina",37119003013,19.59787892178524,16.94653115333628,4.308440123729563,0.4639858594785683,93.90190013256739,1.3256738842244808,0.0,66.71539961013644,98.61503674392313,78.4624081401922,39.285714285714285,92.49512670565302,8.32646331409728,98.80287310454908,90.80824088748018,2.8732683427398666,97.12673165726014,92.86846275752774,0.0
2020,"Census Tract 30.15, Mecklenburg County, North Carolina",37119003015,21.996466431095406,18.745583038869256,4.69964664310954,7.296819787985866,81.07773851590106,4.911660777385159,2.0141342756183747,72.73673257023934,99.41505595116989,68.74364191251271,37.41794310722101,95.00520291363163,8.901472253680634,93.63502575423105,93.97651863195507,0.0,100.0,89.02501276161307,0.0
2020,"Census Tract 30.16, Mecklenburg County, North Carolina",37119003016,32.771727963838096,9.34867474830491,28.45695500308198,6.533799054859256,57.0577357715225,3.554551058146702,4.396959112389562,64.09714889123548,98.0737838720209,70.22526934378061,5.385852090032155,80.78141499472017,7.76283618581907,94.9590693666523,90.20156774916013,3.6157582298974638,96.38424177010253,43.673012318029116,2.6875699888017914
2020,"Census Tract 30.17, Mecklenburg County, North Carolina",37119003017,24.954885279711267,17.633410672853827,2.9646816189739624,7.501933488012375,82.21191028615623,5.181747873163187,2.139726733694251,62.922077922077925,98.97473452947638,64.95789088246063,27.91327913279133,88.24675324675326,4.431466849879766,93.70594159113796,87.79552715654953,1.8808777429467085,98.11912225705329,85.11182108626198,1.4057507987220448
2020,"Census Tract 30.18, Mecklenburg County, North Carolina",37119003018,21.714922048997774,12.880475129918336,4.528582034149963,13.103192279138828,78.17371937639199,3.11804008908686,1.0764662212323683,65.47433903576983,96.89637033140453,63.86112572330352,28.41163310961969,88.4914463452566,3.8498098859315593,93.60204734484965,91.1512027491409,8.705882352941176,91.29411764705883,61.855670103092784,3.951890034364261
2020,"Census Tract 30.19, Mecklenburg County, North Carolina",37119003019,28.548473486877345,16.711301553294057,2.5174076057846815,5.195500803427959,83.71719335832887,4.284949116229245,4.284949116229245,56.08974358974359,96.67170953101362,73.5249621785174,1.2722646310432568,97.59615384615384,2.6986506746626686,96.10705596107056,84.7741935483871,15.485278080697928,84.51472191930208,82.3225806451613,0.0
2020,"Census Tract 30.20, Mecklenburg County, North Carolina",37119003020,28.229960848959408,23.408201112713787,1.813311353801772,5.852050278178447,89.75891201318773,2.184215948897589,0.3915104059344735,67.0391061452514,98.40984098409841,83.16831683168317,37.44569939183319,95.08379888268156,5.311513063451049,98.24165915238953,90.01196172248804,2.4504084014002334,97.54959159859978,93.89952153110048,3.050239234449761
2020,"Census Tract 30.21, Mecklenburg County, North Carolina",37119003021,30.492119652621426,13.123190736571244,4.9855258925699575,4.503055644901897,83.04921196526213,4.567385011257639,2.8948214860083628,61.07732406602954,96.20253164556962,79.89289191820838,44.75347661188369,91.57254561251086,5.876908838500694,95.46946815495733,87.37233054781801,1.3736263736263736,98.62637362637363,54.50324976787372,2.785515320334262
2020,"Census Tract 30.22, Mecklenburg County, North Carolina",37119003022,31.76442191648564,22.375090514120203,5.310161718561429,2.9447260439295198,84.93845039826213,2.0999275887038378,4.706734250543085,75.83947583947584,99.03086862885858,77.81765972720747,21.700879765395893,95.4954954954955,10.116731517509727,96.55172413793103,83.30308529945553,2.9359953024075165,97.06400469759248,82.69812462189957,4.900181488203267
2020,"Census Tract 31.02, Mecklenburg County, North Carolina",37119003102,13.891975994665481,16.159146476994888,4.689931095799067,11.491442542787286,57.12380529006445,19.71549233162925,6.979328739719938,36.96128560993426,91.87832250443002,58.41701122268162,29.838709677419356,82.5054784514244,2.710376871450697,97.38628649015615,71.1289602855868,3.529918209212225,96.47008179078777,40.963855421686745,19.723337795626954
2020,"Census Tract 31.05, Mecklenburg County, North Carolina",37119003105,19.523930108888326,20.41023043808559,0.7596859964547986,1.9498607242339834,90.04811344644213,5.5457077741200305,1.6966320587490504,47.48908296943232,99.70169042094797,69.30725886642361,20.474777448071215,87.882096069869,5.663939584644431,96.57320872274143,91.62333911034084,6.127982646420825,93.87201735357917,84.69093009820912,0.0
2020,"Census Tract 31.06, Mecklenburg County, North Carolina",37119003106,30.868300789364355,7.374324885749896,4.0506855006231826,13.710012463647695,43.581221437474035,36.726215205650185,1.9318653926049023,60.08729388942774,83.00319488817891,49.39297124600639,2.7954256670902162,78.51600387972843,2.3737980769230766,96.55172413793103,84.5771144278607,2.3745277927684834,97.62547220723151,70.09397457158651,1.8794914317302378
2020,"Census Tract 31.08, Mecklenburg County, North Carolina",37119003108,24.721718871343516,4.01242557597722,1.2425575977219776,20.631633445508673,28.268185348174995,48.174993528345844,1.6826300802485115,53.12072892938497,78.83620689655172,24.094827586206897,3.7168141592920354,74.66970387243735,4.745529573590096,91.9478527607362,71.44856543037089,6.233595800524935,93.76640419947506,32.540237928621416,6.508047585724283
2020,"Census Tract 31.09, Mecklenburg County, North Carolina",37119003109,30.45733144743046,2.0273455917020273,1.8387553041018387,35.454974068835455,11.763319189061763,49.575671852899575,1.3672795851013673,53.05226174791392,81.01694915254237,30.254237288135595,3.2687651331719128,59.59595959595959,2.2372881355932206,90.78600977811207,66.16194865042792,7.547169811320755,92.45283018867924,2.3041474654377883,10.533245556287032
2020,"Census Tract 31.10, Mecklenburg County, North Carolina",37119003110,9.646302250803858,11.98897565457051,1.5617822691777674,0.0,80.52365640790077,12.49425815342214,5.420303169499311,49.532710280373834,98.9755264655663,71.42857142857143,0.0,92.45660881174899,2.338586680223691,98.18621523579202,93.76947040498442,9.831460674157304,90.1685393258427,73.5202492211838,3.011422637590862
2020,"Census Tract 31.11, Mecklenburg County, North Carolina",37119003111,27.96208530805687,4.075829383886256,2.338072669826224,2.3696682464454977,83.69668246445498,11.5955766192733,0.0,49.13121629718395,96.44076060458313,67.08922476840566,8.498583569405099,89.6345116836429,2.719298245614035,100.0,93.92583120204604,12.03599550056243,87.96400449943758,49.168797953964194,0.0
2020,"Census Tract 32.01, Mecklenburg County, North Carolina",37119003201,19.582069430401077,11.45938658577688,0.6740815638692282,10.819009100101113,64.84664644421974,21.80653859116953,1.8537243006403776,32.94048320565704,96.63461538461539,47.06730769230769,4.244031830238726,79.3753682969947,5.699916177703269,97.42665980442614,79.75708502024291,9.854014598540147,90.14598540145985,67.6923076923077,4.2105263157894735
2020,"Census Tract 32.03, Mecklenburg County, North Carolina",37119003203,16.292348686714885,3.8066235249333844,3.0452988199467073,14.883897982489533,67.79596497906357,9.744956223829464,4.529881994670728,50.43149946062567,98.77764842840512,62.398137369033755,3.4722222222222223,83.54908306364617,3.3196907685311507,96.3673057517659,81.74770965468639,5.33689126084056,94.66310873915944,27.906976744186046,7.11768851303735
2020,"Census Tract 32.04, Mecklenburg County, North Carolina",37119003204,15.077937649880097,18.914868105515588,1.7685851318944845,7.9436450839328545,79.55635491606715,8.03357314148681,2.697841726618705,42.13518635502211,94.07918634217218,66.25499455139847,20.224719101123593,90.3348073278585,4.90645958348041,87.78394750126199,82.14503351614869,9.286898839137644,90.71310116086235,62.46191346739792,9.445460085313833
2020,"Census Tract 33.01, Mecklenburg County, North Carolina",37119003301,3.8461538461538463,4.029304029304029,0.0,5.21978021978022,88.55311355311355,2.7472527472527473,3.47985347985348,32.7319587628866,97.54098360655738,76.46370023419203,0.0,78.09278350515464,2.4761904761904763,97.94149512459371,80.35714285714286,12.5,87.5,15.029761904761903,13.244047619047619
2020,"Census Tract 33.02, Mecklenburg County, North Carolina",37119003302,18.47345132743363,8.259587020648967,1.9542772861356934,4.756637168141593,79.35103244837758,9.660766961651918,4.277286135693215,34.10326086956522,92.18455743879473,66.94915254237289,17.16417910447761,84.78260869565217,4.1610131162369965,98.21531375935521,84.86622073578596,2.4469820554649266,97.55301794453507,56.020066889632105,8.110367892976589
2020,"Census Tract 34.01, Mecklenburg County, North Carolina",37119003401,16.56590084643289,9.492140266021766,0.5441354292623942,2.357920193470375,73.39782345828296,22.007255139056834,1.6928657799274487,35.91160220994475,97.82445611402851,87.99699924981246,36.42857142857142,81.03130755064457,3.3333333333333335,100.0,94.20600858369099,9.073170731707316,90.92682926829269,43.99141630901288,0.0
2020,"Census Tract 34.02, Mecklenburg County, North Carolina",37119003402,22.21163012392755,7.221163012392755,3.026692087702574,0.8341277407054337,90.51477597712106,2.78836987607245,2.836034318398475,37.34126984126984,98.28212751899571,76.61050545094153,21.673003802281368,83.80952380952381,5.269607843137255,99.10499139414803,97.09471237652527,9.277807063784923,90.72219293621508,69.90122022080186,0.0
2020,"Census Tract 35, Mecklenburg County, North Carolina",37119003500,9.138381201044385,13.838120104438643,4.587840358075345,1.081685938082805,88.36255128683327,1.8276762402088773,4.140246176799701,21.0,98.78706199460916,88.40970350404312,48.214285714285715,87.5,6.655574043261231,97.68339768339769,92.85714285714286,10.621468926553671,89.37853107344634,57.585335018963335,3.0973451327433628
2020,"Census Tract 36, Mecklenburg County, North Carolina",37119003600,18.699399320971533,10.289892922434056,1.540872290415252,41.9691825541917,39.409767563332466,13.94620005223296,3.1339775398276313,27.056491575817642,87.81512605042016,47.63177998472116,3.4013605442176873,71.90287413280475,4.450177362141245,97.58064516129032,70.91891891891892,16.965888689407542,83.03411131059246,37.4054054054054,13.243243243243244
2020,"Census Tract 37.01, Mecklenburg County, North Carolina",37119003701,2.380952380952381,2.5551684088269457,2.671312427409988,27.874564459930312,67.5377468060395,0.5807200929152149,1.335656213704994,37.053910402429764,85.16320474777447,63.57566765578635,0.0,77.44874715261959,5.413444378346222,95.74607329842932,77.41364038972543,24.177300201477504,75.82269979852249,0.0,13.020372010628876
2020,"Census Tract 37.02, Mecklenburg County, North Carolina",37119003702,21.91780821917808,1.1558219178082192,0.0,47.51712328767123,45.6763698630137,5.650684931506849,1.1558219178082192,32.0786997433704,91.62269129287598,42.61213720316623,5.2854122621564485,81.69375534644996,2.0285087719298245,90.76086956521739,72.35238987816307,9.576271186440678,90.42372881355932,8.622305529522025,13.30834114339269
2020,"Census Tract 38.02, Mecklenburg County, North Carolina",37119003802,25.0392218387198,16.567304675243175,2.008158142453718,85.91151553184814,1.9140257295262004,9.319108879824286,0.8471917163476623,44.1153546375682,72.61029411764706,5.147058823529411,0.14326647564469913,74.20109119251754,9.334449560485558,93.2825484764543,47.74193548387097,8.95741556534508,91.04258443465491,39.35483870967742,9.274193548387096
2020,"Census Tract 38.05, Mecklenburg County, North Carolina",37119003805,14.83315954118874,2.059436913451512,25.938477580813345,18.587069864442128,36.418143899895725,14.494264859228362,4.562043795620438,46.620046620046615,94.29643527204503,63.52720450281426,0.0,76.36363636363637,2.785430058157331,95.25650035137035,81.22626153011394,4.557224236147074,95.44277576385292,20.510037981551818,12.588171459576778
2020,"Census Tract 38.07, Mecklenburg County, North Carolina",37119003807,32.06997084548105,10.079133694294045,3.602665556018326,41.815910037484386,10.016659725114534,43.27363598500625,1.2911286963765098,42.686100989068194,73.10924369747899,23.462184873949578,0.1059322033898305,65.22644456012493,2.1765787860208463,92.57261410788382,61.66883963494133,6.520414381474711,93.47958561852529,36.63624511082138,6.844850065189048
2020,"Census Tract 38.08, Mecklenburg County, North Carolina",37119003808,30.35961272475795,2.1300138312586445,1.0650069156293223,28.852005532503455,4.260027662517289,65.49100968188105,0.33195020746887965,56.731054977711736,69.15516030891645,19.86894453545518,7.889125799573561,55.24517087667162,3.23733862959285,92.73301737756714,48.62914862914863,4.5892611289582375,95.41073887104177,17.74891774891775,11.351611351611352
2020,"Census Tract 38.09, Mecklenburg County, North Carolina",37119003809,14.502888415931894,14.59410155062329,8.33079963514746,56.065673456977805,21.40468227424749,13.195500152021891,1.0033444816053512,45.07109004739336,84.60639127045985,32.73577552611068,3.977272727272727,73.7914691943128,5.334281650071124,94.54061251664447,93.08469308469309,8.72340425531915,91.27659574468086,52.6029526029526,3.651903651903652
2020,"Census Tract 38.10, Mecklenburg County, North Carolina",37119003810,24.881954424142886,7.2880312050913565,20.160131389858346,29.17265448573188,10.79860398275508,39.86861014165469,0.0,33.280632411067195,76.2936221419976,47.172081829121545,13.861386138613863,66.08695652173913,3.939393939393939,98.5485103132162,71.77677998717127,5.285540704738761,94.71445929526125,27.068633739576654,4.554201411161
2020,"Census Tract 38.11, Mecklenburg County, North Carolina",37119003811,11.168954093705631,9.891150023663037,0.0,59.06294368196876,12.352106010411736,24.609559867486986,3.975390440132513,51.05337078651685,89.7712833545108,29.161372299872934,0.0,85.95505617977528,2.450719232818327,97.52604166666666,82.8125,16.261682242990656,83.73831775700936,43.526785714285715,1.3392857142857142
2020,"Census Tract 39.02, Mecklenburg County, North Carolina",37119003902,25.82807570977918,13.860410094637224,3.805205047318612,78.64747634069401,5.086750788643533,7.590694006309148,4.8698738170347005,45.97345132743363,78.83804936785069,21.613485851896446,21.2378640776699,71.54867256637168,2.4189261031366294,89.18426802621995,54.20466058763931,6.0,94.0,29.078014184397162,12.056737588652481
2020,"Census Tract 39.03, Mecklenburg County, North Carolina",37119003903,45.67836563645888,12.257726558407542,7.7003666841278156,72.81299109481404,4.819277108433735,14.667365112624411,0.0,39.888682745825605,72.11646136618141,17.80515117581187,7.5892857142857135,82.56029684601113,4.39453125,89.45022288261517,34.35960591133005,10.077519379844961,89.92248062015504,3.8177339901477834,34.85221674876847
2020,"Census Tract 40, Mecklenburg County, North Carolina",37119004000,29.175343606830488,9.725114535610162,6.7471886713869225,67.88837984173261,13.598500624739692,6.497292794668888,5.268638067471887,46.271094175285796,75.11816340310601,9.925725860904794,2.6913372582001682,69.29776810016331,5.615995295501324,87.16600963644328,55.38290788013318,7.494866529774128,92.50513347022587,44.339622641509436,20.310765815760266
2020,"Census Tract 41.01, Mecklenburg County, North Carolina",37119004101,11.893033075299085,4.363124560168895,0.422237860661506,45.39057002111189,38.56439127375088,15.05981703026038,0.5629838142153413,34.753661784287615,85.8987090367428,54.12115193644489,0.0,75.23302263648469,3.5942492012779557,98.10725552050474,90.33742331288343,14.210526315789473,85.78947368421052,48.15950920245399,6.288343558282208
2020,"Census Tract 41.02, Mecklenburg County, North Carolina",37119004102,15.97918989223337,4.830917874396135,6.800445930880714,40.839836492010406,41.76885916016351,7.840951319212189,2.749907097733185,29.56852791878173,97.25243274184317,67.88780767029193,6.043956043956044,87.75380710659898,3.4055727554179565,90.5027932960894,85.09803921568627,13.617886178861788,86.3821138211382,42.66666666666667,3.686274509803922
2020,"Census Tract 42, Mecklenburg County, North Carolina",37119004200,22.857142857142858,15.447409733124019,0.03139717425431711,75.38461538461539,15.886970172684459,3.5478806907378333,5.149136577708006,30.199851961509992,77.03539823008849,11.76991150442478,7.592190889370933,67.43153219837158,5.575905575905575,95.53975436328378,56.15384615384615,14.921465968586386,85.07853403141361,28.153846153846153,24.923076923076923
2020,"Census Tract 43.02, Mecklenburg County, North Carolina",37119004302,30.185348631950575,10.481023830538394,5.582524271844661,79.85436893203884,8.20829655781112,3.1553398058252426,3.1994704324801413,36.75078864353312,81.92640692640693,13.564213564213565,11.377777777777778,76.44584647739222,7.0164348925410875,88.94087622288389,50.9399636143117,17.878486055776893,82.12151394422311,40.57004244996968,16.79805942995755
2020,"Census Tract 43.03, Mecklenburg County, North Carolina",37119004303,19.932998324958124,12.73031825795645,8.375209380234507,54.89949748743719,20.142378559463985,14.90787269681742,1.675041876046901,64.82701812191104,82.51435864709636,21.1869814932993,8.814589665653495,84.51400329489292,7.165271966527197,91.22681883024251,63.306908267270664,8.78099173553719,91.21900826446281,67.27066817667044,4.077010192525481
2020,"Census Tract 43.04, Mecklenburg County, North Carolina",37119004304,32.30442978322338,11.333647502356268,7.775683317624882,69.95758718190388,5.372290292177191,16.140433553251647,0.7540056550424128,58.80993645291739,78.66566151526574,15.077271013946476,3.485838779956427,82.14904679376083,7.587887225896275,97.25882973115445,60.07272727272728,6.968876860622462,93.03112313937754,51.63636363636363,9.89090909090909
2020,"Census Tract 43.06, Mecklenburg County, North Carolina",37119004306,22.993443364232423,3.572236038887633,0.0,66.92290300700881,2.7130906624463034,24.59868867284648,5.765317657698395,32.9464861379755,56.22864243553899,8.294501397949674,0.0,71.37330754352031,10.92190252495596,88.64017907106883,53.54791514264814,2.4964336661911553,97.50356633380885,3.8039502560351135,19.970738844184346
2020,"Census Tract 43.07, Mecklenburg County, North Carolina",37119004307,21.154991069656678,4.94145663822187,7.501488390553682,60.26989482040087,17.940067473705103,12.125421710656877,2.163127604683469,54.48325531148721,90.68955484434099,12.510910677916787,2.7944111776447107,90.99747929420238,2.3408004027183487,91.24249130572241,88.4159106769016,5.847568988173456,94.15243101182654,75.64549895324494,3.3496161898115844
2020,"Census Tract 44, Mecklenburg County, North Carolina",37119004400,20.427005193306407,10.011540680900174,9.088286208886325,68.14772071552223,13.531448355452971,9.232544720138488,0.0,71.90184049079754,75.25313892264074,14.783313082219522,2.61569416498994,85.70552147239265,6.272661348803481,94.35058078141499,60.41076487252125,8.844415752098127,91.15558424790187,60.62322946175638,8.144475920679886
2020,"Census Tract 45, Mecklenburg County, North Carolina",37119004500,28.788358114520722,15.05852578298007,1.2654223347042075,81.55646947168617,6.390382790256248,1.170515659601392,9.617209743751976,58.60899067005937,84.84530676455165,12.847404299947563,0.0,93.46904156064461,8.751665926254997,87.19550281074329,46.730462519936204,9.064539521392314,90.9354604786077,54.46570972886763,13.636363636363635
2020,"Census Tract 46, Mecklenburg County, North Carolina",37119004600,17.70961145194274,20.81799591002045,0.0,96.1963190184049,1.5950920245398774,0.81799591002045,1.390593047034765,50.38419319429198,82.67090620031796,9.697933227344992,7.761194029850746,81.44895718990121,7.157057654075547,95.30842745438748,48.96115627822945,12.76595744680851,87.2340425531915,44.26377597109305,22.131887985546523
2020,"Census Tract 47, Mecklenburg County, North Carolina",37119004700,15.458422174840086,5.0106609808102345,2.5053304904051172,57.51599147121536,30.33049040511727,6.28997867803838,3.3582089552238807,32.82336578581363,83.21775312066573,33.56449375866852,11.46788990825688,62.30876216968011,1.7654476670870116,92.70482603815937,66.74418604651163,24.02826855123675,75.97173144876325,43.48837209302325,22.790697674418606
2020,"Census Tract 48, Mecklenburg County, North Carolina",37119004800,21.530404422461448,21.181262729124235,0.0,86.70352051207448,3.3459412278149547,9.514111143439045,0.43642711667151585,33.04535637149028,77.14736012608353,17.02127659574468,3.275529865125241,84.55723542116631,10.938079347423063,94.40842787682334,31.5527950310559,10.206358059118795,89.7936419408812,38.01242236024845,35.900621118012424
2020,"Census Tract 49, Mecklenburg County, North Carolina",37119004900,23.79746835443038,21.89873417721519,0.0,93.92405063291139,5.5696202531645564,0.5063291139240507,0.0,52.98804780876494,87.82771535580525,9.737827715355806,0.0,66.93227091633466,6.976744186046512,86.26198083067092,73.83966244725738,4.819277108433735,95.18072289156626,67.9324894514768,8.438818565400844
2020,"Census Tract 50, Mecklenburg County, North Carolina",37119005000,26.026823134953897,10.310142497904442,2.8499580888516345,78.45766974015088,15.213746856663873,1.9279128248113997,1.5507124895222129,50.72933549432739,90.52102950408035,39.1713747645951,7.751937984496124,87.19611021069692,4.645892351274788,97.53547423450335,67.46861924686193,4.780876494023905,95.2191235059761,49.05857740585774,11.92468619246862
2020,"Census Tract 51, Mecklenburg County, North Carolina",37119005100,16.70854271356784,12.646566164154105,2.7219430485762146,80.69514237855945,10.510887772194305,4.061976549413735,2.0100502512562812,62.213740458015266,84.96982995063082,12.506856829402086,0.0,72.99618320610686,3.9215686274509802,91.1541701769166,31.42123287671233,9.806949806949806,90.1930501930502,25.684931506849317,18.75
2020,"Census Tract 52, Mecklenburg County, North Carolina",37119005200,16.74786845310597,12.545676004872108,0.0,85.07917174177831,9.378806333739343,2.9841656516443362,2.5578562728380025,42.563291139240505,78.8527397260274,14.212328767123289,0.0,63.13291139240506,6.779661016949152,82.55416191562144,50.4054054054054,12.322274881516588,87.67772511848341,32.027027027027025,18.10810810810811
2020,"Census Tract 53.01, Mecklenburg County, North Carolina",37119005301,34.227240649259,4.963537991060927,1.2702893436838392,47.141848976711366,11.173841449070807,40.08468595624559,0.32933427428840273,58.76411170528818,68.65848832607836,12.504946576968736,0.0,71.89542483660131,4.184549356223176,97.44680851063829,57.25806451612904,1.043585021485574,98.95641497851443,30.707196029776675,15.570719602977668
2020,"Census Tract 53.05, Mecklenburg County, North Carolina",37119005305,22.18076285240464,17.350746268656717,0.0,70.6882255389718,2.6533996683250414,24.813432835820894,1.8449419568822554,56.56976744186046,82.06141684402553,15.627850410459107,4.554079696394687,85.75581395348837,9.829515183803943,94.98839907192576,51.470588235294116,6.391347099311701,93.6086529006883,39.128151260504204,6.880252100840337
2020,"Census Tract 53.06, Mecklenburg County, North Carolina",37119005306,20.452528837622005,12.866015971606034,0.0,44.85359361135758,14.330079858030167,39.26353149955634,1.5527950310559007,62.4561403508772,62.617924528301884,14.74056603773585,1.4970059880239521,85.6140350877193,4.629113218070273,94.12265758091993,43.11199207135778,14.780405405405405,85.2195945945946,42.81466798810703,16.74925668979187
2020,"Census Tract 53.07, Mecklenburg County, North Carolina",37119005307,27.459218981710332,5.486900642609985,3.0894710825506673,53.85565991102324,6.3766683143845775,33.61344537815126,3.064755313890262,59.72618368511123,71.89905902480753,11.035072711719419,0.0,62.179121505989734,3.577512776831346,95.78488372093024,57.180156657963444,12.557077625570775,87.44292237442922,13.903394255874673,14.947780678851174
2020,"Census Tract 53.08, Mecklenburg County, North Carolina",37119005308,32.402234636871505,3.312051077414206,2.8332003192338386,38.70710295291301,7.462090981644054,50.27932960893855,0.7182761372705506,72.8544776119403,66.10279765777489,6.05074821080026,0.9900990099009901,75.74626865671642,2.066115702479339,95.45454545454545,43.3031218529708,10.781671159029651,89.21832884097036,5.337361530715005,21.953675730110774
2020,"Census Tract 54.03, Mecklenburg County, North Carolina",37119005403,26.942266571632217,9.069850320741269,3.6885245901639343,56.503920171062006,12.348538845331433,17.89023521026372,9.568781183178903,64.0377358490566,86.43766656795972,32.15872075806929,2.2787028921998247,83.43396226415094,4.780487804878049,97.34513274336283,62.332798287854466,5.462822458270106,94.53717754172989,65.97110754414125,5.8855002675227395
2020,"Census Tract 54.04, Mecklenburg County, North Carolina",37119005404,22.78534031413613,14.827225130890051,2.3664921465968587,64.96335078534031,13.445026178010473,18.1151832460733,1.1099476439790577,57.738095238095234,89.49297495418448,17.073915699450215,0.0,90.87301587301587,8.81475454298888,96.72470978441127,69.34782608695652,3.1578947368421053,96.84210526315789,59.29347826086957,8.75
2020,"Census Tract 54.05, Mecklenburg County, North Carolina",37119005405,35.77049180327869,6.327868852459016,1.4426229508196722,75.04918032786885,8.655737704918034,12.065573770491804,2.7868852459016393,62.73241713823767,86.17310832879696,32.226456178551985,0.0,91.83508488278093,6.891271056661561,95.01100513573,69.70684039087948,10.690909090909091,89.3090909090909,61.88925081433225,9.364820846905538
2020,"Census Tract 54.06, Mecklenburg County, North Carolina",37119005406,24.362774155305274,21.01363366923533,0.0,97.9845880260818,1.1262596324836989,0.0,0.8891523414344991,74.8062015503876,93.88701517706576,25.88532883642496,0.3472222222222222,86.51162790697674,10.658307210031348,98.96602658788774,55.396541443053074,5.36117381489842,94.63882618510158,53.905784138342284,7.334525939177102
2020,"Census Tract 55.08, Mecklenburg County, North Carolina",37119005508,24.788930581613506,12.898686679174483,1.594746716697936,38.789868667917446,50.515947467166974,5.511257035647279,3.5881801125703565,68.50306065664998,98.6967241986615,49.313138429024306,1.4513788098693758,92.98831385642737,8.169628936700967,96.89826302729529,73.77972465581978,0.0,100.0,81.91489361702128,0.5006257822277848
2020,"Census Tract 55.10, Mecklenburg County, North Carolina",37119005510,33.25849423738961,4.011375542583446,2.095494686424188,57.177069301002845,11.4803173177668,28.079628798084116,1.1674898967220475,68.13571178733822,79.22008547008546,29.166666666666668,0.0,81.39209513816019,4.193765418255214,97.95575469056287,67.92698826597132,9.445100354191263,90.55489964580875,59.843546284224246,1.912212081703607
2020,"Census Tract 55.11, Mecklenburg County, North Carolina",37119005511,19.028871391076116,8.68766404199475,3.2283464566929134,65.77427821522309,24.435695538057743,5.406824146981627,1.1548556430446193,68.1047018904508,98.34319526627219,45.12820512820513,13.94736842105263,98.20649539505575,5.897686542847834,95.31051964512041,85.86781300376141,10.009671179883945,89.99032882011605,29.607737775389577,1.3970983342289092
2020,"Census Tract 55.12, Mecklenburg County, North Carolina",37119005512,21.80352455943007,8.473940757405323,2.1747281589801273,67.52905886764154,12.317210348706412,15.598050243719536,2.380952380952381,72.68539843390143,89.11022576361222,30.305444887118192,0.0,85.67480423767849,11.932773109243698,96.82592716338122,74.21383647798741,6.173399909214707,93.82660009078529,68.79535558780842,1.3062409288824384
2020,"Census Tract 55.13, Mecklenburg County, North Carolina",37119005513,22.361692236169223,12.017666201766621,9.414225941422593,43.74709437470944,33.79823337982334,7.136215713621572,5.904230590423059,57.14285714285714,94.87638839125762,45.39591544249373,6.764705882352941,94.98542274052478,11.976047904191617,94.28312159709618,86.88118811881188,5.330990041007615,94.66900995899239,88.36633663366337,2.2896039603960396
2020,"Census Tract 55.15, Mecklenburg County, North Carolina",37119005515,22.184154175588866,18.586723768736615,7.109207708779443,22.740899357601712,61.41327623126338,2.4839400428265526,6.252676659528908,65.33637400228051,94.54436450839329,44.90407673860911,21.014492753623188,86.20296465222349,8.527572484366116,91.79229480737018,86.23949579831933,13.533151680290645,86.46684831970936,85.92436974789915,1.7857142857142856
2020,"Census Tract 55.16, Mecklenburg County, North Carolina",37119005516,27.91902071563089,10.59322033898305,1.0357815442561207,46.32768361581921,46.04519774011299,4.566854990583804,2.024482109227872,78.36734693877551,99.13249211356468,62.30283911671924,7.9470198675496695,93.87755102040816,5.029392553886349,97.01030927835052,84.84848484848484,0.0,100.0,81.96969696969697,0.9090909090909091
2020,"Census Tract 55.17, Mecklenburg County, North Carolina",37119005517,20.45009784735812,15.484344422700588,2.0303326810176126,34.46673189823875,52.054794520547944,9.907045009784737,1.5410958904109588,61.04868913857678,97.66907419566645,53.93959290873277,1.1764705882352942,88.13982521847691,11.654366543665438,96.73231871083259,87.03494926719279,6.533192834562697,93.4668071654373,77.05749718151071,0.4509582863585118
2020,"Census Tract 55.19, Mecklenburg County, North Carolina",37119005519,31.522935779816514,8.605504587155963,10.091743119266056,34.11009174311926,44.20183486238532,9.522935779816514,2.073394495412844,72.87839020122485,95.71766095688128,53.39633786178381,3.3863165169315828,85.47681539807525,6.672025723472669,96.74496644295301,83.46134152585766,4.7317073170731705,95.26829268292683,62.41679467485919,0.409626216077829
2020,"Census Tract 55.20, Mecklenburg County, North Carolina",37119005520,25.976830944433537,11.466719026114275,20.891419595523267,41.33123895542902,25.662674258786573,8.639308855291576,3.475358334969566,64.16546416546417,90.64098705988565,57.17724947336744,7.739130434782608,91.1014911014911,10.291777188328913,97.55730928222472,84.53865336658353,5.200945626477541,94.79905437352247,88.7780548628429,0.0
2020,"Census Tract 55.22, Mecklenburg County, North Carolina",37119005522,13.456354965788927,3.213767364710761,9.51689819614348,39.601907526435824,42.359527265187644,5.162761766535351,3.3589052456976987,55.01053265121878,90.92307692307692,40.76923076923077,8.986175115207374,82.84682515798977,4.240536655486344,100.0,82.7893175074184,9.245960502692999,90.754039497307,20.42532146389713,4.8466864490603365
2020,"Census Tract 55.25, Mecklenburg County, North Carolina",37119005525,27.467501203659122,6.884930187770823,8.810784785748677,53.27395281656236,15.382763601348099,17.043813192103997,5.48868560423688,79.66368891224383,91.05751391465677,40.22263450834879,10.91703056768559,97.6353126642144,6.272817789578493,98.42015371477369,80.25621703089676,6.9424964936886395,93.05750350631136,64.65712132629993,6.028636021100226
2020,"Census Tract 55.26, Mecklenburg County, North Carolina",37119005526,15.483071841453345,13.666391412056154,8.711808422791082,49.0916597853014,28.901734104046245,11.354252683732453,1.9405450041288193,70.17543859649122,96.84101501812532,49.97410668047644,0.0,91.46730462519936,13.971665852467025,100.0,84.7424684159378,0.0,100.0,90.96209912536443,0.0
2020,"Census Tract 55.27, Mecklenburg County, North Carolina",37119005527,16.243478260869566,16.382608695652173,1.982608695652174,37.25217391304348,45.18260869565218,15.304347826086955,0.2782608695652174,53.38822039265357,96.99820788530465,51.88172043010753,3.3112582781456954,96.07346421785941,15.69767441860465,91.92924267551133,88.92961876832844,2.0114942528735633,97.98850574712644,59.017595307917894,8.431085043988269
2020,"Census Tract 55.28, Mecklenburg County, North Carolina",37119005528,25.565388397246803,8.357915437561456,1.9174041297935103,53.98230088495575,39.94591937069813,1.5240904621435596,2.630285152409046,60.15495296070835,97.11573566995254,50.34684191310698,24.4,99.22523519645821,5.71334214002642,95.95015576323988,66.8827660723933,6.609485368314834,93.39051463168516,48.568341437061044,3.457590491626148
2020,"Census Tract 55.29, Mecklenburg County, North Carolina",37119005529,23.987138263665596,11.254019292604502,2.636655948553055,66.7524115755627,21.414790996784568,8.810289389067524,0.3858520900321543,97.11399711399712,97.56326148078726,41.04967197750703,0.0,100.0,1.1844331641285957,100.0,83.53741496598639,13.934426229508196,86.0655737704918,30.068027210884352,0.0
2020,"Census Tract 55.30, Mecklenburg County, North Carolina",37119005530,27.199001871490953,11.790393013100436,22.52027448533999,42.42046163443543,31.69058016219588,1.372426699937617,1.9962570180910792,50.431654676258994,94.91447064262599,63.01433194637078,5.597014925373134,88.84892086330936,4.4987146529562985,97.97570850202429,83.39709257842387,8.022519352568613,91.97748064743139,67.48278500382555,0.0
2020,"Census Tract 55.31, Mecklenburg County, North Carolina",37119005531,23.84863123993559,8.373590982286634,1.7391304347826086,33.57487922705314,59.00161030595813,1.8679549114331722,3.816425120772947,69.15146708961142,100.0,43.84439359267734,9.419680403700589,95.7176843774782,6.088247772592278,98.63592075349139,81.87560738581146,8.165997322623829,91.83400267737618,63.45966958211856,0.0
2020,"Census Tract 55.32, Mecklenburg County, North Carolina",37119005532,9.30913348946136,1.1416861826697893,34.60187353629976,25.966042154566743,37.529274004683835,1.9028103044496487,0.0,63.292488012786364,89.4580549368968,57.20118782479584,0.0,84.12360149174214,3.388704318936877,95.78338156262919,88.13474107591755,11.952191235059761,88.04780876494024,15.736551030668677,1.7094017094017095
2020,"Census Tract 55.33, Mecklenburg County, North Carolina",37119005533,16.247379454926623,2.8301886792452833,0.0,51.46750524109015,39.098532494758906,8.385744234800839,1.0482180293501049,39.40886699507389,100.0,55.65217391304348,0.0,92.11822660098522,0.0,94.38642297650131,95.82043343653251,4.71976401179941,95.28023598820059,7.739938080495357,1.393188854489164
2020,"Census Tract 55.34, Mecklenburg County, North Carolina",37119005534,18.212290502793298,5.9031657355679705,18.19366852886406,36.666666666666664,35.903165735567974,2.2346368715083798,7.001862197392923,57.08913125235051,96.35882158225752,56.86858656074148,0.0,84.73110191801429,7.627504553734061,96.78258043548911,76.6914011348756,10.717069368667186,89.28293063133282,7.944129201222173,5.063291139240507
2020,"Census Tract 55.35, Mecklenburg County, North Carolina",37119005535,25.03751875937969,1.7008504252126064,17.883941970985493,47.67383691845923,20.060030015007506,7.7788894447223615,6.603301650825413,50.87108013937283,80.42471042471043,43.43629343629344,3.977272727272727,74.56445993031359,4.270937604270938,99.25249169435216,69.1027926322044,5.289814293753517,94.71018570624649,25.371360665478313,17.76589423648247
2020,"Census Tract 55.36, Mecklenburg County, North Carolina",37119005536,13.7744552250676,13.106410052489265,12.374741530141561,47.54254811515826,31.525369810720534,5.757913154127565,2.7994273898520756,50.03109452736319,98.20359281437125,46.17194183062446,20.13651877133106,66.75995024875621,4.445674229846892,96.6405890473999,73.68833202819107,6.686152721958348,93.31384727804165,47.61158966327329,1.4487079091620987
2020,"Census Tract 56.04, Mecklenburg County, North Carolina",37119005604,2.9142381348875936,0.8492922564529558,5.6286427976686095,31.35720233139051,53.771856786011654,4.229808492922564,5.012489592006661,40.01870032725573,97.568093385214,49.90272373540856,0.7518796992481203,67.8354371201496,0.5831903945111492,86.38284042898927,68.88888888888889,14.634146341463413,85.36585365853658,25.608465608465607,17.037037037037038
2020,"Census Tract 56.09, Mecklenburg County, North Carolina",37119005609,5.710989327949235,1.7882895875396594,22.44014998557831,39.05393712143063,30.545139890395156,2.8554946639746177,5.105278338621287,50.913673597983625,95.7983193277311,59.87394957983193,0.0,84.37303087586642,4.496788008565311,96.81274900398407,66.13756613756614,14.188422247446084,85.81157775255392,5.423280423280423,23.677248677248677
2020,"Census Tract 56.10, Mecklenburg County, North Carolina",37119005610,16.993693062368607,9.215136650315348,3.328661527680449,51.08619481429572,34.6531184302733,8.794674141555712,2.137351086194814,57.321848081440876,93.67152184831743,31.943746860873933,25.793650793650798,87.07909162098669,2.912621359223301,92.57555847568987,75.07668711656443,8.683473389355742,91.31652661064426,34.739263803680984,5.98159509202454
2020,"Census Tract 56.11, Mecklenburg County, North Carolina",37119005611,23.206401766004415,4.304635761589404,5.4635761589403975,62.086092715231786,17.79801324503311,8.69205298013245,5.960264900662252,64.66706658668267,95.07186858316223,38.31622176591375,17.482517482517483,88.84223155368926,9.55803090190442,97.27272727272728,80.48069919883467,1.5064562410329985,98.49354375896701,57.683903860160235,0.0
2020,"Census Tract 56.12, Mecklenburg County, North Carolina",37119005612,21.415866239772324,5.887584489505514,5.069370330843117,43.29420135183209,26.663109213802915,19.26360725720384,5.7097118463180365,66.87707641196013,94.25498426023084,49.94753410283316,6.984478935698448,90.09966777408638,6.47351742870077,96.62458836443469,79.65200579990334,9.768861753161797,90.2311382468382,74.9637506041566,0.0
2020,"Census Tract 56.13, Mecklenburg County, North Carolina",37119005613,29.01849217638691,8.278805120910384,5.320056899004268,59.94310099573258,11.977240398293029,19.516358463726885,3.2432432432432434,67.984934086629,95.26339088092077,45.905267817618416,5.239520958083832,93.0947897049592,6.945002007226013,93.71543489190547,89.3542757417103,6.753458096013018,93.24654190398698,69.80802792321117,2.530541012216405
2020,"Census Tract 56.15, Mecklenburg County, North Carolina",37119005615,25.56354916067146,9.160671462829736,4.892086330935252,64.26858513189448,21.294964028776977,8.824940047961631,0.7194244604316548,61.81434599156118,92.23227752639518,46.53092006033182,14.320987654320987,88.08016877637131,7.572815533980583,93.36609336609337,80.0,2.9275808936825887,97.07241910631741,82.53968253968253,1.4285714285714286
2020,"Census Tract 56.16, Mecklenburg County, North Carolina",37119005616,36.278195488721806,9.44548872180451,2.443609022556391,46.56954887218045,23.919172932330827,25.657894736842106,1.4097744360902256,73.36377473363774,75.82897033158812,24.694589877835952,5.185185185185185,84.47488584474885,5.678466076696165,90.91769157994324,83.55932203389831,10.741301059001513,89.25869894099849,62.71186440677966,4.23728813559322
2020,"Census Tract 56.17, Mecklenburg County, North Carolina",37119005617,30.81967213114754,14.285714285714285,0.936768149882904,49.133489461358316,29.508196721311474,15.92505854800937,4.496487119437939,74.10817031070196,87.69007965242578,45.329471397538015,9.578544061302683,88.37744533947065,9.47867298578199,96.23015873015873,78.67360208062418,1.7879948914431671,98.21200510855684,86.34590377113133,0.0
2020,"Census Tract 56.18, Mecklenburg County, North Carolina",37119005618,24.558779539335927,8.944062219563266,1.7648818426562969,50.134609632067004,35.98564163924618,5.4442117858211185,6.670655100209393,67.89755807027993,94.09302325581396,42.0,7.516339869281046,90.76831447290054,13.79857256145916,95.45913218970736,92.03109815354713,2.093244529019981,97.90675547098002,81.82701652089406,0.8746355685131195
2020,"Census Tract 56.19, Mecklenburg County, North Carolina",37119005619,29.32662051604783,7.593874554226978,2.727082022236207,54.562617998741345,28.928046989721,10.908328088944828,2.8739249003566183,80.88969586926918,95.07042253521126,36.183769282360835,9.580838323353294,88.2433045846573,6.157049375371802,92.09164818920917,76.93811074918567,1.854219948849105,98.1457800511509,80.19543973941367,0.9120521172638436
2020,"Census Tract 56.21, Mecklenburg County, North Carolina",37119005621,29.621642815134287,9.351107625955695,3.371887865124486,31.601646735934132,54.18545383258184,8.233679670652814,2.607331895706724,81.55246765692381,95.26191877575044,31.812831077104182,4.912280701754386,89.69813128893148,5.276523702031603,94.41117764471058,70.71280991735537,8.376715570279224,91.62328442972077,80.16528925619835,2.1177685950413223
2020,"Census Tract 56.22, Mecklenburg County, North Carolina",37119005622,13.062283737024222,2.508650519031142,1.7301038062283738,38.19204152249135,37.41349480968858,12.673010380622838,9.991349480968859,63.87987012987013,98.05825242718447,14.979195561719832,29.268292682926827,86.76948051948052,4.179104477611941,94.51566951566952,56.00000000000001,29.347826086956523,70.65217391304348,19.794871794871796,4.3076923076923075
2020,"Census Tract 56.23, Mecklenburg County, North Carolina",37119005623,11.82525734371077,7.833291488827516,7.280944012051218,58.9254330906352,22.144112478031637,7.381370826010544,4.268139593271403,54.13026211278793,97.43184512050573,47.293559857763725,0.0,79.11040508339953,1.1674259681093395,95.23809523809523,77.42990654205607,4.250559284116331,95.74944071588367,21.35514018691589,2.149532710280374
2020,"Census Tract 56.24, Mecklenburg County, North Carolina",37119005624,19.62316176470588,6.755514705882352,4.549632352941177,58.59375,24.21875,8.54779411764706,4.0900735294117645,79.51256664127952,85.23961661341853,37.50798722044728,0.0,87.89032749428789,8.448275862068966,98.31814996496145,73.82465057179162,0.0,100.0,80.43202033036849,0.0
2020,"Census Tract 56.25, Mecklenburg County, North Carolina",37119005625,21.14225437010247,4.008438818565401,5.605786618444846,58.42374924653405,22.649186256781192,6.811332127787824,6.50994575045208,76.5058599073317,99.31818181818181,42.11363636363637,24.68538238141336,90.56963750340692,9.650296197210013,92.97882136279927,81.50234741784037,4.527117884356791,95.47288211564322,81.07981220657277,0.0
2020,"Census Tract 56.26, Mecklenburg County, North Carolina",37119005626,27.176860500150646,5.001506477854775,1.084664055438385,58.75263633624586,18.74058451340765,15.787887918047605,5.6342271768605,70.49429657794677,86.90239043824701,28.48605577689243,2.6533996683250414,88.28897338403043,5.833678113363674,93.97511460379829,76.89795918367346,1.2096774193548387,98.79032258064517,78.77551020408163,5.224489795918368
2020,"Census Tract 56.27, Mecklenburg County, North Carolina",37119005627,32.969160558705575,11.091135389296086,1.2999585119623842,55.192919374913565,26.441709307149775,14.00912736827548,3.056285437698797,78.46820809248555,87.71216830026297,34.4728663638537,8.250131371518654,81.28612716763006,7.8605322880132045,92.9569266589057,77.3191300488238,6.553297386976359,93.44670261302365,76.16511318242344,2.3524189968930314
2020,"Census Tract 57.09, Mecklenburg County, North Carolina",37119005709,14.608895705521471,19.766104294478527,5.57898773006135,19.78527607361963,66.83282208588957,5.483128834355829,2.31978527607362,69.26621765331443,91.31910766246362,47.86614936954413,3.285420944558522,86.49415101028004,9.609339919173776,98.77498388136686,89.50301904319554,5.362637362637362,94.63736263736263,56.10775661867162,3.0654900139340455
2020,"Census Tract 57.10, Mecklenburg County, North Carolina",37119005710,24.477933261571582,12.831001076426265,4.714747039827772,32.42195909580194,36.38320775026911,23.18622174381055,3.2938643702906347,74.40034888791975,90.3461416322642,33.5026992696094,12.861271676300579,87.44003488879197,5.72976054732041,96.26805778491172,81.31286394917946,7.401960784313726,92.59803921568628,39.86236103758603,2.2233986236103758
2020,"Census Tract 57.12, Mecklenburg County, North Carolina",37119005712,20.81168027715912,14.649839148725563,1.1135857461024499,4.7018064835436775,84.63251670378618,5.889631279386291,3.662459787181391,69.25627664613927,95.73396036278132,41.31676184077931,12.5,89.90999526290857,7.53125,97.0990468296726,85.30465949820788,0.0,100.0,88.31541218637993,0.9318996415770611
2020,"Census Tract 57.13, Mecklenburg County, North Carolina",37119005713,22.00320880128352,25.189090075636027,3.2088012835205135,7.196882878753151,81.22851249140498,6.853082741233097,1.512720605088242,76.08236536430834,97.27564102564102,42.628205128205124,15.535248041775457,90.49630411826821,6.470588235294119,96.43888354186718,88.26714801444044,8.931506849315069,91.06849315068493,91.93742478941034,0.6618531889290011
2020,"Census Tract 57.14, Mecklenburg County, North Carolina",37119005714,20.0288415318058,21.006248998557922,4.822945040858836,9.341451690434226,82.47075789136356,1.0414997596539017,2.3233456176894727,80.89804931910194,93.8914524280378,50.73610195561415,17.81472684085511,92.63894000736106,9.877780004007212,98.46531614487417,89.84725965858041,2.067751869775627,97.93224813022438,94.20485175202157,0.4941599281221923
2020,"Census Tract 57.15, Mecklenburg County, North Carolina",37119005715,23.58303606817281,16.290130796670628,0.3963535473642489,9.988109393579073,76.29805786761791,12.88149028933809,0.43598890210067376,70.91633466135458,91.01316542644533,31.597023468803663,9.030837004405285,89.04382470119522,11.307053941908714,98.96818572656922,80.15350877192982,2.2508038585209005,97.7491961414791,92.54385964912281,0.0
2020,"Census Tract 57.16, Mecklenburg County, North Carolina",37119005716,25.71289695398574,11.519766688269604,5.24951393389501,29.40699935191186,34.44588464031108,28.72650680492547,2.171095268956578,77.65625,88.59926276987889,36.94049499736703,25.102599179206564,90.078125,5.714285714285714,98.69869869869869,87.48027354024198,2.5128205128205128,97.48717948717949,80.01052077853761,1.4729089952656496
2020,"Census Tract 57.18, Mecklenburg County, North Carolina",37119005718,21.01694915254237,15.358539765319426,2.9465449804432855,26.492829204693614,55.7496740547588,11.36897001303781,3.441981747066493,73.96694214876032,93.34308705193855,33.90636430138991,37.0138017565872,85.8913813459268,14.328161109276987,97.87951807228914,92.82576866764275,4.005621925509487,95.99437807449051,87.99414348462665,2.562225475841874
2020,"Census Tract 57.19, Mecklenburg County, North Carolina",37119005719,18.980326960376836,16.957605985037407,4.710446106954835,11.831532280410086,76.6971460238293,5.763369354391798,0.997506234413965,54.973821989528794,87.442218798151,29.815100154083208,40.33613445378151,85.40575916230367,4.411764705882353,96.93763919821826,81.92771084337349,2.533992583436341,97.46600741656366,80.40583386176284,3.741280913126189
2020,"Census Tract 57.20, Mecklenburg County, North Carolina",37119005720,11.89407540394973,25.89766606822262,11.8491921005386,8.5278276481149,77.78276481149013,0.8976660682226212,0.9425493716337522,62.33269598470363,98.48156182212581,47.12581344902386,32.402234636871505,75.71701720841301,6.113092205807438,91.05263157894737,89.06403940886699,8.476104598737603,91.5238954012624,69.85221674876847,0.8866995073891626
2020,"Census Tract 57.21, Mecklenburg County, North Carolina",37119005721,13.813517513566847,22.076961026147014,2.0226936359151457,6.586087814504193,88.30784410458806,2.1706956092747904,0.9126788357178096,77.22722722722722,96.9446990528567,39.780018331805685,21.041666666666668,95.3953953953954,7.927876359473383,87.24832214765101,86.78237650200266,6.433479075577764,93.56652092442224,77.36982643524699,0.0
2020,"Census Tract 57.22, Mecklenburg County, North Carolina",37119005722,19.68503937007874,15.260592425946756,5.436820397450319,20.697412823397077,57.96775403074616,12.148481439820022,3.749531308586427,75.82340574632094,93.45271404588696,35.92613318410744,5.3156146179401995,90.88997897687456,6.209150326797386,98.26086956521739,83.82978723404256,6.093906093906094,93.9060939060939,86.27659574468085,7.872340425531915
2020,"Census Tract 57.23, Mecklenburg County, North Carolina",37119005723,25.26107818233136,7.08439175839684,17.132373694609086,29.212531752751904,36.32514817950889,13.773638159751622,3.556308213378493,73.77136752136752,97.90554414784394,38.19301848049281,0.0,96.47435897435898,7.477341389728097,96.85414680648236,82.54901960784314,2.1739130434782608,97.82608695652173,35.62091503267974,10.326797385620914
2020,"Census Tract 58.11, Mecklenburg County, North Carolina",37119005811,16.57010428736964,21.3441483198146,6.720741599073002,7.601390498261877,71.30938586326766,12.72305909617613,1.645422943221321,63.42525399129173,93.92537773666359,51.15633672525439,53.69649805447471,88.0019351717465,5.5,93.25281132861308,82.86637931034483,4.5758354755784065,95.4241645244216,79.41810344827587,1.8318965517241377
2020,"Census Tract 58.15, Mecklenburg County, North Carolina",37119005815,22.690870261612385,19.83449012279765,8.03523758675921,6.05979711692472,76.08115323011212,5.579284570208222,4.244527495995729,58.62708719851577,95.23454951600894,60.3499627699181,35.26645768025078,89.23933209647495,4.8687845303867405,98.13760993274703,82.01725282017253,6.339341205717837,93.66065879428216,69.27670869276709,0.0
2020,"Census Tract 58.16, Mecklenburg County, North Carolina",37119005816,20.577856197617997,19.60741067490075,2.4261138067931185,10.410233789148654,73.77591530657256,8.579620644022938,4.808116453462726,69.19402985074626,97.7692985030819,68.41796301731729,31.818181818181817,93.49253731343283,6.19272424326576,96.04395604395604,90.50445103857567,4.8560135516657255,95.14398644833427,78.93175074183976,1.1869436201780417
2020,"Census Tract 58.17, Mecklenburg County, North Carolina",37119005817,24.943052391799544,15.5125284738041,11.366742596810935,4.009111617312073,79.90888382687928,2.5284738041002277,2.1867881548974943,70.32590051457976,97.99043062200957,73.33333333333333,10.967741935483872,96.96969696969697,7.678300455235205,95.5925155925156,89.76773383553045,5.008944543828265,94.99105545617174,83.55304456999372,0.6277463904582549
2020,"Census Tract 58.24, Mecklenburg County, North Carolina",37119005824,33.35460540310572,5.8498191874069345,4.190597745160604,34.014039566049775,21.16570942352691,36.715592427143164,3.9140608381195494,45.12256128064032,81.004767143381,33.846718005133845,3.1390134529147984,73.03651825912956,5.9048834982444935,93.09105431309904,71.93442622950819,4.5682102628285355,95.43178973717147,53.9016393442623,3.7377049180327866
2020,"Census Tract 58.26, Mecklenburg County, North Carolina",37119005826,20.15858493443123,19.06068923452272,2.226288502592254,11.954864287892649,44.861238182372674,35.468130527599875,5.489478499542543,53.28867235079172,86.10197368421053,26.80921052631579,24.3436754176611,75.8830694275274,7.868601986249045,98.7619583567811,81.2962962962963,5.676855895196507,94.32314410480349,65.37037037037037,3.3333333333333335
2020,"Census Tract 58.27, Mecklenburg County, North Carolina",37119005827,18.470588235294116,7.647058823529412,3.176470588235294,42.27450980392157,26.43137254901961,21.64705882352941,6.470588235294119,58.85865958858659,84.56692913385827,28.083989501312335,0.0,81.75182481751825,7.07070707070707,93.37670017740982,83.12159709618875,8.166666666666666,91.83333333333333,39.7459165154265,4.083484573502722
2020,"Census Tract 58.28, Mecklenburg County, North Carolina",37119005828,20.569280343716436,22.502685284640172,1.5037593984962405,6.981740064446831,86.4124597207304,3.705692803437164,1.3963480128893664,56.2753036437247,95.64902102973168,60.84118926758521,52.389078498293514,85.52631578947368,2.366463826910074,97.45502413339184,92.9510155316607,8.922742110990207,91.07725788900979,84.64755077658303,1.7323775388291516
2020,"Census Tract 58.29, Mecklenburg County, North Carolina",37119005829,19.03566047212456,12.20492214967353,2.7624309392265194,30.68809643395279,26.167754897036666,37.167252636865896,3.214465092918132,58.25852782764811,92.72727272727272,39.83471074380166,4.716981132075472,87.25314183123878,5.769230769230769,92.26646248085758,68.21793416572078,21.897163120567377,78.10283687943263,11.12372304199773,6.696935300794552
2020,"Census Tract 58.30, Mecklenburg County, North Carolina",37119005830,22.967151319332256,14.10877759827679,0.5385029617662896,18.470651588583735,64.02800215401184,14.512654819601508,2.450188476036618,61.907190209077,97.14603409933284,43.587842846553,3.262642740619902,92.80979092299847,8.00419433764418,98.40654608096469,89.857045609258,2.9081295439524126,97.09187045604759,77.19537100068074,1.4976174268209665
2020,"Census Tract 58.32, Mecklenburg County, North Carolina",37119005832,35.2215928023992,5.898033988670443,7.497500833055648,4.365211596134621,78.1406197934022,6.697767410863046,3.2989003665444856,72.79411764705883,99.11651021535064,83.32413031474324,29.988851727982162,93.67647058823529,2.6234567901234565,98.33759590792839,88.3,4.671115347950429,95.32888465204957,66.9,2.8000000000000003
2020,"Census Tract 58.33, Mecklenburg County, North Carolina",37119005833,19.270659083305453,28.287052525928402,2.8604884576781533,8.99966543994647,81.29809300769489,3.1783205085312813,3.663432586149214,58.52272727272727,96.90134426976532,68.78560036454773,19.69872537659328,78.32167832167832,7.7911313717364274,98.05755395683452,78.88736890104879,0.0,100.0,74.14500683994528,1.7327861377108982
2020,"Census Tract 58.34, Mecklenburg County, North Carolina",37119005834,28.30660279108519,12.97646323682566,1.1039366798583627,13.726307019370964,73.27640074984379,5.686315350968548,6.207040199958342,63.51495726495726,93.65284974093264,53.8860103626943,17.245240761478165,88.35470085470085,7.873329459616501,96.27329192546584,88.13660874775314,1.88124632569077,98.11875367430923,66.20730976632714,1.8573996405032953
2020,"Census Tract 58.35, Mecklenburg County, North Carolina",37119005835,26.104553119730184,13.76053962900506,5.733558178752108,0.4721753794266442,85.83473861720068,4.991568296795953,2.967959527824621,72.02743902439023,93.9484126984127,53.91865079365079,15.051546391752577,91.84451219512195,6.663623916020082,92.7905531385954,86.9351669941061,4.143126177024483,95.85687382297552,88.01571709233792,3.732809430255403
2020,"Census Tract 58.36, Mecklenburg County, North Carolina",37119005836,22.176395939086294,9.517766497461928,5.2664974619289335,10.532994923857867,64.21319796954315,17.354060913705585,2.6332487309644668,48.87862796833773,89.46217752514211,38.25972890249235,9.742647058823529,86.21372031662268,7.501019160211985,97.14285714285714,80.32646048109966,3.322259136212625,96.67774086378738,85.05154639175258,3.608247422680412
2020,"Census Tract 58.39, Mecklenburg County, North Carolina",37119005839,21.0,13.28,8.84,4.72,70.52000000000001,7.6,8.32,56.98500394632992,97.71968854282537,55.89543937708565,0.0,92.34411996842937,2.430379746835443,92.57907542579076,83.77659574468085,11.181102362204724,88.81889763779527,49.202127659574465,4.964539007092199
2020,"Census Tract 58.40, Mecklenburg County, North Carolina",37119005840,26.67901806391848,11.255210745715608,1.4821676702176934,16.257526632700326,73.22834645669292,6.808707735062529,2.22325150532654,66.74786845310597,95.18151815181518,67.12871287128714,21.88183807439825,93.30085261875762,10.928616550852812,98.67549668874173,88.59649122807018,8.381171067738231,91.61882893226176,67.41854636591479,3.258145363408521
2020,"Census Tract 58.43, Mecklenburg County, North Carolina",37119005843,29.208079512664316,8.111574222507214,16.736133376082076,16.15902532863097,47.16255210003206,16.094902212247515,3.847386983007374,57.942708333333336,90.42871385842473,58.47457627118644,8.81542699724518,67.83854166666666,2.2644927536231885,96.5478841870824,85.02581755593803,3.488372093023256,96.51162790697676,75.04302925989673,5.077452667814113
2020,"Census Tract 58.45, Mecklenburg County, North Carolina",37119005845,37.221022318214544,8.22534197264219,30.867530597552197,6.767458603311735,42.926565874730024,5.3635709143268535,14.074874010079194,69.7566027964785,94.21512503766195,55.408255498644166,2.6101141924959217,70.9476954945624,3.5263761467889907,95.74982722874914,82.71812080536914,2.5081788440567068,97.4918211559433,67.84116331096197,1.9574944071588367
2020,"Census Tract 58.46, Mecklenburg County, North Carolina",37119005846,30.261011419249595,11.79989124524198,6.715606307775965,3.0179445350734095,85.31810766721044,3.8336052202283852,1.1147362697118,69.4873881204231,97.71404821280133,77.80548628428927,22.68041237113402,92.27013832384053,4.990253411306043,93.94285714285714,89.20225624496373,2.1293375394321767,97.87066246056783,99.83883964544722,1.04754230459307
2020,"Census Tract 58.47, Mecklenburg County, North Carolina",37119005847,26.535996984545797,13.88993592159819,18.055032039200906,4.1462495288352805,70.56162834526951,1.8658122879758765,5.371277798718432,75.98870056497175,98.13348416289593,76.10294117647058,13.428280773143438,81.16760828625236,4.489481785531042,99.37984496124031,91.86422413793103,3.38365434669443,96.61634565330557,77.53232758620689,4.202586206896552
2020,"Census Tract 58.48, Mecklenburg County, North Carolina",37119005848,27.571456348434765,7.6608983083803235,8.049776395100135,4.666537040637761,77.71728563095469,7.6803422127163135,1.8860587205910946,74.94476358815731,96.6450853443202,64.2731018246027,21.28440366972477,92.35528060097215,3.7315436241610738,98.49516302400573,91.84952978056427,4.433792690233672,95.56620730976633,96.36363636363636,1.128526645768025
2020,"Census Tract 58.49, Mecklenburg County, North Carolina",37119005849,22.94543063773833,18.11308349769888,16.535174227481917,4.602235371466141,70.84155161078239,5.489809335963182,2.531229454306377,67.6984126984127,97.82608695652173,59.78260869565217,22.262118491921004,82.06349206349206,5.588737201365188,99.15912031047866,81.61318300086731,0.0,100.0,90.98005203816132,5.637467476149176
2020,"Census Tract 58.50, Mecklenburg County, North Carolina",37119005850,18.28018223234624,25.05694760820046,2.733485193621868,1.7084282460136675,80.46697038724373,9.738041002277905,5.353075170842825,49.61389961389961,100.0,73.76048817696415,22.540983606557376,81.27413127413128,12.690355329949238,92.44444444444444,77.26161369193154,4.994192799070848,95.00580720092915,43.76528117359413,30.073349633251834
2020,"Census Tract 58.51, Mecklenburg County, North Carolina",37119005851,29.065597975110734,12.00168740771989,7.46677916051466,23.117485762497363,53.36426914153132,9.238557266399495,6.81290866905716,71.30987292277615,96.0871044572984,59.612112963593056,8.699551569506726,91.49560117302052,6.809396372286648,92.49374478732277,91.85733512786003,0.0,100.0,82.03230148048452,1.6823687752355316
2020,"Census Tract 58.52, Mecklenburg County, North Carolina",37119005852,10.348929421094368,13.283108643933387,0.9119746233148296,6.701030927835052,80.61062648691515,2.4583663758921492,9.318001586042824,34.1446923597025,100.0,46.29286376274328,0.0,89.4523326572008,5.329719963866306,90.17308766052484,92.81984334203656,0.0,100.0,38.054830287206265,0.9138381201044387
2020,"Census Tract 58.53, Mecklenburg County, North Carolina",37119005853,15.43001686340641,9.696458684654301,3.836424957841484,12.858347386172007,48.693086003372684,31.661045531197303,2.951096121416526,64.99339498018493,86.95388349514563,32.038834951456316,0.0,74.9669749009247,2.741774675972084,98.44527363184079,82.31173380035027,14.135338345864662,85.86466165413535,25.65674255691769,2.626970227670753
2020,"Census Tract 58.54, Mecklenburg County, North Carolina",37119005854,19.44967960799095,2.4500565397663023,32.90614398793819,5.804749340369393,32.15228043724086,6.709385601206182,22.427440633245382,37.410071942446045,99.22760041194645,82.6982492276004,0.0,77.76324395029431,3.97753860552176,100.0,92.7763272410792,0.0,100.0,14.708442123585726,19.930374238468232
2020,"Census Tract 58.55, Mecklenburg County, North Carolina",37119005855,30.476564032163168,11.98274171406158,12.021965091194351,11.98274171406158,68.87625024514611,6.275740341243381,0.8433026083545794,61.39122315592904,92.75275872353117,61.43751864002386,13.46774193548387,83.38001867413632,6.88293370944993,95.81213307240705,88.53185595567868,3.061224489795918,96.93877551020408,64.5983379501385,0.6094182825484765
2020,"Census Tract 58.56, Mecklenburg County, North Carolina",37119005856,29.603633360858794,4.830718414533443,35.21882741535921,6.564822460776218,51.73410404624278,0.0,6.4822460776218005,56.74061433447098,97.76029055690073,74.27360774818402,0.0,87.03071672354949,1.5835777126099706,98.84643114635905,93.67088607594937,0.0,100.0,61.39240506329114,2.320675105485232
2020,"Census Tract 58.57, Mecklenburg County, North Carolina",37119005857,15.981735159817351,8.67579908675799,25.367833587011667,22.932521562658547,42.87163876204972,5.580923389142567,3.2470826991374935,57.7906976744186,97.87087912087912,71.63461538461539,16.3265306122449,83.13953488372093,5.917874396135265,99.21465968586386,94.8441247002398,18.235294117647058,81.76470588235294,83.45323741007195,8.872901678657074
2020,"Census Tract 58.58, Mecklenburg County, North Carolina",37119005858,34.373304395008134,7.542051003798155,23.304395008138904,15.735214324470972,43.190450352685836,14.487249050461203,3.2826912642430814,70.02172338884866,96.90768531150523,53.933606184629376,0.0,87.47284576393918,4.88421052631579,93.56846473029046,92.39940387481371,12.172774869109947,87.82722513089006,52.459016393442624,0.0
2020,"Census Tract 58.59, Mecklenburg County, North Carolina",37119005859,25.064790818215478,14.17993335801555,25.657164013328398,9.033691225472047,61.31062569418734,2.5175860792299147,1.480932987782303,69.6137339055794,98.80145909327774,68.78582595101615,10.180623973727423,73.39055793991416,4.545454545454546,98.73079492317969,94.00337837837837,2.9508196721311477,97.04918032786885,65.37162162162163,4.72972972972973
2020,"Census Tract 58.60, Mecklenburg County, North Carolina",37119005860,27.503974562798096,9.084714967067908,14.73995003406768,3.066091301385419,73.74517374517374,6.4501476266182145,1.9986372927549396,50.641025641025635,97.81481481481481,59.48148148148148,19.48979591836735,90.87771203155819,3.226817042606516,97.90715372907154,88.29209414604708,3.4382284382284385,96.56177156177156,45.503922751961376,8.871454435727218
2020,"Census Tract 58.61, Mecklenburg County, North Carolina",37119005861,21.2142358688067,25.889741800418705,12.177250523377529,3.768318213538032,76.23866015352408,7.815771109560362,0.0,85.05535055350553,93.08176100628931,61.81491464510332,29.051987767584098,94.37269372693727,8.635961027457927,97.40820734341253,87.51846381093058,0.0,100.0,68.98079763663219,1.9940915805022157
2020,"Census Tract 58.62, Mecklenburg County, North Carolina",37119005862,20.899303356554782,12.60291323622546,8.138062064597847,2.089930335655478,81.69727675744141,3.261557948068398,4.813172894236859,63.01859799713877,93.98563734290843,52.42369838420108,12.479740680713128,90.48640915593705,1.6413130504403524,98.01324503311258,85.56053811659193,3.7963761863675582,96.20362381363245,87.3542600896861,4.932735426008969
2020,"Census Tract 58.63, Mecklenburg County, North Carolina",37119005863,32.47483025052681,12.807305080777335,12.690236478576447,13.275579489580894,68.48513228752049,4.472020604073988,1.0770311402481854,66.66666666666666,96.04143544210136,59.85941546429893,19.425837320574164,88.0027266530334,2.045769764216366,96.9488188976378,88.28897338403043,0.0,100.0,76.12167300380229,7.908745247148288
2020,"Census Tract 58.64, Mecklenburg County, North Carolina",37119005864,27.106534986341668,7.29144778314772,27.06450935070393,3.5511662113889475,59.92855641941585,4.916999369615466,4.5387686488758145,69.71688574317493,100.0,73.1738437001595,18.293755496921722,97.16885743174925,5.4194292303257425,94.46550416982562,98.5392574558734,6.700738216922203,93.2992617830778,76.08034083992696,0.0
2020,"Census Tract 58.65, Mecklenburg County, North Carolina",37119005865,19.877675840978593,19.9650502402796,8.69375273044998,10.091743119266056,70.16164263870685,8.955875928352992,2.0969855832241153,46.15384615384615,99.18341708542714,73.9321608040201,70.68403908794788,88.98385565052232,9.65103598691385,91.34165366614666,92.11663066954644,12.227488151658768,87.77251184834122,70.51835853131749,0.0
2020,"Census Tract 58.66, Mecklenburg County, North Carolina",37119005866,16.844253003854,2.063024257537973,3.8540013602357743,32.32827023350714,39.22013148945817,20.448877805486283,4.148719111312627,56.31848064280497,95.97271841506982,43.26079896070152,2.735042735042735,83.08984660336012,4.580152671755725,95.83835946924005,88.26951042171595,10.187200696560732,89.81279930343928,1.793504604944256,2.666020358700921
2020,"Census Tract 58.67, Mecklenburg County, North Carolina",37119005867,16.71232876712329,25.136986301369863,14.10958904109589,36.74657534246575,36.95205479452055,9.246575342465754,2.945205479452055,44.023569023569024,97.1480307831598,45.948392937980984,5.6939501779359425,81.98653198653199,8.536082474226804,99.49312092686459,50.03679175864606,5.031446540880504,94.9685534591195,31.27299484915379,29.72774098601913
2020,"Census Tract 58.68, Mecklenburg County, North Carolina",37119005868,28.054298642533936,18.67544220485397,2.097902097902098,10.695187165775401,72.02797202797203,5.388728918140682,9.79020979020979,42.917547568710354,92.4187725631769,28.760529482551146,2.3771790808240887,67.65327695560254,4.345340194396798,100.0,83.21167883211679,4.195804195804196,95.8041958041958,60.21897810218978,0.0
2020,"Census Tract 59.08, Mecklenburg County, North Carolina",37119005908,16.130952380952383,16.964285714285715,5.119047619047619,14.821428571428571,75.59523809523809,0.9523809523809524,3.511904761904762,72.91361639824304,97.61721752498079,59.031514219830896,21.71717171717172,91.21522693997072,8.810888252148997,97.67441860465115,77.71428571428571,3.314917127071823,96.68508287292818,88.28571428571429,1.1428571428571428
2020,"Census Tract 59.10, Mecklenburg County, North Carolina",37119005910,35.79649708090075,4.170141784820683,4.987489574645538,37.69808173477898,23.252710592160135,17.114261884904085,16.94745621351126,73.46167067720867,90.93381686310063,42.55061952251435,1.4063656550703183,90.34032313509796,5.144193296960249,96.81203007518798,81.98151950718686,4.603330068560235,95.39666993143977,39.52772073921971,1.7453798767967144
2020,"Census Tract 59.13, Mecklenburg County, North Carolina",37119005913,21.201716738197423,8.2689556509299,17.811158798283262,25.293276108726754,27.8826895565093,27.839771101573678,1.17310443490701,45.66271551724138,86.9731031714171,32.05539943797672,3.8288288288288284,86.23383620689656,4.8656499636891795,95.4475138121547,78.14519194222729,1.7917133258678613,98.20828667413214,68.6050931204865,1.2542759407069555
2020,"Census Tract 59.15, Mecklenburg County, North Carolina",37119005915,15.313653136531366,4.169741697416974,2.3616236162361623,61.881918819188186,17.74907749077491,12.546125461254611,5.461254612546126,48.00469483568075,96.81528662420382,58.45173934345909,9.67741935483871,83.68544600938968,5.708061002178649,93.42857142857143,73.85424492862509,14.405144694533762,85.59485530546624,13.148009015777612,2.9301277235161534
2020,"Census Tract 59.16, Mecklenburg County, North Carolina",37119005916,28.94540014958863,9.536275243081525,6.731488406881077,53.25355272999253,9.012715033657443,25.50486163051608,5.49738219895288,29.84409799554566,89.4704808277541,20.9373097991479,6.710310965630114,70.15590200445433,8.631578947368421,96.7032967032967,62.27758007117438,10.604453870625663,89.39554612937434,25.741399762752078,10.794780545670225
2020,"Census Tract 59.18, Mecklenburg County, North Carolina",37119005918,33.88912046686119,6.4193413922467695,3.8766152563568155,24.53105460608587,34.70195914964568,34.20175072947062,2.6886202584410173,67.18676122931441,93.15445476436189,32.92053663570692,0.0,75.83924349881796,4.791929382093317,93.2601880877743,84.79943701618579,1.5246015246015245,98.47539847539848,74.38423645320196,1.3370865587614356
2020,"Census Tract 59.19, Mecklenburg County, North Carolina",37119005919,25.034530386740332,10.497237569060774,4.7997237569060776,16.367403314917127,47.51381215469613,30.31767955801105,1.0013812154696133,62.54980079681275,85.5517070757051,32.409698169223155,15.523465703971121,92.11155378486056,6.116774791473587,94.50694904037061,82.46575342465754,1.7937219730941705,98.20627802690582,70.41095890410959,5.844748858447488
2020,"Census Tract 59.20, Mecklenburg County, North Carolina",37119005920,25.618945102260493,8.557588805166846,0.3767491926803014,13.616792249730894,32.66953713670613,47.470398277717976,5.866523143164693,67.02127659574468,71.21212121212122,31.818181818181817,4.294478527607362,83.1306990881459,3.400868306801737,95.42682926829268,80.07662835249042,5.662650602409639,94.33734939759036,56.960408684546614,7.790549169859514
2020,"Census Tract 59.21, Mecklenburg County, North Carolina",37119005921,23.00757302560404,7.284529390551748,8.69094843130184,45.69058781103498,36.819329246303646,5.481428056256762,3.317706455102777,48.81305637982196,96.08826479438315,52.60782347041123,8.238636363636363,83.6053412462908,2.9976580796252925,92.55813953488372,96.88442211055276,2.7370478983382207,97.26295210166178,65.12562814070351,1.105527638190955
2020,"Census Tract 59.22, Mecklenburg County, North Carolina",37119005922,33.03423848878395,8.642266824085006,6.80047225501771,39.43329397874852,36.78866587957497,12.798110979929161,4.179456906729634,68.45360824742268,94.61077844311377,49.17664670658682,1.9230769230769231,89.84536082474227,3.9492242595204514,92.72964736612973,90.10115606936417,5.205479452054795,94.79452054794521,85.47687861271676,0.0
2020,"Census Tract 59.23, Mecklenburg County, North Carolina",37119005923,31.36189901428284,6.195936431301549,14.825990746328706,49.08469120901227,21.062160531080266,11.265338966002817,3.76181854757594,75.94880847308032,91.1219512195122,49.073170731707314,9.297218155197658,76.12533097969991,4.132473622508793,97.98705966930265,95.23809523809523,3.506650544135429,96.49334945586457,49.122807017543856,2.882205513784461
2020,"Census Tract 59.24, Mecklenburg County, North Carolina",37119005924,25.004035512510086,8.974979822437449,5.19774011299435,25.66585956416465,50.799031476997584,18.33736884584342,0.0,67.46379252273492,89.514615178332,31.42933762402789,9.038461538461538,80.66689120916134,4.972018941024537,97.87805533172173,85.2316076294278,5.216942148760331,94.78305785123968,75.47683923705722,0.0
2020,"Census Tract 59.25, Mecklenburg County, North Carolina",37119005925,26.89075630252101,8.37223778400249,1.1204481792717087,34.142545907251794,51.291627762215995,10.364145658263306,3.081232492997199,61.211699164345404,97.56703078450845,38.282025819265144,11.700680272108844,89.48467966573817,8.173690932311622,85.74502420656268,91.76728869374314,4.004214963119073,95.99578503688093,83.53457738748628,9.989023051591657
2020,"Census Tract 59.26, Mecklenburg County, North Carolina",37119005926,27.73995168021085,16.99978036459477,7.160114210410719,20.448056226663738,67.09861629694707,3.645947726773556,1.6472655392049198,80.97591105620754,96.07658505963592,71.46892655367232,15.147928994082841,82.33477455219271,6.322188449848025,98.05743243243244,94.34072345390898,3.4909909909909906,96.509009009009,89.84830805134189,1.8669778296382729
2020,"Census Tract 59.27, Mecklenburg County, North Carolina",37119005927,20.5634168505777,4.959106841490328,4.5566662339348305,58.91211216409191,16.785667921588992,18.018953654420354,1.7266000259639103,42.69851246595432,89.27063339731286,26.276391554702492,13.029827315541601,63.67064739157763,2.5330936427520836,95.71865443425077,84.62203023758099,2.853545950482585,97.14645404951742,45.57235421166307,3.8876889848812093
2020,"Census Tract 59.28, Mecklenburg County, North Carolina",37119005928,21.6231884057971,12.927536231884057,0.0,26.55072463768116,57.44927536231884,16.0,0.0,35.69131832797427,85.96774193548387,20.64516129032258,0.5361930294906166,88.96034297963558,8.801775147928995,83.24652777777779,90.53254437869822,6.284658040665435,93.71534195933457,84.02366863905326,0.0
2020,"Census Tract 59.29, Mecklenburg County, North Carolina",37119005929,26.30002139952921,6.569655467579713,5.135887010485769,39.56772950995078,37.79156858549112,13.973892574363363,3.5309223197089663,67.37338044758539,99.09443725743856,56.95342820181113,13.195876288659795,96.70200235571261,8.652729384436702,93.05510270622759,89.00059136605559,2.423542989036353,97.57645701096365,68.18450620934358,0.0
2020,"Census Tract 59.30, Mecklenburg County, North Carolina",37119005930,25.257323832145683,6.848772763262074,5.067300079176563,27.593032462391132,39.98416468725257,26.999208234362627,0.35629453681710216,49.917355371900825,84.30467397576457,31.332948643969992,0.0,87.43801652892562,7.203389830508475,97.85296031229667,73.42419080068143,11.994002998500749,88.00599700149925,28.620102214650768,8.17717206132879
2020,"Census Tract 59.31, Mecklenburg County, North Carolina",37119005931,19.543147208121827,7.309644670050762,1.3705583756345179,35.53299492385787,36.878172588832484,22.233502538071065,3.984771573604061,64.68200270635994,85.57327258921792,39.63553530751708,1.2,76.9508344609833,5.26813880126183,95.08133230054221,82.83198826118856,12.347266881028938,87.65273311897106,59.13426265590609,6.749816581071166
2020,"Census Tract 59.32, Mecklenburg County, North Carolina",37119005932,25.713169206721375,7.424775302852677,16.803438843298164,41.38335287221571,30.754200859710824,3.2825322391559206,7.7764751856193834,61.7490494296578,94.63647199046484,43.08700834326579,10.704960835509137,81.29277566539925,5.714285714285714,85.33254156769597,83.04157549234135,4.393305439330543,95.60669456066945,63.56673960612691,0.0
2020,"Census Tract 60.05, Mecklenburg County, North Carolina",37119006005,28.34854283191051,16.190756549896967,4.739476008242567,38.85781571975272,33.94171327642037,20.518104209596704,1.942890785987636,74.7054747054747,76.0763426542388,28.184642698624057,6.512301013024602,82.6056826056826,2.5883319638455218,90.08356545961003,76.25231910946196,2.0,98.0,78.10760667903524,7.421150278293136
2020,"Census Tract 60.08, Mecklenburg County, North Carolina",37119006008,21.0440898025426,11.41466053556938,7.763051122531782,44.143900459832295,41.81769001893427,2.5155531512036786,3.7598052474979715,83.57248886689757,89.83050847457628,34.23728813559322,10.066006600660065,92.62741217219198,5.755395683453238,99.45105215004575,84.63726884779517,1.7470300489168415,98.25296995108316,75.10668563300142,4.623044096728307
2020,"Census Tract 60.09, Mecklenburg County, North Carolina",37119006009,29.05773420479303,10.076252723311546,5.501089324618736,51.633986928104584,28.75816993464052,8.769063180827887,5.337690631808279,74.53416149068323,93.48659003831418,28.139633886760322,2.4495677233429394,92.65951439864483,8.406909788867562,91.29593810444874,83.20433436532507,2.784048156508653,97.21595184349134,76.70278637770897,0.8513931888544891
2020,"Census Tract 60.11, Mecklenburg County, North Carolina",37119006011,21.679754182314785,8.159781495390918,0.40969614202799587,55.51382724479345,33.08296346876067,7.920792079207921,3.072721065209969,60.450450450450454,84.5763571790969,27.447995941146626,3.4055727554179565,86.3963963963964,3.356582388840453,80.96862210095497,62.370540851553514,0.0,100.0,78.02071346375143,2.6467203682393556
2020,"Census Tract 60.12, Mecklenburg County, North Carolina",37119006012,28.168191551489198,11.232236714035428,14.424761533969244,32.56764648627603,33.190578158458244,16.1767568619817,3.640256959314775,57.831950207468886,86.1344537815126,18.099547511312217,5.2946199829205804,86.15145228215768,12.086720867208673,77.48031496062993,76.74418604651163,5.839416058394161,94.16058394160584,79.65116279069767,2.5193798449612403
2020,"Census Tract 60.13, Mecklenburg County, North Carolina",37119006013,23.79098360655738,4.5696721311475414,4.30327868852459,80.43032786885246,7.192622950819672,7.868852459016394,0.20491803278688525,71.36456211812627,94.10646387832699,29.182509505703425,0.0,88.14663951120163,7.7709061575692395,96.48148148148148,87.72264631043257,0.0,100.0,73.15521628498728,0.0
2020,"Census Tract 60.14, Mecklenburg County, North Carolina",37119006014,24.325084364454444,8.46456692913386,1.3779527559055118,24.775028121484816,59.308211473565805,13.920134983127108,0.6186726659167604,83.88946819603754,96.77672955974843,56.80031446540881,5.670103092783505,88.99895724713242,7.246376811594203,94.79338842975207,90.71322436849925,8.497620666213459,91.50237933378655,77.63744427934621,0.0
2020,"Census Tract 60.15, Mecklenburg County, North Carolina",37119006015,21.9122495561755,11.209738777580522,1.90210499619579,42.53106771493786,37.813847324372304,15.546538168906924,2.206441795587116,81.82266009852216,82.46120534103211,31.901840490797547,9.975062344139651,81.6256157635468,5.131536213056187,95.50711743772243,86.13636363636363,9.028256374913852,90.97174362508615,82.57575757575758,5.378787878787879
2020,"Census Tract 60.16, Mecklenburg County, North Carolina",37119006016,17.535184480791173,5.819703309243058,20.958539368581206,54.16508178014454,9.585393685812097,8.558387219475087,6.7325979459870675,84.25,72.04491725768321,13.06146572104019,19.962335216572505,85.66666666666667,2.53690036900369,86.85286103542235,81.67053364269141,18.602455146364495,81.39754485363551,51.508120649651964,1.6241299303944314
2020,"Census Tract 61.03, Mecklenburg County, North Carolina",37119006103,20.997098390925878,12.028488525455025,2.8224742811922976,29.99208652070694,56.39672909522554,2.3476655236085464,8.441044579266684,71.29579004920721,96.53571428571428,49.714285714285715,22.939068100358423,82.23072717331875,6.360897221292267,93.65284974093264,89.91373589913736,9.16214587100663,90.83785412899337,59.5222295952223,0.26542800265428
2020,"Census Tract 61.05, Mecklenburg County, North Carolina",37119006105,27.545327754532778,7.287308228730822,1.4993026499302649,59.44909344490934,27.475592747559276,7.705718270571828,3.8702928870292883,77.5587566338135,93.25955734406438,36.31790744466801,1.7985611510791366,88.55193328279,6.496631376323387,96.14243323442136,73.18045862412762,3.278688524590164,96.72131147540983,68.6939182452642,0.0
2020,"Census Tract 61.08, Mecklenburg County, North Carolina",37119006108,27.317731773177318,7.560756075607561,2.34023402340234,60.95859585958596,21.197119711971197,13.20882088208821,2.295229522952295,73.30024813895781,93.15734630079889,38.55505383813824,3.741152679474216,87.54342431761786,8.08049535603715,94.60822342901474,73.95957193816885,2.7183342972816655,97.28166570271833,75.80261593341261,2.318668252080856
2020,"Census Tract 61.09, Mecklenburg County, North Carolina",37119006109,11.885453623922961,13.482007095793207,0.0,81.27217435377597,14.394323365433351,3.6746071971616825,0.6588950836289914,63.477246207701285,82.41460940142036,23.131552248900913,3.4912718204488775,89.14819136522753,6.039689387402934,88.86861313868614,59.69912905779889,3.954372623574144,96.04562737642586,53.76088677751386,7.8384798099762465
2020,"Census Tract 61.10, Mecklenburg County, North Carolina",37119006110,22.20884225012902,8.412179597453981,0.0,65.09547565800791,27.300877343884395,3.5953896439015995,4.00825735420609,58.85645741703319,94.83636363636364,27.878787878787882,5.353728489483748,97.20111955217912,3.3834586466165413,92.24524076147816,77.76255707762557,10.79429735234216,89.20570264765783,64.42922374429224,1.9634703196347032
2020,"Census Tract 61.11, Mecklenburg County, North Carolina",37119006111,27.3542600896861,6.406149903907751,1.4413837283792441,40.743113388853295,43.59385009609225,10.442024343369635,3.779628443305574,69.67047747141896,86.5083135391924,33.20665083135392,12.101910828025478,91.25756556825823,4.320987654320987,96.90962099125365,63.79453189726595,10.059612518628912,89.94038748137109,65.78293289146644,2.4855012427506216
2020,"Census Tract 61.12, Mecklenburg County, North Carolina",37119006112,23.289597000937206,6.654170571696345,10.824742268041238,46.485473289597,18.697282099343955,22.446110590440487,1.5463917525773196,53.88127853881278,85.202492211838,53.11526479750779,0.0,77.26027397260275,8.185705558949298,100.0,79.71952535059332,7.944389275074479,92.05561072492551,29.449838187702266,18.878101402373247
2020,"Census Tract 61.13, Mecklenburg County, North Carolina",37119006113,13.569220199244244,5.565097904500172,4.36276193747853,53.589831672964614,38.81827550669873,1.580212985228444,1.6489178976296803,71.02020699852145,98.16308243727599,64.91935483870968,9.411764705882353,89.009364218827,9.737678855325914,99.49355432780848,90.26354319180088,10.3086014445174,89.6913985554826,56.73499267935578,0.951683748169839
2020,"Census Tract 61.14, Mecklenburg County, North Carolina",37119006114,11.362879040319894,6.564478507164279,2.7657447517494167,52.81572809063645,26.957680773075644,13.628790403198934,3.8320559813395536,61.00779844031193,97.2596585804133,38.76909254267745,0.0,92.98140371925615,8.646616541353383,90.58823529411765,64.98447204968944,5.847953216374268,94.15204678362574,55.90062111801242,7.453416149068323
2020,"Census Tract 61.15, Mecklenburg County, North Carolina",37119006115,22.667429879793932,0.3720663995420721,15.02575844304522,54.6937607326846,12.993703491700057,17.286777332570118,0.0,44.30719656283566,98.19253438113948,65.89390962671906,6.642066420664207,95.00537056928034,7.315261789825474,99.6176720475786,78.78298330640818,16.389013957676724,83.61098604232328,0.0,2.4771136241249323
2020,"Census Tract 62.08, Mecklenburg County, North Carolina",37119006208,22.621332602138743,9.761447765286537,2.4129421442281327,1.45324924595558,93.36440910337264,1.9742253907321083,0.7951741157115437,63.134160090191656,96.43134212567882,55.2366175329713,7.959479015918958,92.55918827508455,2.799433026222537,97.18634686346863,86.05263157894737,7.710989678202792,92.2890103217972,50.526315789473685,1.776315789473684
2020,"Census Tract 62.09, Mecklenburg County, North Carolina",37119006209,23.705384774087065,7.943057561378172,0.8046214153084381,8.046214153084382,84.27893542397359,4.5388900350732415,2.3313389725603466,61.51919866444074,97.59831882317623,60.46232362653857,16.056910569105693,95.78464106844741,8.166576527852893,97.31587561374796,85.68357695614789,8.461235733963008,91.53876426603699,34.86672398968186,4.256233877901978
2020,"Census Tract 62.10, Mecklenburg County, North Carolina",37119006210,22.757999098693105,19.10770617395223,11.401532221721496,7.661108607480847,77.06173952230735,3.605227579990987,0.270392068499324,64.52540747842761,88.93565844858689,46.8129885748647,23.88059701492537,82.4065196548418,7.234539089848307,96.12703330751356,89.15737298636927,4.0428061831153395,95.95719381688465,75.8364312267658,0.8674101610904585
2020,"Census Tract 62.11, Mecklenburg County, North Carolina",37119006211,27.834726383851127,14.256426431162279,1.561267938810913,8.705251537612364,80.25548020816906,6.765494401513957,2.7125059138937075,76.14713689799014,99.54880075991451,62.455473759202086,15.323117921385743,92.18809252938945,9.353146853146853,96.5986394557823,94.91451117930733,2.4379811804961506,97.56201881950385,86.45330995177554,1.183691363437089
2020,"Census Tract 62.12, Mecklenburg County, North Carolina",37119006212,25.03832396525294,10.424118548799182,4.82881962187021,15.457332652018396,67.93561573837506,6.719468574348493,5.0587634133878385,78.52314092563702,98.73804971319312,60.114722753346086,1.7684887459807075,90.22360894435776,7.702794819359236,95.98010774968918,89.75308641975307,6.950028719126938,93.04997128087305,49.135802469135804,2.5925925925925926
2020,"Census Tract 62.14, Mecklenburg County, North Carolina",37119006214,23.963254593175854,11.20734908136483,5.721784776902887,2.9396325459317585,81.44356955380577,5.170603674540683,4.724409448818897,75.41607227769852,97.54531722054381,49.69788519637463,11.589895988112927,90.72753209700429,4.556437694166379,98.29424307036247,89.70358814352574,4.185351270553064,95.81464872944694,94.07176287051482,0.5460218408736349
2020,"Census Tract 62.16, Mecklenburg County, North Carolina",37119006216,22.01291711517761,25.511302475780408,3.8751345532831003,13.993541442411194,78.14854682454252,0.7534983853606028,3.229278794402583,56.305506216696266,91.78082191780823,61.42754145638067,51.12359550561798,90.58614564831261,8.83367839889579,97.63513513513513,82.68229166666666,25.940212150433943,74.05978784956606,86.71875,1.8229166666666667
2020,"Census Tract 62.17, Mecklenburg County, North Carolina",37119006217,14.806303348653973,16.021011162179907,0.623768877216021,8.896913985554827,84.99671700590939,4.694681549573211,0.7879185817465528,58.82352941176471,96.45875251509054,51.38832997987927,23.809523809523807,87.08751793400286,11.175337186897881,98.95348837209302,89.70268310369833,10.686528497409327,89.31347150259067,69.39811457577954,1.2327773749093547
2020,"Census Tract 62.18, Mecklenburg County, North Carolina",37119006218,21.70212765957447,14.255319148936172,2.021276595744681,7.2695035460992905,86.84397163120568,1.3829787234042552,2.4822695035460995,63.751127141568986,97.88695192815636,65.39883782356048,30.023640661938533,84.40036068530208,2.4909420289855073,97.61068165846802,93.96378269617706,8.555657773689052,91.44434222631095,97.38430583501007,0.0
2020,"Census Tract 62.19, Mecklenburg County, North Carolina",37119006219,25.41436464088398,20.476519337016576,2.8314917127071824,0.0,85.7389502762431,4.523480662983426,6.906077348066299,76.03305785123968,99.39485627836612,73.0206757438225,28.80886426592798,95.59228650137742,7.546296296296297,87.20647773279352,98.69608826479438,5.1379638439581345,94.86203615604187,98.89669007021064,0.0
2020,"Census Tract 62.20, Mecklenburg County, North Carolina",37119006220,14.244707570864728,24.65016146393972,0.9687836383207751,0.0,93.46968066020811,5.561535701471116,0.0,56.08228980322003,100.0,47.1900089206066,17.804154302670625,82.55813953488372,8.117154811715482,98.85222381635582,79.33238636363636,17.612638970157988,82.38736102984201,88.5653409090909,3.125
2020,"Census Tract 62.21, Mecklenburg County, North Carolina",37119006221,25.89974293059126,9.704370179948587,1.7673521850899745,12.210796915167094,70.95115681233933,7.904884318766067,7.165809768637532,65.30201342281879,99.02869757174393,53.377483443708606,15.99099099099099,93.02013422818793,4.466608846487424,94.94895217624932,94.33962264150944,9.364820846905538,90.63517915309446,89.4878706199461,0.9883198562443846
2020,"Census Tract 62.22, Mecklenburg County, North Carolina",37119006222,29.890410958904113,10.657534246575343,2.8493150684931505,11.616438356164384,79.45205479452055,5.424657534246576,0.6575342465753425,57.124183006535944,96.43470790378007,57.2594501718213,10.14851485148515,84.18300653594771,4.103165298944901,100.0,90.49520766773162,1.4948859166011015,98.50511408339891,96.1661341853035,2.635782747603834
2020,"Census Tract 62.23, Mecklenburg County, North Carolina",37119006223,30.008012820512818,12.980769230769232,0.0,24.318910256410255,60.37660256410257,10.857371794871796,4.447115384615385,71.1825487944891,97.11365003006614,49.30847865303668,6.571936056838366,92.76693455797933,8.700629650829994,93.72236958443855,79.66706302021403,1.9813519813519813,98.01864801864801,87.15814506539834,1.1890606420927468
2020,"Census Tract 62.24, Mecklenburg County, North Carolina",37119006224,21.98436969079171,15.936119605844375,0.0,13.761467889908257,59.63302752293578,26.333673122663946,0.27183146449201495,56.980273141122915,82.6783867631851,31.230610134436404,15.294117647058824,79.05918057663126,8.405923344947736,95.04748982360923,86.43617021276596,9.105560032232072,90.89443996776792,47.07446808510639,5.141843971631205
2020,"Census Tract 63.05, Mecklenburg County, North Carolina",37119006305,28.076033907012587,10.326226560493193,8.374004623683534,31.620857950166965,43.15437965579245,13.074749550475213,3.7760082198818394,79.05092592592592,99.70276008492569,70.91295116772824,1.8561484918793503,90.39351851851852,3.7142857142857144,99.52629085741354,93.82819015846539,0.6628003314001657,99.33719966859982,96.83069224353628,0.0
2020,"Census Tract 63.06, Mecklenburg County, North Carolina",37119006306,15.890850722311397,27.52808988764045,0.0,6.340288924558587,92.776886035313,0.8828250401284109,0.0,52.75735294117647,93.11043566362716,36.98074974670719,0.0,93.19852941176471,4.198473282442748,100.0,76.86746987951807,3.263403263403263,96.73659673659674,92.28915662650601,0.0
2020,"Census Tract 63.07, Mecklenburg County, North Carolina",37119006307,29.773929773929776,9.740259740259742,10.990860990860991,17.436267436267435,64.95911495911496,4.68975468975469,1.9240019240019242,65.55697823303457,97.97221179121291,69.32031543372136,60.0,84.95518565941101,5.513698630136987,98.0295566502463,80.92526690391459,7.13813615333774,92.86186384666226,72.88256227758008,9.03914590747331
2020,"Census Tract 63.08, Mecklenburg County, North Carolina",37119006308,27.970878346641616,13.48050728041334,0.8454673555659934,10.568341944574918,84.40582433067168,2.372005636449037,1.8083607327383746,62.01456310679612,95.56962025316456,53.762306610407876,13.745271122320302,92.17233009708737,6.618845777632866,97.76595744680851,88.18481848184818,3.1948881789137378,96.80511182108627,63.960396039603964,1.1221122112211221
2020,"Census Tract 63.09, Mecklenburg County, North Carolina",37119006309,30.123583934088565,16.94129763130793,0.0,21.524201853759013,55.04634397528322,21.00926879505664,2.420185375901133,57.64563106796117,90.96385542168674,32.756024096385545,24.791666666666668,88.83495145631069,10.39056742815033,96.27192982456141,65.22262334536703,5.136986301369863,94.86301369863014,44.04332129963899,3.6101083032490973
2020,"Census Tract 63.10, Mecklenburg County, North Carolina",37119006310,21.379738968303293,15.972653822249844,1.8955873213175884,9.073958980733375,76.00994406463643,9.97513983840895,3.045369794903667,66.30971993410213,93.78698224852072,33.51648351648351,3.2710280373831773,92.33937397034596,12.687747035573121,83.94467829224294,64.81149012567326,0.0,100.0,69.38958707360861,0.0
2020,"Census Tract 63.11, Mecklenburg County, North Carolina",37119006311,30.659313111055404,8.598646277262471,1.3035848583604914,8.799197793933317,84.48232639759338,0.7019303083479569,4.7129606417648535,71.15621156211563,96.2620578778135,58.19935691318327,13.124387855044075,98.83148831488316,4.663774403470716,95.04373177842565,86.66666666666667,0.0,100.0,93.56589147286822,0.6976744186046512
2020,"Census Tract 64.03, Mecklenburg County, North Carolina",37119006403,15.85179526355997,10.828877005347595,2.291825821237586,15.068754774637128,71.94423223834988,7.0855614973262036,3.6096256684491976,35.70750237416904,96.35437083496669,64.32771462171696,14.592933947772657,67.37891737891738,3.608715388107127,94.77026522226373,82.6201448321264,10.647058823529413,89.3529411764706,74.58854509545753,1.7774851876234363
2020,"Census Tract 64.04, Mecklenburg County, North Carolina",37119006404,29.59200393249222,15.582500409634607,1.3763722759298707,3.8997214484679668,87.85843028019006,4.587907586432902,2.2775684089791906,56.111111111111114,99.57899950470531,80.3615651312531,21.861471861471863,91.96581196581197,7.191063532697231,98.32347140039448,95.72815533980582,3.828197945845005,96.171802054155,99.12621359223301,0.0
2020,"Census Tract 64.07, Mecklenburg County, North Carolina",37119006407,33.23262839879154,7.401812688821751,5.110775427995972,7.2004028197381675,77.79456193353475,1.48539778449144,8.408862034239679,69.89924433249371,95.84048027444254,50.60034305317325,7.996560619088563,89.6095717884131,4.034690799396682,96.5194109772423,92.67089499647639,0.0,100.0,70.54263565891473,0.5637773079633545
2020,"Census Tract 64.08, Mecklenburg County, North Carolina",37119006408,21.443736730360936,20.240622788393487,0.0,13.128096249115357,74.0622788393489,8.952583156404813,3.8570417551309273,44.63840399002494,95.04596527068438,50.663942798774265,0.0,85.20365752285952,14.504504504504503,99.66799468791501,81.67999999999999,4.141104294478527,95.85889570552148,38.16,8.08
2020,"Census Tract 64.09, Mecklenburg County, North Carolina",37119006409,20.590461771385314,26.911430734292203,0.5677517032551098,5.412566237698713,91.86222558667676,2.157456472369417,0.0,54.28194993412385,97.47729566094854,69.42482341069626,29.78303747534517,84.7167325428195,5.815061963775023,96.69211195928753,90.5320813771518,13.179347826086957,86.82065217391305,69.95305164319248,3.599374021909233
2020,"Census Tract 64.10, Mecklenburg County, North Carolina",37119006410,26.96882031501125,17.51848280295725,2.9893924783027965,3.11796849887496,78.9778206364513,11.828993892639023,3.085824493731919,55.15660809778456,97.87234042553192,39.79690522243714,3.2758620689655173,89.3048128342246,12.852112676056338,95.46599496221663,87.65989465763731,0.0,100.0,74.4920993227991,0.0
2020,"Census Tract 64.11, Mecklenburg County, North Carolina",37119006411,27.168949771689498,19.373776908023483,1.761252446183953,14.579256360078277,57.925636007827784,22.831050228310502,2.902804957599478,49.2589978828511,91.3189448441247,33.47721822541966,10.644677661169414,80.59280169371912,5.911330049261084,94.45876288659794,71.1013215859031,7.497962510187449,92.50203748981255,72.51101321585904,0.0
2020,"Census Tract 9801, Mecklenburg County, North Carolina",37119980100,,,,,,,,,,,,,,,,,,,
2020,"Census Tract 9802, Mecklenburg County, North Carolina",37119980200,,,,,,,,,,,,,,,,,,,
2020,"Census Tract 9803, Mecklenburg County, North Carolina",37119980300,0.0,44.44444444444444,0.0,0.0,44.44444444444444,55.55555555555556,0.0,100.0,100.0,100.0,,100.0,0.0,100.0,100.0,0.0,100.0,100.0,0.0
2020,"Census Tract 502.01, Rowan County, North Carolina",37159050201,20.605908863294943,25.38808212318478,0.7761642463695543,38.68302453680521,52.55383074611918,5.483224837255884,2.5037556334501754,34.98641304347826,88.35496317081726,16.5906699403718,7.152317880794702,81.65760869565217,9.555345316934721,93.9323220536756,61.775585696670774,9.537088678192973,90.46291132180703,59.6177558569667,16.337854500616523
2020,"Census Tract 502.02, Rowan County, North Carolina",37159050202,31.25861729367737,20.701201496947018,0.5515067953515856,31.987394130391966,56.56883986606264,8.745322040575143,2.1469371676186726,52.399127589967286,88.94956633472535,32.091230324445874,5.69620253164557,85.16902944383861,9.656160458452723,93.75,73.35508428493746,15.487132352941178,84.51286764705883,51.16911364872213,13.43121261555193
2020,"Census Tract 503, Rowan County, North Carolina",37159050300,19.638455217748565,15.694330320460148,0.027389756231169543,35.68885236921391,50.78060805258833,12.188441522870447,1.314708299096138,23.36259284267387,90.4178674351585,23.77521613832853,7.485604606525912,74.61174881836597,8.623040218132243,94.83800109829764,66.14973262032086,10.69723018147087,89.30276981852913,36.149732620320854,14.973262032085561
2020,"Census Tract 504, Rowan County, North Carolina",37159050400,27.783219066274896,7.378387202089455,0.1958863858961802,61.18184786157362,12.47143323539014,22.657525301991512,3.493307215148547,31.454005934718097,84.73101265822784,13.528481012658228,0.17761989342806395,65.77645895153313,5.470162748643761,80.36853295535082,57.76986951364176,31.014729950900165,68.98527004909984,29.8932384341637,20.640569395017792
2020,"Census Tract 505, Rowan County, North Carolina",37159050500,10.029577843506319,22.963162140360314,0.5108900242000538,31.19118042484539,61.656359236353865,2.82333960742135,3.8182307071793495,25.057647963105307,91.82022471910113,42.87640449438202,24.76780185758514,85.31898539584934,15.899581589958158,87.74120317820659,73.78832838773491,16.72158154859967,83.27841845140033,56.37982195845698,1.1869436201780417
2020,"Census Tract 507, Rowan County, North Carolina",37159050700,19.199769717904434,20.984455958549223,2.130109383995394,28.727691421991942,63.70178468624065,3.4830166954519286,1.9573978123200921,32.804614275414565,78.6692759295499,23.20939334637965,1.6032064128256511,79.1636625811103,4.381902386889918,90.11904761904762,69.76069615663523,15.502450980392158,84.49754901960785,64.10442349528644,11.602610587382161
2020,"Census Tract 508, Rowan County, North Carolina",37159050800,12.456613960663326,23.7948322406479,0.0,68.33783262630159,20.555341303509447,8.137292711145392,2.9695333590435786,47.511312217194565,84.85999050783104,8.400569530137636,0.0,80.4524886877828,9.251101321585903,91.31832797427653,55.69620253164557,23.869532987398074,76.13046701260193,51.41187925998053,13.729308666017525
2020,"Census Tract 509.01, Rowan County, North Carolina",37159050901,20.538428137212332,28.072079895788104,0.0,1.1289622231871472,89.44854537559705,6.079027355623101,3.343465045592705,67.62589928057554,87.82013103037522,20.81596188207266,7.904642409033877,89.38848920863309,9.59016393442623,92.09445585215606,65.69343065693431,17.576278470133218,82.42372152986678,82.22106360792493,6.569343065693431
2020,"Census Tract 509.03, Rowan County, North Carolina",37159050903,22.390766694146745,16.60346248969497,0.741962077493817,9.282769991755977,86.59521846661171,0.049464138499587806,3.3305853256389115,59.90701001430615,92.8030303030303,22.27746212121212,7.512520868113523,81.40200286123033,8.774166135542808,93.54330708661416,81.00464330941325,9.198926791874282,90.80107320812571,93.9636977627691,5.656395103419165
2020,"Census Tract 509.04, Rowan County, North Carolina",37159050904,17.525773195876287,17.881265552790616,0.0,0.21329541414859582,97.72484891574831,1.5286171347316033,0.5332385353714896,74.00295420974889,75.52415679124887,8.249772105742935,9.930715935334874,87.8877400295421,8.836206896551724,97.09342560553634,52.65917602996255,17.643429981492904,82.35657001850709,79.32584269662921,2.6217228464419478
2020,"Census Tract 510.01, Rowan County, North Carolina",37159051001,19.512534818941504,16.518105849582174,0.0,0.988857938718663,89.59610027855153,6.754874651810584,2.66016713091922,57.1714476317545,84.13284132841329,19.96719967199672,16.650717703349283,83.98932621747832,6.350579685066621,94.1366168279097,73.22970639032815,10.840776101016322,89.15922389898367,69.39550949913644,6.286701208981002
2020,"Census Tract 510.02, Rowan County, North Carolina",37159051002,29.48301329394387,10.546528803545051,0.029542097488921712,2.3042836041358936,95.42097488921713,1.8020679468242244,0.4431314623338257,52.67149258876249,92.0171867933062,17.367706919945725,11.913580246913579,95.89796621854532,9.342270632593214,95.53542542866387,72.58132657372201,12.398223538119911,87.60177646188009,75.58090409801437,3.0840726658217155
2020,"Census Tract 511.01, Rowan County, North Carolina",37159051101,19.201296787503683,22.163277335691127,0.0,0.6778661951075744,86.57530209254347,11.582670203359859,1.164161508989095,69.1618682021753,87.86949857674622,17.801620319684694,16.38608305274972,80.35828534868841,5.179646179099033,96.62384224678817,66.57842488418267,8.756038647342995,91.24396135265701,79.28524156187954,3.176704169424222
2020,"Census Tract 511.02, Rowan County, North Carolina",37159051102,19.533308242378624,22.544222807677833,1.0914565299209635,2.446368084305608,92.99962363567934,3.0109145652992093,0.45163718479488146,59.15119363395226,84.86973947895791,19.38877755511022,7.901234567901234,87.70999115826702,9.260991580916745,91.57175398633257,67.72151898734177,20.374370050395967,79.62562994960403,82.82097649186257,5.967450271247739
2020,"Census Tract 512.01, Rowan County, North Carolina",37159051201,24.418410041841003,9.456066945606695,1.9748953974895396,16.652719665271967,62.05857740585774,16.167364016736403,3.1464435146443517,50.14016820184221,83.34117647058824,15.905882352941175,4.769475357710652,85.86303564277132,9.588131089459699,92.81670205237084,69.25162689804772,12.399049881235154,87.60095011876484,90.72668112798264,1.3015184381778742
2020,"Census Tract 512.02, Rowan County, North Carolina",37159051202,23.692222529753668,15.970107943537226,0.0,8.27567118737891,56.04760586769997,34.81871021311929,0.8580127318018268,57.45098039215686,84.33734939759037,20.0,5.396290050590219,80.13071895424837,8.8139281828074,95.47079856972587,71.41726049089469,3.514132925897632,96.48586707410237,80.68091844813935,0.791765637371338
2020,"Census Tract 512.04, Rowan County, North Carolina",37159051204,22.11031175059952,16.378896882494004,4.9640287769784175,19.18465227817746,50.38369304556355,23.14148681055156,2.326139088729017,35.47925608011445,84.61812990720914,24.58957887223412,13.598074608904934,83.40486409155938,8.778979907264297,96.34906500445236,75.08305647840533,12.550842533410808,87.44915746658918,58.40531561461793,0.6644518272425249
2020,"Census Tract 513.01, Rowan County, North Carolina",37159051301,23.257023933402706,19.35483870967742,0.6243496357960457,12.226847034339231,72.63267429760666,13.371488033298649,1.1446409989594173,41.92037470725995,88.37209302325581,19.113372093023255,8.433734939759036,80.79625292740047,7.661016949152542,97.39978331527628,62.78481012658228,16.49048625792812,83.50951374207189,52.65822784810127,11.39240506329114
2020,"Census Tract 513.02, Rowan County, North Carolina",37159051302,15.025146689019278,24.015088013411567,0.7124895222129086,14.773679798826489,79.27493713327746,2.9756915339480305,2.2632020117351215,57.55472504004271,92.43439419318817,29.676158570630935,40.0,93.59316604378003,11.072749691738593,91.3062862238074,75.3715498938429,10.114503816793894,89.8854961832061,88.6411889596603,2.9723991507431
2020,"Census Tract 513.03, Rowan County, North Carolina",37159051303,28.000703977472718,17.405843013023585,0.0,34.84688489968321,59.274903203097494,5.7550158394931366,0.12319605772615277,33.66064414768264,91.27954360228199,29.69301820157566,9.388097233864208,85.82089552238806,9.484233683695917,93.9279588336192,69.06388107673764,7.746478873239436,92.25352112676056,52.350341502611485,7.4728806749698675
2020,"Census Tract 514, Rowan County, North Carolina",37159051400,22.56034925526451,17.424242424242426,2.9019003595274784,10.606060606060606,62.621982537236775,18.37442218798151,5.4956343091936315,60.74523396880416,81.72276511038726,18.892508143322477,3.882725832012678,94.48295782784517,6.760797342192691,91.11111111111111,68.13186813186813,5.912762520193861,94.08723747980613,71.08516483516483,5.528846153846153
2020,"Census Tract 515.01, Rowan County, North Carolina",37159051501,27.23973690179179,10.002268088001815,0.5897028804717622,13.676570650941255,66.13744613290996,13.767294171013836,5.828986164663189,60.341431385423505,77.55639097744361,10.338345864661653,5.284552845528456,80.10505581089954,4.831670822942644,81.25915080527086,73.55212355212355,10.689655172413794,89.3103448275862,50.77220077220077,2.767052767052767
2020,"Census Tract 515.02, Rowan County, North Carolina",37159051502,19.80141843971631,17.75886524822695,0.0,8.453900709219859,88.87943262411348,1.3333333333333335,1.3333333333333335,68.36820083682008,77.23608445297505,9.673704414587332,16.580310880829018,94.72803347280335,6.473293243721259,88.78627968337732,68.52387843704776,7.434695244474213,92.56530475552579,57.452966714905926,2.894356005788712
2020,"Census Tract 516, Rowan County, North Carolina",37159051600,27.924348378893832,17.037507946598858,5.610298792116974,24.841068022886205,60.044500953591864,8.502860775588049,1.0012714558169105,70.01627339300244,88.45532209651351,16.462710690371736,6.3559322033898304,94.34499593165175,7.320837927232635,90.24226110363391,72.80927835051546,15.77424023154848,84.22575976845152,72.33676975945016,5.5841924398625435
2020,"Census Tract 517, Rowan County, North Carolina",37159051700,22.264662395268605,16.22720551996057,0.8008871365204534,4.066042385411532,82.23262690980778,9.228684080827994,3.671759487432233,56.44405389572349,83.52059925093633,18.352059925093634,7.830342577487764,90.07029876977153,8.590901886194326,95.28047464940668,70.91128545564273,6.145567827810818,93.85443217218918,71.36391068195535,12.492456246228123
2020,"Census Tract 518.01, Rowan County, North Carolina",37159051801,25.00546926274338,16.539050535987748,0.0,1.0938525486764383,88.64581054473857,7.678844891708597,2.5814920148763947,80.6420699568759,74.91535857186827,11.11111111111111,7.9787234042553195,93.00431241015812,6.242707117852976,98.96068685042928,79.20433996383363,9.294696555494806,90.70530344450519,66.06389391199518,1.8685955394816152
2020,"Census Tract 518.02, Rowan County, North Carolina",37159051802,18.877887788778878,15.247524752475247,0.594059405940594,3.102310231023102,85.61056105610561,6.644664466446645,4.048404840484048,56.2247191011236,86.11604499703967,19.952634695085848,8.137715179968701,84.85393258426967,11.662598318416057,96.90638810767376,73.35058214747735,14.632799558255108,85.3672004417449,84.86416558861578,1.6817593790426906
2020,"Census Tract 519.01, Rowan County, North Carolina",37159051901,18.146383715894327,20.809874404504114,0.498051104374188,2.9016890428757036,91.94456474664356,4.092680814205283,0.563014291901256,62.27758007117438,90.49881235154395,19.15083135391924,2.616279069767442,86.83274021352312,8.571428571428571,94.79539133889551,61.04718066743383,17.6303317535545,82.3696682464455,79.97698504027618,1.611047180667434
2020,"Census Tract 519.03, Rowan County, North Carolina",37159051903,16.083395383469842,22.226358897989577,0.0,19.28518242740134,70.73715562174236,8.749069247952345,1.2285927029039463,67.310443490701,85.74401664932361,21.956295525494276,21.16788321167883,97.4964234620887,6.4773735581189,89.21085080147965,64.94845360824742,18.170019467878003,81.82998053212201,94.05233941316415,5.551149881046788
2020,"Census Tract 519.04, Rowan County, North Carolina",37159051904,26.899383983572893,10.413611029627457,2.4053974772660602,17.893810501613377,75.85802288061015,3.3440891757113524,0.4986799647990613,78.15126050420169,86.80738786279683,17.89797713280563,9.38897168405365,89.83957219251337,4.454253611556982,95.34412955465586,41.72240802675585,15.95221363316936,84.04778636683064,78.67892976588628,1.254180602006689
2020,"Census Tract 520, Rowan County, North Carolina",37159052000,27.205580631924498,11.325400082068118,0.3693065244152647,41.52646696758309,44.48091916290522,9.150594993844892,4.4727123512515385,33.980582524271846,90.32679738562092,25.555555555555554,13.447432762836186,89.19902912621359,8.342728297632469,90.93511450381679,70.08055235903338,24.631396357328708,75.36860364267129,39.355581127733025,8.975834292289989
2020,"Census Tract 9301.01, Stanly County, North Carolina",37167930101,18.777383684539952,18.380972251199665,3.8389317755059458,2.9000625912789486,90.06885040684331,1.7316920509075735,1.4604631754642188,51.701030927835056,86.86537831641009,23.092040615787752,15.303030303030301,90.0,9.966606730028255,93.96628216503993,57.794902193242436,11.443569553805775,88.55643044619423,89.68583283935982,1.7190278601066984
2020,"Census Tract 9301.02, Stanly County, North Carolina",37167930102,20.717781402936378,16.23164763458401,3.4257748776508974,13.62153344208809,77.6237085372485,3.0995106035889073,2.2294725394236,49.191542288557216,87.65197568389058,13.867781155015196,3.65296803652968,90.17412935323384,4.0508067284586335,91.02902374670184,62.97071129707113,19.84348798211291,80.15651201788708,79.21896792189679,8.01952580195258
2020,"Census Tract 9302, Stanly County, North Carolina",37167930200,20.04836227742361,20.092327984172346,0.9452626950978238,22.114750494614203,74.06023301824577,1.8465596834469113,1.0331941085952958,56.524678837052065,83.7956204379562,14.919708029197079,13.990461049284578,82.08248816768086,5.5632057284494625,95.98242310106717,69.78873239436619,17.824074074074073,82.17592592592592,75.63380281690141,6.619718309859154
2020,"Census Tract 9303, Stanly County, North Carolina",37167930300,21.846078908913785,20.287384315635656,5.747686312713103,7.038480272771554,74.62250365319045,7.890891378470531,4.700438382854359,38.07080554130323,86.32367307066102,14.39270595897102,12.681159420289855,90.40533606977938,8.195699594889373,94.24157303370787,71.20383036935705,10.25168815224064,89.74831184775937,67.64705882352942,1.094391244870041
2020,"Census Tract 9305, Stanly County, North Carolina",37167930500,26.47058823529412,20.140056022408963,0.0,9.915966386554622,80.28011204481793,5.266106442577031,4.53781512605042,36.51208360548661,82.97422898183355,17.068018588931135,10.354223433242508,89.02677988242978,9.752380952380953,91.90957763236169,58.4051724137931,18.261890780974753,81.73810921902525,62.28448275862068,3.807471264367816
2020,"Census Tract 9307, Stanly County, North Carolina",37167930700,21.5625,16.71875,1.23046875,0.09765625,94.16015625,2.8125,1.6992187499999998,66.53574234092694,90.465872156013,22.58938244853738,11.30820399113082,83.03220738413198,3.8346613545816735,98.68766404199475,64.31043005437469,4.485363550519358,95.51463644948063,83.78645575877411,1.2852199703410776
2020,"Census Tract 9308.01, Stanly County, North Carolina",37167930801,19.52430196483971,18.138572905894517,0.0,1.4270941054808686,90.8583247156153,6.618407445708377,1.0961737331954498,64.23128641864635,85.10998307952623,19.740552735476594,16.449086161879894,89.73554459883461,4.317656129529683,97.50201450443191,63.25511732401397,8.245533669262482,91.75446633073751,83.6245631552671,3.944083874188717
2020,"Census Tract 9308.02, Stanly County, North Carolina",37167930802,24.217717055971793,14.301454385191715,0.0,2.908770383428823,85.54429263992948,10.334949316879683,1.2119876597620098,76.36031092821216,84.84059856864022,19.71372804163956,28.308400460299193,88.98033836305441,5.974934421451472,96.56488549618321,68.3252427184466,8.240534521158128,91.75946547884188,79.49029126213593,0.24271844660194172
2020,"Census Tract 9309.01, Stanly County, North Carolina",37167930901,19.583797844667412,17.911557041991824,0.0,7.432181345224824,88.33147528799702,1.0776662950575995,3.1586770717205495,68.00878477306003,89.8572884811417,11.162079510703364,15.286624203821656,88.06734992679355,9.611829944547134,99.52283571915473,58.93980233602875,17.433234421364986,82.56676557863501,82.56963162623539,7.457322551662174
2020,"Census Tract 9309.02, Stanly County, North Carolina",37167930902,21.802406940945986,20.93478869297509,0.7276798208788133,2.770780856423174,85.7262804366079,5.625524769101595,5.149734116988525,61.920752182672935,85.98455598455598,18.223938223938223,15.358931552587645,91.00067159167227,7.802433786685755,97.64441951766686,74.3801652892562,7.750952986022871,92.24904701397712,82.02479338842976,4.0633608815427
2020,"Census Tract 9310.01, Stanly County, North Carolina",37167931001,25.49833887043189,18.72923588039867,3.571428571428571,0.0,91.7358803986711,4.526578073089701,0.16611295681063123,36.70756646216769,86.19839802834257,26.18607516943931,12.218045112781954,85.2760736196319,2.7313266443701227,97.83873649210307,76.26506024096386,12.723449001051526,87.27655099894848,87.59036144578313,1.4457831325301205
2020,"Census Tract 9310.02, Stanly County, North Carolina",37167931002,15.942909201336168,22.016398420892802,2.611600364409353,6.164591557849985,78.5302156088673,11.205587610081992,1.4880048587913757,49.6309963099631,93.12878133102852,13.094209161624892,19.34782608695652,85.05535055350553,6.384531192995258,94.15105053946621,62.624712202609366,10.631001371742114,89.36899862825788,84.34382194934767,1.4581734458940905
2020,"Census Tract 9311.01, Stanly County, North Carolina",37167931101,19.78448275862069,16.594827586206897,8.96551724137931,9.267241379310345,80.94827586206897,0.0,0.8189655172413793,62.588473205257834,86.3258785942492,20.830670926517573,3.4642032332563506,91.30434782608695,6.501880709296078,94.84902309058614,74.59770114942529,31.60377358490566,68.39622641509435,70.45977011494253,4.942528735632184
2020,"Census Tract 9311.02, Stanly County, North Carolina",37167931102,23.799942512216155,16.901408450704224,0.0,32.50934176487497,64.0126473124461,0.0862316757688991,3.3917792469100316,58.50591715976331,84.0683353198252,10.051648788239968,3.9451114922813035,90.53254437869822,5.809128630705394,87.13486637663145,72.58064516129032,26.77165354330709,73.22834645669292,67.12749615975423,7.680491551459294
2020,"Census Tract 9312.02, Stanly County, North Carolina",37167931202,25.225537820957666,18.806384455239417,0.0,9.090909090909092,88.65371269951423,1.977793199167245,0.2775850104094379,48.3739837398374,85.96033402922755,20.041753653444676,24.18032786885246,95.1219512195122,9.095127610208817,94.22930903568717,57.39795918367348,19.34156378600823,80.65843621399176,63.01020408163265,5.697278911564626
2020,"Census Tract 9312.03, Stanly County, North Carolina",37167931203,31.727854496463454,14.651397777029304,0.0,68.37318962613675,29.909060289659816,1.7177500842034354,0.0,48.33679833679834,78.34577828834004,7.524411257897761,0.7476635514018692,84.1995841995842,7.054760730143069,84.98233215547704,37.693631669535286,22.893165228931654,77.10683477106835,39.070567986230635,27.62478485370052
2020,"Census Tract 9312.04, Stanly County, North Carolina",37167931204,15.403573629081945,32.65557609365373,0.0,11.583487369069625,80.12939001848429,4.959950708564387,3.3271719038817005,31.310344827586206,90.580592773041,24.319935038570847,0.0,82.89655172413794,11.335289801907557,97.26740403383214,58.71501272264631,13.149171270718233,86.85082872928177,60.05089058524173,0.0
2020,"Census Tract 201, Union County, North Carolina",37179020100,23.90286717378584,18.841427735517847,0.0,1.0093622001170275,92.67115272088941,5.090696313633704,1.2287887653598597,82.37885462555066,88.43651626442812,21.99370409233998,8.244274809160306,76.46318439269982,10.4959630911188,96.77047289504037,67.31610337972167,12.885348112227227,87.11465188777278,88.23061630218689,2.9025844930417497
2020,"Census Tract 202.03, Union County, North Carolina",37179020203,19.085714285714285,16.32,2.6514285714285717,6.102857142857143,88.16000000000001,3.085714285714286,0.0,70.75606276747504,93.32655826558266,43.52981029810298,26.273885350318473,93.81835473133619,6.2002275312855515,95.16742770167428,80.47457627118644,2.704485488126649,97.29551451187335,93.96610169491525,0.0
2020,"Census Tract 202.04, Union County, North Carolina",37179020204,23.835797837122048,17.303023615096006,0.0,0.0,98.21231516221584,1.6331935555065107,0.15449128227764292,69.64195663136663,90.87731562390773,24.606780845858093,5.294705294705294,88.90569843671206,7.852796290930166,97.45882352941176,67.27989487516426,11.665699361578643,88.33430063842135,86.46517739816032,4.533508541392904
2020,"Census Tract 202.05, Union County, North Carolina",37179020205,28.591470258136926,14.113355780022447,0.0,5.4433221099887765,90.9090909090909,1.3187429854096522,2.3288439955106623,78.40346534653465,87.80380026513478,28.19266460450729,14.676616915422885,96.96782178217822,4.12573673870334,95.89595375722544,75.10008006405124,2.6500389711613406,97.34996102883866,83.98718975180144,1.200960768614892
2020,"Census Tract 202.06, Union County, North Carolina",37179020206,15.099009900990099,18.06930693069307,0.024752475247524754,2.5495049504950495,94.87623762376238,1.9059405940594059,0.6435643564356436,65.6045395024007,90.99276791584484,23.241288625904012,17.758985200845668,89.78611959842864,6.093294460641399,97.02194357366771,81.76470588235294,3.189066059225513,96.81093394077449,88.76470588235294,1.4705882352941175
2020,"Census Tract 203.05, Union County, North Carolina",37179020305,33.438142459789574,7.050429314306446,1.4632966501390736,8.51372596444552,81.66646511065426,4.934091183940017,3.4224210908211394,70.46400951814397,94.61016251800041,48.98169101008023,6.954887218045112,90.2439024390244,6.140988372093023,89.01001112347052,90.01578531965272,2.9118773946360155,97.08812260536398,91.00236779794791,0.2762430939226519
2020,"Census Tract 203.07, Union County, North Carolina",37179020307,28.99367610668133,15.631014572449823,0.0,8.289799285125103,71.22628540005499,17.40445422051141,3.079461094308496,69.46702800361338,92.75043936731107,21.199472759226715,3.243616287094548,89.19000301114123,11.03112840466926,94.76728898238233,83.40301003344482,4.966229638458483,95.03377036154151,89.63210702341136,0.5016722408026756
2020,"Census Tract 203.08, Union County, North Carolina",37179020308,29.72897065018958,9.394747928661705,1.9660160089875016,7.274259233253757,72.92515096194356,15.75621401488555,2.078359780929645,68.12553987906709,87.23358908780904,28.537936913895994,2.6383526383526386,85.4016700259142,6.614708233413269,94.30012610340479,84.91304347826087,7.332796132151491,92.66720386784851,85.1304347826087,0.826086956521739
2020,"Census Tract 203.09, Union County, North Carolina",37179020309,20.33739456419869,11.105904404873478,1.3589503280224928,4.545454545454546,81.34957825679476,11.62136832239925,1.1246485473289598,71.09602327837051,95.42136695421367,38.752488387524885,6.9306930693069315,85.45101842870999,8.882352941176471,95.44740973312402,85.41147132169577,11.868131868131867,88.13186813186813,92.51870324189527,3.366583541147132
2020,"Census Tract 203.10, Union County, North Carolina",37179020310,29.044903777619385,11.493228795438347,2.0491803278688523,10.744832501781897,82.78688524590164,2.03136136849608,2.3877405559515323,73.63861386138613,96.41888225718937,53.03852414541509,25.327102803738317,91.996699669967,9.894525364138623,97.40674955595027,87.86936236391914,1.8819938962360123,98.11800610376399,93.46811819595645,2.0736132711249353
2020,"Census Tract 203.12, Union County, North Carolina",37179020312,23.776806162814907,11.118051217988757,1.66562565063502,9.952113262544243,67.2912762856548,17.967936706225277,3.1230480949406623,73.45309381237524,88.24826717076245,24.039067422810334,17.069486404833835,88.57285429141717,8.29682365826944,95.23809523809523,80.29697315819531,7.890583903208838,92.10941609679116,75.32838378069674,1.6561964591661908
2020,"Census Tract 203.13, Union County, North Carolina",37179020313,24.891878904372895,14.704469005285919,2.162421912542047,1.1532916866890917,76.93416626621816,16.04997597308986,3.700144161460836,64.2051282051282,86.27726952850105,34.48275862068966,6.145251396648044,79.48717948717949,10.070558050032071,96.0352422907489,74.7141041931385,2.8395061728395063,97.1604938271605,79.03430749682337,0.5082592121982211
2020,"Census Tract 203.14, Union County, North Carolina",37179020314,22.39251592356688,14.64968152866242,9.136146496815286,14.490445859872612,64.86863057324841,8.280254777070063,3.2245222929936306,63.982102908277405,97.01841566793335,47.14995615317159,19.429778247096095,89.57494407158836,7.719928186714542,96.9220006995453,83.33333333333334,2.9866117404737382,97.01338825952625,85.19108280254777,1.2208067940552019
2020,"Census Tract 203.15, Union County, North Carolina",37179020315,29.311408016443984,11.736896197327852,1.274409044193217,1.891058581706064,90.77081192189105,5.138746145940391,0.9249743062692704,69.28069226608979,94.95077802476976,47.60241346459193,8.49056603773585,92.4283396430503,6.629834254143646,93.53088480801335,86.20470438652256,2.4193548387096775,97.58064516129032,94.08773045136681,2.161474888747616
2020,"Census Tract 203.16, Union County, North Carolina",37179020316,22.925119881962374,13.260789376613797,6.2154186646993725,8.834378458133529,74.82478790114348,4.2419771302102545,5.883437845813353,70.56560215467488,90.25446670276123,37.22252301028695,20.8984375,93.07425933051174,7.274467575975113,95.13333333333334,85.24216524216524,4.203056768558952,95.79694323144105,78.4045584045584,2.336182336182336
2020,"Census Tract 203.17, Union County, North Carolina",37179020317,30.82482993197279,9.240362811791384,4.039115646258503,10.430839002267573,67.12018140589569,10.96938775510204,7.440476190476191,65.58773424190801,92.09346235544017,45.0790653764456,4.903677758318739,91.76604202157866,5.47019053472649,96.60098522167488,89.92840095465394,1.6893477240732049,98.31065227592678,92.21957040572792,3.389021479713604
2020,"Census Tract 203.18, Union County, North Carolina",37179020318,21.051401869158877,14.55607476635514,4.41588785046729,9.85981308411215,78.50467289719626,4.392523364485982,2.8271028037383177,71.7207647843486,91.7692578262399,33.59127682026029,9.004739336492891,92.04090706980881,9.085528262799643,95.83020285499624,69.66364812419145,2.337334175615919,97.66266582438408,87.45148771021992,0.0
2020,"Census Tract 203.19, Union County, North Carolina",37179020319,32.124193052566866,13.925607131878268,8.054103904088533,16.261912081155856,62.219489701813714,13.280049185367353,0.18444512757454656,76.5375854214123,88.24975417895772,40.707964601769916,10.344827586206897,90.66059225512528,5.88768115942029,94.55696202531647,86.41732283464567,2.213666987487969,97.78633301251203,88.68110236220473,0.0
2020,"Census Tract 203.20, Union County, North Carolina",37179020320,25.36082474226804,12.199312714776632,0.6529209621993127,0.24054982817869416,90.37800687285224,2.5773195876288657,6.151202749140893,58.46372688477952,89.98849252013808,27.790563866513235,25.196850393700785,91.03840682788051,6.261510128913445,96.41485275288092,86.54467168998924,3.730569948186528,96.26943005181347,90.20452099031216,0.0
2020,"Census Tract 203.21, Union County, North Carolina",37179020321,28.15405046480744,13.479415670650729,0.0,9.871624612660469,61.5759185480301,27.689243027888445,0.8632138114209826,67.24393864423553,83.66111951588502,18.305597579425115,3.894839337877313,90.64819396338446,8.22550831792976,93.76006441223832,81.61073825503355,0.0,100.0,71.61073825503355,4.630872483221476
2020,"Census Tract 204.01, Union County, North Carolina",37179020401,22.692659153213523,14.757843435881815,0.5635089856838258,8.81815412732257,75.54066402680475,12.503807493146512,2.5738653670423393,59.221556886227546,92.40412979351032,20.870206489675518,21.62447257383966,91.73652694610779,10.362490149724191,96.82585072919645,77.02902115100837,5.661252900232019,94.33874709976799,81.06246925725529,3.3939990162321694
2020,"Census Tract 204.03, Union County, North Carolina",37179020403,20.485792850595782,14.688359303391385,0.0,14.000916590284143,64.23006416131989,17.73602199816682,4.032997250229148,55.501546619531595,82.06233421750663,23.043766578249336,21.037463976945244,86.4781263809103,6.138328530259366,95.84748961872404,72.82252783235101,8.343337334933974,91.65666266506602,81.27046496398165,3.6673215455140804
2020,"Census Tract 204.05, Union County, North Carolina",37179020405,23.90841320553781,15.974440894568689,4.579339723109691,15.654952076677317,40.788072417465386,36.90095846645367,2.07667731629393,29.277108433734938,74.96229260935144,15.535444947209653,0.0,76.86746987951807,5.668299510146956,92.15885947046843,61.731843575419,20.444444444444446,79.55555555555556,33.659217877094974,1.9553072625698324
2020,"Census Tract 204.06, Union County, North Carolina",37179020406,34.011090573012936,6.099815157116451,0.9011090573012939,33.80314232902033,14.048059149722736,49.792051756007396,1.455637707948244,50.33783783783784,55.373831775700936,8.878504672897195,0.07352941176470588,67.84909909909909,1.1204481792717087,90.41855774079677,59.71404541631623,20.62750333778371,79.37249666221629,26.91337258200168,17.998317914213622
2020,"Census Tract 205.01, Union County, North Carolina",37179020501,27.249955269278942,14.278046162104133,0.5725532295580604,25.997495079620688,43.94346036858114,24.029343353014852,5.457147969225264,56.75434685688809,84.84362469927827,15.717722534081796,14.723926380368098,79.84841729826125,12.299333168683626,91.98131568703775,70.70496083550914,4.010025062656641,95.98997493734336,69.9738903394256,6.475195822454308
2020,"Census Tract 205.02, Union County, North Carolina",37179020502,25.22739432851792,13.830925628678436,0.6153023006955591,25.52166934189406,50.21401819154628,22.7394328517924,0.9095773140716961,48.37807606263982,88.8076923076923,24.69230769230769,9.55188679245283,96.81208053691275,6.869409660107334,91.21655729429581,76.9378603459321,7.3590504451038585,92.64094955489614,67.77706598334402,1.8577834721332478
2020,"Census Tract 206.01, Union County, North Carolina",37179020601,23.40893703452945,12.322274881516588,0.033852403520649964,29.739336492890995,30.213270142180093,39.97968855788761,0.033852403520649964,65.33657182512145,75.5310980291784,14.051702073201946,5.327510917030567,59.12560721721027,4.662983425414365,93.09916070873486,56.59509202453987,4.678362573099415,95.32163742690058,51.1758691206544,7.668711656441718
2020,"Census Tract 206.02, Union County, North Carolina",37179020602,19.73850695908899,21.805145508224378,0.21088148460565162,16.42766765078026,47.76465626318009,31.105018979333614,4.49177562210038,49.04645476772616,73.45078979343864,22.752126366950183,0.0,72.95843520782395,4.685018528321863,93.23308270676691,50.09208103130756,9.298440979955457,90.70155902004454,56.537753222836095,18.23204419889503
2020,"Census Tract 207.01, Union County, North Carolina",37179020701,22.484409236473958,10.63542895668296,1.2304062025956515,33.6760492162481,47.210517444800274,13.46704871060172,4.415978425754256,46.558358272766135,85.1978691019787,21.80365296803653,21.779548472775563,76.8704574604532,6.392694063926941,93.45991561181435,69.83240223463687,8.621667612024957,91.37833238797505,72.93606455617628,4.531346989447548
2020,"Census Tract 207.02, Union County, North Carolina",37179020702,23.855693348365275,18.91770011273957,2.480270574971815,17.001127395715894,64.62232243517475,13.596392333709131,2.2998872604284104,59.82404692082112,79.0956749672346,13.007863695937091,8.090614886731391,85.3958944281525,4.6787089132366,90.11328527291452,63.8328530259366,8.3223249669749,91.6776750330251,73.70317002881845,1.3688760806916427
2020,"Census Tract 208, Union County, North Carolina",37179020800,21.818181818181817,20.65390749601276,0.2551834130781499,34.96012759170654,59.80861244019139,3.9872408293460926,0.988835725677831,67.8048780487805,82.67278878685356,12.37312711454809,9.500959692898272,89.38086303939963,6.75234598123215,92.82265851303508,62.44343891402715,7.531380753138076,92.46861924686193,78.3710407239819,3.30316742081448
2020,"Census Tract 209.01, Union County, North Carolina",37179020901,18.42555618938962,15.17398745008557,1.274006465107435,4.39247005134056,84.27457691576346,8.841985168282944,1.2169613995056094,71.44754316069057,79.83912817851582,9.963674104826154,14.77124183006536,88.93315626383355,5.664335664335664,92.32260566110895,61.08641975308642,7.660738714090288,92.33926128590971,80.34567901234568,4.098765432098765
2020,"Census Tract 209.02, Union County, North Carolina",37179020902,23.531144161390074,14.85790016197909,0.0,1.9142983360329848,83.59593579737889,13.635694301281106,0.8540715653070239,77.54975124378109,82.94167016365925,16.470835081829627,17.33723482077542,88.8992537313433,8.338147506258425,96.15715514769143,65.07399577167018,4.328478964401294,95.6715210355987,77.2938689217759,2.9598308668076108
2020,"Census Tract 210.04, Union County, North Carolina",37179021004,29.100288271885905,8.966772872098316,3.732362312243969,7.783340919435594,77.72720376270672,8.890911849491731,1.8661811561219845,67.71739130434783,94.84827099505999,47.49470712773466,8.24270177447052,89.67391304347827,10.10057778728868,96.7054813973303,83.46101847679135,5.049208386820711,94.95079161317929,84.13699864803966,3.244704821991888
2020,"Census Tract 210.05, Union County, North Carolina",37179021005,17.004913480025635,20.743430890835292,0.0,10.275582140568254,81.64922025208288,6.772057252723777,1.3031403546250802,69.45970695970696,86.63817663817663,19.230769230769234,10.383386581469649,84.66117216117216,12.305699481865284,93.71748699479792,71.39701822197681,9.945300845350571,90.05469915464943,87.24461623412479,1.0491441192711208
2020,"Census Tract 210.06, Union County, North Carolina",37179021006,33.39130434782609,8.417391304347827,4.591304347826087,1.008695652173913,85.3391304347826,6.643478260869565,2.417391304347826,63.26013513513513,98.0817347789825,67.19488462607728,29.625076828518747,91.93412162162163,5.274151436031332,98.54932301740811,95.74235807860262,1.1332973556395036,98.86670264436049,96.67030567685589,1.146288209606987
2020,"Census Tract 210.07, Union County, North Carolina",37179021007,36.37911464245176,6.242905788876277,17.551078320090806,5.76049943246311,67.74971623155504,4.7531214528944385,4.185584562996595,67.25257928926251,96.30619684082625,73.75455650060753,11.075181891673404,94.76499808941537,3.1445138269402317,96.71779141104294,96.1271102284012,3.8204393505253105,96.1795606494747,98.85799404170804,0.0
2020,"Census Tract 210.09, Union County, North Carolina",37179021009,33.00124533001245,7.123287671232877,8.169364881693648,12.727272727272727,70.0373599003736,7.22291407222914,1.843088418430884,80.82539682539682,98.33738848337389,64.19302514193025,5.46875,92.12698412698413,4.944237918215613,96.56839052682456,93.96939693969398,1.3321492007104796,98.66785079928952,96.12961296129613,0.0
2020,"Census Tract 210.12, Union County, North Carolina",37179021012,36.78736517719569,7.395993836671804,0.7896764252696457,4.006163328197227,85.65100154083206,6.028505392912173,3.5246533127889057,80.90758162700608,96.85362517099864,50.752393980848154,5.814591332967636,92.6950747094632,4.7227300426569165,95.10461902881958,94.33333333333334,2.975420439844761,97.02457956015525,91.86666666666666,1.0666666666666667
2020,"Census Tract 210.13, Union County, North Carolina",37179021013,29.581410678971654,9.09690177982861,0.11535926170072512,14.94726433750824,63.79367172050099,14.48582729070534,6.657877389584707,78.2845188284519,98.8940329218107,48.8940329218107,5.567153792623522,86.35983263598327,4.984788205008191,97.7061170212766,88.56410256410257,8.321579689703809,91.67842031029619,73.58974358974359,1.4871794871794872
2020,"Census Tract 210.14, Union County, North Carolina",37179021014,26.44927536231884,13.727858293075684,0.40257648953301123,8.413848631239935,85.90982286634461,4.025764895330113,1.247987117552335,73.75249500998004,87.70226537216828,30.42071197411003,28.000000000000004,85.02994011976048,6.589785831960461,95.13830678960603,74.5958429561201,7.28051391862955,92.71948608137045,74.01847575057737,2.771362586605081
2020,"Census Tract 210.15, Union County, North Carolina",37179021015,23.2544494425973,16.839428906708388,3.8529239194210834,18.149814199100334,72.14942303931156,3.5986700567181695,2.249168785448856,68.34677419354838,92.26876581388811,31.908912004498173,11.287313432835822,86.0383064516129,8.296830713733575,93.85593220338984,79.75352112676056,7.642276422764227,92.35772357723577,85.09389671361502,0.9976525821596244
2020,"Census Tract 210.16, Union County, North Carolina",37179021016,30.884808013355592,6.197829716193656,13.52253756260434,8.034223706176961,67.34140233722871,7.950751252086811,3.151085141903172,76.60311958405546,100.0,78.8179148311307,4.771929824561403,95.79722703639516,5.344202898550725,97.31568998109641,93.81663113006397,1.7458100558659218,98.25418994413407,99.14712153518124,0.0
2020,"Census Tract 210.17, Union County, North Carolina",37179021017,36.06237816764132,7.035264930001772,17.650186071238704,4.040404040404041,71.53996101364523,5.245436824384193,1.5240120503278398,68.73461349089118,97.10100701861458,74.641440341776,12.88936627282492,92.61447562776958,2.6330376940133036,99.43052391799544,98.54014598540147,2.664298401420959,97.33570159857904,98.72262773722628,1.9464720194647203
2020,"Census Tract 210.18, Union County, North Carolina",37179021018,31.620085267645663,10.184746565608718,6.584557081951682,8.313595452392232,80.45949786830886,3.244907626717196,1.3974419706300332,66.43177450352337,92.48918600078648,63.546991742036965,26.238053866203302,92.8891736066624,3.602355386214063,96.98544698544698,89.72366148531951,1.278772378516624,98.72122762148338,94.81865284974094,0.0
2020,"Census Tract 210.19, Union County, North Carolina",37179021019,29.58490566037736,13.962264150943396,3.49685534591195,9.9874213836478,82.18867924528301,0.0,4.327044025157233,65.64070351758794,98.33836858006042,68.24018126888217,12.987012987012985,94.53517587939699,8.022922636103152,98.21896280775275,97.7431906614786,1.6832440703902065,98.31675592960978,94.00778210116731,0.0
2020,"Census Tract 210.20, Union County, North Carolina",37179021020,32.64775925525005,6.213466118207404,9.634119939380819,10.911452695388613,75.0162372807967,2.922710543407664,1.5154795410261963,74.65152297367062,99.19384389886406,67.8270428728472,22.271714922049,89.67475477542591,7.328833172613308,97.6962457337884,89.83050847457628,2.9327610872675254,97.06723891273248,89.53574060427414,0.6632277081798084
2020,"Census Tract 210.21, Union County, North Carolina",37179021021,26.31578947368421,12.24376731301939,11.800554016620499,12.465373961218837,73.40720221606648,1.2742382271468145,1.0526315789473684,83.24022346368714,90.69767441860465,55.01202886928629,0.0,89.80446927374301,3.4586466165413534,100.0,89.53900709219859,12.012480499219969,87.98751950078002,100.0,0.0
2020,"Census Tract 201, Chester County, South Carolina",45023020100,21.767497034400947,27.22419928825623,1.3048635824436536,51.36417556346382,44.30604982206406,0.7117437722419928,2.3131672597864767,55.02958579881657,80.73248407643312,6.289808917197452,0.0,87.3767258382643,7.12661106899166,91.81494661921708,29.075425790754256,18.452380952380953,81.54761904761905,59.7323600973236,11.313868613138686
2020,"Census Tract 202, Chester County, South Carolina",45023020200,21.501272264631044,13.58142493638677,0.0,55.62977099236641,43.25699745547074,0.44529262086513993,0.6679389312977099,65.51724137931035,73.14390467461045,4.812098991750688,0.0,76.51888341543514,1.7828200972447326,92.89267945984363,38.01717408274785,15.33377395902181,84.66622604097819,54.95706479313037,13.895394223263075
2020,"Census Tract 203, Chester County, South Carolina",45023020300,22.65927977839335,14.958448753462603,0.0,74.5983379501385,24.84764542936288,0.554016620498615,0.0,49.616189811584086,81.42734307824591,16.294067067927774,0.0,77.32030704815074,6.053008595988539,88.85523924894004,34.64506172839506,14.960629921259844,85.03937007874016,59.10493827160494,14.120370370370368
2020,"Census Tract 204, Chester County, South Carolina",45023020400,18.82693700217234,19.080376538740044,0.0,34.829833454018825,61.2961622013034,2.78783490224475,1.0861694424330195,53.25131810193322,84.14568826995179,9.587573647562936,3.8461538461538463,82.16168717047452,7.493309545049064,99.74468085106383,47.10144927536232,8.349146110056926,91.65085388994308,86.74948240165632,9.523809523809524
2020,"Census Tract 205, Chester County, South Carolina",45023020500,20.74431426602343,21.26119917298415,0.0,29.152308752584428,69.67608545830461,0.0,1.1716057891109581,70.70626003210273,83.11748381128584,13.413506012950972,3.278688524590164,95.50561797752809,12.304347826086955,95.55722891566265,40.13104013104013,17.16417910447761,82.83582089552239,88.45208845208845,8.353808353808354
2020,"Census Tract 206.01, Chester County, South Carolina",45023020601,14.255409418752652,17.013152312261347,1.7819261773440815,23.631735256682223,74.16207042851082,0.0,0.42426813746287656,69.53125,86.18421052631578,19.188596491228072,9.004739336492891,83.68055555555556,5.294408708560119,92.81767955801105,57.292659675881794,4.200913242009133,95.79908675799086,94.94756911344138,3.5271687321258343
2020,"Census Tract 206.02, Chester County, South Carolina",45023020602,24.18722619322112,19.345169471985244,0.0,28.79870878487434,61.471062946737376,6.5944201060641,3.135808162324187,58.066361556064074,91.05914718019257,17.67537826685007,2.2067363530778166,90.10297482837528,11.800486618004866,98.33753148614609,55.56213017751479,6.2673322240709926,93.732667775929,77.8698224852071,6.21301775147929
2020,"Census Tract 207, Chester County, South Carolina",45023020700,19.790675547098,16.412940057088488,2.8544243577545196,20.409134157944813,61.65556612749762,10.275927687916269,4.804947668886775,72.04767063921993,83.24432576769026,15.220293724966622,2.2408963585434174,92.41603466955578,8.185053380782918,93.91217564870259,49.8780487804878,16.751269035532996,83.24873096446701,91.09756097560975,5.0
2020,"Census Tract 208, Chester County, South Carolina",45023020800,27.88235294117647,16.823529411764707,0.5294117647058824,22.19607843137255,77.0,0.19607843137254902,0.0784313725490196,60.18220793140407,84.5707656612529,14.733178654292342,5.160142348754448,89.0139335476956,7.531266992930941,96.96227339539442,43.54043392504931,12.359550561797752,87.64044943820225,87.08086785009861,9.911242603550296
2020,"Census Tract 209, Chester County, South Carolina",45023020900,21.155638397017707,24.743709226467846,0.0,23.951537744641193,66.91519105312209,0.32618825722274,8.80708294501398,81.04667609618105,83.21722609246358,17.669411019632676,12.529550827423167,96.60537482319661,11.052009456264775,96.82959048877147,44.89795918367347,15.345528455284551,84.65447154471545,86.31452581032413,6.482593037214886
2020,"Census Tract 210, Chester County, South Carolina",45023021000,26.442762535477765,19.489120151371807,0.0,41.53263954588458,50.89877010406811,1.3245033112582782,6.244087038789026,75.74712643678161,87.35475051264525,12.030075187969924,0.0,88.39080459770115,9.45337620578778,96.35974304068522,43.50877192982456,16.01178781925344,83.98821218074656,83.04093567251462,2.456140350877193
2020,"Census Tract 101, Lancaster County, South Carolina",45057010100,19.581749049429657,17.13403041825095,2.6853612167300382,4.420152091254753,90.25665399239544,0.7842205323193916,1.85361216730038,80.01052077853761,90.51784464660602,24.70258922323303,14.638783269961978,86.58600736454498,5.053191489361701,93.51585014409221,61.25273124544792,12.380344607530311,87.61965539246968,79.53386744355426,5.826656955571741
2020,"Census Tract 102.01, Lancaster County, South Carolina",45057010201,15.552,13.696,0.0,33.056000000000004,66.656,0.16,0.128,72.16117216117216,68.9922480620155,3.9575683394532843,14.397905759162304,80.40293040293041,11.595301250473664,89.0302066772655,42.72997032640949,21.261682242990652,78.73831775700934,74.92581602373886,14.985163204747776
2020,"Census Tract 102.02, Lancaster County, South Carolina",45057010202,22.431229773462782,23.766181229773462,0.20226537216828477,22.97734627831715,72.95711974110033,1.1124595469255663,2.750809061488673,72.85954113038612,84.69045440683135,16.407441293077156,0.5537098560354374,86.56966983771684,9.021567596002104,94.99467518636848,62.65413975337639,12.532100667693888,87.4678993323061,70.99236641221374,6.811509101585438
2020,"Census Tract 103, Lancaster County, South Carolina",45057010300,23.461465631509185,15.64097708767279,0.0,26.226093542889608,66.42681310357887,0.0,7.347093353531528,68.4725050916497,88.29726651480638,14.521640091116172,1.6129032258064515,92.91242362525458,9.722909450766947,95.4005934718101,68.23125357756153,17.749529190207156,82.25047080979284,77.67601602747567,7.899255867200916
2020,"Census Tract 104, Lancaster County, South Carolina",45057010400,17.535714285714285,12.714285714285714,0.8214285714285714,36.964285714285715,60.03571428571428,1.0,1.1785714285714286,59.97466751108297,86.07176581680831,16.383380547686496,16.786570743405278,90.56364787840405,9.008228670420095,96.47806004618937,59.507640067911716,11.161387631975868,88.83861236802413,90.49235993208828,4.838709677419355
2020,"Census Tract 105, Lancaster County, South Carolina",45057010500,22.028581387242944,8.940397350993377,2.352736144998257,30.86441268734751,56.20425235273615,4.147786685256187,6.430812129661903,67.20867208672087,78.80434782608695,12.836438923395447,0.0,81.26209833526906,4.135002235136343,92.98121233605104,54.732313575525815,3.638876093965914,96.36112390603408,59.60803059273423,4.923518164435946
2020,"Census Tract 106, Lancaster County, South Carolina",45057010600,22.57242916268704,16.809933142311365,0.0,36.23049984081503,48.43998726520217,13.928685132123528,1.4008277618592806,57.37285034760337,82.54079254079254,12.727272727272727,8.747514910536779,83.75411635565312,11.060855263157894,92.66980497646267,73.64341085271317,9.54421503700818,90.45578496299181,76.95951765719208,5.1248923341946595
2020,"Census Tract 107, Lancaster County, South Carolina",45057010700,27.052384675527758,15.845712796455564,0.0,85.43132655720615,9.877508470158979,4.091738337242638,0.5994266353922335,49.311023622047244,72.0110847189232,3.2066508313539197,1.7881705639614855,83.75984251968504,3.965702036441586,75.2488387524884,38.87362637362637,13.846153846153847,86.15384615384616,27.06043956043956,20.192307692307693
2020,"Census Tract 108, Lancaster County, South Carolina",45057010800,18.703148425787106,19.75262368815592,2.0989505247376314,37.668665667166415,52.84857571214393,6.634182908545727,0.7496251874062968,54.37693099897013,73.68421052631578,10.181997048696507,2.346041055718475,76.62203913491246,6.314312441534144,78.39555202541699,51.717171717171716,17.224080267558527,82.77591973244147,42.42424242424242,10.909090909090908
2020,"Census Tract 109, Lancaster County, South Carolina",45057010900,25.506756756756754,25.365990990990987,0.08445945945945946,17.68018018018018,69.62274774774775,11.739864864864865,0.8727477477477477,45.82542694497154,81.5068493150685,28.2433521353747,7.288629737609329,86.05313092979127,7.369614512471655,82.10382513661202,70.79207920792079,6.1712010617120105,93.82879893828799,71.92362093352193,10.113154172560112
2020,"Census Tract 110.01, Lancaster County, South Carolina",45057011001,18.065967016491754,19.62143928035982,0.0,31.615442278860566,67.89730134932533,0.4497751124437781,0.037481259370314844,67.1749598715891,85.29698149951315,10.63777994157741,8.726752503576538,91.17174959871589,14.730100640439158,93.38181818181818,65.51904016692748,16.652173913043477,83.34782608695652,83.77673448095983,4.068857589984351
2020,"Census Tract 110.02, Lancaster County, South Carolina",45057011002,28.555941023417176,16.825672159583693,0.0,17.497831743278404,75.80225498699046,4.748482220294883,1.9514310494362535,65.87125416204216,82.34880450070324,11.814345991561181,0.7215007215007215,91.45394006659268,6.191198786039454,94.88866396761134,58.37801608579088,14.5475372279496,85.4524627720504,81.1662198391421,6.702412868632708
2020,"Census Tract 111, Lancaster County, South Carolina",45057011100,19.684103260869566,17.425271739130434,0.0,24.405570652173914,65.8118206521739,9.273097826086957,0.5095108695652174,61.644374508261215,81.06692069540367,20.028578232912597,51.69578622816034,88.1195908733281,5.478575996589213,91.4495657982632,68.78048780487805,3.6654135338345863,96.33458646616542,79.1219512195122,3.560975609756097
2020,"Census Tract 112.03, Lancaster County, South Carolina",45057011203,27.926232593150168,5.118554761008657,5.419646217538578,1.0914565299209635,86.8648852088822,6.6240120436582615,0.0,75.34685165421558,93.22404371584699,45.1912568306011,12.077294685990339,86.97972251867662,2.1085925144965736,98.86578449905483,84.32601880877742,2.7439024390243905,97.2560975609756,91.22257053291536,0.0
2020,"Census Tract 112.04, Lancaster County, South Carolina",45057011204,24.574816664066155,18.61444843189265,2.1844281479169916,8.503666718676861,74.8790762989546,13.949134030269933,0.4836948041816196,62.333441663958396,93.43729694606887,52.978124323153565,6.260720411663807,94.15014624634385,8.378154737277617,98.82048331415419,93.49330872173512,8.757894736842104,91.2421052631579,99.35394554683896,2.076603599446239
2020,"Census Tract 112.05, Lancaster County, South Carolina",45057011205,25.895663104965433,16.13764927718416,4.195474544311754,4.242614707730987,82.1181646763042,6.976744186046512,2.4670018856065368,72.60228034875922,96.87010954616588,45.2492734182875,9.710391822827939,88.02816901408451,5.173876166242578,98.52376734573369,92.5609756097561,3.8686987104337636,96.13130128956624,80.20325203252033,0.4878048780487805
2020,"Census Tract 112.06, Lancaster County, South Carolina",45057011206,12.276785714285714,20.535714285714285,0.0,0.0,100.0,0.0,0.0,42.600896860986545,66.34865568083261,17.17259323503903,50.90909090909091,98.87892376681614,1.6963528413910092,95.70815450643777,64.7887323943662,11.25,88.75,95.95070422535211,1.7605633802816902
2020,"Census Tract 112.07, Lancaster County, South Carolina",45057011207,37.57603063753098,8.830817751745888,6.510475332282045,1.8697904933543592,87.09168731696329,4.100022527596305,0.4280243298040099,70.41942604856513,95.20309477756285,51.373307543520305,35.81327498176513,88.46578366445917,4.944063514976542,98.80782069623272,90.57406094968108,0.0,100.0,100.0,0.0
2020,"Census Tract 112.08, Lancaster County, South Carolina",45057011208,19.670369043353634,24.274453600859907,0.627015406664278,12.701540666427805,71.31852382658546,13.41812970261555,1.9347903977069152,88.45878136200717,98.93984220907298,51.429980276134124,16.20294599018003,90.46594982078852,5.508474576271186,97.25177304964538,87.4355368026254,2.4691358024691357,97.53086419753086,83.26300984528832,0.0
2020,"Census Tract 112.09, Lancaster County, South Carolina",45057011209,4.968545384516626,66.55539863910643,3.119784311208114,3.0427525998202594,89.63923481833355,0.0,4.198228270638079,90.19047619047619,98.5886544258701,52.54864346396273,63.541666666666664,94.28571428571428,14.631180761956228,78.7366046249295,85.35292700554083,2.9005847953216377,97.09941520467837,99.7350036135871,0.0
2020,"Census Tract 112.10, Lancaster County, South Carolina",45057011210,26.543209876543212,16.191832858499524,0.0,7.122507122507122,80.5318138651472,4.036087369420703,8.309591642924977,89.65034965034965,99.22430510665805,61.53846153846154,1.882845188284519,96.64335664335665,4.201680672268908,96.34801288936627,93.51620947630923,0.0,100.0,100.0,0.0
2020,"Census Tract 112.11, Lancaster County, South Carolina",45057011211,4.316546762589928,21.58273381294964,0.0,0.0,91.36690647482014,8.633093525179856,0.0,64.98194945848375,82.1522309711286,0.7874015748031495,0.0,51.624548736462096,33.08270676691729,100.0,61.98830409356725,0.0,100.0,100.0,0.0
2020,"Census Tract 601.02, York County, South Carolina",45091060102,11.81750186985789,11.219147344801796,0.5235602094240838,17.427075542258788,75.46746447270007,6.544502617801047,0.037397157816005985,57.4585635359116,91.33370849746765,48.79009566685425,4.455445544554455,79.8342541436464,3.061224489795918,92.15930304915993,84.90893321769298,11.579754601226993,88.420245398773,40.58976582827407,5.9843885516045106
2020,"Census Tract 602, York County, South Carolina",45091060200,23.006833712984054,13.945836497089346,1.7463933181473046,37.205770690964314,49.81017463933182,4.25208807896735,6.985573272589218,46.27766599597585,82.24333211545488,15.893313847278042,1.21765601217656,81.95841716968476,5.884286653517423,80.3921568627451,54.1881443298969,7.78371954842543,92.21628045157458,40.399484536082475,7.345360824742269
2020,"Census Tract 603, York County, South Carolina",45091060300,27.382515095825678,11.682856392754005,0.0,68.94197952218431,23.575741664478866,5.95956944079811,1.522709372538724,45.851528384279476,81.26777732629013,10.077204388459975,0.0,80.89519650655022,7.266811279826464,93.73134328358209,51.059850374064844,10.590858416945373,89.40914158305463,50.43640897755611,16.58354114713217
2020,"Census Tract 604.01, York County, South Carolina",45091060401,19.96933691069375,20.620927558451513,0.0,91.79762361057877,3.0663089306247606,4.9827520122652365,0.15331544653123802,54.54545454545454,70.10135135135135,4.617117117117117,0.0,80.9477756286267,6.082375478927203,86.83360258481422,37.9096545615589,2.6724137931034484,97.32758620689656,48.892825509300266,14.70327723649247
2020,"Census Tract 604.02, York County, South Carolina",45091060402,26.906957250628665,11.357921207041073,1.9698239731768652,70.3688181056161,23.38642078792959,1.6345347862531434,2.6404023470243088,53.40356564019449,92.07800121876905,37.17245581962218,0.0,82.00972447325769,9.254947613504076,91.34328358208955,71.15613825983314,1.756440281030445,98.24355971896955,76.40047675804529,4.648390941597139
2020,"Census Tract 605.01, York County, South Carolina",45091060501,15.513959390862944,11.6751269035533,1.2055837563451777,57.931472081218274,35.97715736040609,3.013959390862944,1.8718274111675128,47.159090909090914,81.54627539503386,15.632054176072236,1.3297872340425532,70.37337662337663,3.9518253669552124,87.40936058009228,53.01016419077405,18.793650793650794,81.2063492063492,26.974198592650506,19.155590304925724
2020,"Census Tract 605.02, York County, South Carolina",45091060502,30.458515283842797,14.992721979621543,0.0,87.84570596797671,11.499272197962155,0.6550218340611353,0.0,45.44701986754967,82.0708446866485,8.773841961852861,0.0,85.9271523178808,13.762428048142333,91.8091168091168,46.89922480620155,7.277628032345014,92.72237196765498,53.875968992248055,5.910852713178294
2020,"Census Tract 606, York County, South Carolina",45091060600,1.627906976744186,0.1744186046511628,0.0,29.651162790697676,63.197674418604656,4.127906976744186,3.0232558139534884,23.597359735973598,88.57142857142857,54.285714285714285,,44.554455445544555,0.1182033096926714,83.53658536585365,,,,,
2020,"Census Tract 607, York County, South Carolina",45091060700,21.779661016949152,23.372881355932204,0.7627118644067797,14.542372881355933,81.03389830508475,3.3220338983050843,0.3389830508474576,42.23864836325237,95.49170175873172,48.64998761456527,27.969348659003828,85.42766631467794,9.897759408309767,97.00193423597679,71.54917686787674,2.9098360655737703,97.09016393442623,76.95230054875475,2.7859856479527227
2020,"Census Tract 608.02, York County, South Carolina",45091060802,22.194881889763778,15.157480314960631,2.017716535433071,26.722440944881892,58.95669291338582,8.169291338582676,4.133858267716536,44.0251572327044,87.75510204081633,30.75299085151302,7.165109034267912,94.12997903563941,5.629348513598988,96.3436928702011,74.86910994764398,5.093167701863354,94.90683229813665,84.68586387434554,3.2722513089005236
2020,"Census Tract 608.03, York County, South Carolina",45091060803,25.075475048836797,16.62226957911561,3.569525839104955,16.56899307405434,50.790268158408814,25.6259989344699,3.4452139939619957,52.11701308698999,91.82733812949641,27.568345323741006,3.5827186512118017,95.34257120862202,3.70278943470748,87.34735413839891,58.35591689250226,6.4638783269961975,93.5361216730038,44.71544715447154,8.807588075880759
2020,"Census Tract 608.04, York County, South Carolina",45091060804,20.569959288622243,11.656310263552603,0.9642168416541675,19.820012856224555,61.55988857938719,13.499035783158345,4.156845939575744,52.817186866639645,90.07048728164267,25.283481458780265,6.699346405228758,92.298338062424,15.160507148637711,91.04584527220631,67.70467101958815,6.349952963311383,93.65004703668862,53.189352084379706,3.616273229532898
2020,"Census Tract 609.01, York County, South Carolina",45091060901,24.73607276270911,7.162579178171187,2.387526392723729,41.042715608250774,44.5996426831249,10.10232255968816,1.867792756212441,58.67423111376531,86.06471816283926,30.40187891440501,2.3140495867768593,84.14452075246342,5.330168321104877,97.6511879049676,66.32902549772966,5.292755540853457,94.70724445914655,19.524973803702412,8.627314006287111
2020,"Census Tract 609.04, York County, South Carolina",45091060904,20.144804088586028,16.92220329358319,0.2271436683702442,22.089721749006248,70.68427030096535,5.565019875070982,1.4338444065871665,62.854710556186156,92.82163451978525,32.86935772519388,1.5765765765765765,89.61407491486946,9.066666666666666,98.05950840879689,79.16162837565498,2.9342723004694835,97.06572769953051,98.58927851672713,0.44336960902861755
2020,"Census Tract 609.08, York County, South Carolina",45091060908,25.08425613866153,9.894077997111218,1.1073663938372653,48.45931632161772,48.6519017814155,0.6740491092922485,1.1073663938372653,48.465963566634706,90.65489330389993,33.33333333333333,8.415147265077138,78.47555129434323,8.033419023136247,96.98426573426573,73.26302729528535,2.715751357875679,97.28424864212431,37.468982630272954,0.0
2020,"Census Tract 609.09, York County, South Carolina",45091060909,17.54845468831849,28.6013619696176,3.352540597171294,14.632442814737209,76.09568709621092,5.01134974681334,0.9079797450672253,52.34549516008935,94.23887587822014,35.995316159250585,5.68445475638051,84.13998510796723,14.188903007200338,96.70292318150918,86.01141924959217,2.0375549340791053,97.9624450659209,73.7357259380098,1.264274061990212
2020,"Census Tract 609.10, York County, South Carolina",45091060910,27.08124373119358,15.79739217652959,1.7803410230692076,13.465396188565698,79.81444332998997,4.413239719157472,0.526579739217653,76.41347801256425,95.48736462093864,43.42960288808664,4.988399071925754,91.09080525414049,14.236588720770287,94.28571428571428,86.97705802968962,9.523809523809524,90.47619047619048,94.26450742240216,1.0121457489878543
2020,"Census Tract 609.11, York County, South Carolina",45091060911,25.59003902620331,15.554729604162794,2.3415721984761197,14.718453818992753,73.22059096822152,4.478721427244007,5.240661587065601,61.06442577030813,96.37719765583378,41.635588705380925,22.801024765157983,91.9234360410831,14.785214785214784,93.93583724569639,83.32539304430682,0.0,100.0,93.18723201524536,0.7146260123868509
2020,"Census Tract 609.12, York County, South Carolina",45091060912,27.48292170257488,8.775617446137678,5.097214923804519,6.621124540199684,82.13347346295323,5.202312138728324,0.9458749343142407,43.44086021505376,97.86898184688239,41.75217048145225,8.709677419354838,90.32258064516128,8.985507246376812,98.62637362637363,79.40797940797941,6.610576923076923,93.38942307692307,81.46718146718148,0.0
2020,"Census Tract 609.13, York County, South Carolina",45091060913,20.024683739586546,14.146868250539956,2.6535020055538414,16.476396174020362,66.44554149953717,7.127429805615551,7.2971305152730634,51.73076923076923,91.89861959719393,37.700837293505316,5.8702368692070035,83.75,13.811728395061728,98.0,70.38418500559493,9.761023224503534,90.23897677549647,52.74151436031331,7.273405445729206
2020,"Census Tract 610.04, York County, South Carolina",45091061004,28.432746196957563,12.479983987189753,1.00080064051241,6.635308246597278,86.64931945556445,3.8730984787830263,1.8414731785428344,55.75158786167961,89.63175369755508,50.39239360096589,2.007856831078132,80.68689720065866,6.530555167109495,92.73701718721124,88.39463929284288,3.067993366500829,96.93200663349917,72.82577701739379,1.5968063872255487
2020,"Census Tract 610.06, York County, South Carolina",45091061006,25.546448087431695,13.360655737704919,8.797814207650273,10.273224043715846,73.46994535519126,5.46448087431694,1.994535519125683,63.34310850439883,99.17830731306492,61.95562859490551,1.8469656992084433,93.54838709677419,9.572901325478647,98.3026874115983,88.85017421602788,0.0,100.0,87.3170731707317,0.6968641114982579
2020,"Census Tract 610.07, York County, South Carolina",45091061007,24.026402640264028,10.970297029702971,8.792079207920791,11.59075907590759,58.70627062706271,15.102310231023102,5.808580858085809,51.70916983179599,86.76175170751306,34.59220570510245,11.095983662355344,84.80737927292458,6.009406026824595,96.50118203309692,75.70315147407658,5.416666666666667,94.58333333333333,73.87326330057607,3.3209081667231444
2020,"Census Tract 610.08, York County, South Carolina",45091061008,39.24665856622114,9.16160388821385,5.735115431348724,14.993924665856623,67.41190765492102,7.108140947752125,4.750911300121507,56.02230483271376,95.40827377084688,55.20901017977041,7.383966244725738,94.12639405204462,10.440000000000001,98.9865871833085,89.80941267989108,1.1153846153846154,98.88461538461539,85.95877090626215,3.4227926876701673
2020,"Census Tract 610.09, York County, South Carolina",45091061009,28.106178898059337,15.670310060227527,8.320321213473122,6.981931742136963,76.74548293553424,6.725407093464197,1.2268570153914788,75.49484248675775,98.81870385561936,62.62510254306809,6.970260223048327,90.60496236409256,7.202862476664593,95.67350579839429,84.92736077481841,2.3352054389595036,97.6647945610405,86.65254237288136,2.1489104116222757
2020,"Census Tract 610.10, York County, South Carolina",45091061010,28.542591844973757,11.465482438433588,11.526039563988697,4.380298748486071,64.10981025433993,17.68268066209124,2.3011707710940654,69.99031945788964,98.9722827779508,58.081594518841484,0.0,92.98160696999031,8.220338983050848,97.35576923076923,76.39211136890951,6.151333696243875,93.84866630375612,74.18793503480279,0.9280742459396751
2020,"Census Tract 610.11, York County, South Carolina",45091061011,20.914641446186998,11.31330061055908,10.990063450257392,12.666107985155033,62.241110978091704,11.588650784149406,2.5140668023464623,74.64149139579351,95.7408906882591,52.0161943319838,3.912363067292645,92.47131931166348,8.991825613079019,98.97067391726549,81.31109833237493,4.398020890599231,95.60197910940077,60.83956296722254,3.27774583093732
2020,"Census Tract 610.12, York County, South Carolina",45091061012,25.79798863139484,8.417140358548316,1.880192391779624,6.755574989068649,86.64188893747267,3.4761696545693046,1.2461740271097508,57.74165953806673,98.9351081530782,56.93843594009983,24.279210925644918,87.29683490162532,3.8892162639952854,98.69597615499255,81.05813193990856,5.435453983940705,94.5645460160593,79.55584585238407,5.029392553886349
2020,"Census Tract 611.01, York County, South Carolina",45091061101,20.72840790842872,14.94276795005203,0.8324661810613945,21.89386056191467,69.90634755463059,4.536940686784599,2.8303850156087407,45.21348314606742,94.0472629374813,26.951839664971583,7.61478163493841,89.07865168539327,8.00735101076398,96.29209231933409,81.06185002736727,6.115107913669065,93.88489208633094,81.11658456486043,1.8062397372742198
2020,"Census Tract 611.03, York County, South Carolina",45091061103,30.55318109659299,7.20478690926853,0.8303822200512883,10.196605202100379,79.32592502137014,4.017584564659909,5.629502991818293,66.19427982478743,96.66603162507144,52.29567536673652,3.180212014134275,94.61479000257665,4.712502197995428,97.27800089245872,87.75055679287304,6.94300518134715,93.05699481865285,87.00816629547143,0.25983667409057165
2020,"Census Tract 611.04, York County, South Carolina",45091061104,24.50745719020438,17.34487203093353,2.504142883446879,3.829865586448168,80.22463634689744,5.726385564352789,7.714969618854722,70.05800981704596,95.27262959978512,46.360461993016386,7.279344858962693,86.65774207942883,5.8953033268101755,96.27601314348301,87.46048472075869,2.215352910870685,97.78464708912932,96.78609062170706,1.738672286617492
2020,"Census Tract 612.02, York County, South Carolina",45091061202,24.069319640564828,17.3727000427899,0.2781343602909713,7.167308515190415,60.33376123234917,1.0911424903722722,31.129653401797174,60.425311203319495,87.8893833439288,17.546090273363003,13.214285714285715,90.97510373443983,11.834319526627219,90.79535299374442,72.44956772334294,4.879385964912281,95.12061403508771,79.36599423631124,4.438040345821326
2020,"Census Tract 612.03, York County, South Carolina",45091061203,26.15476904619076,11.457708458308339,0.8848230353929214,14.202159568086383,80.0389922015597,1.5146970605878824,3.3593281343731256,67.82077393075356,87.75011116051579,21.431747443308137,4.824976348155157,89.74881194840462,6.823720552396425,90.49874616884927,71.99665131854333,5.94488188976378,94.05511811023622,84.8890749267476,7.450816241105065
2020,"Census Tract 612.04, York County, South Carolina",45091061204,20.599520383693047,14.316546762589926,1.4388489208633095,26.235011990407674,68.10551558752998,3.1414868105515588,1.079136690647482,53.4447615165104,95.54096094020048,37.08952644313861,1.383399209486166,81.08438646555238,12.484662576687116,97.2993827160494,80.9227579056506,3.6944583125312036,96.3055416874688,42.871954380508036,6.1171591498185585
2020,"Census Tract 612.05, York County, South Carolina",45091061205,26.510896427769044,17.29948326218827,0.0,14.40125814423725,80.11682767917321,3.0779600089867443,2.403954167602786,55.151204510507434,82.22514812376563,23.074391046741276,4.657179818887451,89.08252178370066,10.902371419772097,96.52173913043478,75.3529411764706,8.651262761955937,91.34873723804407,68.05882352941175,0.6470588235294118
2020,"Census Tract 613.01, York County, South Carolina",45091061301,26.305525460455037,12.09100758396533,0.7583965330444203,55.687973997833154,35.51462621885157,2.6652221018418203,5.373781148429035,64.92682926829268,89.91735537190083,18.578512396694215,5.829015544041451,87.90243902439025,9.071856287425149,86.0764587525151,66.00117439812097,6.015452538631346,93.98454746136865,77.68643570170288,6.400469759248385
2020,"Census Tract 613.02, York County, South Carolina",45091061302,18.91545687446627,12.830913748932538,0.2134927412467976,22.758326216908625,73.86848847139197,2.69000853970965,0.4696840307429547,74.85055508112724,90.92505854800936,21.399297423887585,0.0,87.14773697694278,7.898894154818326,95.08797653958945,68.80977683315622,5.141129032258065,94.85887096774194,80.87141339001063,5.791710945802338
2020,"Census Tract 614.01, York County, South Carolina",45091061401,22.69897732325478,12.272120942641173,1.511783014673188,8.71498443752779,87.08314806580702,2.223210315695865,0.4668741662961316,72.25738396624473,82.55333792154164,14.59050240880936,4.700352526439483,75.10548523206751,6.9025021570319245,86.60116123269317,43.51676154332701,9.03337169159954,90.96662830840046,69.44971537001898,3.289057558507274
2020,"Census Tract 614.03, York County, South Carolina",45091061403,23.86626944720291,13.670969877523998,1.1420059582919564,15.52466070837471,79.5762992386627,2.1516054286660045,1.6054286660046342,66.92233940556088,86.07905720599067,28.94672231770194,12.027158098933075,85.61840843720039,8.326086956521738,97.89067142008318,74.86910994764398,5.995525727069351,94.00447427293065,82.24654926225607,0.0
2020,"Census Tract 614.04, York County, South Carolina",45091061404,20.713178294573645,24.651162790697676,2.7286821705426356,21.11627906976744,70.94573643410853,4.55813953488372,0.6511627906976745,52.552552552552555,97.1558120362737,45.795548227535036,10.598290598290598,91.8918918918919,8.486507626124364,97.40967961826857,82.67776096822995,2.865540044085231,97.13445995591476,73.67624810892586,6.505295007564296
2020,"Census Tract 615.03, York County, South Carolina",45091061503,24.18278852568379,19.34623082054703,0.1667778519012675,5.970647098065377,91.3275517011341,1.1007338225483656,1.4342895263509006,62.32727272727273,97.08872458410352,28.88170055452865,18.02426343154246,91.56363636363636,14.518257809062913,96.6465459423206,67.5417661097852,3.604294478527607,96.3957055214724,80.7478122513922,5.88703261734288
2020,"Census Tract 615.04, York County, South Carolina",45091061504,18.391034620772466,12.627576545927557,1.3007804682809685,9.425655393235942,84.27056233740244,3.582149289573744,1.4208525115069042,71.28454070201643,85.54928820843406,6.741874832124631,8.982035928143713,86.14637789395071,10.11070110701107,96.68896321070234,75.0,12.865497076023392,87.13450292397661,88.9261744966443,0.0
2020,"Census Tract 615.05, York County, South Carolina",45091061505,16.237767306995288,10.148604566872056,0.0,15.041681768756796,78.28923523015585,4.168176875679594,2.5009061254077563,49.38053097345133,83.471837488458,11.865189289012005,8.333333333333332,83.00884955752213,6.057983556901774,90.41095890410958,59.49895615866389,5.242334322453017,94.75766567754698,90.18789144050105,2.2964509394572024
2020,"Census Tract 615.06, York County, South Carolina",45091061506,20.257234726688104,19.123371128786594,0.0,7.040108309358606,89.9983076662718,1.8954137755965477,1.066170248773058,63.93266475644699,93.73092275181968,16.41230335759568,1.185770750988142,88.57449856733524,6.36672325976231,91.45476049674748,62.839506172839506,2.0161290322580645,97.98387096774194,83.62139917695474,0.6995884773662552
2020,"Census Tract 616.01, York County, South Carolina",45091061601,28.9622956289623,12.712712712712712,0.06673340006673341,50.784117450784116,44.411077744411074,2.6026026026026026,2.135468802135469,53.84615384615385,84.03019744483159,17.71196283391405,6.942392909896602,83.16742081447964,5.260685767966181,83.3211944646759,41.10813226094727,16.179775280898877,83.82022471910112,64.70062555853441,9.919571045576408
2020,"Census Tract 616.02, York County, South Carolina",45091061602,24.628282189180638,15.37488136665612,0.0,27.839291363492563,60.866814299272384,5.314773805757671,5.97912053147738,59.4448449891853,86.27674101046881,21.07419208010924,5.542725173210162,85.50829127613554,9.135021097046414,95.24932614555256,55.58715969118244,7.026822818284851,92.97317718171514,64.03900853311661,9.38642828118651
2020,"Census Tract 617.01, York County, South Carolina",45091061701,23.603871928518245,19.899478778853315,0.33507073715562175,2.308265078183172,89.76172747580044,2.8108711839166047,4.784065524944155,69.19385796545106,89.0,17.342105263157894,46.030150753768844,84.78886756238005,13.328460038986357,95.19188354653727,50.187090739008426,6.474190726159231,93.52580927384076,81.66510757717494,2.0112254443405053
2020,"Census Tract 617.05, York County, South Carolina",45091061705,23.41999577256394,12.851405622489958,0.9300359332065102,9.067850348763475,86.81039949270767,1.564151342210949,1.6275628831113929,72.35772357723577,89.72343522561863,23.697234352256185,9.200968523002421,87.03969392635102,10.597675705589376,96.3172804532578,76.54387865655471,5.381855458739109,94.61814454126089,84.88624052004333,0.5417118093174431
2020,"Census Tract 617.06, York County, South Carolina",45091061706,23.269029460146555,17.511589651562733,1.6300284133393153,8.060415732017347,81.11260655002243,8.19500523403619,1.0019440705847167,73.67124252023936,91.71572750210261,26.07232968881413,2.771179730799683,90.35550862372405,10.621711167413759,95.56942277691107,73.2842186894145,8.089807555238774,91.91019244476124,80.41876696393952,0.0
2020,"Census Tract 617.08, York County, South Carolina",45091061708,34.323120529086246,10.838169793494398,1.2417330273991092,10.136320691051424,83.49304899446619,3.6847077878256176,1.4441894992576596,69.55203772313911,97.4972067039106,50.659217877094974,10.507432086109688,93.09531828898619,11.228725612287256,93.8842076651264,90.311986863711,2.8320702034303946,97.16792979656961,84.4417077175698,1.9704433497536946
2020,"Census Tract 617.09, York County, South Carolina",45091061709,22.39448751076658,14.883720930232558,0.6201550387596899,11.162790697674419,79.53488372093022,7.648578811369509,1.03359173126615,80.57275541795666,96.35502958579882,43.50295857988166,6.381039197812215,89.1640866873065,9.522752497225305,98.47113884555382,76.21671258034894,4.973821989528796,95.02617801047121,71.62534435261708,1.6988062442607896
2020,"Census Tract 617.10, York County, South Carolina",45091061710,20.44882070070987,25.30341195328601,1.809022212044882,5.106480421341883,84.86375085871308,7.510877032287612,0.7098694756125487,77.15003138731952,97.67879548306148,39.52321204516939,6.18705035971223,94.53860640301318,8.290155440414509,92.27780475959203,85.90831918505943,8.255451713395638,91.74454828660437,86.02150537634408,0.7357102433503113
2020,"Census Tract 618.01, York County, South Carolina",45091061801,31.34513824168997,9.568188878533707,0.5281143212177695,24.510717614165888,62.410686548617576,5.032618825722274,7.517862690276483,73.07692307692307,78.60721442885772,18.43687374749499,4.844290657439446,86.3499245852187,3.619909502262444,95.77098243331164,64.81994459833795,12.094155844155845,87.90584415584416,71.74515235457064,5.8171745152354575
2020,"Census Tract 618.02, York County, South Carolina",45091061802,21.770237121831563,15.617334423548652,4.415372035977105,5.417007358953393,76.92150449713819,6.623058053965658,6.623058053965658,61.91919191919192,87.7668782458165,20.196191575302944,4.2682926829268295,90.45454545454545,7.839038411288215,92.27539882451721,70.9288990825688,8.403361344537815,91.59663865546219,72.36238532110092,2.8096330275229358
2020,"Census Tract 619, York County, South Carolina",45091061900,18.0835734870317,22.136167146974064,0.1260806916426513,14.085014409221902,82.38472622478386,1.4589337175792507,1.9452449567723344,82.20338983050848,87.13723561239547,17.51106738809641,7.654320987654321,84.91525423728814,11.54353562005277,96.60527266161068,22.09893666204346,7.721843003412969,92.27815699658703,84.60471567267683,2.4503005085529357
