Year,NAME,GEOID,PercentUnder18,PercentOver65,PercentAsian,PercentBlack,PercentWhite,PercentHispanic,PercentOther,PercentDroveMoreThan20Minutes,PercentHighSchoolDiploma,PercentAdultsWithAtLeastBachelors,PercentPrivateSchool,PercentDroveAlone,PercentVeteran,PercentEmployed,PercentInternetAccess,PercentVacant,PercentOccupied,PercentOwnerOccupied,PercentNoVehicle
2019,"Census Tract 9201, Anson County, North Carolina",37007920100,23.98548333883207,17.090069284064665,0.0,48.43286044209832,47.080171560541075,0.0,4.486967997360607,52.684258416742495,77.53488372093024,9.767441860465116,12.57396449704142,88.0800727934486,10.894097222222223,92.45585874799357,51.37195121951219,18.407960199004975,81.59203980099502,71.34146341463415,6.554878048780488
2019,"Census Tract 9202, Anson County, North Carolina",37007920200,20.2020202020202,16.427432216905903,3.349282296650718,49.229133439659755,42.15842636895268,4.57203615098352,0.6911217437533227,63.05655836341757,79.81455064194009,11.697574893009985,0.0,82.43080625752106,7.994670219853431,95.72553430821146,62.97872340425532,20.697412823397077,79.30258717660293,75.0354609929078,4.822695035460993
2019,"Census Tract 9203, Anson County, North Carolina",37007920300,15.71504802561366,16.50213447171825,0.8004268943436499,26.74759871931697,65.66168623265742,4.255602988260406,2.5346851654215583,70.70954211814052,80.41201117318437,8.589385474860336,12.101210121012102,85.38972387277177,6.63184552073441,95.45454545454545,56.79314565483477,16.547497446373853,83.45250255362615,74.98980008159934,4.528763769889841
2019,"Census Tract 9204, Anson County, North Carolina",37007920400,28.15748031496063,11.05511811023622,0.0,82.51968503937009,17.165354330708663,0.0,0.31496062992125984,54.43234836702955,84.20212765957447,6.542553191489361,0.0,83.8258164852255,3.94563787812363,87.25743855109961,48.8645920941968,15.493958777540866,84.50604122245913,48.8645920941968,17.830109335576115
2019,"Census Tract 9205, Anson County, North Carolina",37007920500,17.355371900826448,21.86489399928135,2.443406395975566,60.88753144089113,34.94430470715056,1.0420409629895795,0.6827164929931728,48.88597640891219,81.58586099832816,17.578218294721758,4.105090311986864,93.40323285277414,6.978260869565217,90.064467197573,62.281879194630875,16.072099136312428,83.92790086368757,59.46308724832215,10.51454138702461
2019,"Census Tract 9206, Anson County, North Carolina",37007920600,18.278710365041302,22.088995470290435,1.9184652278177456,42.84572342126299,39.27524646949108,14.441779909405808,1.518784972022382,47.5189725627554,80.72018004501126,11.515378844711178,10.671256454388985,74.95621716287215,8.607760026084122,88.3170355120947,41.804788213627994,23.08781869688385,76.91218130311614,66.5438919582566,10.128913443830571
2019,"Census Tract 405, Cabarrus County, North Carolina",37025040500,26.130279595478882,12.544616299821534,0.2007733491969066,20.21861986912552,60.336109458655564,16.478286734086854,2.7662105889351576,64.93854396470218,87.17605004468275,23.894101876675602,6.593806921675774,81.29530412858493,9.019528890678478,93.79952731822605,85.02083333333333,5.044510385756676,94.95548961424333,69.04166666666667,2.5833333333333335
2019,"Census Tract 406, Cabarrus County, North Carolina",37025040600,19.71513185728388,16.88055281342547,0.0,6.557608235791849,84.67070934988013,5.401212804964039,3.3704696093639823,61.711448598130836,89.1546726130144,15.305088181633893,0.0,91.06308411214953,6.1303354997365185,96.21416982152515,73.8989898989899,8.129175946547884,91.87082405345211,79.67676767676768,2.2626262626262625
2019,"Census Tract 407.01, Cabarrus County, North Carolina",37025040701,22.56134051466188,15.739078396169958,0.0,17.354877318970676,66.24775583482945,14.90125673249551,1.4961101137043686,54.08299866131191,81.16666666666667,10.333333333333334,4.887218045112782,87.14859437751004,6.568778979907264,91.06078665077473,68.40490797546013,14.547837483617302,85.4521625163827,66.87116564417178,2.4539877300613497
2019,"Census Tract 407.02, Cabarrus County, North Carolina",37025040702,28.54542909141817,15.315693686126277,1.0499790004199916,30.855382892342153,54.150916981660366,11.493770124597507,2.4499510009799805,58.203125,88.05212014134275,14.20053003533569,6.82571239231279,86.1328125,9.992163009404388,94.3117178612059,75.39808917197452,4.158718046547119,95.84128195345288,60.94745222929936,6.090764331210191
2019,"Census Tract 407.03, Cabarrus County, North Carolina",37025040703,35.39630836047774,16.53999276149113,0.0,37.96597900832428,38.36409699601882,20.91929062613102,2.7506333695258776,39.175257731958766,77.72426249247442,7.164358819987959,0.0,78.45360824742268,7.450980392156863,95.07609668755596,58.2089552238806,15.874439461883409,84.12556053811659,28.038379530916846,4.157782515991471
2019,"Census Tract 408, Cabarrus County, North Carolina",37025040800,25.079787234042556,14.175531914893616,0.0,18.75,64.12234042553192,14.680851063829786,2.4468085106382977,56.557377049180324,78.49117174959872,19.662921348314608,6.011730205278592,84.71896955503513,8.413205537806178,94.31202600216685,64.66113416320886,20.066334991708125,79.93366500829188,53.80359612724758,7.883817427385892
2019,"Census Tract 409, Cabarrus County, North Carolina",37025040900,20.96854717923115,13.97903145282077,0.14977533699450823,21.91712431352971,59.11133300049926,17.67348976535197,1.1482775836245633,54.24901185770751,89.87246811702926,23.10577644411103,3.050847457627119,96.93675889328063,4.421983575489577,93.95306859205776,72.03495630461923,10.1010101010101,89.8989898989899,61.54806491885143,2.9962546816479403
2019,"Census Tract 410, Cabarrus County, North Carolina",37025041000,27.439233139335844,12.615542622389592,0.0,24.135570010270456,61.023622047244096,12.016432728517632,2.8243752139678193,50.79365079365079,75.3862546616942,12.54661694192861,3.511705685618729,73.28687572590012,6.2750648737909875,90.68484258357677,61.35831381733021,11.594202898550725,88.40579710144928,43.46604215456675,20.46838407494145
2019,"Census Tract 411, Cabarrus County, North Carolina",37025041100,26.805577314742283,13.927620241265862,0.046999843333855554,13.661287795707347,76.48441171862761,9.431301895660347,0.37599874667084443,68.18014027316353,89.7624703087886,26.817102137767222,11.665257819103973,91.8420081210779,9.631849315068493,94.06519065190652,80.69328652917946,11.150097465886939,88.84990253411306,79.46467749012724,3.7735849056603774
2019,"Census Tract 412, Cabarrus County, North Carolina",37025041200,27.435926385909447,15.332505362989727,1.8968047871739866,20.661623574573785,66.94140228068196,8.196906401716157,2.3032629558541267,49.848024316109424,95.65441429062179,31.34661628306424,7.2405063291139244,83.51063829787235,8.604325501789328,95.7975797579758,77.52624671916011,8.687837028160574,91.31216297183943,70.04593175853019,2.65748031496063
2019,"Census Tract 413.01, Cabarrus County, North Carolina",37025041301,26.570470776854688,11.04795219355779,4.430840985279113,12.009911091677598,72.58417140358549,6.413059320798717,4.562017198659087,70.6500328299409,95.1527224435591,46.480743691899065,15.058179329226556,92.05515430072226,8.674077014688368,96.4026770775237,84.79036574487066,6.583333333333333,93.41666666666667,87.91257805530776,5.709188224799287
2019,"Census Tract 413.02, Cabarrus County, North Carolina",37025041302,32.417582417582416,8.640552995391705,13.231123714994682,15.65047855370436,65.3580290677065,4.315845444877703,1.4445232187167671,66.14763552479815,96.94645646925153,54.864365857122564,3.601859024012394,92.42599000384467,7.238394964594807,99.13164293157347,91.79856115107914,5.442176870748299,94.5578231292517,81.49640287769783,1.5827338129496402
2019,"Census Tract 413.03, Cabarrus County, North Carolina",37025041303,32.331626244081555,7.353367475118369,19.286887621992463,19.770026089477245,49.82123876703063,8.860759493670885,2.2610880278287757,69.36589545844043,96.88036187802214,70.12946498206209,7.480448826929615,85.32562125107113,7.054119663001571,94.01389631213254,88.02999711566196,7.150508837707552,92.84949116229245,77.81944043841939,5.566772425728296
2019,"Census Tract 415.01, Cabarrus County, North Carolina",37025041501,29.55530015029617,9.194589337812749,10.538413933339227,17.92944920873486,62.77075413314472,3.8811776147113433,4.880205110069843,76.16029441831937,97.3318354163741,49.81041988484763,4.616998950682056,91.82171335105296,7.315233785822022,96.05102219115848,92.49156355455568,0.0,100.0,88.49831271091114,0.4780652418447694
2019,"Census Tract 415.02, Cabarrus County, North Carolina",37025041502,24.51983038164131,13.943626839610875,5.961586430531304,10.788226490396607,75.51758543277626,7.221252182589175,0.51134946370666,72.70084566596195,95.24163568773234,44.46096654275093,9.616555082166768,94.87315010570825,5.964970257766028,97.28616428398352,85.59514783927217,6.784452296819787,93.2155477031802,95.56482183472328,2.2744503411675514
2019,"Census Tract 415.03, Cabarrus County, North Carolina",37025041503,25.271174705746596,9.18532194784214,5.400415416570505,24.44034156473575,60.58158319870759,7.246711285483498,2.330948534502654,81.83306055646482,97.02241552358647,37.16962194713951,6.33245382585752,86.45662847790507,6.416615003099814,95.86337760910816,83.0026455026455,6.666666666666667,93.33333333333333,88.69047619047619,1.7195767195767195
2019,"Census Tract 416.01, Cabarrus County, North Carolina",37025041601,22.978920546675933,14.153347231873987,2.559647903636785,5.744730136668983,81.48019457956914,7.007180912670837,3.2082464674542504,75.38644470868014,92.91695743196092,31.472435450104676,15.19575315195753,89.58382877526753,6.436090225563909,97.41511500547645,80.01371271854644,11.49878640776699,88.50121359223301,87.31573534453206,4.696606102159754
2019,"Census Tract 416.02, Cabarrus County, North Carolina",37025041602,18.60873932697137,16.775489703666498,2.7624309392265194,2.9382219989954796,87.54394776494225,2.712204922149674,4.043194374686088,73.34047109207708,87.3698354047699,22.67383271750084,0.0,91.27408993576017,8.824436902190682,97.49276759884282,73.88407728181213,5.060088551549652,94.93991144845035,84.07728181212525,2.9313790806129245
2019,"Census Tract 417.01, Cabarrus County, North Carolina",37025041701,21.093167701863354,17.440993788819874,1.0186335403726707,1.4906832298136645,96.62111801242236,0.8695652173913043,0.0,71.59493670886076,90.60356652949245,21.467764060356654,7.724719101123595,89.1139240506329,9.06801007556675,96.19686800894854,79.75951903807615,15.804274465691789,84.19572553430821,81.89712758851036,1.736806947227789
2019,"Census Tract 417.02, Cabarrus County, North Carolina",37025041702,17.946623093681918,17.892156862745097,0.9803921568627451,4.983660130718954,86.60130718954248,6.345315904139434,1.0893246187363834,73.59198998748435,89.75700934579439,19.813084112149532,4.406779661016949,87.6720901126408,6.405575838035181,87.96343321482986,76.51331719128329,16.95710455764075,83.04289544235925,78.20823244552058,2.2598870056497176
2019,"Census Tract 419.01, Cabarrus County, North Carolina",37025041901,31.272563176895307,10.333935018050541,0.0,23.510830324909747,28.655234657039713,47.833935018050546,0.0,50.45778229908443,63.66459627329193,5.8229813664596275,0.0,80.06103763987792,4.661851608667105,95.28301886792453,57.31292517006803,14.905933429811865,85.09406657018813,55.27210884353742,5.612244897959184
2019,"Census Tract 419.02, Cabarrus County, North Carolina",37025041902,31.611229063458364,11.417787213965557,0.0,36.75395140363293,34.72517103090352,25.00589761736259,3.5149799481009674,69.65923984272608,74.02443831296807,21.6791486007095,0.0,70.7732634338139,5.190311418685121,78.30009496676163,51.35135135135135,11.145320197044335,88.85467980295566,36.03603603603604,16.285516285516284
2019,"Census Tract 420, Cabarrus County, North Carolina",37025042000,21.485826001955033,13.939393939393941,1.1143695014662758,12.41446725317693,66.35386119257088,13.743890518084068,6.373411534701858,54.80649188514357,78.45677274007322,11.123627147282455,4.183266932270916,79.1926758218893,4.955179282868525,93.90602055800294,62.129144851657934,16.99661999034283,83.00338000965716,60.79115764979639,3.7230948225712623
2019,"Census Tract 421.01, Cabarrus County, North Carolina",37025042101,28.867924528301884,10.09433962264151,1.10062893081761,46.320754716981135,13.522012578616351,37.0440251572327,2.0125786163522013,62.436914203316505,71.29485179407176,10.816432657306292,0.17421602787456447,71.8817591925018,3.5366931918656057,92.09150326797385,32.64633140972795,18.699731903485254,81.30026809651476,37.675185490519375,11.129431162407254
2019,"Census Tract 421.02, Cabarrus County, North Carolina",37025042102,31.7246634493269,10.896621793243586,2.3368046736093473,24.409448818897637,58.14071628143256,12.014224028448057,3.0988061976123955,60.67796610169491,86.66377063423111,15.508253692441357,4.479166666666667,80.73446327683615,8.742559523809524,92.90387518872673,76.59574468085107,6.996466431095406,93.0035335689046,64.8936170212766,0.8358662613981762
2019,"Census Tract 422, Cabarrus County, North Carolina",37025042200,21.893574865553354,16.289272572884233,0.0,10.217945089159354,81.9699971695443,6.113784319275403,1.6982734220209454,56.66772252138106,92.3452450693224,37.160710798672135,11.966701352757545,84.03547671840354,9.494473636528356,95.07482993197279,80.68889703187982,3.534817956875221,96.46518204312477,71.56467570538659,4.104067423964822
2019,"Census Tract 423, Cabarrus County, North Carolina",37025042300,22.069641981363414,18.34232466895537,0.5394801373222168,26.508092202059835,57.50367827366356,11.132908288376656,4.315841098577734,59.21849201981287,83.57094365241005,22.844534962661236,3.284072249589491,85.36048431480462,7.835116425424796,92.28155339805825,68.7431091510474,13.122605363984674,86.87739463601532,43.274531422271224,11.521499448732083
2019,"Census Tract 424.01, Cabarrus County, North Carolina",37025042401,19.5823927765237,23.081264108352144,3.1038374717832955,8.690744920993227,78.27313769751693,7.759593679458239,2.1726862302483068,47.20052083333333,91.7192429022082,33.63564668769716,11.293260473588344,83.203125,8.91158858753082,97.19789842381786,82.94392523364486,13.301823092505064,86.69817690749494,68.06853582554517,5.685358255451713
2019,"Census Tract 424.02, Cabarrus County, North Carolina",37025042402,28.860759493670884,8.071481757259866,0.7148175725986596,33.090096798212954,42.963514519731945,15.606850335070737,7.624720774385704,57.147415443522654,83.40771856130218,15.174586505644527,2.564102564102564,87.55583918315251,5.819552020096295,95.53026096612993,79.22077922077922,19.761816151842204,80.2381838481578,32.09647495361781,5.75139146567718
2019,"Census Tract 425.01, Cabarrus County, North Carolina",37025042501,15.87149364660753,15.679693119156077,1.5104291536801726,12.586909614001437,76.88803644210022,7.096619515703669,1.9180052745145049,62.05802357207616,89.87654320987654,44.660493827160494,15.8,82.32094288304623,8.663436876603022,94.80570975416336,84.12607449856733,6.982942430703624,93.01705756929638,80.74498567335243,1.66189111747851
2019,"Census Tract 425.02, Cabarrus County, North Carolina",37025042502,17.593984962406015,13.94736842105263,0.0,29.172932330827066,60.86466165413535,7.7819548872180455,2.180451127819549,53.26560232220609,90.59976931949251,16.897347174163784,0.0,80.40638606676342,7.481751824817519,93.32084893882646,68.36935166994105,9.991158267020337,90.00884173297966,54.715127701375245,12.671905697445974
2019,"Census Tract 425.03, Cabarrus County, North Carolina",37025042503,26.860209807270063,13.832642107831179,7.782385947792145,12.783605757501828,65.18663088558185,12.246889485240303,2.000487923883874,53.280423280423285,89.85351911396927,43.47981421936406,5.833333333333333,88.73015873015872,5.219136835061894,97.83110290724504,86.00525624178712,10.25943396226415,89.74056603773585,85.15111695137976,0.7884362680683311
2019,"Census Tract 425.04, Cabarrus County, North Carolina",37025042504,19.561128526645767,12.351097178683386,1.8808777429467085,6.583072100313479,76.86520376175548,10.344827586206897,4.326018808777429,57.09382151029748,95.52110249784668,50.90439276485789,15.0,84.66819221967964,6.780982073265783,96.64570230607966,74.3879472693032,4.496402877697841,95.50359712230215,84.7457627118644,1.694915254237288
2019,"Census Tract 426.01, Cabarrus County, North Carolina",37025042601,21.485562310030396,17.838145896656535,3.533434650455927,5.566109422492401,80.90805471124621,8.643617021276597,1.3487841945288754,52.078337330135895,97.20354934122076,50.63189029308954,23.98286937901499,95.1638689048761,8.153883377691749,96.85534591194968,81.91721132897604,5.990783410138248,94.00921658986175,83.98692810457517,4.62962962962963
2019,"Census Tract 426.02, Cabarrus County, North Carolina",37025042602,29.231505865453677,7.373713191285612,1.2688532439549915,20.205889394302133,62.31745271726119,14.555901364615753,1.6519032798659326,56.27726611730489,93.27917282127031,29.209748892171344,10.246913580246913,88.94813378574891,6.862410378968932,93.88535031847134,84.13400758533503,3.8882138517618468,96.11178614823815,69.0897597977244,0.5056890012642226
2019,"Census Tract 426.03, Cabarrus County, North Carolina",37025042603,24.29594861660079,12.413537549407115,2.742094861660079,15.328557312252963,66.00790513833992,12.957015810276678,2.9644268774703555,65.84795321637426,92.2393890960753,37.222518202805894,8.621960206337508,90.57309941520468,10.099526839614946,98.57705779334502,85.25856279382135,9.179627935346142,90.82037206465385,78.24042981867025,0.8059100067159166
2019,"Census Tract 426.04, Cabarrus County, North Carolina",37025042604,23.703556526922313,12.298827736936222,1.629246969998013,16.5308960858335,70.97158752235248,5.265249354261871,5.603020067554143,57.39523418241578,94.62631253860407,35.33045089561458,12.685827552031714,90.55053410024651,9.010416666666666,92.28855721393035,75.64259485924113,3.541912632821724,96.45808736717828,77.66217870257039,1.040391676866585
2019,"Census Tract 101.01, Catawba County, North Carolina",37035010101,17.78376557763557,20.932974065341867,4.02492421690805,8.285618053216572,86.76321993937353,0.6736274840013472,0.2526103065005052,55.54285714285714,87.88738542121345,22.08642514185945,3.5830618892508146,86.05714285714285,9.463334698893897,92.99302473050095,70.28163093736865,12.889051629439766,87.11094837056024,81.58890290037832,0.46237915090374104
2019,"Census Tract 101.02, Catawba County, North Carolina",37035010102,20.690493557014346,23.7296377340141,12.302455628495016,8.485290542183321,76.2460491125699,2.62582056892779,0.34038414782397275,38.269639065817415,92.64753305385359,28.248951950983553,8.97887323943662,82.05944798301486,10.466543891958256,95.73550551030186,69.73134328358209,8.9178901576944,91.0821098423056,82.02985074626866,6.26865671641791
2019,"Census Tract 102.01, Catawba County, North Carolina",37035010201,25.72,15.459999999999999,11.899999999999999,1.1400000000000001,78.9,4.9,3.16,52.31545162769372,83.36919766369505,11.712265600983706,0.9732360097323601,87.25355341586429,10.649280086932897,93.19219593192196,73.12060573282857,10.934489402697494,89.0655105973025,79.39426717144403,0.9194159004867496
2019,"Census Tract 102.02, Catawba County, North Carolina",37035010202,24.177229910454702,15.897197348528898,11.61762995697174,5.023839981393186,68.64751715315734,11.919990696592626,2.7910222118851027,34.046345811051694,83.53298766315037,13.946003933488289,4.33574207893274,89.66131907308377,7.484662576687116,93.27505043712172,71.83010618363522,1.8393623543838136,98.16063764561619,71.76764522173642,2.9044347282948157
2019,"Census Tract 103.01, Catawba County, North Carolina",37035010301,22.65988987717069,16.878441338415925,2.6048284625158833,1.5036001694197374,83.2274459974587,11.287590004235494,1.3765353663701823,47.00239808153477,83.5254854368932,27.82160194174757,14.269406392694064,87.5779376498801,4.682365826944141,94.86301369863014,63.30935251798561,9.058882737795672,90.94111726220433,81.23962368566686,6.419479800774765
2019,"Census Tract 103.02, Catawba County, North Carolina",37035010302,21.221585979524555,15.668922436231131,5.1709179246920005,7.30522297414541,79.57660940482387,7.947249696338712,0.0,29.62510187449063,91.46533613445378,45.74579831932773,15.727699530516432,94.25427872860635,8.193832599118943,92.42590559824369,77.4180493727236,3.249804228660924,96.75019577133908,74.5042492917847,7.284500202347227
2019,"Census Tract 103.03, Catawba County, North Carolina",37035010303,24.335981838819524,17.93416572077185,0.8626560726447219,3.723041997729853,78.47900113507377,15.482406356413167,1.452894438138479,35.0,83.94088669950739,17.175697865353037,13.439306358381502,87.65306122448979,6.63066306630663,89.22603342128409,66.0233918128655,5.68119139547711,94.31880860452289,70.23391812865498,9.707602339181287
2019,"Census Tract 103.04, Catawba County, North Carolina",37035010304,26.328718177757928,13.867798124162572,5.091558731576597,7.838320678874497,59.93747208575256,25.70343903528361,1.4292094685127288,29.476439790575913,83.25630998933524,13.828652683967293,8.585365853658537,90.68062827225131,7.032434070930585,89.21052631578948,61.16564417177914,3.778040141676505,96.22195985832349,62.63803680981596,10.858895705521473
2019,"Census Tract 104.01, Catawba County, North Carolina",37035010401,19.514899514899515,21.21968121968122,7.844767844767844,11.517671517671518,59.80595980595981,16.90921690921691,3.922383922383922,38.04347826086957,88.02300218124132,23.577235772357724,0.0,87.13768115942028,9.436886516273463,91.35738385673501,73.9306899781455,9.9522069159404,90.0477930840596,47.48673118950983,3.3718389010302845
2019,"Census Tract 104.02, Catawba County, North Carolina",37035010402,13.502276776875865,15.323698277568798,2.0392001583844785,17.659869332805386,63.235002969708965,11.067115422688577,5.998812116412592,31.339823829392678,86.49011062688568,17.733825008380823,1.3157894736842104,71.1636532220677,4.531929503318837,92.13167402649538,57.965056526207604,10.528735632183908,89.47126436781609,28.9311408016444,12.076053442959918
2019,"Census Tract 105.01, Catawba County, North Carolina",37035010501,21.311900440757064,21.545242416385793,3.1371532278973295,7.259528130671507,87.9439979258491,1.6593207155820584,0.0,31.97278911564626,97.07174231332357,56.22254758418741,4.138851802403204,89.63893249607536,5.337726523887974,93.7382297551789,78.88040712468194,18.337662337662337,81.66233766233766,71.88295165394402,2.2900763358778624
2019,"Census Tract 105.02, Catawba County, North Carolina",37035010502,22.850614110254213,21.62239360182805,5.484147386461012,0.5712653527563554,92.85918309054556,0.2570694087403599,0.8283347614967151,37.51814223512337,95.3963170536429,55.084067253803035,18.996415770609318,94.84760522496371,9.29285449833395,87.72348033373063,84.96296296296296,6.184850590687978,93.81514940931203,85.77777777777777,1.4814814814814816
2019,"Census Tract 106, Catawba County, North Carolina",37035010600,23.21620377474298,18.674236611938007,0.0,11.26285100506368,71.76615006905017,15.927574037133652,1.0434248887524935,43.84503982621289,84.78935698447894,36.4079822616408,9.824281150159745,86.67632150615496,10.931254996003197,91.77274138466315,63.04909560723514,14.864864864864865,85.13513513513513,53.11923218899963,2.620893318567737
2019,"Census Tract 107, Catawba County, North Carolina",37035010700,20.414201183431953,13.482671174978867,4.395604395604396,10.819949281487743,61.200338123415044,17.75147928994083,5.832628909551986,40.90513489991297,75.4260582737768,10.665200659703133,0.0,72.75892080069626,6.797663303239511,95.52715654952077,51.464063886424135,12.838360402165508,87.1616395978345,32.91925465838509,7.275953859804791
2019,"Census Tract 109, Catawba County, North Carolina",37035010900,20.62752407579994,17.2103137620379,3.1376203789996895,50.13979496738118,34.91767629698664,8.72941907424666,3.075489282385834,23.866790009250693,75.6287944492628,9.150043365134431,3.6121673003802277,77.70582793709528,9.549902152641879,77.20994475138122,36.74033149171271,9.781931464174455,90.21806853582555,43.16298342541437,27.209944751381215
2019,"Census Tract 110, Catawba County, North Carolina",37035011000,28.64485981308411,18.64485981308411,0.3738317757009346,12.663551401869158,52.196261682243,29.11214953271028,5.654205607476635,37.24747474747475,68.85017421602787,4.94773519163763,4.072398190045249,82.32323232323232,7.931262392597488,89.51271186440678,49.34131736526946,20.172084130019122,79.82791586998088,57.00598802395209,9.461077844311378
2019,"Census Tract 111.01, Catawba County, North Carolina",37035011101,19.81981981981982,19.974259974259976,4.1184041184041185,8.545688545688545,73.20463320463321,12.046332046332047,2.084942084942085,39.7874852420307,84.84438430311232,22.59810554803789,1.3937282229965158,92.50295159386069,6.662375281622143,88.1511746680286,63.45776031434185,5.272952853598015,94.72704714640199,74.59070072036673,2.161100196463654
2019,"Census Tract 111.02, Catawba County, North Carolina",37035011102,26.919567201147178,12.26697953330726,8.277929865728066,7.756485464737323,66.32772780602268,14.43097379741885,3.2068830660930776,40.34122179416621,87.70718232044199,25.57221783741121,8.578236695790311,84.4523940561365,6.582233321441312,93.91606655078222,73.59131025118805,10.073260073260073,89.92673992673993,69.21249151391717,1.5274949083503055
2019,"Census Tract 112, Catawba County, North Carolina",37035011200,20.25774005972026,15.935879302215936,0.0,14.3014301430143,63.85352820996385,15.558698727015557,6.286342920006287,39.91307497283593,85.07914338919925,21.205772811918063,0.3009027081243731,86.78015211879753,5.498620417816318,95.49578742709008,64.57731958762886,7.864741641337386,92.13525835866263,62.103092783505154,2.1855670103092786
2019,"Census Tract 113, Catawba County, North Carolina",37035011300,29.505400795906766,11.711199545196134,8.086981239340535,18.391131324616257,53.41102899374645,16.245025582717453,3.8658328595793066,39.13196894848271,78.59116022099447,13.627992633517497,11.1875,78.01693719124911,4.778225806451613,91.4820592823713,52.5314046440807,10.126582278481013,89.87341772151899,48.03958888465931,9.82108869432813
2019,"Census Tract 114.01, Catawba County, North Carolina",37035011401,21.36004514672686,15.349887133182843,8.267494356659142,8.408577878103838,68.62302483069978,6.6309255079006775,8.06997742663657,52.764358561460014,82.48023304203079,9.86267166042447,5.901639344262295,83.36017176596887,6.128334534967555,97.09994821336096,59.41302791696492,12.248743718592966,87.75125628140702,75.59055118110236,6.299212598425196
2019,"Census Tract 114.02, Catawba County, North Carolina",37035011402,17.518623169791933,24.76239404058567,1.9008476753146673,3.1595170819419467,88.46647829437451,6.473156948368867,0.0,51.86799501867995,78.86238532110092,16.110091743119266,2.159827213822894,92.15442092154422,10.401744004982872,97.38067520372526,59.962168978562424,11.643454038997215,88.35654596100278,70.23959646910467,9.331651954602775
2019,"Census Tract 115.01, Catawba County, North Carolina",37035011501,21.037037037037038,17.883597883597886,0.25396825396825395,3.6825396825396823,92.16931216931216,3.7248677248677247,0.16931216931216933,71.11617312072893,85.25169267000294,20.547541948778335,6.7658998646820026,90.34168564920273,9.193245778611631,95.09373753490227,63.131055583885775,10.251716247139587,89.74828375286042,84.5996940336563,1.8867924528301887
2019,"Census Tract 115.03, Catawba County, North Carolina",37035011503,19.48509485094851,20.78590785907859,0.0,1.2195121951219512,94.98644986449864,2.195121951219512,1.5989159891598916,68.87966804979253,90.0377358490566,35.283018867924525,20.105820105820104,89.44872554831062,8.48199259508583,98.76352395672335,67.35112936344969,18.470982142857142,81.52901785714286,92.06023271731691,1.0951403148528405
2019,"Census Tract 115.04, Catawba County, North Carolina",37035011504,19.79625969286909,16.481678576858748,0.0,1.4444275505549644,97.18716740155085,1.3684050478941767,0.0,77.54677754677755,94.22249539028887,33.8660110633067,10.382513661202186,92.82744282744282,6.218009478672986,96.08253588516746,79.36272693590219,18.704819277108435,81.29518072289157,78.10300111152279,5.4094108929233045
2019,"Census Tract 116.01, Catawba County, North Carolina",37035011601,26.618229854689563,14.663143989431967,1.2329370321444297,4.16116248348745,65.43372963452224,19.418758256274767,9.753412593571115,62.78424847476428,79.74642392717816,12.126137841352405,2.906350914962325,93.5108153078203,5.1905190519051905,94.75982532751091,58.552210121716854,7.2489601901366605,92.75103980986333,86.22677770659834,4.932735426008969
2019,"Census Tract 116.02, Catawba County, North Carolina",37035011602,26.055792328554823,17.10577295621852,1.084850833010461,0.5036807438977141,94.9438202247191,3.1383184812088336,0.32932971716389,61.95383347073372,83.99542726493284,13.632466418976852,34.385964912280706,89.61253091508657,8.016767094576894,97.01433121019109,64.70037453183521,8.16852966466036,91.83147033533963,78.04307116104869,0.0
2019,"Census Tract 117.01, Catawba County, North Carolina",37035011701,24.435678281832125,18.430856892395354,1.4245014245014245,10.672802980495288,79.6625027394258,7.758053911900066,0.48213894367740523,45.625,92.31270358306189,31.074918566775246,21.11731843575419,93.85416666666667,9.309744779582367,96.56146961846443,76.37231503579952,7.300884955752212,92.69911504424779,71.53937947494033,2.267303102625298
2019,"Census Tract 117.02, Catawba County, North Carolina",37035011702,23.956417150134428,15.961511249469366,5.320503749823121,6.8628838262346115,77.55766237441631,8.235460591481534,2.023489458044432,57.721139430284865,90.5048076923077,16.98717948717949,7.732864674868189,95.53223388305847,8.596948269445479,95.4723894268516,68.19396716303933,5.892921307941071,94.10707869205893,74.87590683466972,3.4746086292478044
2019,"Census Tract 118.01, Catawba County, North Carolina",37035011801,17.5,21.30281690140845,2.359154929577465,6.056338028169014,89.33098591549296,2.0774647887323945,0.17605633802816903,55.37482319660537,90.64367816091954,19.149425287356323,12.024539877300613,96.25176803394625,13.252240717029448,97.28136259416968,73.26732673267327,2.9623698959167335,97.03763010408326,82.34323432343234,0.6188118811881188
2019,"Census Tract 118.02, Catawba County, North Carolina",37035011802,22.729426630864,18.8911704312115,2.132364555362502,1.0266940451745379,91.62849470857685,2.543042173432317,2.6694045174537986,61.784897025171624,78.19465901566983,8.408739792540278,3.7132987910189987,90.08390541571319,7.50204415372036,92.64460046807088,58.40745446844557,9.919877909194964,90.08012209080503,82.76154171961034,6.01440067767895
2019,"Census Tract 9501.01, Cleveland County, North Carolina",37045950101,20.29217530518311,16.790074044426657,2.501500900540324,4.122473484090454,89.31358815289173,1.8010806483890334,2.2613568140884532,77.48138957816377,76.49704807421985,10.120888389091931,3.3783783783783785,91.62531017369727,7.5571177504393665,92.84243048403708,33.370288248337026,25.516102394715112,74.48389760528488,78.43680709534368,10.08869179600887
2019,"Census Tract 9501.02, Cleveland County, North Carolina",37045950102,19.364954919639356,19.5609564876519,0.0,2.7832222657781265,96.58957271658173,0.0,0.6272050176401411,65.54621848739495,82.1390937829294,7.586933614330875,0.0,85.50420168067227,5.201750121536218,93.7888198757764,31.25,25.748502994011975,74.25149700598801,80.04032258064517,3.8306451612903225
2019,"Census Tract 9502, Cleveland County, North Carolina",37045950200,18.87239078975683,24.29524424359802,0.49494297396169573,25.32816871099634,73.20852162685604,0.17215407789972026,0.796212610286206,62.16931216931217,77.00719424460432,12.201438848920864,2.4232633279483036,81.05820105820106,9.018567639257293,96.6068831798352,48.68119266055046,22.385402759234534,77.61459724076548,76.20412844036697,8.027522935779817
2019,"Census Tract 9503.01, Cleveland County, North Carolina",37045950301,22.02565236620964,17.293233082706767,3.3392304290137105,19.946926138876602,66.71826625386997,7.4524546660769575,2.5431225121627596,60.236886632825716,87.23875870804306,17.891070297656743,9.935897435897436,85.56119571347998,8.933635847986386,89.32806324110672,57.52045311516677,18.887187340479837,81.11281265952016,74.44933920704845,5.726872246696035
2019,"Census Tract 9503.02, Cleveland County, North Carolina",37045950302,20.482325735051205,18.318467129170795,1.7674264948794185,7.3505120581433765,88.88338288734721,0.7433102081268582,1.2553683515031384,66.69014084507042,85.2317726531563,16.655019799673887,3.695881731784583,89.50704225352113,5.359368508516826,96.89999999999999,63.78026070763501,12.78928136419001,87.21071863581,76.16387337057728,2.281191806331471
2019,"Census Tract 9504, Cleveland County, North Carolina",37045950400,27.502067824648467,18.403639371381306,2.564102564102564,21.27102288392611,72.49793217535154,3.363661428177557,0.30328094844223874,51.68993387215283,85.04731861198738,16.824395373291274,1.859229747675963,75.93681116825863,7.111618178360906,88.77423389618512,58.283803863298665,10.475557033588293,89.52444296641171,65.37890044576523,12.332838038632987
2019,"Census Tract 9505, Cleveland County, North Carolina",37045950500,19.57703927492447,17.2809667673716,0.0,25.4380664652568,71.05740181268882,2.02416918429003,1.4803625377643503,60.752688172043015,84.32432432432432,12.640332640332641,6.0606060606060606,85.02304147465438,11.119459053343352,87.11056811240073,50.90252707581227,19.336051252184042,80.66394874781597,47.797833935018055,10.180505415162456
2019,"Census Tract 9506.01, Cleveland County, North Carolina",37045950601,19.895287958115183,16.780104712041886,0.20942408376963353,9.86910994764398,80.41884816753927,6.963350785340314,2.5392670157068062,43.30749354005168,82.20524017467248,11.098981077147016,6.6783831282952555,77.41602067183463,9.575163398692812,95.75402635431918,61.87683284457478,14.482758620689657,85.51724137931035,80.86510263929618,4.105571847507331
2019,"Census Tract 9506.02, Cleveland County, North Carolina",37045950602,28.642631666389768,14.570526665559063,3.0071440438611066,13.307858448247217,77.28858614387772,5.117129091211164,1.279282272802791,60.52158273381295,85.26236505146875,9.214160180768264,3.009259259259259,87.09532374100719,11.594877764842842,90.0855365474339,55.63480741797432,14.477429849532331,85.52257015046767,65.52543984783642,6.799809795530195
2019,"Census Tract 9507, Cleveland County, North Carolina",37045950700,21.048451151707702,21.43235371988351,0.0,35.80884299708764,60.683081810961085,2.5814138204924544,0.9266613714588299,30.636363636363633,84.0557859027516,28.62796833773087,2.8003613369467026,86.51515151515152,7.025486250838364,91.44083713442447,57.171649311387306,11.81872037914692,88.18127962085308,66.91299966409136,7.4571716493113875
2019,"Census Tract 9508, Cleveland County, North Carolina",37045950800,24.30661716531994,19.414719371041713,0.48045424765232586,27.97554051102861,68.24634199606902,3.297663245250054,0.0,47.348886532343585,87.90637191157347,21.196358907672302,4.1405269761606025,90.93319194061506,7.030796048808832,89.21296296296296,45.73560767590618,9.720885466794996,90.279114533205,68.28358208955224,4.317697228144989
2019,"Census Tract 9509, Cleveland County, North Carolina",37045950900,26.34956587391468,18.3842959607399,2.1517553793884483,70.02642506606267,25.141562853907136,0.9815024537561344,1.698754246885617,48.18713450292398,79.17582417582418,12.802197802197801,1.800327332242226,85.6140350877193,15.120451050743208,88.70168483647176,35.807504078303424,22.059758423394786,77.94024157660522,42.65905383360522,28.38499184339315
2019,"Census Tract 9510, Cleveland County, North Carolina",37045951000,22.99482535575679,21.701164294954722,0.0,33.926261319534284,64.90944372574386,0.3234152652005175,0.8408796895213453,35.223367697594504,86.47384091875797,36.027222458528286,3.5650623885918007,80.2405498281787,7.727845443091138,96.85737308622079,59.35162094763092,29.193643319599765,70.80635668040024,60.68162926018288,19.285120532003326
2019,"Census Tract 9511, Cleveland County, North Carolina",37045951100,18.052516411378555,19.839533187454414,0.0,42.85193289569657,50.80233406272794,4.485776805251642,1.8599562363238513,44.54865181711606,72.4207347760443,15.349773527931553,0.0,67.64361078546307,8.45571873609257,90.90047393364928,36.30393996247655,30.913804277381722,69.08619572261827,31.51969981238274,21.013133208255162
2019,"Census Tract 9512, Cleveland County, North Carolina",37045951200,22.119978764820384,18.93470182268625,0.4954875243319766,27.6234294815077,60.29021412139445,9.573526809414263,2.0173420633516193,53.47288296860133,83.26400782970393,17.543430389038413,18.021201413427562,89.72407231208372,5.15791865485117,87.81684382665577,49.35304990757856,15.236976106541325,84.76302389345868,47.412199630314234,8.872458410351202
2019,"Census Tract 9513, Cleveland County, North Carolina",37045951300,22.552749913524732,18.81701833275683,1.7986855759252856,7.74818401937046,81.01003113109651,8.820477343479764,0.6226219301279834,50.60034305317325,89.87403100775194,27.66472868217054,0.0,81.30360205831903,7.523510971786834,89.62472406181016,63.992172211350294,18.435754189944134,81.56424581005587,84.73581213307241,0.0
2019,"Census Tract 9514, Cleveland County, North Carolina",37045951400,21.05674534938252,20.41581991558543,0.10942629357511334,14.194153509457557,77.81772705955918,4.26762544942942,3.6110676879787396,48.402948402948404,86.75745480159662,18.713312984268608,5.88235294117647,90.7862407862408,7.623762376237623,92.75414563806777,48.06167400881057,22.552030023882633,77.44796997611736,75.02202643171806,2.7312775330396475
2019,"Census Tract 9515.01, Cleveland County, North Carolina",37045951501,18.184961106309423,13.535004321521177,0.7087294727744167,4.356093344857389,90.5790838375108,3.025064822817632,1.331028522039758,53.27648114901257,92.24529526281636,29.883192731992214,7.82472613458529,86.93895870736085,8.521886233876083,91.08602569093033,64.19131529263687,14.935760171306208,85.06423982869379,75.14159848961611,6.167400881057269
2019,"Census Tract 9515.02, Cleveland County, North Carolina",37045951502,21.308724832214764,16.86241610738255,0.0,8.305369127516778,86.40939597315436,3.1879194630872485,2.097315436241611,64.44833625218914,88.50432632880099,15.451174289245984,7.6923076923076925,92.11908931698774,4.584221748400854,95.6738768718802,29.930394431554525,26.949152542372882,73.05084745762713,81.67053364269141,5.56844547563805
2019,"Census Tract 9515.03, Cleveland County, North Carolina",37045951503,27.65469824293354,14.514896867838045,0.2291825821237586,17.11229946524064,77.96027501909855,3.0175706646294884,1.680672268907563,44.96707431796801,87.39393939393939,31.272727272727273,0.0,93.22671683913453,10.61246040126716,91.0874897792314,66.82408500590319,18.557692307692307,81.4423076923077,79.81109799291617,2.95159386068477
2019,"Census Tract 9516.01, Cleveland County, North Carolina",37045951601,20.641562064156208,13.99349139934914,0.2789400278940028,27.98698279869828,66.57368665736867,2.1850302185030217,2.97536029753603,68.06818181818181,85.87248322147651,10.604026845637584,6.010230179028133,94.43181818181819,4.979496192149971,90.21956087824351,57.54458161865569,19.491993373826617,80.50800662617338,71.53635116598079,5.486968449931413
2019,"Census Tract 9516.02, Cleveland County, North Carolina",37045951602,19.115120274914087,17.461340206185564,0.0,26.310137457044675,68.4278350515464,2.104810996563574,3.1572164948453607,41.80695847362514,84.24105704157267,7.79890428617467,2.936630602782071,88.72053872053873,8.89537971322358,91.41193595342067,48.1042654028436,19.38872970391595,80.61127029608404,69.54976303317537,4.739336492890995
2019,"Census Tract 301.01, Gaston County, North Carolina",37071030101,21.72594430658947,16.34960022056796,9.897987317342157,1.1855527984560243,86.1317893575958,1.9851116625310175,0.7995588640749932,70.79455977093772,89.17337234820776,38.0760790051207,14.65798045602606,91.91123836793128,7.784431137724551,93.01732925586137,74.42528735632183,11.6751269035533,88.3248730964467,83.04597701149426,3.1609195402298855
2019,"Census Tract 301.02, Gaston County, North Carolina",37071030102,18.997756170531037,14.759411618050361,0.0,26.502119172276238,71.02966841186736,1.0969832959361756,1.3712291199202193,76.95873898933704,89.20236851271333,22.570532915360502,22.610294117647058,91.28419100602689,8.062992125984252,93.2343954604976,77.8557753669432,8.94828588030215,91.05171411969785,77.53669432035737,4.0842373962986604
2019,"Census Tract 302.03, Gaston County, North Carolina",37071030203,19.352124526714345,16.870004206983594,2.3138409760201935,1.9772822885990744,91.41775347076147,2.0614219604543544,2.2297013041649136,80.33126293995859,89.26027397260275,19.17808219178082,7.142857142857142,88.50931677018633,9.076682316118937,95.30988274706867,67.62948207171314,7.889908256880735,92.11009174311927,85.0597609561753,3.48605577689243
2019,"Census Tract 302.04, Gaston County, North Carolina",37071030204,27.01231738756803,16.47092523632197,2.262961902033801,15.439702091091378,77.80005729017473,2.262961902033801,2.234316814666285,78.49529780564264,91.37785291631445,27.852916314454777,24.62987886944818,89.21630094043887,7.299843014128729,94.28571428571428,77.91361043194784,2.8503562945368173,97.14964370546319,95.4360228198859,0.6519967400162999
2019,"Census Tract 302.05, Gaston County, North Carolina",37071030205,29.125982376756372,14.955941890926411,1.071683734222434,3.0245296499166465,89.28316265777566,2.3338890211955228,4.286734936889736,77.79783393501805,88.02505526897568,12.711864406779661,8.383961117861482,88.86883273164862,6.888440860215053,95.97574421168687,64.8186173853525,8.458646616541353,91.54135338345864,75.70157426420259,3.764544832306639
2019,"Census Tract 303.01, Gaston County, North Carolina",37071030301,24.164524421593832,15.203819316929856,0.22034520749173708,1.6158648549394052,96.80499449136981,0.07344840249724569,1.2853470437017995,65.30249110320284,81.0446957458266,9.36995153473344,10.66350710900474,95.19572953736655,7.84503631961259,91.62141194724592,61.1764705882353,10.211267605633804,89.7887323943662,68.13725490196079,5.88235294117647
2019,"Census Tract 303.02, Gaston County, North Carolina",37071030302,21.24702144559174,17.752184273232725,0.3177124702144559,3.29626687847498,82.04924543288324,13.939634630659253,0.3971405877680699,70.39170506912443,80.30785562632697,14.171974522292993,9.06801007556675,91.47465437788019,9.994874423372629,87.35059760956176,49.675625579240034,10.30756442227764,89.69243557772236,71.36237256719184,3.985171455050973
2019,"Census Tract 304.01, Gaston County, North Carolina",37071030401,21.915242332006557,15.312573167876376,0.0,0.23413720440177946,93.81877780379301,3.9803324748302504,1.9667525169749474,74.22729434141702,85.19607843137254,18.169934640522875,9.463276836158192,85.11650023775559,8.185907046476762,97.0508166969147,64.32889963724304,8.365650969529085,91.63434903047091,82.88996372430472,5.985489721886336
2019,"Census Tract 304.02, Gaston County, North Carolina",37071030402,20.057880676758682,13.357079252003562,0.9795191451469278,6.478183437221728,87.04363312555654,4.051647373107747,1.4470169189670525,70.72905331882481,84.71698113207547,13.522012578616351,14.660493827160495,92.32861806311207,6.126427179058758,93.91691394658753,77.30147575544623,15.548961424332344,84.45103857566765,79.62052002810964,2.037947997189037
2019,"Census Tract 305.01, Gaston County, North Carolina",37071030501,23.974082073434126,15.298776097912167,0.0,2.339812814974802,92.9445644348452,4.7156227501799854,0.0,73.85725741780273,88.43426077468631,13.202400436442991,4.906542056074766,89.65517241379311,10.085227272727272,96.41768292682927,61.446977205153615,10.231316725978647,89.76868327402136,76.41228939544104,0.9910802775024776
2019,"Census Tract 305.02, Gaston County, North Carolina",37071030502,20.46914269757051,17.872102764590895,0.4188774085450991,5.054454063110863,85.5626919854789,3.434794750069813,5.529181792795308,71.36725935009197,87.75100401606426,12.650602409638553,7.056798623063683,89.1477621091355,5.301966292134831,95.21021820117083,68.80934989043097,19.988310929281123,80.01168907071889,72.31555880204529,3.506208911614317
2019,"Census Tract 306.01, Gaston County, North Carolina",37071030601,18.21969696969697,29.545454545454547,0.0,3.3712121212121215,94.54545454545455,1.0227272727272727,1.0606060606060608,67.61041902604757,86.93898134140191,13.41401916288452,8.421052631578947,98.6409966024915,10.653080129689672,95.84631360332295,55.25581395348838,6.84575389948007,93.15424610051993,74.23255813953489,4.55813953488372
2019,"Census Tract 306.02, Gaston County, North Carolina",37071030602,19.922027290448344,21.676413255360625,0.5847953216374269,8.538011695906434,87.87524366471735,1.5594541910331383,1.442495126705653,58.99347623485555,79.69798657718121,16.778523489932887,12.250712250712251,87.04566635601118,4.430379746835443,93.64575059571088,55.83250249252243,11.47396293027361,88.5260370697264,81.85443668993021,6.0817547357926225
2019,"Census Tract 307, Gaston County, North Carolina",37071030700,25.734024179620036,17.990788716177317,0.0,9.268854346574553,82.64248704663213,5.90097869890616,2.1876799078871616,63.030303030303024,88.11837455830388,14.35512367491166,12.163892445582587,98.18181818181819,7.906976744186046,96.72131147540983,52.16480446927374,2.717391304347826,97.28260869565217,51.955307262569825,9.776536312849162
2019,"Census Tract 308.01, Gaston County, North Carolina",37071030801,17.6853055916775,19.700910273081927,0.0,9.492847854356306,88.8816644993498,0.26007802340702213,1.3654096228868662,47.969052224371374,74.8051948051948,5.2813852813852815,10.824742268041238,79.49709864603481,8.399366085578446,88.92508143322475,53.191489361702125,12.422360248447205,87.5776397515528,84.04255319148936,9.219858156028367
2019,"Census Tract 308.02, Gaston County, North Carolina",37071030802,24.7802734375,11.7919921875,0.0,11.23046875,81.0546875,7.0068359375,0.7080078125,54.93042952208107,79.6109240553685,10.475121586232698,9.68229954614221,88.62673926194798,6.458941901979877,95.58739255014326,53.46031746031746,14.355628058727568,85.64437194127244,50.349206349206355,6.730158730158731
2019,"Census Tract 309.01, Gaston County, North Carolina",37071030901,21.402042711234913,16.48096564531105,0.6499535747446611,12.674094707520892,75.4410399257196,7.195914577530177,4.03899721448468,66.21900826446281,77.05345501955672,11.66883963494133,3.151862464183381,88.84297520661157,8.210277613703484,94.24528301886792,65.1186790505676,3.293413173652695,96.7065868263473,57.68833849329206,9.700722394220847
2019,"Census Tract 309.02, Gaston County, North Carolina",37071030902,27.234267583289263,12.929666842940243,1.0312004230565839,32.152300370174515,43.15177154944474,23.18878900052882,0.47593865679534636,57.56738078783691,70.14504431909751,10.556003223207092,10.512483574244415,92.25984796129923,7.712177121771218,84.39509059029807,57.208943716268315,13.820598006644518,86.17940199335548,55.666923670007705,8.095605242868158
2019,"Census Tract 310.01, Gaston County, North Carolina",37071031001,24.528301886792452,13.826650943396226,0.2358490566037736,3.331367924528302,75.56014150943396,16.951650943396228,3.920990566037736,58.23817292006525,64.6690518783542,9.749552772808586,3.2490974729241873,82.46329526916803,2.1484375,98.12409812409813,66.69557675628795,6.941081517352704,93.0589184826473,75.02168256721596,5.810928013876843
2019,"Census Tract 310.03, Gaston County, North Carolina",37071031003,18.796992481203006,17.669172932330827,0.6265664160401002,4.786967418546366,92.35588972431079,0.5012531328320802,1.7293233082706767,74.68421052631578,86.3843192159608,21.386069303465174,1.5789473684210527,94.89473684210526,7.3765432098765435,97.13438735177866,74.75538160469667,8.532219570405728,91.46778042959427,84.67058056099151,1.1089367253750815
2019,"Census Tract 310.04, Gaston County, North Carolina",37071031004,19.51219512195122,15.447154471544716,2.6157652880876636,13.679745493107104,78.89713679745493,2.898550724637681,1.9088016967126193,63.59506813757301,88.61409239384042,26.55156322911806,0.0,97.20960415314731,6.181015452538632,90.234375,61.783960720130935,3.779527559055118,96.22047244094489,54.50081833060556,3.8461538461538463
2019,"Census Tract 311.01, Gaston County, North Carolina",37071031101,21.619834710743802,11.96694214876033,1.9504132231404958,18.115702479338843,72.62809917355372,3.43801652892562,3.8677685950413223,61.496062992125985,90.59609455292909,20.349434737923946,6.053268765133172,87.95275590551182,8.393083087304936,90.12578616352201,68.22594880847308,4.7098402018502945,95.29015979814972,64.16593115622243,4.148278905560459
2019,"Census Tract 311.02, Gaston County, North Carolina",37071031102,21.10134197130958,15.964831096714486,0.0,24.294308190652476,67.19111522443313,5.784359093012494,2.7302174919018976,70.60518731988472,82.45501285347044,19.215938303341904,0.0,85.97502401536984,5.161290322580645,94.5922746781116,73.12252964426878,4.887218045112782,95.11278195488721,46.44268774703557,4.446640316205533
2019,"Census Tract 312.01, Gaston County, North Carolina",37071031201,20.55779183438758,11.874640598044852,4.830362277170788,2.185163887291547,90.91431857389304,1.9838987924094307,0.08625646923519263,63.35671883432272,88.89345948169478,26.943644590703414,14.322916666666666,88.7209929843497,5.356496561708289,96.97870232788509,76.00574712643679,7.8755790866975515,92.12442091330246,66.0919540229885,1.8678160919540232
2019,"Census Tract 312.02, Gaston County, North Carolina",37071031202,15.027208036835496,12.138970280452071,0.0,13.143574717455003,77.5638342402679,8.246128087065719,1.0464629552113855,51.27610208816705,88.8641425389755,17.817371937639198,28.8135593220339,91.9953596287703,6.403940886699508,91.28352490421456,58.898847631242,10.229885057471265,89.77011494252874,44.94238156209987,4.481434058898848
2019,"Census Tract 313.01, Gaston County, North Carolina",37071031301,24.02442261746748,14.68011680382267,1.8582426333952746,17.308202813910274,61.34855322537829,17.095832227236528,2.389169100079639,58.46933033202026,83.22658126501202,14.211369095276222,7.9086115992970125,87.05683736634778,8.280922431865829,93.42770475227502,67.92318634423897,6.515957446808511,93.4840425531915,66.85633001422475,2.987197724039829
2019,"Census Tract 313.02, Gaston County, North Carolina",37071031302,20.53946053946054,14.865134865134866,2.117882117882118,20.8991008991009,57.04295704295704,16.523476523476525,3.4165834165834164,52.210433244916,79.55594002306805,10.236447520184544,9.695290858725762,74.71264367816092,8.549157656525018,89.27245731254641,58.384744812114405,7.855297157622738,92.14470284237726,56.64610207515424,3.365114974761638
2019,"Census Tract 314.01, Gaston County, North Carolina",37071031401,28.55061908230153,14.930808448652586,4.260742898761835,27.71303714493809,50.655498907501816,6.737072104879825,10.633648943918427,41.04,67.56604834176504,14.839797639123104,2.242152466367713,86.8,5.09683995922528,97.68160741885626,51.80487804878049,17.40531829170024,82.59468170829976,40.68292682926829,10.634146341463415
2019,"Census Tract 314.02, Gaston County, North Carolina",37071031402,17.81701444622793,24.63884430176565,0.5617977528089888,3.1701444622792936,95.50561797752809,0.521669341894061,0.2407704654895666,54.15094339622642,87.14585519412383,11.752360965372507,7.988980716253444,83.9622641509434,11.572265625,89.97555012224939,71.98764160659114,4.523107177974435,95.47689282202556,81.05046343975283,1.132852729145211
2019,"Census Tract 315, Gaston County, North Carolina",37071031500,24.574468085106382,17.367021276595747,1.2234042553191489,33.88297872340426,47.10106382978723,17.79255319148936,0.0,51.358695652173914,67.30608840700583,7.089241034195163,3.91566265060241,69.76902173913044,5.500705218617771,93.46861128725428,53.823953823953815,12.5,87.5,42.13564213564214,19.913419913419915
2019,"Census Tract 316, Gaston County, North Carolina",37071031600,23.49442379182156,13.82899628252788,0.0,22.354399008674104,70.43370508054522,6.7905824039653035,0.4213135068153655,48.20051413881748,82.04066265060241,6.626506024096386,7.959479015918958,95.17994858611826,5.863297700032394,90.80135440180587,47.46478873239436,7.552083333333333,92.44791666666666,52.46478873239436,6.760563380281689
2019,"Census Tract 317.01, Gaston County, North Carolina",37071031701,17.251211861990303,17.22269746221842,0.0,4.818933561448532,85.25805531793556,8.61134873110921,1.311662389506701,69.26489226869454,81.57780667533594,12.917208495882099,10.579345088161208,88.78326996197718,11.333794056668971,97.26183685111238,73.62637362637363,20.375,79.625,77.94348508634224,0.7849293563579277
2019,"Census Tract 317.03, Gaston County, North Carolina",37071031703,20.906321401370906,14.47067783701447,0.0,26.961157654226962,62.07159177456207,7.34958111195735,3.6176694592536176,54.144074360960495,85.23600439077936,12.403951701427003,20.52313883299799,90.54996127033309,9.051516610495907,93.91182645206439,61.96196196196196,13.356461405030357,86.64353859496966,89.88988988988989,0.9009009009009009
2019,"Census Tract 317.04, Gaston County, North Carolina",37071031704,23.85003988300984,15.235309758043073,0.0,7.577771869183728,88.06168572188248,2.49933528316937,1.8612071257644243,55.86068318821166,78.9291217257319,11.440677966101696,21.470588235294116,84.32685867381112,11.2005600280014,89.17410714285714,64.46837146702558,5.710659898477157,94.28934010152284,75.37012113055181,5.0471063257065945
2019,"Census Tract 318, Gaston County, North Carolina",37071031800,33.68888888888889,10.311111111111112,0.0,51.318518518518516,29.392592592592592,18.755555555555556,0.5333333333333333,39.85209531635168,76.71097981290005,10.093549975381585,6.140350877192982,83.23746918652424,5.585344057193923,81.84126984126983,56.74676524953789,21.021897810218977,78.97810218978101,52.957486136783736,10.44362292051756
2019,"Census Tract 319, Gaston County, North Carolina",37071031900,23.397717295873573,16.417910447761194,0.0,68.56892010535557,22.651448639157156,5.136084284460052,3.6435469710272166,50.49365303244006,70.00736919675755,13.338246131171703,0.7481296758104738,71.79125528913963,2.693409742120344,70.72710103871577,33.53010625737898,32.1857485988791,67.8142514011209,30.342384887839437,17.945690672963398
2019,"Census Tract 320, Gaston County, North Carolina",37071032000,22.760041194644696,9.234466186062479,0.0,45.65739787161002,43.49467902506007,8.2389289392379,2.6089941640920014,36.30573248407643,72.7364185110664,7.847082494969819,7.3569482288828345,74.41613588110403,5.777777777777778,83.96880415944541,37.32106339468302,15.979381443298967,84.02061855670104,35.37832310838446,17.68916155419223
2019,"Census Tract 321, Gaston County, North Carolina",37071032100,25.64363143631436,19.817073170731707,0.0,27.540650406504064,41.09078590785908,22.493224932249323,8.875338753387533,37.53086419753087,75.95602294455067,13.38432122370937,2.4475524475524475,74.97942386831275,6.0592255125284735,91.4327917282127,39.688715953307394,19.11880409126672,80.88119590873329,25.0,19.747081712062258
2019,"Census Tract 322, Gaston County, North Carolina",37071032200,18.959193030719852,11.279229711141678,1.3525905547913801,6.62540119211371,76.31820265933058,10.110041265474553,5.593764328289776,53.96558959295006,88.41405508072174,25.071225071225072,15.660685154975528,86.15190935795216,6.899488926746167,95.1526717557252,74.37185929648241,9.864116758933065,90.13588324106694,51.647124511446115,3.1825795644891124
2019,"Census Tract 323.01, Gaston County, North Carolina",37071032301,16.33480825958702,14.564896755162243,1.7699115044247788,16.261061946902654,73.9306784660767,2.1386430678466075,5.899705014749262,58.396161754626455,87.61854583772391,32.77133825079031,7.4498567335243555,87.32008224811516,7.183781401498457,95.26445264452644,69.04761904761905,11.475409836065573,88.52459016393442,57.67195767195767,1.763668430335097
2019,"Census Tract 323.02, Gaston County, North Carolina",37071032302,28.17660936973374,18.301314459049543,4.954499494438827,16.346477923828783,65.92517694641052,7.751937984496124,5.02190765082575,57.62081784386617,74.72584856396867,25.169712793733684,7.956600361663653,86.80297397769516,5.818864382918817,94.53978159126365,60.483870967741936,11.778656126482213,88.22134387351778,56.89964157706093,14.695340501792115
2019,"Census Tract 324.01, Gaston County, North Carolina",37071032401,24.71021159153634,13.633854645814166,2.3367065317387303,6.605335786568538,79.9080036798528,3.0174793008279672,8.132474701011958,75.91919191919192,94.95004050769647,47.31298946799892,5.714285714285714,97.41414141414141,6.915933528836754,92.73893954745019,74.25424506654429,7.942543303760035,92.05745669623997,70.07801743919228,7.847636530518587
2019,"Census Tract 324.02, Gaston County, North Carolina",37071032402,22.559171597633135,13.313609467455622,2.274408284023669,4.419378698224852,88.84985207100591,0.7396449704142012,3.7167159763313613,78.56612184249629,93.94673123486683,40.22060801721818,15.946502057613168,93.27637444279347,9.718242597898758,97.2080354102826,84.93222106360793,5.424063116370808,94.57593688362918,86.75703858185611,0.5213764337851928
2019,"Census Tract 325.02, Gaston County, North Carolina",37071032502,27.64676367285499,13.798294029101857,1.2543903662819869,3.5875564475664827,93.176116407426,1.3798294029101856,0.6021073758153538,62.71645021645021,95.64414913252122,41.01144333702473,15.995260663507107,95.23809523809523,11.199722607489598,95.0,80.5316091954023,2.452697967764541,97.54730203223546,93.53448275862068,1.221264367816092
2019,"Census Tract 325.05, Gaston County, North Carolina",37071032505,19.302678120262758,14.098029307731178,5.659423951490652,36.00303183425972,43.911066195048,6.947953511874684,7.478524507326932,49.1517207949588,91.96217494089835,24.214792299898683,3.189493433395872,91.12942317014057,8.202880400751408,93.7447168216399,76.73210161662819,6.073752711496746,93.92624728850325,39.95381062355658,3.233256351039261
2019,"Census Tract 325.06, Gaston County, North Carolina",37071032506,21.806569343065693,7.785888077858881,2.281021897810219,25.638686131386862,55.961070559610704,14.476885644768856,1.6423357664233578,64.98993963782696,82.78905560458959,28.86142983230362,8.455882352941178,90.94567404426559,7.351225204200699,97.3063973063973,61.62196679438059,6.841165972635337,93.15883402736466,27.969348659003828,1.5964240102171137
2019,"Census Tract 325.07, Gaston County, North Carolina",37071032507,23.877719636463784,17.18534838887359,8.179564858165794,12.586064445056458,73.36821812172956,3.607821536766731,2.258331038281465,64.54940282301845,95.07751937984497,38.41085271317829,16.846361185983827,85.61346362649294,12.409551374819102,96.89042448173741,84.20300214438885,8.919270833333332,91.08072916666666,87.77698355968549,3.073624017155111
2019,"Census Tract 325.08, Gaston County, North Carolina",37071032508,21.330645161290324,18.75,3.669354838709677,6.411290322580646,87.70161290322581,1.1693548387096775,1.0483870967741937,69.16299559471366,94.26855895196506,37.117903930131,16.39344262295082,93.215859030837,5.945668887749872,97.79179810725552,76.43020594965675,16.999050332383668,83.00094966761633,87.07093821510298,1.3729977116704806
2019,"Census Tract 326, Gaston County, North Carolina",37071032600,25.42812662169175,20.75765438505449,1.7125064867669952,12.06538661131292,78.67151011935651,3.5806953814218994,3.969901401141671,55.1123595505618,96.84782608695653,36.3768115942029,8.444444444444445,88.76404494382022,9.638135003479471,97.288842544317,83.30985915492958,11.471321695760599,88.5286783042394,87.11267605633802,3.028169014084507
2019,"Census Tract 327.02, Gaston County, North Carolina",37071032702,16.486613433536874,22.73367778299671,5.871301080319399,20.291216533583842,68.4358853922029,2.7712541099107564,2.6303428839830905,54.04040404040404,91.0248635536689,37.11340206185567,39.16913946587537,92.02020202020202,13.55455568053993,96.0923623445826,68.97253306205494,4.932301740812379,95.06769825918762,46.1851475076297,11.597151576805697
2019,"Census Tract 327.03, Gaston County, North Carolina",37071032703,24.770198355104014,17.61006289308176,0.7740686985970004,18.771165940977262,69.61780358006773,8.176100628930817,2.660861151427189,48.90885750962773,81.29346314325451,20.027816411682892,22.717622080679405,86.13607188703466,6.752411575562702,96.64739884393063,68.65482233502537,11.46067415730337,88.53932584269663,62.182741116751274,4.695431472081219
2019,"Census Tract 327.04, Gaston County, North Carolina",37071032704,16.88528499880754,26.21035058430718,0.5008347245409015,27.474362031958027,59.33699022179824,8.371094681612211,4.3167183400906275,44.90481522956327,90.14267185473412,23.313878080415044,8.823529411764707,89.36170212765957,9.124820659971306,88.06763285024155,61.68662155127538,13.312274368231048,86.68772563176896,36.751691827173346,5.25767829255596
2019,"Census Tract 328, Gaston County, North Carolina",37071032800,24.363030807660284,18.368026644462947,1.4487926727726894,24.013322231473772,62.26477935054121,7.49375520399667,4.779350541215654,58.767361111111114,78.35803340390495,13.808515643378028,20.659553831231815,83.89756944444444,9.158960810215765,94.76117103235747,70.06695549428909,4.548872180451128,95.45112781954887,35.21071287908625,14.296967309964554
2019,"Census Tract 329, Gaston County, North Carolina",37071032900,25.042548018477994,11.986384634087042,0.0,44.055433989788476,46.705567712132265,6.661804035983467,2.5771942620957935,53.214113098115035,92.24334600760457,25.665399239543724,4.904632152588556,80.66698888351861,5.254622121310412,94.46657813191678,64.02048655569781,12.883435582822086,87.11656441717791,44.75032010243278,8.194622279129321
2019,"Census Tract 331, Gaston County, North Carolina",37071033100,25.98984771573604,9.780033840947548,0.5752961082910322,38.612521150592215,36.37901861252115,22.33502538071066,2.0981387478849407,50.92989985693849,73.67540435025097,11.65644171779141,8.75,78.4692417739628,10.791037951531779,94.02887139107612,63.73205741626794,15.657788539144471,84.34221146085554,60.95693779904307,9.282296650717702
2019,"Census Tract 332.02, Gaston County, North Carolina",37071033202,19.578853046594983,14.650537634408604,0.9408602150537635,11.783154121863799,76.92652329749103,7.840501792114695,2.5089605734767026,58.64527629233511,82.5062034739454,34.49131513647642,21.529745042492916,92.06773618538324,4.311310190369541,95.1664025356577,67.4866310160428,8.780487804878048,91.21951219512195,77.11229946524064,4.385026737967915
2019,"Census Tract 332.03, Gaston County, North Carolina",37071033203,22.869955156950674,14.4720750101916,0.0,37.46432939258052,34.93681206685691,22.339991846718306,5.258866693844273,51.262135922330096,83.25272067714631,11.305925030229746,0.6756756756756757,80.7766990291262,9.408033826638478,91.39966273187183,56.114285714285714,13.108242303872888,86.89175769612712,45.48571428571429,5.828571428571429
2019,"Census Tract 332.04, Gaston County, North Carolina",37071033204,32.6906719591721,10.85908704281259,0.0,37.25545789622909,43.43634817125036,16.35951233342784,2.9486815990927133,48.90148830616584,80.8880308880309,15.685328185328185,9.22509225092251,87.24309000708718,8.930075821398484,92.16417910447761,60.359655981235335,12.81526925698705,87.18473074301295,50.742767787333854,3.752931978107897
2019,"Census Tract 333.03, Gaston County, North Carolina",37071033303,18.90897946674839,22.402696904688938,3.1259577076310143,4.96475635917867,90.22372050260496,1.6855654305853511,0.0,60.592686002522065,93.36337566571078,48.79147890208931,33.73253493013972,92.875157629256,9.523809523809524,98.93364928909952,84.2023346303502,2.057926829268293,97.9420731707317,86.22568093385215,0.0
2019,"Census Tract 333.04, Gaston County, North Carolina",37071033304,25.342581627474203,19.015395026222297,2.8421586871933684,13.060395872102859,80.56166469294536,1.5225850109964472,2.0131957367619693,63.38663386633866,94.36268396108755,41.98054377650287,32.504012841091495,92.3739237392374,7.568547473374123,96.12266478674655,90.5337361530715,3.5922330097087376,96.40776699029126,92.24572004028198,0.5035246727089627
2019,"Census Tract 333.05, Gaston County, North Carolina",37071033305,25.02907652942545,14.91044428936962,2.372644801116539,11.90974645266341,67.99255640846708,14.398697371481738,3.3263549662712255,61.083471531232725,84.61538461538461,16.283716283716284,5.92,86.06965174129353,9.95966490847037,94.98011928429423,70.5003248862898,5.466830466830467,94.53316953316954,82.84600389863547,6.172839506172839
2019,"Census Tract 333.06, Gaston County, North Carolina",37071033306,17.643312101910826,17.452229299363058,0.0,0.445859872611465,97.64331210191082,1.910828025477707,0.0,71.24183006535948,87.56302521008404,17.478991596638654,18.103448275862068,86.9281045751634,6.960556844547564,94.92924528301887,73.26565143824027,3.431372549019608,96.56862745098039,88.83248730964468,2.030456852791878
2019,"Census Tract 333.07, Gaston County, North Carolina",37071033307,14.139941690962099,16.08357628765792,0.0,11.564625850340136,82.89601554907678,4.664723032069971,0.8746355685131195,73.42995169082126,88.66103739445114,19.300361881785282,22.8,92.94685990338164,7.923033389926429,95.929203539823,66.66666666666666,8.636363636363637,91.36363636363637,83.95522388059702,0.0
2019,"Census Tract 334, Gaston County, North Carolina",37071033400,24.46964155084126,14.557425018288223,0.4754937820043892,15.142648134601316,70.92172640819312,8.156547183613752,5.303584491587418,63.92020815264527,75.1336898395722,7.112299465240642,17.494089834515368,77.9705117085863,5.6174334140435835,88.62595419847328,50.51546391752577,15.518606492478227,84.48139350752177,55.670103092783506,11.715089034676664
2019,"Census Tract 335, Gaston County, North Carolina",37071033500,20.643047306983412,19.06614785992218,0.020479213598197828,10.157689944706123,86.15605160761827,0.6553348351423305,3.0104443989350806,79.0422245108136,85.92489568845619,22.69819193324061,3.709949409780776,88.6714727085479,9.290322580645162,95.04906333630687,65.67540322580645,2.5540275049115913,97.44597249508841,78.98185483870968,3.881048387096774
2019,"Census Tract 601, Iredell County, North Carolina",37097060100,20.66072364971159,19.140010487676978,0.0,28.31672784478238,60.199265862611426,11.239293829750045,0.24471246285614404,32.10059171597633,85.18692687514695,27.251351986832823,0.0,94.45266272189349,10.05080627347029,93.98496240601504,71.54895666131621,10.584858270541801,89.4151417294582,57.18298555377207,2.4077046548956664
2019,"Census Tract 602, Iredell County, North Carolina",37097060200,31.138487680543754,13.211554800339847,0.0,74.93627867459644,8.836023789294817,11.767204757858964,4.460492778249788,20.14218009478673,68.67732558139535,7.4854651162790695,1.1090573012939002,72.98578199052133,3.2078963602714374,91.71779141104295,45.55112881806109,20.401691331923892,79.59830866807611,42.363877822045154,18.326693227091635
2019,"Census Tract 603, Iredell County, North Carolina",37097060300,27.22984562607204,10.162950257289879,0.0,47.98456260720412,32.03259005145797,17.238421955403087,2.7444253859348198,40.66350710900474,71.43830947511928,10.906612133605998,1.2958963282937366,79.24170616113744,5.774896876841485,94.20415224913495,41.0,24.050632911392405,75.9493670886076,41.22222222222222,10.444444444444445
2019,"Census Tract 604, Iredell County, North Carolina",37097060400,23.623853211009173,16.233435270132517,0.6625891946992865,44.520897043832825,36.18756371049949,15.188583078491336,3.4403669724770642,47.07809939923539,75.36496350364963,7.372262773722628,0.0,80.55707263790278,6.106106106106106,92.78557114228457,51.33057362507392,13.193018480492814,86.80698151950719,51.981076286221175,11.472501478415138
2019,"Census Tract 605, Iredell County, North Carolina",37097060500,20.025000000000002,15.9,0.0,31.85,57.45,6.375,4.324999999999999,35.47646383467279,85.73436401967673,32.92340126493324,17.68826619964974,90.81515499425947,5.814316974054392,93.73804971319312,59.81470758540822,6.799784133837021,93.20021586616298,59.11986103068906,4.921829762594094
2019,"Census Tract 606.01, Iredell County, North Carolina",37097060601,22.142214221422144,17.551755175517552,5.508550855085508,33.24932493249325,41.242124212421245,17.713771377137714,2.286228622862286,34.88555643251775,85.44040011114198,15.809947207557654,0.0,83.62273086029992,6.312138728323699,98.3092638252906,52.75482093663911,5.673451710697272,94.32654828930272,53.58126721763086,4.224058769513315
2019,"Census Tract 606.02, Iredell County, North Carolina",37097060602,20.39119804400978,26.3080684596577,0.3422982885085574,3.5207823960880194,90.8557457212714,2.9828850855745723,2.2982885085574574,42.98745724059293,94.8076923076923,39.743589743589745,13.661202185792352,92.7023945267959,12.162162162162163,95.24271844660194,76.56641604010025,6.775700934579438,93.22429906542055,92.98245614035088,1.7543859649122806
2019,"Census Tract 606.03, Iredell County, North Carolina",37097060603,18.950749464668093,18.30835117773019,2.6231263383297643,24.785867237687366,46.57387580299786,25.69593147751606,0.32119914346895073,70.2888583218707,72.64285714285714,5.071428571428571,5.6000000000000005,95.3232462173315,4.491413474240423,88.90147225368064,60.54313099041534,12.201963534361852,87.79803646563815,66.77316293929712,7.0287539936102235
2019,"Census Tract 607.01, Iredell County, North Carolina",37097060701,18.41183339820942,15.881666017905799,0.0,8.018684312962241,67.06889840404827,21.058777734527055,3.853639548462437,53.32834704562453,85.93017196456488,14.643043251693591,12.745098039215685,83.54525056095736,6.345419847328245,92.13180901143242,66.73267326732673,14.983164983164984,85.01683501683502,89.70297029702971,1.9801980198019802
2019,"Census Tract 607.02, Iredell County, North Carolina",37097060702,22.82011860311882,12.365473314298264,4.151109158796398,13.134197232593895,72.39182956292555,7.313858994069844,3.00900505161432,56.600277906438166,84.44444444444444,16.425120772946862,2.369077306733167,91.9407132931913,6.630620375640296,96.8174204355109,46.507462686567166,5.8988764044943816,94.10112359550563,83.1044776119403,4.597014925373134
2019,"Census Tract 607.03, Iredell County, North Carolina",37097060703,21.11801242236025,17.89411416740609,0.0,14.729370008873113,72.46376811594203,8.31115054717539,4.495711328009465,43.32493702770781,89.96669442131558,18.734388009991672,25.69593147751606,93.76574307304786,9.148856392950881,96.81208053691275,69.59349593495935,5.384615384615385,94.61538461538461,79.4308943089431,3.7398373983739837
2019,"Census Tract 608.01, Iredell County, North Carolina",37097060801,19.272937103289095,19.12867859203693,0.0,7.126370455856895,78.04385458742065,13.84881708020773,0.9809578765147143,72.9064039408867,76.8644747393745,6.655974338412189,22.727272727272727,86.02216748768473,8.291636883488206,92.6712692511949,56.00589535740605,13.84126984126984,86.15873015873015,82.01915991156964,1.2527634487840826
2019,"Census Tract 608.02, Iredell County, North Carolina",37097060802,25.245239469128677,15.204847085978074,2.019619157530294,7.010963646855164,81.70802077322563,6.145412579342182,3.1159838430467395,66.64359861591696,83.71116708648195,12.258606213266162,26.89655172413793,93.42560553633218,6.059436510999614,94.45460085313833,63.97361912613355,22.935196950444727,77.06480304955528,82.93487221764221,0.741962077493817
2019,"Census Tract 609.01, Iredell County, North Carolina",37097060901,22.657236675928264,16.3425107350341,0.0,1.262945188178833,90.5784288961859,5.632735539277595,2.525890376357666,60.8809993425378,88.37612768910479,13.844552394170714,18.456883509833585,89.21761998685076,5.707687231936655,92.7536231884058,67.03524533517623,14.429331756357186,85.57066824364281,85.34899792674499,3.5245335176226673
2019,"Census Tract 609.02, Iredell County, North Carolina",37097060902,21.87424716935678,16.863406408094438,0.0,3.204047217537943,91.61647795711878,1.9995181883883402,3.1799566369549503,68.97297297297297,82.53856942496493,13.429172510518933,15.175718849840255,87.89189189189189,6.01295097132285,92.29332087809435,36.99936427209155,12.901439645625693,87.09856035437431,76.09663064208519,3.0514939605848697
2019,"Census Tract 610.01, Iredell County, North Carolina",37097061001,23.04964539007092,17.19858156028369,8.51063829787234,5.927051671732523,81.9402228976697,2.1529888551165146,1.4690982776089159,48.99367452558942,94.87369985141159,24.51708766716196,18.524590163934427,86.65899942495687,7.603686635944701,96.04989604989605,71.65504121750158,9.782608695652174,90.21739130434783,73.43056436271401,0.0
2019,"Census Tract 610.02, Iredell County, North Carolina",37097061002,21.80025178346622,15.71548468317247,0.1678556441460344,10.847671002937474,77.84305497272345,9.211078472513638,1.9303399076793955,52.87885766927683,85.4072055706933,16.46987587042083,13.853317811408614,91.20221096269,6.359001878186208,95.53165080678528,57.20850086157381,6.448146157979581,93.55185384202042,85.46812176909822,1.665709362435382
2019,"Census Tract 610.03, Iredell County, North Carolina",37097061003,22.597087378640776,20.0,1.1650485436893203,15.339805825242719,71.50485436893203,10.606796116504855,1.383495145631068,37.32112192329708,87.42774566473989,23.19364161849711,1.3089005235602094,85.63251287922152,6.114769520225776,88.81453154875717,65.02159161011721,8.67605633802817,91.32394366197182,71.80752621838371,2.7760641579272054
2019,"Census Tract 611.01, Iredell County, North Carolina",37097061101,18.209876543209877,17.253086419753085,0.0,2.8703703703703702,80.27777777777779,13.179012345679011,3.67283950617284,52.772073921971256,86.11111111111111,16.276041666666664,0.0,82.54620123203286,3.9622641509433962,96.7548076923077,63.707317073170735,12.76595744680851,87.2340425531915,81.7560975609756,1.75609756097561
2019,"Census Tract 611.02, Iredell County, North Carolina",37097061102,24.26053181953989,17.627726322079475,6.6029279952196,13.53450851508814,73.91694054377054,5.288317896623843,0.6573050492978787,64.29495472186288,89.71663619744058,14.945155393053017,4.191616766467066,84.92884864165589,6.193293885601578,95.39551357733176,59.413580246913575,13.136729222520108,86.8632707774799,72.2993827160494,5.709876543209877
2019,"Census Tract 611.03, Iredell County, North Carolina",37097061103,23.07446468520294,18.472355385107065,0.0,12.97539149888143,80.95238095238095,4.857782038990092,1.214445509747523,56.867283950617285,88.81453154875717,13.049713193116636,0.0,92.05246913580247,10.178645616950561,95.35201640464798,64.64135021097046,7.421875,92.578125,74.26160337552743,5.063291139240507
2019,"Census Tract 611.04, Iredell County, North Carolina",37097061104,22.67674522009782,17.56336149399733,0.8448199199644287,6.714095153401511,88.26144953312584,3.7794575366829704,0.4001778568252557,45.49098196392786,91.52119700748129,11.471321695760599,6.569343065693431,85.37074148296593,8.876080691642652,91.58460161145928,66.01156069364161,9.233997901364113,90.7660020986359,80.23121387283237,0.8092485549132947
2019,"Census Tract 612.01, Iredell County, North Carolina",37097061201,24.356732450662,15.938046465151137,2.0234823882088433,4.796402697976518,87.55933050212342,4.8963277541843615,0.7244566575068698,53.140916808149406,91.7934205871949,28.404669260700388,13.32398316970547,93.0390492359932,8.620689655172415,97.11099847947288,81.06860158311345,10.823529411764705,89.17647058823529,85.75197889182058,0.395778364116095
2019,"Census Tract 612.02, Iredell County, North Carolina",37097061202,19.741853575962757,18.57807871349979,0.4020313161235718,11.76470588235294,85.25179856115108,1.3965298349555648,1.184934405416843,49.379546427043216,90.9013363662212,23.65652544782485,9.267563527653214,90.80017115960634,6.078224101479916,94.24846625766872,72.28915662650603,9.22491678554446,90.77508321445555,79.15138816134102,2.357255107386066
2019,"Census Tract 612.03, Iredell County, North Carolina",37097061203,22.61758691206544,12.63803680981595,4.683026584867076,15.05112474437628,69.12065439672801,7.6482617586912065,3.496932515337423,63.1103816167419,95.57495484647802,39.76520168573149,4.147982062780269,88.1001231021748,5.443974630021142,93.74553252323088,79.50693374422187,11.055276381909549,88.94472361809045,63.48228043143297,1.7462763225475089
2019,"Census Tract 612.04, Iredell County, North Carolina",37097061204,23.510506798516687,15.203955500618047,0.6674907292954265,1.4091470951792335,92.18788627935723,3.80716934487021,1.9283065512978987,57.540603248259856,95.87041651833393,50.55179779280883,5.5198973042362,89.8491879350348,10.536522301228183,96.50993698497334,92.07772795216741,21.01534828807556,78.98465171192444,89.61136023916293,0.523168908819133
2019,"Census Tract 612.05, Iredell County, North Carolina",37097061205,17.737465356512974,22.54976064499874,0.6046863189720333,1.4613252708490805,95.51524313429076,1.3605442176870748,1.0582010582010581,77.36808645899555,94.58823529411765,35.89915966386555,11.411992263056092,96.88493324856961,7.534456355283307,94.47368421052632,74.39423706614276,21.207430340557277,78.79256965944272,91.48657498362803,3.274394237066143
2019,"Census Tract 613.01, Iredell County, North Carolina",37097061301,22.64808362369338,9.914475768134306,0.6335128286347799,4.497941083306936,82.83180234399747,8.299018055115615,3.737725688945201,70.30692362598144,79.58883994126285,11.404796867351934,13.302752293577983,86.50963597430406,4.135954135954136,92.21518987341773,63.090909090909086,7.094594594594595,92.9054054054054,65.0,4.363636363636364
2019,"Census Tract 613.02, Iredell County, North Carolina",37097061302,23.931265716680635,14.522212908633698,0.7753562447611064,8.92707460184409,81.43336127409891,6.936295054484493,1.9279128248113997,55.36423841059602,83.5386001802343,13.547611895464104,19.557195571955717,77.83664459161147,8.34026045996121,93.9961759082218,78.125,7.494646680942184,92.50535331905782,80.38194444444444,3.356481481481482
2019,"Census Tract 613.03, Iredell County, North Carolina",37097061303,26.461143224149,12.26718047527296,1.3915649753800043,2.4834082637550847,90.66581031898951,4.966816527510169,0.4923999143652323,51.90989226248776,92.3226433430515,34.59669582118562,8.808933002481389,92.89911851126347,6.724890829694323,94.07437678790356,78.64551555826723,4.875217643644805,95.1247823563552,83.34350213544845,1.7083587553386212
2019,"Census Tract 613.04, Iredell County, North Carolina",37097061304,23.286290322580644,10.443548387096774,0.967741935483871,13.46774193548387,76.85483870967742,6.774193548387098,1.935483870967742,46.51424287856072,93.4381614756577,23.979437556697913,12.016293279022404,91.4167916041979,5.83442838370565,97.63083451202263,73.25408618127786,7.9762989972652685,92.02370100273473,55.175829618623084,1.634472511144131
2019,"Census Tract 614.01, Iredell County, North Carolina",37097061401,27.591522157996145,14.007707129094413,3.448940269749518,1.001926782273603,90.90558766859344,4.142581888246628,0.5009633911368016,67.13798147245245,98.56280540385168,64.93245185398104,16.978066612510155,91.41882008776207,5.055880787653007,97.82780410742497,86.94915254237287,15.994304698623635,84.00569530137636,95.25423728813558,0.0
2019,"Census Tract 614.02, Iredell County, North Carolina",37097061402,26.094109904573877,13.47482724580454,4.886475814412636,9.674234945705825,81.67160250082264,2.5172754195459035,1.2504113195129978,53.60861759425494,97.64492753623189,52.56211180124224,2.536231884057971,94.18312387791742,6.077471059661621,93.77831470854726,81.657551535549,3.648155654641265,96.35184434535874,63.44131257888094,1.472444257467396
2019,"Census Tract 614.03, Iredell County, North Carolina",37097061403,18.75,13.231707317073171,8.384146341463415,3.4451219512195124,82.3170731707317,5.396341463414634,0.45731707317073167,47.66009852216749,94.91673970201578,38.73794916739702,10.748560460652591,91.07142857142857,8.592870544090056,94.56404736275566,72.94117647058823,3.286978508217446,96.71302149178256,53.790849673202615,4.967320261437909
2019,"Census Tract 614.04, Iredell County, North Carolina",37097061404,21.73105497771174,17.5334323922734,0.9286775631500743,2.9717682020802374,93.9078751857355,1.8202080237741458,0.3714710252600297,49.31506849315068,95.52988448016072,50.426921145153194,34.73451327433628,81.84931506849315,7.261509254864737,96.91091954022988,81.11111111111111,14.081145584725538,85.91885441527445,72.03703703703704,5.0
2019,"Census Tract 614.05, Iredell County, North Carolina",37097061405,16.666666666666664,21.823498139287615,3.721424774056353,1.3556618819776716,86.31047315257841,6.778309409888357,1.8341307814992027,50.58697972251868,97.42939898624185,47.682838522809554,7.494646680942184,87.45997865528282,11.547049441786283,94.78930675124604,82.41206030150754,11.047254150702427,88.95274584929757,92.96482412060301,1.8664752333094041
2019,"Census Tract 614.06, Iredell County, North Carolina",37097061406,26.135669179058873,15.60399266653086,1.4666938276634753,1.0796496231411692,93.5832145039723,1.7926257893664699,2.0778162558565896,69.12642430819317,97.57519950890116,63.13689379987723,7.048458149779736,90.45035268583831,4.136789851075565,97.21865639709029,91.8354818907305,21.075581395348838,78.92441860465115,91.89686924493554,1.4732965009208103
2019,"Census Tract 614.07, Iredell County, North Carolina",37097061407,20.107296137339056,17.124463519313306,1.652360515021459,2.875536480686695,92.83261802575107,0.6008583690987125,2.03862660944206,55.82366589327145,94.03159742539496,38.092451726155645,13.990267639902676,92.25058004640371,6.07037335482138,98.72585285655569,71.19386637458926,9.19940328194928,90.80059671805071,77.4370208105148,1.8619934282584885
2019,"Census Tract 614.08, Iredell County, North Carolina",37097061408,31.574074074074076,6.851851851851852,2.2453703703703707,4.74537037037037,87.5462962962963,3.148148148148148,2.314814814814815,59.03257650542941,95.02196193265007,37.042459736456806,10.11029411764706,99.25962487660415,7.848443843031124,97.34782608695653,81.56133828996282,10.868124585818423,89.13187541418156,79.62825278810409,0.8178438661710037
2019,"Census Tract 615.01, Iredell County, North Carolina",37097061501,25.88661661920787,12.218483044266113,0.0,14.988351022521357,74.83820864612996,4.685477608076624,5.4879627232720685,41.53132250580047,91.31859131859132,23.832923832923832,1.3793103448275863,84.91879350348029,6.322039818372336,95.10783798001053,70.34925160370634,3.2413793103448274,96.75862068965517,66.71418389166072,7.270135424091233
2019,"Census Tract 615.02, Iredell County, North Carolina",37097061502,29.01023890784983,14.358849341784497,0.7313505607020965,5.460750853242321,79.88785958069235,12.140419307654803,1.7796196977084349,60.023041474654384,90.67859806114839,31.3944817300522,0.0,93.77880184331798,6.627747252747253,96.5986394557823,74.55830388692578,3.346994535519126,96.65300546448088,82.12014134275618,0.9187279151943463
2019,"Census Tract 615.03, Iredell County, North Carolina",37097061503,24.498529018454132,22.358919497191764,0.561647499331372,6.926985825086922,88.4461085851832,2.9152179727199785,1.1500401176785235,42.265372168284784,90.86122602482136,32.64385107183151,5.36231884057971,92.29773462783172,9.3871767623096,97.28480647024841,68.86145404663924,4.768125408229915,95.23187459177008,76.6803840877915,2.5377229080932784
2019,"Census Tract 616.01, Iredell County, North Carolina",37097061601,28.95101024079712,9.825629670633822,1.4115693329642955,20.924439523941324,52.61555494049267,22.225297536673125,2.823138665928591,38.54961832061068,85.55885262116716,21.216617210682493,1.6990291262135921,71.56488549618321,4.908453447604208,95.33923303834808,64.51890034364261,5.211726384364821,94.78827361563518,41.15120274914089,10.824742268041238
2019,"Census Tract 616.02, Iredell County, North Carolina",37097061602,22.466850137603203,11.458593945459095,15.599199399549663,5.529146860145109,64.27320490367777,12.947210407805853,1.651238428821616,50.83603693536312,90.88495575221239,42.88495575221239,3.7037037037037033,86.67332168704766,5.308163923846402,95.93806104129264,78.32722832722833,7.977528089887641,92.02247191011236,50.091575091575095,6.99023199023199
2019,"Census Tract 701, Lincoln County, North Carolina",37109070100,23.648780487804878,18.88780487804878,0.07804878048780488,10.282926829268293,67.86341463414635,13.560975609756099,8.214634146341464,58.970856102003644,86.45945945945947,16.56756756756757,2.6266416510318953,92.89617486338798,7.922310247891644,90.33932135728543,72.59225922592259,14.075792730085073,85.92420726991493,50.58505850585059,4.68046804680468
2019,"Census Tract 702.01, Lincoln County, North Carolina",37109070201,23.599287269847554,8.849732726192833,0.0,14.33379528806177,57.711344288259745,26.351217580677094,1.603642843001386,50.378938970881535,79.43086916176925,14.537581193937518,0.0,82.52891902672516,5.6121117201774995,93.8622754491018,53.985507246376805,5.4331864904552125,94.56681350954479,40.683229813664596,9.472049689440993
2019,"Census Tract 702.02, Lincoln County, North Carolina",37109070202,19.75270479134467,19.38176197836167,2.874806800618238,12.302936630602781,80.1854714064915,2.1638330757341575,2.472952086553323,58.63171355498721,92.47491638795987,26.045150501672243,0.0,90.66496163682865,6.432973805855162,97.58620689655172,77.6461880088823,7.90729379686435,92.09270620313565,89.78534418948927,2.3686158401184305
2019,"Census Tract 703, Lincoln County, North Carolina",37109070300,16.841591408347572,28.94801073956554,0.2928972418843056,11.3741762265072,77.64217720283135,7.835001220405174,2.8557481083719796,51.619572708476916,79.78419549349412,19.96191685179308,9.908256880733946,87.25017229496899,7.367185206926916,89.58090803259604,63.20474777448071,13.27843540916109,86.72156459083891,63.0860534124629,6.4094955489614245
2019,"Census Tract 704, Lincoln County, North Carolina",37109070400,21.794871794871796,16.70278078728783,0.0,0.8125677139761647,93.58974358974359,3.0155290718670997,2.5821596244131455,61.356209150326805,87.19818913480886,13.883299798792756,13.36405529953917,93.79084967320262,7.96582775340568,89.3465909090909,75.46516659454781,7.4489387264717655,92.55106127352823,84.68195586326266,2.769363911726525
2019,"Census Tract 705, Lincoln County, North Carolina",37109070500,21.09423757021011,17.807364260453507,0.5200748907842729,0.769710838360724,96.5675057208238,1.4562096941959641,0.6864988558352403,70.88103534096565,82.21836084564147,17.02867072111208,12.60815822002472,89.19860627177701,14.210387556024257,94.60654288240495,55.58568329718005,9.430255402750491,90.56974459724951,81.07375271149675,4.55531453362256
2019,"Census Tract 706, Lincoln County, North Carolina",37109070600,21.833211767566254,17.529783612934597,0.6564551422319475,2.017991733527839,91.73352783856066,4.886943836615609,0.7050814490639437,79.582875960483,87.28403593642018,15.860400829302005,0.0,93.24917672886937,7.34059097978227,96.52677279305355,54.9685534591195,16.62296801258521,83.37703198741478,80.88050314465409,1.1949685534591197
2019,"Census Tract 707, Lincoln County, North Carolina",37109070700,25.047489823609226,15.87516960651289,0.0,1.1397557666214384,90.33921302578018,7.435549525101765,1.0854816824966078,68.62507571168989,81.96522442377679,14.880711686211079,0.14727540500736377,90.43004239854633,9.268645908761766,96.47727272727272,59.70909090909091,8.75912408759124,91.24087591240875,90.10909090909091,0.8727272727272728
2019,"Census Tract 708, Lincoln County, North Carolina",37109070800,17.318925233644862,16.486565420560748,0.0,8.761682242990654,74.4304906542056,14.836448598130842,1.9713785046728973,49.89234081820978,83.11172851756301,14.586227426076604,2.8846153846153846,93.10981236542602,10.102437301306958,91.28488678251712,55.346820809248555,2.8089887640449436,97.19101123595506,69.29190751445087,5.130057803468208
2019,"Census Tract 709.01, Lincoln County, North Carolina",37109070901,24.276032039433147,15.98890942698706,0.0,0.33887861983980283,97.72027110289588,0.46210720887245843,1.478743068391867,63.96648044692738,93.59086918349429,19.00790166812994,20.87719298245614,91.75977653631286,8.54353132628153,92.67535692116698,69.3061224489796,8.582089552238806,91.4179104477612,79.83673469387756,2.36734693877551
2019,"Census Tract 709.02, Lincoln County, North Carolina",37109070902,21.364397746307297,14.511953707933609,0.24364245469773108,4.476930105070808,89.17313841936958,3.989645195675347,2.116643825186539,69.85270049099836,90.03755246299978,26.59597967749061,14.774494556765164,89.0671031096563,12.335398915569327,96.98996655518395,68.49788705339992,7.3005698005698,92.6994301994302,81.2908182865924,2.8812908182865926
2019,"Census Tract 710.01, Lincoln County, North Carolina",37109071001,24.986876640419947,11.496062992125983,0.017497812773403322,5.2493438320209975,78.58267716535433,13.595800524934385,2.5546806649168854,73.25102880658436,87.55530973451327,13.633849557522124,2.3833167825223436,90.70644718792867,7.977606717984605,95.7288765088208,70.20057306590259,7.590467784642542,92.40953221535746,78.51002865329512,6.06494746895893
2019,"Census Tract 710.02, Lincoln County, North Carolina",37109071002,19.5440956651719,19.394618834080717,0.0,7.623318385650224,85.38863976083707,5.792227204783259,1.195814648729447,78.31223628691984,75.80803134182175,16.06268364348678,2.8301886792452833,81.26582278481013,8.499767765908036,95.78125,57.711442786069654,9.784560143626571,90.21543985637342,85.87064676616916,3.7810945273631837
2019,"Census Tract 711.01, Lincoln County, North Carolina",37109071101,20.12557832121613,15.746860541969596,3.6186384666226044,2.924653007270324,89.98678122934567,1.982815598149372,1.4871116986120292,70.6151832460733,93.0426925683307,28.936074090806414,4.409672830725462,91.62303664921467,8.791890773686388,96.40503295386459,77.84045124899275,4.794783275795933,95.20521672420406,71.8372280419017,2.73972602739726
2019,"Census Tract 711.02, Lincoln County, North Carolina",37109071102,22.530388632083547,17.06899503509673,1.6777948981338813,1.352508132169149,88.1698339325458,4.930662557781202,3.869200479369971,76.33333333333333,93.51053639846744,33.11781609195402,18.927789934354486,94.48148148148148,9.922651933701658,95.16182849516183,82.50112460638776,3.6410923276983094,96.35890767230168,92.3076923076923,1.8893387314439947
2019,"Census Tract 712.01, Lincoln County, North Carolina",37109071201,16.802610114192497,24.25231103860794,2.392604676454595,0.8700380641653072,90.21207177814028,6.035889070146819,0.48939641109298526,74.35897435897436,96.87065368567454,34.63143254520167,16.19047619047619,92.42979242979243,13.00653594771242,95.11434511434511,81.18686868686868,11.607142857142858,88.39285714285714,87.87878787878788,0.0
2019,"Census Tract 712.02, Lincoln County, North Carolina",37109071202,18.785865297493203,22.621564482029598,1.147689519782543,1.2382965871337965,94.3823618242223,0.9362730292962852,2.295379039565086,83.66533864541833,95.14792899408285,40.47337278106509,8.31858407079646,87.01195219123507,6.359241353663071,94.70663265306123,84.92672714584786,12.781497261107729,87.21850273889227,84.0195394277739,2.6517794836008375
2019,"Census Tract 712.03, Lincoln County, North Carolina",37109071203,23.12004639474193,16.702107094529286,0.3092982795283201,1.0632128358786004,95.68915522907405,2.1264256717572008,0.8119079837618403,74.51790633608816,97.09791158123136,51.55953349606727,5.190677966101695,94.21487603305785,7.895398541614282,99.19478527607362,86.62582950484942,6.758686339838173,93.24131366016182,87.54466564573762,0.40837161817253703
2019,"Census Tract 1, Mecklenburg County, North Carolina",37119000100,2.2384263184670172,6.08784127522469,6.206545701204002,9.954214007122266,70.49347125657114,7.851449889774462,5.4943191453281335,30.54484088717454,99.86713906111603,76.12931798051373,0.0,54.48408871745419,4.856895056374675,98.5194324491055,86.83908045977012,24.083769633507853,75.91623036649214,29.42528735632184,5.977011494252873
2019,"Census Tract 3, Mecklenburg County, North Carolina",37119000300,5.112107623318385,9.237668161434978,0.8968609865470852,28.609865470852018,69.05829596412556,0.0,1.4349775784753362,29.015544041450774,93.92752203721841,73.2615083251714,0.0,86.35578583765113,2.1739130434782608,93.78238341968913,68.8360450563204,14.727854855923159,85.27214514407684,30.78848560700876,23.779724655819777
2019,"Census Tract 4, Mecklenburg County, North Carolina",37119000400,2.4068767908309456,4.240687679083095,3.553008595988539,13.32378223495702,77.90830945558739,2.6361031518624642,2.5787965616045847,39.68715896689705,97.25571725571726,80.16632016632018,0.0,65.98763186613313,2.6717557251908395,97.46957078795644,84.93273542600896,9.38642828118651,90.61357171881349,10.852017937219731,11.076233183856504
2019,"Census Tract 5, Mecklenburg County, North Carolina",37119000500,6.914306730415594,7.594703935270319,1.066568591393895,29.974255240897392,56.381022434718645,6.730415593968371,5.8477381390217,35.43413578577225,88.37389953392025,73.79596064215433,20.238095238095237,56.099540167703545,3.575661793757408,97.38578060102614,74.00501972032987,14.735554876184654,85.26444512381535,31.050555754750807,17.999282897095732
2019,"Census Tract 6, Mecklenburg County, North Carolina",37119000600,18.46725185685348,4.523970290344362,5.401755570560432,41.52599594868332,45.30722484807562,3.37609723160027,4.388926401080351,34.77777777777778,93.5303107488538,60.315843097300046,10.424710424710424,63.61111111111111,3.9751552795031055,97.18379446640316,73.74193548387098,17.684545937334043,82.31545406266596,15.806451612903224,11.741935483870968
2019,"Census Tract 7, Mecklenburg County, North Carolina",37119000700,7.392607392607392,5.794205794205794,3.296703296703297,48.651348651348655,43.65634365634365,3.5964035964035967,0.7992007992007992,42.3861852433281,93.9729397293973,38.00738007380074,33.33333333333333,88.22605965463109,7.982740021574973,99.2867332382311,76.74858223062382,13.843648208469055,86.15635179153095,39.50850661625709,12.098298676748582
2019,"Census Tract 8, Mecklenburg County, North Carolina",37119000800,29.277310924369747,3.966386554621849,1.4789915966386555,71.02521008403362,14.285714285714285,1.3445378151260505,11.865546218487395,52.88035450516987,86.16047388260635,26.81744749596123,3.6290322580645165,71.86115214180207,1.5684410646387832,85.88090853284224,64.41351888667992,13.7221269296741,86.27787307032591,32.30616302186879,14.214711729622268
2019,"Census Tract 9, Mecklenburg County, North Carolina",37119000900,13.26027397260274,9.698630136986301,3.506849315068493,56.43835616438356,37.917808219178085,1.1506849315068493,0.9863013698630136,51.91146881287726,79.23697725605282,42.18635363169479,0.0,85.8148893360161,4.042956411876184,93.20987654320987,77.20797720797721,13.011152416356877,86.98884758364312,64.95726495726495,13.675213675213676
2019,"Census Tract 10, Mecklenburg County, North Carolina",37119001000,14.351699109204882,7.42329264269218,1.4516661167931375,3.134279115803365,86.83602771362587,3.4971956450016495,5.080831408775981,55.462624150548876,97.9091274628066,75.27141133896261,0.0,88.91792995295347,1.848998459167951,95.06008010680908,91.65497896213184,5.812417437252312,94.18758256274768,63.183730715287524,3.0855539971949506
2019,"Census Tract 11, Mecklenburg County, North Carolina",37119001100,18.52223336676697,6.41925777331996,0.6686726847208292,7.422266800401204,86.45937813440321,2.3737880307589436,3.075894349715814,49.67355821545158,96.8593536640874,77.33272644515247,13.782051282051283,91.73014145810664,2.667213787443578,99.10335063709297,88.13559322033898,4.031117397454031,95.96888260254597,51.06853352984525,0.9579955784819455
2019,"Census Tract 12, Mecklenburg County, North Carolina",37119001200,17.54698318496538,11.98813056379822,5.79624134520277,22.967359050445104,54.85657764589516,15.43026706231454,0.9495548961424332,51.33404482390609,81.85214838537497,47.90499065919403,5.197132616487455,79.08217716115261,5.014395393474088,97.10012210012209,69.44713870029098,15.76797385620915,84.23202614379085,61.97866149369544,11.154219204655675
2019,"Census Tract 13, Mecklenburg County, North Carolina",37119001300,14.054848188050931,16.993143976493634,2.081292850146915,39.64250734573947,43.535749265426055,12.904015670910871,1.8364348677766893,55.97051597051597,78.39775561097257,30.517456359102248,5.510204081632653,83.63636363636363,5.384615384615385,94.77206189878711,60.86175942549371,11.913547706905641,88.08645229309437,48.41412327947337,12.447636146020347
2019,"Census Tract 14, Mecklenburg County, North Carolina",37119001400,12.981806968855997,3.885291396854764,4.224483502929386,19.056429232192414,58.89608387295714,13.691026827012026,4.131976564909035,52.40909090909091,88.76712328767124,58.551859099804304,4.313725490196078,78.81818181818183,6.0595322466335935,95.44012688342586,77.13202779532533,7.209847596717468,92.79015240328253,51.800379027163615,10.107391029690461
2019,"Census Tract 15.04, Mecklenburg County, North Carolina",37119001504,30.31700288184438,11.873198847262248,3.731988472622479,52.435158501440924,12.39193083573487,26.87319884726225,4.567723342939481,68.2336674732112,65.79179532421703,14.97573886193207,2.813127930341594,69.0978223297615,3.0711765926540777,89.81233243967829,54.21336654213367,2.3905996758508916,97.6094003241491,49.02449149024491,9.339975093399751
2019,"Census Tract 15.05, Mecklenburg County, North Carolina",37119001505,27.673834124546214,8.209997207483944,2.010611561016476,27.478358000558504,28.092711533091315,40.547333147165595,1.8709857581681095,63.76440460947504,75.47087166009636,20.324134910205867,2.2988505747126435,86.93982074263764,6.409266409266409,97.41863075196409,60.91772151898734,3.585049580472922,96.41495041952707,74.92088607594937,0.7120253164556962
2019,"Census Tract 15.07, Mecklenburg County, North Carolina",37119001507,30.329754601226995,6.173312883435583,0.0,48.236196319018404,6.729294478527607,44.49769938650307,0.5368098159509203,70.12252591894439,66.95352839931154,10.120481927710843,4.154589371980676,64.4674835061263,1.9066040342636088,91.12776025236593,43.186180422264876,8.96913220733838,91.03086779266162,18.106206014075497,20.025591810620604
2019,"Census Tract 15.08, Mecklenburg County, North Carolina",37119001508,28.405628898882924,9.212244305817496,3.438270709415349,43.04366748875671,23.023357028869867,25.199477731031482,5.2952270419265925,71.41538461538461,84.90478402229448,32.21086855550395,0.0,77.13846153846153,5.714285714285714,88.558352402746,65.19546027742749,10.83208395802099,89.16791604197901,56.53635981504834,3.867171080285835
2019,"Census Tract 15.09, Mecklenburg County, North Carolina",37119001509,29.899972965666393,13.354960800216276,2.297918356312517,58.69153825358205,4.109218707758854,31.062449310624494,3.838875371722087,59.82958003651856,83.52941176470588,16.8,0.11312217194570137,82.04503956177723,2.236791361357501,91.67077378018729,47.983870967741936,2.0537124802527646,97.94628751974723,43.145161290322584,9.758064516129032
2019,"Census Tract 15.10, Mecklenburg County, North Carolina",37119001510,23.406221127194332,15.491222667077304,10.902371419772097,66.09177702494611,5.2663997536187255,12.103480135509702,5.635971666153372,66.62106703146374,84.0258541089566,19.205909510618653,0.0,80.30095759233926,7.076799356654603,93.9156626506024,61.96013289036545,7.455803228285935,92.54419677171407,52.40863787375415,8.970099667774086
2019,"Census Tract 16.03, Mecklenburg County, North Carolina",37119001603,17.750801649106734,21.988089784699955,3.916628492899679,24.25561154374714,39.09757214841961,29.752633989922128,2.977553825011452,74.28435114503816,82.01902424056459,22.951825713409022,8.02919708029197,81.10687022900763,9.885825675299358,97.92860290877037,58.62268518518518,10.927835051546392,89.07216494845362,39.81481481481482,14.641203703703704
2019,"Census Tract 16.05, Mecklenburg County, North Carolina",37119001605,16.68584579976985,9.090909090909092,3.9125431530494823,28.135788262370543,35.96087456846951,27.445339470655927,4.545454545454546,64.7,78.37423312883436,24.079754601226995,3.428571428571429,66.10000000000001,5.041436464088398,93.28097731239092,54.20918367346938,8.624708624708624,91.37529137529138,21.683673469387756,21.428571428571427
2019,"Census Tract 16.06, Mecklenburg County, North Carolina",37119001606,21.97417377982053,11.008973517181001,12.431604289778946,22.915298752462245,23.04661851608667,40.555920332676735,1.0505581089954037,61.50061500615006,65.17038007863695,20.57667103538663,0.3640776699029126,64.69864698646987,4.9424319011513616,95.45795795795796,54.441624365482234,7.620164126611957,92.37983587338803,31.027918781725887,9.390862944162437
2019,"Census Tract 16.07, Mecklenburg County, North Carolina",37119001607,31.58376563930424,10.894110466890448,1.007018614586512,46.44491913335368,13.182789136405248,38.35825450106805,1.007018614586512,62.81055900621118,67.52786220871327,18.693009118541035,0.0,63.81987577639752,10.214094558429974,92.07240948813983,55.42372881355932,5.448717948717949,94.55128205128204,18.89830508474576,10.677966101694915
2019,"Census Tract 16.08, Mecklenburg County, North Carolina",37119001608,28.162989644304364,9.590274651058083,6.123367852318776,43.786582620441244,15.736154885186854,32.687978388113464,1.6659162539396668,66.61458333333333,70.41036717062636,14.72282217422606,4.005524861878453,68.125,5.108116577875274,88.74029335634167,48.34523036988968,9.299587992937022,90.70041200706298,36.469824789097984,13.238157040882545
2019,"Census Tract 16.09, Mecklenburg County, North Carolina",37119001609,25.646238745280282,11.501597444089457,8.103398199244845,43.85710136508859,13.36044147545745,30.26430438571014,4.414754574498984,68.48030018761726,77.81851512373969,22.86892758936755,0.0,76.48530331457161,7.070312500000001,92.5984251968504,64.04239212717638,4.275362318840579,95.72463768115942,37.244511733535205,11.203633610900834
2019,"Census Tract 17.01, Mecklenburg County, North Carolina",37119001701,28.77762742444745,4.465493910690121,14.343707713125845,20.184934596301307,31.25845737483085,24.853405502931892,9.359494812810103,48.88694893059799,75.0,37.94642857142857,0.0,77.95722391968573,4.781507283090564,96.19500594530321,68.97374701670644,11.928533893851814,88.0714661061482,18.973747016706444,13.24582338902148
2019,"Census Tract 17.02, Mecklenburg County, North Carolina",37119001702,25.641897636456385,6.580513518109166,6.257439211018534,32.93657541234484,28.34551946947798,27.03621833021595,5.4242475769426965,65.66597653554174,69.88788040576614,21.569674319273894,6.658291457286432,58.83367839889579,3.1702274293590627,93.62079149438865,57.52539242843952,10.754017305315204,89.2459826946848,32.45614035087719,15.69713758079409
2019,"Census Tract 18.01, Mecklenburg County, North Carolina",37119001801,20.845697329376854,3.635014836795252,2.1513353115727005,32.49258160237389,53.85756676557863,9.495548961424333,2.0029673590504453,43.08445532435741,92.4089068825911,39.979757085020246,2.3952095808383236,91.06487148102815,9.372071227741332,97.170837867247,65.12738853503186,7.374631268436578,92.62536873156341,32.64331210191082,8.121019108280255
2019,"Census Tract 18.02, Mecklenburg County, North Carolina",37119001802,15.953177257525084,11.471571906354514,6.622073578595318,20.367892976588628,64.78260869565217,6.521739130434782,1.705685618729097,58.63409217101611,94.9978982765868,38.96595208070618,4.838709677419355,87.28484175458078,6.0775689724110356,98.36670179135932,78.84615384615384,5.232216343327455,94.76778365667255,41.687344913151364,3.535980148883375
2019,"Census Tract 19.10, Mecklenburg County, North Carolina",37119001910,24.792969410174077,7.216494845360824,15.27801250633767,37.248605712354234,10.393780632077068,34.15582220719959,2.923778942031435,67.11758584807492,63.97821576763485,14.419087136929459,8.506429277942631,57.02393340270552,3.955056179775281,91.7723476647077,62.95099623047927,7.565953210552514,92.43404678944749,39.74151857835218,8.939149165320408
2019,"Census Tract 19.11, Mecklenburg County, North Carolina",37119001911,22.094594594594593,13.192567567567567,5.760135135135135,42.027027027027025,27.39864864864865,22.31418918918919,2.5,81.23118099698897,86.89002184996359,19.907744598203447,1.9782393669634024,86.28303780528604,5.117085862966175,97.59556103575832,82.65977443609023,3.096539162112933,96.90346083788707,63.721804511278194,9.868421052631579
2019,"Census Tract 19.12, Mecklenburg County, North Carolina",37119001912,29.045842858861747,6.6538322704849,16.652629045842858,54.46997954518108,7.411863794970521,18.084466369871254,3.3810612441342798,83.20802005012531,64.43268665490888,17.813051146384478,10.248681235870384,74.63659147869674,6.104799050364592,89.44112627986348,60.24237685691946,11.61022805805114,88.38977194194885,28.18608287724785,11.063330727130571
2019,"Census Tract 19.14, Mecklenburg County, North Carolina",37119001914,24.487924182207276,10.333231427697951,11.189238764903699,19.779883827575663,40.26291653928462,21.400183430143688,7.367777438092327,61.37309292649098,77.69041769041769,26.683046683046683,9.1324200913242,69.97226074895978,4.129554655870446,95.18449030644153,60.67415730337079,5.677517032551098,94.3224829674489,46.3884430176565,14.847512038523275
2019,"Census Tract 19.15, Mecklenburg County, North Carolina",37119001915,26.14742698191933,6.7454798331015295,0.8205841446453408,52.25312934631433,13.198887343532684,29.87482614742698,3.8525730180806677,62.52802690582959,82.33713901947615,28.78889635101858,7.448377581120943,87.58408071748879,7.137476459510358,93.81937436932391,59.50413223140496,8.758700696055685,91.24129930394432,14.780673871582964,11.411315956770503
2019,"Census Tract 19.16, Mecklenburg County, North Carolina",37119001916,29.087370242214533,12.21885813148789,7.958477508650519,36.548442906574394,26.94636678200692,27.83304498269896,0.7136678200692042,81.46981627296587,87.0344342937456,24.27969079409698,2.1621621621621623,88.76640419947506,5.916437938395852,96.53558052434457,85.75969485060394,14.742547425474257,85.25745257452574,62.93706293706294,6.230133502860776
2019,"Census Tract 19.17, Mecklenburg County, North Carolina",37119001917,29.61038961038961,11.255411255411255,1.8614718614718615,34.480519480519476,29.372294372294373,32.056277056277054,2.2294372294372296,71.87666135034556,80.36175710594316,16.943521594684384,5.639476334340383,76.44869750132908,3.8130381303813037,95.30516431924883,77.98972853998532,2.851033499643621,97.14896650035638,52.677916360968446,0.9537784299339692
2019,"Census Tract 19.18, Mecklenburg County, North Carolina",37119001918,19.39325842696629,8.831460674157302,0.0,54.606741573033716,19.213483146067414,24.764044943820224,1.4157303370786518,58.62913096695227,82.79921517331589,23.839110529758013,2.922077922077922,80.33455732354142,6.272651240591023,95.87667161961367,66.56891495601172,11.012526096033403,88.9874739039666,30.967741935483872,10.32258064516129
2019,"Census Tract 19.19, Mecklenburg County, North Carolina",37119001919,26.665135507579237,7.99265043638034,7.808911345888838,29.949471750114835,25.999081304547545,31.23564538355535,5.006890215893431,58.185309649543925,82.71782000717103,24.77590534241664,0.0,77.48439750360058,3.0065768869401817,94.21196714900275,69.92084432717678,8.83944678292243,91.16055321707756,53.693931398416886,10.092348284960421
2019,"Census Tract 19.20, Mecklenburg County, North Carolina",37119001920,36.08490566037736,4.986522911051213,5.997304582210242,33.70956873315364,16.004043126684635,41.206199460916444,3.0828840970350404,70.20913358941529,82.7942647549183,20.90696898966322,1.6722408026755853,75.11737089201877,1.8186610437532946,84.2212419409569,76.18122977346279,3.9776258545680543,96.02237414543194,50.614886731391586,9.838187702265373
2019,"Census Tract 19.21, Mecklenburg County, North Carolina",37119001921,27.875372886973814,8.153795160755719,7.225720914816043,35.99602253894597,23.36758369240968,27.842227378190255,5.56844547563805,68.38760921366163,81.0475161987041,23.81209503239741,12.848297213622292,82.28752978554408,3.262867647058824,91.30702836004933,82.85714285714286,4.0,96.0,62.38095238095238,3.4523809523809526
2019,"Census Tract 19.22, Mecklenburg County, North Carolina",37119001922,30.36093418259023,6.772823779193206,2.4840764331210194,51.847133757961785,24.16135881104034,19.065817409766456,2.4416135881104037,77.36647276573242,89.07238229093466,20.730850316233308,0.0,87.57271285034373,9.908536585365853,88.01020408163265,75.88699080157687,6.049382716049383,93.95061728395062,64.38896189224704,5.45335085413929
2019,"Census Tract 19.23, Mecklenburg County, North Carolina",37119001923,27.25293861558555,10.557248585111015,1.0448410970831519,33.21723987810187,19.30779277318241,44.40574662603396,2.024379625598607,72.73519163763066,86.28081457663451,13.040371561271883,0.0,85.75783972125436,4.458408138839019,95.60015438054805,77.46955345060893,7.912772585669782,92.08722741433021,53.31529093369418,1.8944519621109608
2019,"Census Tract 20.02, Mecklenburg County, North Carolina",37119002002,23.900789177001126,18.054437107424707,8.648735706232888,6.15235947817684,79.51360927685617,5.4276050893863745,0.25769044934772106,62.34802431610942,96.04605691940039,73.3217466869433,24.78048780487805,93.61702127659575,6.582010582010582,95.16645326504481,91.43730886850153,3.894195444526084,96.10580455547392,61.31498470948012,1.337920489296636
2019,"Census Tract 20.03, Mecklenburg County, North Carolina",37119002003,21.852693056456847,22.031148604802077,10.593770279039584,20.246593121349772,61.14536015574302,6.262167423750811,1.7521090201168072,67.65412329863891,84.20368364030337,51.115926327193925,28.846153846153843,83.3466773418735,3.9858833298733654,96.87104930467763,73.39336880884159,3.8567493112947657,96.14325068870524,73.5571019238641,10.110519852640197
2019,"Census Tract 20.04, Mecklenburg County, North Carolina",37119002004,23.917033773861966,13.197503671071953,0.881057268722467,33.571953010278996,56.864904552129225,4.295154185022026,4.386930983847283,70.83849648905411,96.40082858622475,58.907301916105645,23.53515625,83.43659644774887,6.079613992762364,100.0,81.27917833800187,10.41405269761606,89.58594730238394,49.53314659197012,3.5014005602240896
2019,"Census Tract 21, Mecklenburg County, North Carolina",37119002100,20.92605886575736,14.752333094041637,0.3230437903804738,28.033022254127783,54.91744436468055,10.086145010768126,6.640344580043073,50.218658892128275,93.62530413625304,35.620437956204384,3.1428571428571432,81.77842565597668,6.445755787562415,95.35353535353536,68.72146118721462,7.918710581639804,92.0812894183602,34.55098934550989,2.8158295281582952
2019,"Census Tract 22, Mecklenburg County, North Carolina",37119002200,23.985239852398525,13.750242765585552,1.864439697028549,5.030102932608274,86.92950087395612,5.302000388424937,0.8739561079821325,47.61526232114468,98.72186718532926,78.85523756599055,29.3598233995585,88.39427662957074,4.317833418497701,99.54449894884372,86.43604915794265,13.503937007874015,86.49606299212599,59.171597633136095,5.461993627674102
2019,"Census Tract 23, Mecklenburg County, North Carolina",37119002300,46.313028271640924,6.20810259399592,1.51559312153891,87.46721072573594,3.002040221509764,5.275429903818129,2.73972602739726,40.74387151310228,72.77812305779987,8.887507768800496,0.0,69.39983093829247,4.5602605863192185,85.97252349963847,43.114754098360656,4.910366328916601,95.08963367108339,15.983606557377051,34.18032786885246
2019,"Census Tract 24, Mecklenburg County, North Carolina",37119002400,14.49483352468427,5.309988518943743,0.8897818599311137,7.577497129735936,85.24684270952928,1.377726750861079,4.908151549942595,47.712717291857274,97.08271787296898,68.83308714918759,11.11111111111111,90.07319304666058,3.4239677744209467,96.53662420382165,89.13422428820454,9.658792650918635,90.34120734908136,36.14177803602557,2.7309703660662406
2019,"Census Tract 25, Mecklenburg County, North Carolina",37119002500,12.215320910973086,5.745341614906832,1.1387163561076603,4.503105590062112,86.07660455486543,3.6231884057971016,4.658385093167702,41.00227790432802,99.13294797687861,77.96242774566474,8.16326530612245,80.10630220197419,4.730928444707274,96.63865546218487,86.81318681318682,14.150943396226415,85.84905660377359,26.098901098901102,4.670329670329671
2019,"Census Tract 26, Mecklenburg County, North Carolina",37119002600,9.559512652296158,7.6850984067478905,4.5923149015932525,35.23898781630741,50.328022492970945,4.498594189315839,5.342080599812558,21.824104234527688,92.80000000000001,56.22857142857143,0.0,72.63843648208469,8.393782383419689,88.42398884239888,74.35008665511266,20.083102493074794,79.91689750692521,35.52859618717504,4.679376083188909
2019,"Census Tract 27.01, Mecklenburg County, North Carolina",37119002701,12.791172864732324,25.37801389456477,1.7981201471189212,2.901512055578259,93.54311401716387,1.6346546791990193,0.12259910093992644,31.82214472537053,97.24675324675324,83.42857142857143,26.625386996904027,85.26591107236268,3.8425492033739452,97.52252252252252,87.88443616029824,3.9391226499552374,96.06087735004476,73.62534948741846,3.075489282385834
2019,"Census Tract 27.02, Mecklenburg County, North Carolina",37119002702,24.954881050041017,13.568498769483185,1.1648892534864643,2.182116488925349,92.56767842493846,2.6579163248564397,1.4273995077932733,22.709475332811277,100.0,85.36451169188446,44.26229508196721,86.41346906812842,4.897245299519021,96.37779282329045,87.40440845704003,4.428202923473775,95.57179707652622,79.39721097615835,3.3288349077822765
2019,"Census Tract 28, Mecklenburg County, North Carolina",37119002800,31.025000000000002,14.95,0.675,1.35,95.75,0.8,1.425,28.46763540290621,99.69100038624951,88.99188876013905,50.89086859688196,96.82959048877147,7.9014135556361,98.3256351039261,88.53503184713377,8.720930232558139,91.27906976744185,89.52583156404812,0.0
2019,"Census Tract 29.03, Mecklenburg County, North Carolina",37119002903,17.153718222855787,16.2984081729627,1.9719648372535044,8.077928248990258,85.5072463768116,2.066999287241625,2.3758612497030174,63.25333333333333,99.72324723247232,83.14883148831488,47.098976109215016,90.29333333333334,4.961284772010324,98.82455376578146,86.82399213372665,10.475352112676056,89.52464788732394,56.39134709931171,4.71976401179941
2019,"Census Tract 29.04, Mecklenburg County, North Carolina",37119002904,25.15491295367365,18.92888757745648,3.422838595455887,6.373561522573031,83.04809678371201,2.994983771023901,4.160519327235172,60.40314314998292,97.6116303219107,72.23260643821392,38.328530259366,90.39972668261018,6.8598462448255475,99.2343934040047,83.89136904761905,9.127789046653144,90.87221095334685,62.425595238095234,4.278273809523809
2019,"Census Tract 29.05, Mecklenburg County, North Carolina",37119002905,30.826859045504996,15.78801331853496,1.7203107658157604,0.388457269700333,93.42397336293008,1.8867924528301887,2.5804661487236404,39.76190476190476,99.48870899020025,86.7916489135066,48.175182481751825,91.5079365079365,4.532691536301645,95.84120982986768,90.51987767584097,8.274894810659186,91.72510518934082,74.84709480122325,1.3761467889908259
2019,"Census Tract 29.06, Mecklenburg County, North Carolina",37119002906,20.516021639617147,12.838119017894298,2.4968789013732833,2.9754473574698292,86.82896379525593,1.7478152309612984,5.9508947149396585,49.363564041368335,97.38933030646993,75.05675368898979,14.824797843665769,85.60063643595863,7.722513089005235,98.32707408671901,83.68288590604027,16.262732701088865,83.73726729891114,42.70134228187919,6.166107382550336
2019,"Census Tract 30.06, Mecklenburg County, North Carolina",37119003006,23.893065998329156,14.452798663324979,5.158730158730158,6.954887218045112,81.55806182121972,5.263157894736842,1.0651629072681703,57.54417761667422,98.36305173925753,72.1134171294943,27.424242424242422,90.75668328047122,5.10485651214128,96.9248291571754,88.88888888888889,5.793573515092502,94.2064264849075,67.33850129198966,0.516795865633075
2019,"Census Tract 30.07, Mecklenburg County, North Carolina",37119003007,30.2977988778593,17.60897712559344,1.855848079413034,7.4090058984318805,86.47676593295928,3.4815134513019705,0.7768666378938283,60.14803272302298,97.49249892841834,78.93270467209601,27.852545348156816,94.35138293728087,6.996904024767801,97.39424703891709,87.7293110476967,7.8858430341719865,92.11415696582802,90.99062372604973,2.445984508764778
2019,"Census Tract 30.08, Mecklenburg County, North Carolina",37119003008,21.31844763423711,21.850079744816586,4.961899698741804,11.341485025695553,74.32216905901117,6.255537834485203,3.1189083820662766,59.905288082083665,94.67680608365019,48.93060836501901,20.558002936857562,82.87292817679558,7.163841807909605,97.11758925646905,83.58326756116811,7.281375777533845,92.71862422246615,57.9715864246251,9.707971586424625
2019,"Census Tract 30.11, Mecklenburg County, North Carolina",37119003011,23.65838699785342,24.56301747930083,4.906470407850352,3.541858325666973,85.34191965654708,4.983134007973014,1.226617601962588,69.6138996138996,98.15164881327452,72.37975215290905,26.42169728783902,94.44015444015444,8.194416549507935,96.20543016028786,84.37037037037037,4.694669961171902,95.30533003882809,73.22222222222223,5.7407407407407405
2019,"Census Tract 30.12, Mecklenburg County, North Carolina",37119003012,26.492374727668842,16.16557734204793,3.8562091503267975,9.128540305010894,75.359477124183,9.694989106753813,1.9607843137254901,49.155069582504964,95.9382871536524,66.78211586901763,43.417366946778714,82.10735586481114,4.179016004742145,98.0232058444349,81.36541689983213,6.830031282586027,93.16996871741398,65.5288192501399,7.946278679350867
2019,"Census Tract 30.13, Mecklenburg County, North Carolina",37119003013,20.37989711119905,18.005540166204987,7.261574990106847,0.4946576968737634,90.40364068064899,1.8401266323703998,0.0,67.42259049280419,96.7096604369571,73.38773361410898,36.3768115942029,94.6358482337549,8.449304174950298,98.27586206896551,83.98034398034399,2.7246653919694075,97.27533460803059,91.64619164619164,3.2432432432432434
2019,"Census Tract 30.15, Mecklenburg County, North Carolina",37119003015,20.856798069187448,18.48350764279968,6.174577634754626,5.128720836685439,78.53982300884957,7.964601769911504,2.1922767497988738,72.18148487626031,98.71162280701753,64.03508771929825,35.977337110481585,95.9211732355637,8.843710292249048,95.40143234074633,90.95213045765387,0.0,100.0,86.1651762230405,0.0
2019,"Census Tract 30.16, Mecklenburg County, North Carolina",37119003016,32.6297443841983,9.23702556158017,21.49496514329977,6.584043377226956,64.34934159566228,3.6405886909372582,3.9310611928737416,67.79885310983678,98.14476885644768,67.67031630170315,7.326283987915408,85.44331715924129,7.2434607645875255,96.70245398773007,91.35357694287185,6.316297010607522,93.68370298939249,43.69531652084406,1.8013381369016985
2019,"Census Tract 30.17, Mecklenburg County, North Carolina",37119003017,22.270297785696105,20.386866887248665,3.156019343344362,3.8177653346907614,88.3430898447442,2.9015016543649783,1.7816238228556884,69.97084548104957,98.85714285714286,64.35714285714286,34.984520123839005,87.8134110787172,4.12573673870334,95.78680203045685,85.61007957559681,1.6307893020221786,98.36921069797782,90.58355437665783,1.989389920424403
2019,"Census Tract 30.18, Mecklenburg County, North Carolina",37119003018,22.073921971252567,12.525667351129362,4.346338124572211,16.084873374401095,73.75085557837097,4.825462012320329,0.9924709103353867,66.2043795620438,98.07217004448839,65.34849233811173,25.185185185185183,86.71532846715328,5.457746478873239,94.75308641975309,89.7119341563786,3.724247226624406,96.27575277337559,64.03292181069958,4.032921810699588
2019,"Census Tract 31.02, Mecklenburg County, North Carolina",37119003102,14.626462646264626,17.304230423042306,6.683168316831684,11.22862286228623,51.327632763276334,26.732673267326735,4.027902790279028,50.162074554294975,88.37141183362624,53.54422964264792,30.831099195710454,79.82171799027553,3.584607274644175,96.3615903975994,66.86230248306998,3.8628472222222223,96.13715277777779,45.146726862302486,19.68397291196388
2019,"Census Tract 31.03, Mecklenburg County, North Carolina",37119003103,13.266964648516863,7.578220235676554,2.031694433157253,6.3795205201137755,77.06216984965462,13.73425436814303,0.7923608289313288,52.1,94.72132904608789,62.540192926045016,12.014134275618375,91.76666666666667,2.9046615132349496,95.66449419098895,87.1749669457911,10.493096646942801,89.5069033530572,63.24371970030851,2.908770383428823
2019,"Census Tract 31.05, Mecklenburg County, North Carolina",37119003105,16.98709507505926,18.883328943903084,0.6057413747695549,1.7645509612852253,89.12299183565973,7.13721358967606,1.3695022386094284,46.4828897338403,98.51602023608768,65.56492411467116,24.817518248175183,85.83650190114068,5.805837563451776,97.77492511767223,86.90404345202172,8.755506607929515,91.24449339207048,81.11044055522028,0.0
2019,"Census Tract 31.06, Mecklenburg County, North Carolina",37119003106,29.128440366972473,7.224770642201834,3.325688073394496,10.366972477064222,46.30733944954129,38.23394495412844,1.7660550458715598,61.30815292491939,85.44325629527422,45.84339427388755,3.145695364238411,79.36434822662368,3.4627831715210355,95.16065053550179,80.8695652173913,3.9952295766249257,96.00477042337508,65.15527950310559,1.7391304347826086
2019,"Census Tract 31.08, Mecklenburg County, North Carolina",37119003108,27.041499330655956,5.863453815261044,2.2757697456492636,31.780455153949127,28.54082998661312,36.03748326639893,1.3654618473895583,52.48618784530387,81.20922140060895,26.837755545889518,5.518394648829431,71.62230035158213,4.0,95.32790398628376,74.17355371900827,6.5035415325177075,93.49645846748228,32.231404958677686,6.749311294765841
2019,"Census Tract 31.09, Mecklenburg County, North Carolina",37119003109,27.492782589384856,2.353986231401288,4.397068620919387,36.86431268043526,12.036420164334888,45.525205418609815,1.176993115700644,54.81072555205048,79.26146960089518,30.511003356956362,3.990326481257558,59.384858044164034,2.5421133231240427,90.03778770182068,63.647199046483905,11.49789029535865,88.50210970464136,3.635280095351609,8.879618593563766
2019,"Census Tract 32.01, Mecklenburg County, North Carolina",37119003201,24.390243902439025,8.024036762106752,2.651113467656416,16.64899257688229,48.78048780487805,31.00035348179569,0.9190526687875575,33.10082435003171,94.49388209121246,46.941045606229146,5.163043478260869,77.48890298034242,8.835904628330995,98.46066134549602,71.52073732718894,8.823529411764707,91.17647058823529,57.14285714285714,3.5023041474654377
2019,"Census Tract 32.03, Mecklenburg County, North Carolina",37119003203,13.028305544784798,5.661108956960062,3.5672741372625048,14.618069018999613,69.40674680108569,10.275300504071346,2.1326095385808452,49.503311258278146,97.27488151658767,54.08767772511849,1.6216216216216217,81.73289183222958,3.1654034774855107,97.7533960292581,82.05128205128204,7.6923076923076925,92.3076923076923,27.136752136752136,8.618233618233619
2019,"Census Tract 32.04, Mecklenburg County, North Carolina",37119003204,16.657350475125767,16.713247624371157,3.2140860816098376,8.859698155394074,76.32755729457797,8.719955282280603,2.878703186137507,42.321520287621986,90.59149083362158,58.8031822898651,18.20809248554913,84.69440164355419,5.164319248826291,96.69269637115296,79.2487684729064,6.8807339449541285,93.11926605504587,69.70443349753694,4.987684729064039
2019,"Census Tract 33, Mecklenburg County, North Carolina",37119003300,12.492933860938384,8.055398530243076,1.6958733747880157,7.885811192764273,80.83663086489543,7.518371961560204,2.0633126059920857,31.711481007255653,94.32499118787452,65.52696510398309,11.37123745819398,82.97055057618438,3.0361757105943155,98.1923076923077,79.30835734870317,10.520887055183085,89.47911294481692,44.899135446685875,10.028818443804035
2019,"Census Tract 34, Mecklenburg County, North Carolina",37119003400,22.869242985706723,5.840832892182813,2.258690665254985,1.1293453326274925,89.571201694018,4.058584789130052,2.9821775189694724,35.10054844606947,98.27504725897921,78.68620037807183,26.6384778012685,87.20292504570384,5.147563486616335,99.20487675589716,93.76508447304907,13.258897418004187,86.7411025819958,61.786001609010455,0.0
2019,"Census Tract 35, Mecklenburg County, North Carolina",37119003500,13.116634799235182,12.466539196940726,5.353728489483748,1.4149139579349905,89.21606118546845,2.026768642447419,1.9885277246653918,31.544597534445252,98.41650671785028,83.54126679462573,50.74626865671642,85.06163886874548,5.589788732394366,99.53943580886586,89.16857360793287,14.089121887287027,85.91087811271298,55.83524027459954,4.3478260869565215
2019,"Census Tract 36, Mecklenburg County, North Carolina",37119003600,23.439427584505303,8.314828522082408,1.1349617567234147,53.14581791265729,34.024179620034545,9.400444115470021,2.29459659511473,30.501930501930502,88.26086956521739,42.88537549407115,2.190923317683881,75.2895752895753,3.6416371253625526,95.52047781569965,64.69221835075494,16.12274719922065,83.87725280077935,36.120789779326365,10.569105691056912
2019,"Census Tract 37, Mecklenburg County, North Carolina",37119003700,18.78224974200206,2.9669762641898867,0.8513931888544891,48.503611971104235,44.6594427244582,4.437564499484004,1.5479876160990713,40.05736137667304,86.36695906432749,53.76461988304093,7.981220657276995,72.51434034416826,3.8437102922490465,88.59242072699149,75.21197007481297,18.562144597887897,81.4378554021121,3.790523690773067,18.55361596009975
2019,"Census Tract 38.02, Mecklenburg County, North Carolina",37119003802,26.192492238216204,15.354219587919843,0.8185153824442564,82.83940163703076,2.9353655094552638,12.644651425345751,0.7620660457239627,40.52757793764988,72.01190982560612,5.997447894512973,0.0,71.46282973621103,6.5009560229445515,88.89641164522682,42.1937550040032,15.665091154625252,84.33490884537474,43.15452361889512,15.932746196957567
2019,"Census Tract 38.05, Mecklenburg County, North Carolina",37119003805,14.768460575719649,2.409261576971214,35.45056320400501,15.425531914893616,30.037546933667088,16.989987484355446,2.096370463078849,44.83747609942639,94.52117863720073,71.91528545119705,0.0,68.30783938814533,3.4875183553597653,97.97267518730717,80.74191002367797,9.110473457675754,90.88952654232425,14.83820047355959,6.787687450670877
2019,"Census Tract 38.06, Mecklenburg County, North Carolina",37119003806,16.757423199424636,9.082502825439228,13.35662180211651,36.52522346655707,19.274632692900443,26.764615226548855,4.078906811877119,46.03336738168199,87.28871787824653,38.83468462278412,2.4263431542461005,78.4133469526728,5.241686240573618,95.24780426599749,76.92507804370447,8.32339613641784,91.67660386358216,34.62539021852237,3.7460978147762747
2019,"Census Tract 38.07, Mecklenburg County, North Carolina",37119003807,29.79693327807708,10.526315789473683,3.916286779941981,40.4890178201409,7.376709490261085,43.825113966017405,4.3928719436386245,41.94280526554699,71.6920090585571,17.696538337107732,0.11668611435239205,68.54289605083976,2.4498229043683586,88.93203883495146,51.434426229508205,7.1065989847715745,92.89340101522842,34.2896174863388,6.62568306010929
2019,"Census Tract 38.08, Mecklenburg County, North Carolina",37119003808,31.7960018888714,2.3768298441681095,1.58980009444357,20.714623012749882,5.5092082480717774,71.72989138989453,0.45647725484023294,57.949343912114735,60.87666757419004,12.224339776749252,2.8213166144200628,50.71711931644797,2.030925455804293,94.70668485675307,42.46504401864319,6.534365924491771,93.46563407550823,13.464526152252718,9.47695494562403
2019,"Census Tract 39.02, Mecklenburg County, North Carolina",37119003902,27.174603174603174,14.941798941798941,4.063492063492063,75.72486772486772,6.306878306878307,7.174603174603175,6.730158730158731,41.6988416988417,77.18120805369128,15.63758389261745,15.654520917678813,76.54440154440154,3.3129904097646032,88.05785123966943,45.407368967306695,6.908212560386473,93.09178743961353,22.93720809548521,14.945511157239233
2019,"Census Tract 39.03, Mecklenburg County, North Carolina",37119003903,47.218453188602446,6.196291270918137,6.377204884667571,80.6422433288105,5.517865219357756,7.462686567164178,0.0,41.45569620253164,71.92268565615463,15.055951169888099,6.5543071161048685,81.4873417721519,4.083405734144222,87.34335839598998,37.5736160188457,9.77683315621679,90.2231668437832,4.47585394581861,26.383981154299175
2019,"Census Tract 40, Mecklenburg County, North Carolina",37119004000,22.9801748028139,11.767213813685782,1.129823065444468,70.347473886165,15.817522916222554,7.866126625452995,4.839053506714986,47.52990119604784,71.85758513931889,8.575851393188854,4.462242562929062,76.5470618824753,6.904231625835189,85.23908523908524,46.53950953678474,8.43313373253493,91.56686626746507,39.56403269754769,19.346049046321525
2019,"Census Tract 41, Mecklenburg County, North Carolina",37119004100,11.860691670725767,4.870920603994155,1.8022406234778372,46.27374573794447,39.99025815879202,7.963955187530443,3.9698002922552362,29.894822006472495,93.7937937937938,54.154154154154156,16.23931623931624,82.56472491909385,5.167173252279635,92.38754325259517,75.68881685575364,15.901862789641072,84.09813721035893,37.5472717450027,8.157752566180443
2019,"Census Tract 42, Mecklenburg County, North Carolina",37119004200,23.484148968913512,10.46475838719606,0.6155740227762388,76.70052323791936,17.236072637734686,3.6011080332409975,1.8467220683287167,33.711048158640224,73.50210970464136,11.89873417721519,6.286836935166994,66.43059490084985,6.999195494770715,93.62089914945322,53.001579778830965,14.976494291470784,85.02350570852921,31.595576619273302,26.303317535545023
2019,"Census Tract 43.02, Mecklenburg County, North Carolina",37119004302,31.81318681318681,9.267399267399268,5.43956043956044,81.06227106227107,7.9853479853479845,2.838827838827839,2.673992673992674,32.04951856946355,82.61552970763911,13.203395158755107,10.156833457804332,70.9307657038056,9.239860327692721,88.61459100957995,52.33188720173536,15.490375802016498,84.5096241979835,33.29718004338395,20.715835140997832
2019,"Census Tract 43.03, Mecklenburg County, North Carolina",37119004303,20.74888354517348,11.576777739608382,6.286499484713157,52.69666781174854,22.19168670559945,17.347990381312265,1.477155616626589,57.974851091992065,81.40601120733571,19.25624044829343,6.926406926406926,81.53540701522171,6.11183355006502,91.37731481481481,57.59312320916905,6.182795698924731,93.81720430107528,68.29035339063992,2.76981852913085
2019,"Census Tract 43.04, Mecklenburg County, North Carolina",37119004304,35.27549081697276,8.78192949123918,9.900781085074941,71.09985222714799,7.473084230525649,10.850749419463796,0.6755330377876293,62.829268292682926,77.59173494834343,14.250089063056645,1.325088339222615,85.21951219512195,5.47945205479452,97.53831862517418,60.51893408134642,7.342430149447693,92.6575698505523,50.49088359046283,11.50070126227209
2019,"Census Tract 43.05, Mecklenburg County, North Carolina",37119004305,27.575848603184138,6.203063983178132,7.479723640732954,43.40642835686393,9.85280865124662,35.19074797236407,4.07029137879243,41.80278281911676,78.00925925925925,16.27314814814815,3.1784841075794623,84.08953418027828,4.251347988386561,93.48302300109529,59.85884428760476,10.783156237701693,89.21684376229831,33.08337009263344,15.924128804587562
2019,"Census Tract 44, Mecklenburg County, North Carolina",37119004400,21.30827434708323,10.34903587991213,3.514766902611667,68.5379546009275,15.694410544300707,12.252867952160116,0.0,74.71022128556375,73.72589531680441,16.081267217630852,2.090032154340836,87.46048472075869,4.63596764156814,89.19510061242345,60.524632117722334,8.220786846741044,91.77921315325895,57.517594369801664,7.485604606525912
2019,"Census Tract 45, Mecklenburg County, North Carolina",37119004500,31.46108663729809,10.425844346549193,6.130690161527165,67.54772393538914,12.555066079295155,1.5418502202643172,12.22466960352423,57.31481481481482,79.13533834586465,10.463659147869674,0.0,84.35185185185186,2.088912694161757,83.46073662265462,50.189035916824196,10.034013605442176,89.96598639455783,37.61814744801512,19.94328922495274
2019,"Census Tract 46, Mecklenburg County, North Carolina",37119004600,21.851574212893553,16.266866566716644,0.0,97.26386806596702,1.0494752623688157,0.7496251874062968,0.9370314842578711,38.95853423336548,79.87519500780031,6.6562662506500265,4.47427293064877,66.63452266152362,7.913669064748201,92.08573784006595,45.682210708117445,12.866817155756207,87.13318284424379,41.19170984455959,20.379965457685664
2019,"Census Tract 47, Mecklenburg County, North Carolina",37119004700,14.980435997764113,6.036892118501956,2.291783119060928,64.16992733370599,23.812185578535495,5.757406372275014,3.968697596422582,31.140350877192986,76.96969696969697,19.393939393939394,18.137254901960784,53.07017543859649,1.4464168310322156,94.28571428571428,47.94188861985472,27.54385964912281,72.45614035087719,37.04600484261501,36.56174334140436
2019,"Census Tract 48, Mecklenburg County, North Carolina",37119004800,21.527992576554283,17.723476647077018,0.0,85.24590163934425,3.2477575007732753,10.887720383544695,0.6186204763377668,44.3064182194617,79.2652027027027,15.920608108108109,3.048780487804878,83.85093167701864,5.124162396531337,89.7196261682243,34.80263157894737,14.558740865654862,85.44125913434513,34.93421052631579,30.0
2019,"Census Tract 49, Mecklenburg County, North Carolina",37119004900,21.37518684603886,23.318385650224215,0.0,89.8355754857997,8.370702541106128,0.5979073243647235,1.195814648729447,67.20647773279353,86.0125260960334,10.647181628392484,0.0,89.47368421052632,9.695817490494296,88.85135135135135,54.980079681274894,4.924242424242424,95.07575757575758,70.1195219123506,4.382470119521913
2019,"Census Tract 50, Mecklenburg County, North Carolina",37119005000,24.129930394431554,11.22969837587007,1.0672853828306266,81.80974477958237,13.874709976798144,1.3921113689095126,1.8561484918793503,53.868471953578336,88.31615120274914,34.36426116838488,12.162162162162163,83.2688588007737,5.198776758409786,95.41125541125541,63.41463414634146,8.704453441295547,91.29554655870446,40.79822616407982,16.4079822616408
2019,"Census Tract 51, Mecklenburg County, North Carolina",37119005100,18.86960391633289,11.882510013351135,2.62572318647085,83.93413440142412,6.631063640409435,4.717400979083222,2.091677792612372,50.05834305717619,78.59346082665022,11.165946946329425,0.0,63.59393232205367,4.498080087767416,86.98564593301435,27.517447657028914,11.86291739894552,88.13708260105449,24.626121635094716,22.831505483549353
2019,"Census Tract 52, Mecklenburg County, North Carolina",37119005200,20.602739726027398,12.821917808219178,0.0,83.72602739726027,7.561643835616438,4.10958904109589,4.602739726027397,52.06106870229008,78.58942065491183,12.34256926952141,0.0,63.358778625954194,6.694271911663216,82.17592592592592,43.706777316735824,9.284818067754077,90.71518193224593,38.865836791148,19.91701244813278
2019,"Census Tract 53.01, Mecklenburg County, North Carolina",37119005301,32.9879915234283,4.591476336237344,3.484812809041676,52.20155403814457,10.336708264657405,32.870261360960676,1.1066635271956675,68.30537883169463,69.6031746031746,10.833333333333334,0.0,75.30364372469636,4.954321855235419,95.79220779220779,55.81699346405229,2.0486555697823303,97.95134443021767,28.366013071895424,13.333333333333334
2019,"Census Tract 53.05, Mecklenburg County, North Carolina",37119005305,20.425333021734048,19.887824258004205,0.0,79.27085767702734,1.9163355924281373,16.195372750642672,2.6174339799018465,62.62359920896506,82.86944996686547,14.34724983432737,4.775280898876404,81.41067897165458,7.547723935389134,92.180217503884,56.19524405506884,11.419068736141908,88.5809312638581,45.86983729662077,10.200250312891114
2019,"Census Tract 53.06, Mecklenburg County, North Carolina",37119005306,19.672131147540984,12.224824355971897,0.0,39.71896955503513,16.39344262295082,42.950819672131146,0.936768149882904,63.99108138238573,61.74454828660436,9.84423676012461,1.392757660167131,86.39910813823857,5.714285714285714,95.0,43.46330275229357,16.952380952380953,83.04761904761905,47.13302752293578,18.34862385321101
2019,"Census Tract 53.07, Mecklenburg County, North Carolina",37119005307,28.27437858508604,6.28585086042065,3.0592734225621414,47.32313575525813,7.0745697896749515,39.48374760994264,3.0592734225621414,57.200694042799306,74.77227722772277,11.12871287128713,0.0,66.74378253325621,2.432522492502499,96.36898920510303,52.99401197604791,6.33763320246775,93.66236679753224,13.353293413173652,18.323353293413174
2019,"Census Tract 53.08, Mecklenburg County, North Carolina",37119005308,35.66433566433567,4.416635995583364,0.0,33.529628266470375,8.649245491350754,57.08502024291497,0.7361059992638941,60.29143897996357,57.330827067669176,3.696741854636591,0.6920415224913495,71.4936247723133,3.5469107551487413,92.54752851711027,38.33805476864967,10.48182586644125,89.51817413355874,4.4381491973559966,20.585457979225687
2019,"Census Tract 54.01, Mecklenburg County, North Carolina",37119005401,20.47549733139253,18.211224324761442,1.7143781335921073,83.37376677988033,5.725376031052887,7.957302280446385,1.2291767750283034,63.14443971026843,89.83368470367768,24.47880065589131,0.1773049645390071,89.30549637835534,8.887533048606874,90.21928297946398,59.52547103977669,9.10244211861719,90.89755788138281,53.97766922540126,11.758548499651083
2019,"Census Tract 54.03, Mecklenburg County, North Carolina",37119005403,24.98910675381264,11.742919389978214,8.017429193899781,61.808278867102395,12.309368191721132,16.514161220043572,1.3507625272331154,66.96597353497165,85.59348575007829,28.81302849984341,4.216867469879518,88.32703213610587,4.995643334301481,96.39133921411387,60.09988901220865,5.5060304142632415,94.49396958573676,63.09655937846836,5.7158712541620424
2019,"Census Tract 54.04, Mecklenburg County, North Carolina",37119005404,19.930285011277423,12.651220012302645,3.1166700840680748,68.48472421570636,11.728521632150912,16.25999589911831,0.4100881689563256,63.828848698720776,87.52475247524752,16.916548797736915,0.0,90.07498897220997,9.42381562099872,95.23809523809523,68.37349397590361,4.597701149425287,95.40229885057471,54.668674698795186,10.793172690763052
2019,"Census Tract 55.08, Mecklenburg County, North Carolina",37119005508,22.44947064485082,10.635226179018286,2.4061597690086622,32.0019249278152,56.06352261790183,6.0875842155919155,3.440808469682387,70.74442863916548,98.65439093484419,50.991501416430594,1.3595166163141994,92.74537695590327,8.811666149550108,96.045197740113,76.53920933246921,0.0,100.0,79.52041477640958,0.38885288399222295
2019,"Census Tract 55.09, Mecklenburg County, North Carolina",37119005509,20.37928519328957,8.679795769511307,4.75565280816922,48.91320204230489,30.73668854850474,13.770970094821298,1.8234865061998542,74.80719794344472,93.12615764560609,47.27310146120601,0.7299270072992701,93.60182804912883,7.988274093074386,98.69650762420069,80.60629615235135,4.844674556213017,95.15532544378699,78.23552273610571,1.2825495530509134
2019,"Census Tract 55.10, Mecklenburg County, North Carolina",37119005510,27.427845343982575,5.844980940279543,2.468687602105645,58.631330550009075,14.793973497912507,22.780903975313123,1.3251043746596478,69.19592298980749,80.20028612303291,26.237482117310446,2.980132450331126,83.76745941864854,5.3526763381690845,96.42622950819673,68.74109263657957,11.368421052631579,88.63157894736841,59.76247030878859,3.847980997624703
2019,"Census Tract 55.11, Mecklenburg County, North Carolina",37119005511,20.1071761416589,7.968313140726933,2.7027027027027026,60.46132339235788,26.095060577819197,5.731593662628145,5.009319664492078,65.21175453759723,97.12078651685393,42.907303370786515,4.798464491362764,95.67847882454625,5.1582649472450175,95.9090909090909,85.48717948717949,11.363636363636363,88.63636363636364,31.28205128205128,1.0256410256410255
2019,"Census Tract 55.12, Mecklenburg County, North Carolina",37119005512,23.24017650766968,10.002101281781888,3.656230300483295,57.97436436226098,18.02899768859004,14.940113469216222,5.400294179449464,71.95692883895131,91.1042944785276,26.809815950920246,0.0,88.01498127340824,12.472587719298247,95.77742699289661,71.96850393700788,9.544159544159545,90.45584045584046,62.519685039370074,1.942257217847769
2019,"Census Tract 55.13, Mecklenburg County, North Carolina",37119005513,22.229775662814415,12.145932472241105,11.602084749603444,43.25855427147066,32.88012689780195,7.02469975073646,5.234534330387492,55.048335123523096,90.98277608915907,47.72036474164133,21.26126126126126,93.60902255639097,6.118881118881119,95.98572702943801,85.93652769135034,6.786542923433875,93.21345707656613,90.41692594897324,3.1113876789047916
2019,"Census Tract 55.14, Mecklenburg County, North Carolina",37119005514,16.501259072729965,13.642423344689675,7.347059694860021,43.17878832765516,41.14945933935713,6.754554880758406,1.5701377573692787,62.906658558832476,97.01086956521739,47.06909937888199,20.592193808882907,95.0136819702037,7.0604931701259535,95.14190744055229,76.40733712839975,3.8905775075987843,96.10942249240122,53.542061986084754,6.7046173308032895
2019,"Census Tract 55.15, Mecklenburg County, North Carolina",37119005515,25.884244372990356,18.408360128617364,4.782958199356913,23.834405144694536,63.344051446945336,3.295819935691318,4.742765273311897,73.95833333333334,94.94047619047619,49.28571428571429,12.274368231046932,93.02083333333333,12.20173535791757,97.31489015459724,89.11088911088912,11.494252873563218,88.50574712643679,83.51648351648352,1.4985014985014986
2019,"Census Tract 55.16, Mecklenburg County, North Carolina",37119005516,35.108388312912346,8.341187558906691,1.2723845428840717,33.694627709707824,57.917059377945336,4.9010367577756835,2.2148916116870874,74.19354838709677,99.02834008097166,66.5587044534413,9.515570934256056,93.41935483870968,6.971677559912854,96.56862745098039,81.76100628930818,0.0,100.0,78.77358490566037,0.9433962264150944
2019,"Census Tract 55.17, Mecklenburg County, North Carolina",37119005517,23.923444976076556,13.674137496852179,1.7375975824729286,25.10702593805087,62.32686980609419,9.594560564089651,1.2339461092923696,72.58499730167296,97.35758407687028,57.103637611530544,3.816793893129771,92.87641662169455,7.646474677259185,96.42691415313224,84.97652582159625,8.485499462943071,91.51450053705693,81.63145539906104,0.41079812206572774
2019,"Census Tract 55.18, Mecklenburg County, North Carolina",37119005518,27.3745101698078,10.0578466131741,15.52528456801642,40.15674566150401,33.756297816756856,8.15450643776824,2.407165515954469,56.45229087852039,94.87900956668543,56.24648283624085,2.631578947368421,93.5687263556116,4.367934224049332,95.78044596912521,84.99311610830657,11.169995923359153,88.83000407664085,54.01560348783846,0.0
2019,"Census Tract 55.19, Mecklenburg County, North Carolina",37119005519,26.90793174573411,9.019313707106694,8.325520345021564,38.34614663416463,42.077629851865744,9.319332458278643,1.9313707106694167,75.75142160844841,95.79689703808181,48.857545839210154,4.15944540727903,90.12997562956946,6.349614395886889,95.18032786885246,85.09984639016898,6.2859884836852205,93.71401151631477,64.26011264720943,0.5632360471070148
2019,"Census Tract 55.20, Mecklenburg County, North Carolina",37119005520,30.281830901459124,8.814711173296022,21.806915850489705,43.43393963621827,20.44773136118329,11.473116130321808,2.8382970217869277,58.54680950163018,94.66453674121405,51.91693290734825,9.690230341540905,91.05728924080113,7.310779816513762,98.26254826254826,86.66232921275211,2.1642266072565244,97.83577339274348,83.34417696811971,0.0
2019,"Census Tract 55.21, Mecklenburg County, North Carolina",37119005521,18.207088255733147,6.796386379430159,14.287699791521892,45.712300208478105,31.480194579569144,4.489228630993745,4.030576789437109,71.0339584389255,96.90346083788707,55.63651082776766,1.7429193899782136,87.3796249366447,7.484407484407485,95.31934516947199,79.0828402366864,9.480449919657204,90.5195500803428,34.82248520710059,1.36094674556213
2019,"Census Tract 55.22, Mecklenburg County, North Carolina",37119005522,13.871983210912905,4.65897166841553,9.569779643231898,47.6810073452256,30.05246589716684,6.044071353620147,6.65267576075551,52.16110019646365,90.5492054641762,49.14970727627544,9.819121447028424,83.366077275704,5.6042884990253405,100.0,82.90178571428571,4.068522483940043,95.93147751605996,25.357142857142854,5.357142857142857
2019,"Census Tract 55.23, Mecklenburg County, North Carolina",37119005523,14.684237549204177,7.15385931884306,19.835700838610304,39.34622625363683,31.490672599691937,3.1319527639911007,6.195447544069827,55.54152194505841,97.06806282722513,61.518324607329845,0.0,87.71708241237765,5.095285857572718,95.5685618729097,81.86240444753301,10.704312752094323,89.29568724790568,10.562890896455873,5.2119527449617795
2019,"Census Tract 55.24, Mecklenburg County, North Carolina",37119005524,20.692883895131086,5.83645443196005,14.970869746150644,54.785684560965464,16.489804411152726,7.064086558468581,6.689554723262589,54.550874403815584,95.1705402958044,40.43163296106248,15.761589403973511,76.23211446740858,5.90318772136954,96.8330464716007,70.52910052910053,8.518877057115198,91.4811229428848,44.12698412698413,6.084656084656085
2019,"Census Tract 56.04, Mecklenburg County, North Carolina",37119005604,1.7700635848083863,0.876439250730366,6.61625708884688,27.444578106203814,57.20914246434096,4.743083003952568,3.986939336655783,38.68645973909132,97.40791268758527,48.567530695770806,1.3513513513513513,66.53171390013495,0.874737578726382,87.19262295081968,74.37673130193906,20.74643249176729,79.25356750823272,24.930747922437675,9.002770083102494
2019,"Census Tract 56.05, Mecklenburg County, North Carolina",37119005605,11.609741154847603,6.861693980701486,3.997549395006892,52.090672384744984,30.356869352121308,9.235717567774545,4.319191300352275,56.178634864247655,94.23180592991913,35.876010781671155,2.9565217391304346,83.37985282923115,1.5421937272569746,95.26886683591046,72.63732514500171,9.256965944272446,90.74303405572756,22.10849539406346,2.7976799727055615
2019,"Census Tract 56.09, Mecklenburg County, North Carolina",37119005609,6.837349397590361,1.5963855421686748,14.548192771084336,43.915662650602414,30.692771084337352,7.048192771084337,3.795180722891566,49.25816023738873,90.83557951482479,48.158131176999106,0.0,84.51038575667656,5.431619786614937,95.86909871244636,52.57731958762887,14.508474576271185,85.4915254237288,5.551149881046788,9.040444091990484
2019,"Census Tract 56.10, Mecklenburg County, North Carolina",37119005610,17.97568189286888,6.736772921459086,2.497535326979954,49.95070653959908,38.054551429510354,8.544199802826158,0.9530069010844562,58.789439793947196,96.16998950682057,34.67995802728227,16.417910447761194,87.83000643915003,3.766025641025641,93.55390758699372,74.79055597867479,9.323204419889503,90.6767955801105,35.71972581873572,8.377760853008377
2019,"Census Tract 56.11, Mecklenburg County, North Carolina",37119005611,25.39464653397392,6.005490734385724,3.94646533973919,56.86341798215512,20.83047357584077,10.432395332875773,7.927247769389156,69.23631123919309,95.03968253968253,44.345238095238095,11.967545638945234,89.98559077809799,8.463661453541858,94.39475253428742,84.4915254237288,2.559867877786953,97.44013212221306,48.898305084745765,0.0
2019,"Census Tract 56.12, Mecklenburg County, North Carolina",37119005612,19.892058596761757,7.074016962220508,5.628373168851195,43.658442559753276,28.604471858134158,14.649190439475712,7.459521973785659,70.0713481036425,92.88052373158756,51.20021822149482,7.482014388489208,90.42433345850544,8.205004812319538,95.32652429588363,81.57068062827226,10.370717972782732,89.62928202721727,73.92670157068063,0.0
2019,"Census Tract 56.13, Mecklenburg County, North Carolina",37119005613,26.472392638036812,8.404907975460123,4.9079754601226995,65.85889570552148,15.184049079754603,12.607361963190183,1.441717791411043,69.71350613915416,95.14472455648925,47.52567693744164,6.2208398133748055,90.04092769440655,6.591572799332498,92.97475301866082,87.80903665814151,3.297609233305853,96.70239076669415,66.32566069906224,3.8363171355498724
2019,"Census Tract 56.14, Mecklenburg County, North Carolina",37119005614,26.6193853427896,5.283687943262412,2.6122931442080377,60.98108747044917,26.45390070921986,6.548463356973995,3.404255319148936,78.84405670665213,96.96048632218846,44.73784194528875,20.564263322884013,87.48091603053435,8.472938144329897,98.80549472426836,79.60998973657202,1.8798254447801275,98.12017455521988,82.24426958604174,0.0
2019,"Census Tract 56.15, Mecklenburg County, North Carolina",37119005615,26.5,8.545454545454545,3.727272727272727,64.22727272727272,23.727272727272727,7.818181818181818,0.5,66.85934489402698,92.34200743494424,50.037174721189594,15.483870967741936,89.40269749518305,6.339341205717837,93.84498480243161,80.3951367781155,5.730659025787966,94.26934097421203,84.65045592705167,1.3677811550151975
2019,"Census Tract 56.16, Mecklenburg County, North Carolina",37119005616,32.10621605310803,7.724803862401932,4.465902232951117,31.080265540132768,25.528062764031382,35.48581774290887,3.4399517199758605,77.22371967654986,73.2122587968218,24.858115777525537,4.329004329004329,84.36657681940702,5.955555555555556,87.86565547128927,83.53174603174604,7.18232044198895,92.81767955801105,74.0079365079365,8.134920634920634
2019,"Census Tract 56.17, Mecklenburg County, North Carolina",37119005617,26.448497854077253,10.783261802575108,0.6437768240343348,43.401287553648075,28.218884120171673,21.67381974248927,6.062231759656652,77.35849056603774,85.31965272296765,33.30702446724546,4.23728813559322,83.24084350721421,12.983223924142962,94.81555333998006,76.24831309041835,3.8910505836575875,96.10894941634241,87.3144399460189,0.0
2019,"Census Tract 56.18, Mecklenburg County, North Carolina",37119005618,24.751106194690266,11.946902654867257,2.461283185840708,41.17809734513274,39.71238938053097,8.351769911504425,8.29646017699115,70.4717530576587,91.8267266040049,39.19084593379649,8.123249299719888,92.19569015725102,8.232267548695333,95.85621567648526,85.7773851590106,2.6655202063628547,97.33447979363714,82.68551236749117,2.4734982332155475
2019,"Census Tract 56.19, Mecklenburg County, North Carolina",37119005619,33.15573770491803,4.405737704918033,5.737704918032787,55.286885245901644,26.311475409836067,10.614754098360656,2.0491803278688523,82.25806451612904,94.24733034791595,35.893902859111265,11.408815903197926,90.89184060721063,4.751686082158185,90.94256259204712,78.67507886435331,1.8575851393188854,98.14241486068111,73.18611987381703,0.694006309148265
2019,"Census Tract 56.20, Mecklenburg County, North Carolina",37119005620,30.716660509789435,6.972663465090506,5.1440709272257115,48.586996675286294,28.084595493165864,14.148503878832654,4.035833025489471,77.02906350914962,87.52971003010617,27.76105213119949,4.087699739873653,85.89881593110871,6.451612903225806,93.4856937196329,76.25,3.755868544600939,96.24413145539906,71.73780487804878,3.8109756097560976
2019,"Census Tract 56.21, Mecklenburg County, North Carolina",37119005621,24.38489646772229,10.255785627283801,4.043848964677223,40.75517661388551,46.28501827040195,6.187576126674787,2.728380024360536,81.25854993160054,95.2397619880994,43.89219460973048,4.054054054054054,89.37528499772002,5.827128520556815,92.62870514820592,86.86679174484053,3.3836858006042294,96.61631419939577,76.73545966228893,1.188242651657286
2019,"Census Tract 57.06, Mecklenburg County, North Carolina",37119005706,23.192182410423452,15.557003257328992,3.504885993485342,19.29641693811075,61.928338762214985,13.654723127035831,1.6156351791530945,68.04156171284635,89.98087954110898,27.801147227533463,24.840357598978287,85.98866498740554,8.532654792196777,96.14130434782608,85.1865533801256,2.097649186256781,97.90235081374323,77.57665312153675,2.9183598079054303
2019,"Census Tract 57.09, Mecklenburg County, North Carolina",37119005709,16.80478821362799,25.02302025782689,1.427255985267035,14.410681399631676,76.70349907918968,5.686003683241252,1.7725598526703499,72.59332023575638,94.88483398145378,44.39126533054143,6.51685393258427,85.46168958742632,11.483121195351412,98.72077635641817,86.38014527845036,7.8125,92.1875,74.21307506053269,1.937046004842615
2019,"Census Tract 57.10, Mecklenburg County, North Carolina",37119005710,24.277219602214476,12.282140660241952,2.1734672954685257,36.37482058642608,36.292802952634815,22.288291982776297,2.870617182694279,74.06552838024919,91.76980198019803,29.57920792079208,11.594202898550725,86.52514997692663,6.44462496615218,95.87628865979381,74.6218487394958,8.975012748597653,91.02498725140235,48.851540616246496,2.857142857142857
2019,"Census Tract 57.11, Mecklenburg County, North Carolina",37119005711,16.987854251012145,28.307692307692307,2.834008097165992,8.226720647773279,84.03238866396762,0.9068825910931173,4.0,77.42802303262955,97.17418810628426,43.884436946436104,28.915662650602407,86.37236084452975,10.280920795942256,96.95481335952849,84.13299663299664,9.931766489764973,90.06823351023503,79.2087542087542,3.6616161616161618
2019,"Census Tract 57.12, Mecklenburg County, North Carolina",37119005712,21.579194001874413,15.557638238050608,1.218369259606373,4.568884723523898,87.16026241799437,4.522024367385192,2.530459231490159,74.18502202643171,96.33056796426293,39.40650925335035,11.89655172413793,90.61674008810573,8.873618165521362,96.88731284475965,86.0,0.0,100.0,85.46666666666667,0.8666666666666666
2019,"Census Tract 57.13, Mecklenburg County, North Carolina",37119005713,23.643155350472423,22.17095143924412,3.3618984838497035,10.569105691056912,79.96044825313118,4.943968358602505,1.1645792133597013,75.22796352583586,97.10467706013362,45.24339802736239,20.65095398428732,91.48936170212765,7.884892086330936,96.4831096714484,88.83312421580929,3.8020519010259504,96.19794809897405,88.3939774153074,0.6900878293601004
2019,"Census Tract 57.14, Mecklenburg County, North Carolina",37119005714,22.22222222222222,16.307083782811937,2.8766630708378282,11.165048543689322,80.09708737864078,1.5821646889608056,4.279036317871269,77.9733959311424,94.34207111341811,47.080197248896965,15.705128205128204,89.86697965571206,6.449375866851595,98.1935923653715,85.81780538302277,0.36101083032490977,99.63898916967509,92.08074534161491,0.6211180124223602
2019,"Census Tract 57.15, Mecklenburg County, North Carolina",37119005715,20.62286365362704,13.900493733383973,0.379794910748196,8.051652107861756,79.30117736422332,11.963539688568172,0.3038359285985568,71.99654278305964,91.67573449401523,25.73449401523395,3.524229074889868,89.54191875540191,9.904306220095693,98.57464366091523,80.36286019210246,3.60082304526749,96.39917695473251,88.15368196371398,0.0
2019,"Census Tract 57.16, Mecklenburg County, North Carolina",37119005716,24.929292929292927,8.525252525252524,3.8383838383838382,29.474747474747474,44.24242424242424,18.808080808080806,3.6363636363636362,76.15921214608125,90.36777583187391,37.94512551079976,14.666666666666666,87.48461222814936,3.982777179763186,97.99925898480919,79.62059620596206,3.50418410041841,96.4958158995816,78.10298102981031,2.2222222222222223
2019,"Census Tract 57.17, Mecklenburg County, North Carolina",37119005717,22.704807548300135,9.345514452598472,10.00449303579452,24.307323648345065,45.54440617043583,16.129998502321403,4.01377864310319,73.0758387369608,93.26746323529412,36.92555147058824,3.8194444444444446,90.44262757259656,5.405929083510948,98.14038763750655,84.93099589705334,2.4736267733721355,97.52637322662785,61.76799701603879,5.66952629615815
2019,"Census Tract 58.11, Mecklenburg County, North Carolina",37119005811,16.524590163934427,19.934426229508198,4.174863387978142,11.497267759562842,71.89071038251366,11.060109289617486,1.377049180327869,68.49087893864014,95.21044992743106,57.01015965166909,43.66812227074236,91.04477611940298,7.253207645980623,95.99700710811821,84.74142345110087,7.484604452865941,92.51539554713406,77.52176139272913,2.355350742447517
2019,"Census Tract 58.12, Mecklenburg County, North Carolina",37119005812,18.00341296928328,7.124573378839591,3.853811149032992,24.246302616609782,57.25255972696246,13.23947667804323,1.4078498293515358,57.36322005302482,98.70366619404497,55.45878063601377,38.91402714932127,86.28585201253314,6.087408949011446,96.00164880461665,89.41765810895429,7.767831360092406,92.2321686399076,25.32874139010645,3.068252974326863
2019,"Census Tract 58.15, Mecklenburg County, North Carolina",37119005815,22.82525995434948,18.91960436216079,9.561247780877505,3.499873193000254,77.4283540451433,5.123002789753994,4.387522191224956,62.13235294117647,94.70692717584369,58.50799289520426,27.74647887323944,88.97058823529412,4.436411436082813,97.11488923235446,86.29700446144041,5.991611743559018,94.00838825644098,68.26003824091778,0.0
2019,"Census Tract 58.16, Mecklenburg County, North Carolina",37119005816,21.979462530041513,16.932488529604544,6.882237273323137,10.552763819095476,71.50972252567183,7.1007209962857765,3.954555385623771,65.70104287369641,97.23640732952839,68.81946530489637,29.875,92.87369640787949,6.244749369924391,96.07756721022477,90.26903262736118,3.0521642619311873,96.9478357380688,79.16428162564397,0.6868918145392101
2019,"Census Tract 58.17, Mecklenburg County, North Carolina",37119005817,25.576752440106475,16.21561668145519,7.165039929015084,5.523513753327418,82.83052351375333,2.3513753327417923,2.129547471162378,67.20160481444333,97.32337379396203,71.45969498910677,8.548931383577054,95.88766298896691,10.938897168405365,98.20309235269536,90.6344410876133,6.44431882419446,93.55568117580553,86.10271903323263,0.5438066465256798
2019,"Census Tract 58.23, Mecklenburg County, North Carolina",37119005823,28.706316474929455,14.282613414369438,8.845235511178641,6.305621879748209,73.03017147818537,7.054482309528979,4.7644888213588015,69.53482118849152,95.89485640110335,61.301314294986206,17.286245353159853,87.22774939499865,5.449840158319379,98.45603043186395,90.31963470319636,2.232142857142857,97.76785714285714,81.0958904109589,4.657534246575342
2019,"Census Tract 58.24, Mecklenburg County, North Carolina",37119005824,29.9880810488677,5.792610250297973,2.2169249106078666,36.6388557806913,21.787842669845052,36.853396901072706,2.5029797377830754,40.560165975103736,77.01815372730783,30.861336423329472,5.069708491761723,66.96058091286307,6.0606060606060606,93.89730639730641,71.10591900311528,4.606240713224369,95.39375928677563,48.598130841121495,3.4267912772585665
2019,"Census Tract 58.25, Mecklenburg County, North Carolina",37119005825,22.901339369930202,22.939068100358423,7.4136955291454445,34.54065270703641,44.42558007923033,10.71495944161479,2.905112242973024,49.81751824817518,94.92988133764833,44.228694714131606,2.5423728813559325,84.80839416058394,8.827856792545367,99.0725806451613,60.078363082281236,5.161023947151114,94.83897605284889,34.828036569438396,19.329560296038313
2019,"Census Tract 58.26, Mecklenburg County, North Carolina",37119005826,21.92530585962653,9.433354797166773,1.4810045074050224,14.327108821635544,60.012878300064386,21.92530585962653,2.2537025112685125,52.6564344746163,91.00456621004567,31.05022831050228,20.432692307692307,74.73435655253837,4.288659793814433,96.62058371735792,81.95691202872531,6.070826306913997,93.929173693086,69.29982046678636,3.500897666068223
2019,"Census Tract 58.27, Mecklenburg County, North Carolina",37119005827,18.396060499472387,8.934224410833625,4.537460429124165,48.50510024621879,26.064016883573686,17.446359479423144,3.447062961660218,55.770430442919526,94.9023344449738,36.30300142925202,0.0,81.40985651902682,7.333042339589698,91.44591611479028,77.57166947723441,10.151515151515152,89.84848484848484,37.01517706576728,1.5177065767284992
2019,"Census Tract 58.28, Mecklenburg County, North Carolina",37119005828,23.802281368821294,16.375158428390368,1.3688212927756656,6.996197718631179,85.83016476552598,4.157160963244613,1.6476552598225602,57.17141429285357,96.70605084138919,63.40852130325815,53.92441860465116,85.45727136431785,6.919494344644045,97.06144256455921,89.9588960657663,5.911602209944752,94.08839779005524,81.26834997064006,2.1139166177334117
2019,"Census Tract 58.29, Mecklenburg County, North Carolina",37119005829,22.436206066441983,13.095811266249399,2.2147327876745306,36.591237361579196,32.59508907077516,25.999037072701007,2.599903707270101,48.282630029440625,97.26735598227474,40.02954209748892,3.1620553359683794,77.4288518155054,5.027932960893855,94.88683989941325,72.94238683127571,23.404255319148938,76.59574468085107,14.300411522633743,7.4074074074074066
2019,"Census Tract 58.30, Mecklenburg County, North Carolina",37119005830,19.11802192199847,13.968901351006883,0.8666836604639306,8.25898547030334,72.4955391282182,15.651287280142748,2.7275044608717818,70.6796979120391,96.82485489928303,38.818709457152615,2.4344569288389515,90.75966237227898,7.343208320201702,97.5866095757104,84.05253283302065,5.216360403082395,94.7836395969176,79.61225766103814,1.2507817385866167
2019,"Census Tract 58.31, Mecklenburg County, North Carolina",37119005831,13.025924351891202,10.603484912877178,4.122396940076499,12.409689757756057,73.90565235869103,6.056098597535062,3.5061623459413513,50.14409221902017,99.33717579250721,55.5043227665706,0.0,84.00576368876081,4.031272904959687,97.07379134860051,81.54525386313466,5.938538205980066,94.06146179401993,38.01324503311258,0.4856512141280353
2019,"Census Tract 58.32, Mecklenburg County, North Carolina",37119005832,33.33333333333333,7.685269899359561,8.173223543763344,4.269594388533089,80.26837450442208,5.093016163464471,2.1957913998170175,76.09723160027009,99.24585218702866,81.44796380090497,37.244348762109794,90.47940580688724,3.019213174748399,98.8016776512882,86.15241635687732,5.696757230499562,94.30324276950044,68.40148698884758,3.4386617100371746
2019,"Census Tract 58.33, Mecklenburg County, North Carolina",37119005833,18.264322178105502,29.419550009453584,2.38230289279637,4.14066931366988,85.8385328039327,3.5167328417470225,4.121762147854037,66.76543209876543,95.75221238938053,68.59671302149178,13.788819875776397,92.19753086419753,9.044644922507517,96.01151315789474,74.35144395496819,0.0,100.0,76.2114537444934,2.8879099363680862
2019,"Census Tract 58.34, Mecklenburg County, North Carolina",37119005834,28.56563197403124,10.772976262933657,6.411036721444511,13.369851896936499,66.7681071211199,6.451612903225806,6.999391357273281,64.9616368286445,91.96232339089482,54.411302982731556,11.035267349260524,89.769820971867,8.378301618858279,96.0750109027475,85.28546203649205,4.389420371412493,95.61057962858752,62.389640965273685,2.3543260741612713
2019,"Census Tract 58.35, Mecklenburg County, North Carolina",37119005835,25.426621160409557,12.73037542662116,2.832764505119454,0.6484641638225256,86.41638225255973,6.928327645051195,3.174061433447099,68.02106847253575,95.73934837092732,53.83458646616541,21.682242990654206,89.61625282167043,5.812356979405035,94.180225281602,86.94390715667312,4.3478260869565215,95.65217391304348,86.94390715667312,5.705996131528046
2019,"Census Tract 58.36, Mecklenburg County, North Carolina",37119005836,22.897196261682243,8.273776800439803,7.009345794392523,14.046179219351293,60.52776250687191,16.57504123144585,1.8416712479384276,56.37507146941109,90.99961700497894,43.27843738031405,10.0,82.21841052029731,7.7718360071301245,96.0136120563928,82.2620016273393,3.456402199528672,96.54359780047133,83.31977217249796,3.6615134255492268
2019,"Census Tract 58.37, Mecklenburg County, North Carolina",37119005837,27.347692307692306,9.932307692307692,18.486153846153847,11.089230769230769,58.449230769230766,10.461538461538462,1.5138461538461538,55.02161200101704,93.45388788426763,63.01989150090416,11.610486891385769,83.39689804220697,4.709469761138404,97.03509919337257,89.38230383973288,3.387096774193549,96.61290322580646,51.61936560934891,1.8030050083472453
2019,"Census Tract 58.38, Mecklenburg County, North Carolina",37119005838,25.547996976568406,7.32102364755426,24.165856818918044,14.037360976136487,46.474462800993415,9.966526293056905,5.355793110895152,65.74096241321523,97.80113177041228,64.68876313662085,0.8597528210639441,88.19727076849414,3.5242929659173314,97.99054373522459,91.16719242902208,5.883940620782726,94.11605937921728,66.1313449956983,0.43016919988528823
2019,"Census Tract 58.39, Mecklenburg County, North Carolina",37119005839,20.70123088399851,13.017530772099963,10.294666169339799,4.73703841850056,73.92763894069377,6.340917568071615,4.699738903394255,51.95173882185947,97.08532061473238,59.194488606253316,0.0,90.56068133427964,2.6810912511759173,93.0368636629608,83.48056537102474,7.81758957654723,92.18241042345277,52.29681978798587,5.035335689045936
2019,"Census Tract 58.40, Mecklenburg County, North Carolina",37119005840,31.367409349060726,8.125819134993446,0.873743993010048,9.043250327653997,82.78724333770205,4.281345565749235,3.014416775884666,62.33766233766234,94.14535666218035,66.08344549125168,19.23743500866551,89.91008991008991,8.847867600254615,97.70867430441899,89.94219653179191,8.658922914466736,91.34107708553326,64.04624277456648,3.236994219653179
2019,"Census Tract 58.41, Mecklenburg County, North Carolina",37119005841,26.387665198237887,9.706314243759177,16.97503671071953,9.001468428781203,62.143906020558006,8.69309838472834,3.1864904552129225,63.676731793960926,97.30826746421705,70.30549027985474,5.225483178239084,81.58673771462404,4.747656094155197,94.34740417273169,91.42962689323974,5.150665732305535,94.84933426769446,64.20391577391948,3.8418913926856297
2019,"Census Tract 58.42, Mecklenburg County, North Carolina",37119005842,24.2603550295858,19.19283871946594,10.650887573964498,6.190259444697315,70.83902291002883,8.375056895766955,3.9447731755424065,70.24390243902438,93.33890164961369,56.9221131760284,17.577796467619848,90.28142589118198,4.747596153846153,94.18273790705027,86.00228223659187,2.085661080074488,97.91433891992551,72.30886268543172,1.8257892734880183
2019,"Census Tract 58.43, Mecklenburg County, North Carolina",37119005843,30.080795525170913,9.66438781852082,10.441267868241145,12.647607209446862,61.49782473586078,13.455562461155997,1.9577377252952146,62.72984441301273,98.21342346692418,57.701593433124096,5.714285714285714,84.65346534653465,3.4666666666666663,93.9446366782007,90.31746031746032,3.7433155080213902,96.2566844919786,73.65079365079366,0.0
2019,"Census Tract 58.44, Mecklenburg County, North Carolina",37119005844,30.564568462037638,8.879515466147524,20.64676616915423,9.658230586199437,63.31386545533203,4.574951330304996,1.8061864590093013,65.65684384467089,99.03510231242721,70.1713525203793,11.05726872246696,91.35224456072707,5.15576323987539,97.3338975878121,93.31385913664396,6.608063049408912,93.39193695059109,76.92307692307693,4.219409282700422
2019,"Census Tract 58.45, Mecklenburg County, North Carolina",37119005845,31.712806662165207,7.4949358541526,32.860679720909296,8.867882061670043,46.72518568534774,8.23767724510466,3.308575286968265,65.59565002471577,98.44906591469864,73.95135706732464,3.197158081705151,85.07167572911517,5.306526038233355,96.77938808373591,89.73242065961419,2.6060606060606064,97.3939393939394,69.13503422526446,2.4268823895457374
2019,"Census Tract 58.46, Mecklenburg County, North Carolina",37119005846,30.598121601581806,10.899653979238755,7.31586752347998,5.83292140385566,81.0430054374691,3.65793376173999,2.1502718734552646,72.4934036939314,97.95386904761905,78.01339285714286,27.63507528786537,89.90765171503958,3.1695156695156697,94.67131474103586,92.09164818920917,2.941176470588235,97.05882352941177,100.0,1.2564671101256468
2019,"Census Tract 58.47, Mecklenburg County, North Carolina",37119005847,24.41526466967583,18.11653672548215,13.62330734509643,4.985638079606073,74.47681575707837,2.1132540008206813,4.80098481739844,71.91328934967012,97.37676563851254,70.68319400403574,22.984749455337692,88.36003770028276,4.858849077090119,98.57607811228641,89.68903436988543,3.4246575342465753,96.57534246575342,76.59574468085107,2.073104200763775
2019,"Census Tract 58.48, Mecklenburg County, North Carolina",37119005848,30.315236427320492,8.213660245183888,6.8476357267950965,4.640980735551663,80.73555166374781,5.691768826619965,2.084063047285464,77.27093983484073,96.34478996181124,67.15766503000545,24.30340557275542,94.76995674400315,4.473485800452375,98.79839786381842,91.57530294287362,1.8130311614730876,98.18696883852691,94.86439699942296,1.0963646855164455
2019,"Census Tract 59.06, Mecklenburg County, North Carolina",37119005906,26.33728052266231,11.269906084115966,4.083299305839118,15.945283789301756,46.05961616986525,31.788485095957537,2.1233156390363415,65.12068149550402,80.15803336259877,26.221832016388646,15.342763873775844,86.74869853289162,6.371730662214803,93.6069455406472,77.47101049144119,4.684210526315789,95.3157894736842,67.86305908337935,4.47266703478741
2019,"Census Tract 59.07, Mecklenburg County, North Carolina",37119005907,30.687455705173633,6.6052445074415305,8.263642806520197,39.02197023387669,38.15733522324592,12.473423104181432,2.083628632175762,63.334304867385605,94.45535909190134,53.13250382012661,7.651363938789088,87.11745846691926,4.3149284253578735,92.76957718288716,92.31754161331625,4.872107186358099,95.1278928136419,76.5685019206146,0.4694835680751174
2019,"Census Tract 59.08, Mecklenburg County, North Carolina",37119005908,17.61006289308176,16.666666666666664,2.4528301886792456,15.157232704402515,76.9811320754717,1.0062893081761006,4.40251572327044,73.9803094233474,96.75324675324676,52.922077922077925,20.098039215686274,87.76371308016878,6.332046332046332,97.57709251101322,79.68503937007874,6.89149560117302,93.10850439882698,94.01574803149606,1.574803149606299
2019,"Census Tract 59.09, Mecklenburg County, North Carolina",37119005909,26.450495525834693,8.967574328875203,14.567497353988262,36.11084383719812,32.685461368228616,13.807370345424804,2.828827095160204,71.63250366032212,90.06079027355624,39.756838905775076,9.554455445544555,81.89970717423132,6.63265306122449,97.17514124293785,89.74358974358975,5.5572803477181,94.44271965228191,70.64431295200527,0.6903353057199211
2019,"Census Tract 59.10, Mecklenburg County, North Carolina",37119005910,31.56022635408246,4.527081649151172,4.23605497170574,36.248989490703316,30.04042037186742,15.618431689571544,13.856103476151983,72.24969097651422,90.72079536039767,36.4264015465341,1.0655737704918031,87.85537700865265,4.417670682730924,95.7809443978765,83.28571428571429,7.28476821192053,92.71523178807946,35.904761904761905,1.8571428571428572
2019,"Census Tract 59.11, Mecklenburg County, North Carolina",37119005911,24.17490600194959,14.190224202757276,5.765213758529453,24.36986492132015,58.766188553126305,8.021166968388805,3.0775657986352876,70.99609375,93.4136546184739,47.95180722891566,15.165031222123105,84.47265625,6.997245179063361,92.22772277227723,90.36243822075782,4.672163329407145,95.32783667059286,87.19110378912686,2.9242174629324547
2019,"Census Tract 59.12, Mecklenburg County, North Carolina",37119005912,20.686116405219177,7.403606509309485,5.556370033719396,39.4370326931535,34.173874798416655,18.340419293358746,2.492303181351708,43.65172494719549,89.09366869037294,37.98785776235906,6.489361702127659,82.5393100211218,4.731977818853974,94.1374238285354,82.38828389034923,3.1284103310294653,96.87158966897054,44.048066090874954,2.9290274126924523
2019,"Census Tract 59.13, Mecklenburg County, North Carolina",37119005913,21.420948315291966,10.824820856837933,12.53239823143772,27.22976063424303,29.531940844640953,29.18127763378564,1.5246226558926665,53.548559231590176,86.90325306294888,24.98943810730883,5.970149253731343,87.11312700106724,6.674427629025999,96.13259668508287,74.52788757136584,2.5673940949935816,97.43260590500643,66.27140974967062,1.7127799736495388
2019,"Census Tract 59.14, Mecklenburg County, North Carolina",37119005914,26.063760572543913,6.31099544567339,5.725439167208848,34.495770982433314,39.440468445022766,16.82498373454782,3.513337670787248,60.17552182163188,93.42980054751662,48.846304262807976,11.535968891769281,92.29127134724858,7.426962337205209,96.23824451410658,82.91228070175438,7.317073170731707,92.6829268292683,54.666666666666664,5.228070175438596
2019,"Census Tract 59.15, Mecklenburg County, North Carolina",37119005915,13.271852445870088,5.012028869286287,1.2830793905372895,53.64875701684042,25.421010425020047,14.033680834001604,5.613472333600641,46.5625,95.88521927449919,55.92853275582025,8.415841584158416,91.75,5.409153952843273,93.42915811088297,79.80535279805353,15.024121295658166,84.97587870434184,13.54420113544201,3.4874290348742907
2019,"Census Tract 59.16, Mecklenburg County, North Carolina",37119005916,29.382634532849128,9.409045889732585,6.80092439749092,52.36051502145923,9.937273027401783,27.104655001650706,3.7966325519973587,24.34956637758506,88.03697661772702,22.784121805328983,5.5954088952654235,65.64376250833888,4.768583450210379,95.8282208588957,62.80041797283177,9.631728045325778,90.36827195467421,22.048066875653085,8.150470219435736
2019,"Census Tract 59.17, Mecklenburg County, North Carolina",37119005917,20.028657857029135,7.849068619646553,4.696704346441649,31.698774080560423,42.92310141697182,15.761821366024517,4.919598790001592,61.065573770491795,88.47135235444212,38.36696822083043,9.205548549810844,82.89617486338798,5.016922158072864,94.38959788104985,82.59243872039885,8.513873052071455,91.48612694792855,62.81678437889489,3.489821354383049
2019,"Census Tract 59.18, Mecklenburg County, North Carolina",37119005918,26.13720186869929,6.786328989427096,7.32726825670027,29.259896729776248,40.79173838209983,19.498401770346693,3.122694861076961,68.9720511605874,93.4645376903082,36.27924248050501,0.0,78.73045949786831,4.360852197070573,91.9984387197502,82.53055355859095,3.2011134307585247,96.79888656924147,68.79942487419123,2.516175413371675
2019,"Census Tract 60.05, Mecklenburg County, North Carolina",37119006005,32.15976331360947,6.7455621301775155,5.8579881656804735,39.142011834319526,36.92307692307693,15.857988165680473,2.2189349112426036,73.54670150228608,88.70588235294117,25.835294117647056,3.722084367245657,80.92749836708035,4.709986916703009,84.92590700051099,72.28496959165943,3.0328559393428813,96.96714406065712,70.63423110338836,7.471763683753258
2019,"Census Tract 60.06, Mecklenburg County, North Carolina",37119006006,24.732620320855613,9.212445308701993,16.929995138551288,41.504618376276134,21.633446767136608,16.51677199805542,3.4151677199805546,55.53230447292702,80.1329534662868,12.972459639126305,0.718132854578097,86.6073764059639,4.682706281285322,94.00615967780148,73.94888705688376,1.900525677315002,98.099474322685,74.31986809563067,4.03957131079967
2019,"Census Tract 60.07, Mecklenburg County, North Carolina",37119006007,29.93753003363767,8.421432003844306,0.07208073041806823,53.25564632388274,37.32580490148967,8.673714560307545,0.6727534839019702,78.24553151458137,95.30638852672752,45.35295213261315,0.0,88.71119473189087,8.179012345679013,90.9272183449651,88.6085075702956,4.509466437177281,95.49053356282272,77.00072098053352,0.0
2019,"Census Tract 60.08, Mecklenburg County, North Carolina",37119006008,22.92535929531757,9.805285118219748,6.351414000927214,50.185442744552624,38.71117292535929,1.645804357904497,3.1061659712563747,86.06411398040962,90.34505640345057,35.99867285998673,8.823529411764707,90.78361531611753,5.714285714285714,97.9216626698641,86.02287166454892,1.6864459712679576,98.31355402873204,75.5400254129606,4.320203303684879
2019,"Census Tract 60.09, Mecklenburg County, North Carolina",37119006009,29.71887550200803,8.358433734939759,4.894578313253012,49.84939759036144,30.49698795180723,9.11144578313253,5.647590361445784,67.7938808373591,87.47072599531616,30.952380952380953,3.596287703016241,86.15136876006441,7.214285714285714,89.32122784262863,82.45481927710844,2.923976608187134,97.07602339181285,70.48192771084338,0.8283132530120483
2019,"Census Tract 60.10, Mecklenburg County, North Carolina",37119006010,24.897847997820758,8.662489784799781,4.944156905475347,52.65595205666032,23.672023971669844,15.608825932988287,3.1190411332062107,75.46951748049696,77.83494105037514,19.54983922829582,11.3080684596577,83.70413175382836,5.168661588683351,93.46796310147096,76.24286878565607,10.208562019758508,89.7914379802415,65.03667481662592,4.197229013854931
2019,"Census Tract 61.03, Mecklenburg County, North Carolina",37119006103,22.249793217535153,12.87565481113868,4.16322029225255,29.886958919216983,56.437827405569344,4.245933278191343,5.266060104769782,75.31380753138075,95.93114241001565,51.525821596244135,21.761658031088082,88.58338314405259,7.998578030572342,94.67427484545887,85.48830811554333,9.238451935081148,90.76154806491886,61.55433287482806,0.48143053645116923
2019,"Census Tract 61.04, Mecklenburg County, North Carolina",37119006104,27.964482409801057,8.553444981454422,0.5957064178936721,55.44565583904687,35.93346071709565,4.810610318084748,3.2145667078790603,69.80502821959979,89.46103673189153,29.642979745966358,5.876288659793814,91.4315033350436,6.225620221563426,93.48109517601043,74.24290723621294,10.753911806543385,89.24608819345661,68.85559451705451,1.976410583359898
2019,"Census Tract 61.05, Mecklenburg County, North Carolina",37119006105,27.969348659003828,7.056194125159642,0.8301404853128991,53.99106002554278,32.79054916985951,10.24904214559387,2.1392081736909323,77.06043956043956,92.59433962264151,36.41509433962264,2.9940119760479043,92.3076923076923,7.358156028368794,94.33443344334434,79.72350230414746,2.7777777777777777,97.22222222222221,70.13824884792626,0.4608294930875576
2019,"Census Tract 61.06, Mecklenburg County, North Carolina",37119006106,19.016138440598873,5.463737118413378,6.144273770173051,50.34026832587983,29.613066303713786,12.26910363601011,1.633287964223216,67.38224927907723,94.08769448373408,53.719943422913715,3.159340659340659,91.8295418135213,6.674669867947179,99.46635042988437,86.56509695290858,11.699959233591521,88.30004076640849,49.63065558633426,3.2317636195752537
2019,"Census Tract 61.07, Mecklenburg County, North Carolina",37119006107,21.272786458333336,4.313151041666666,2.001953125,58.219401041666664,22.428385416666664,12.109375,5.240885416666666,64.3979057591623,97.58220502901354,51.98259187620889,3.2119914346895073,94.87462110774318,6.341968911917098,96.12141652613828,75.43006731488407,18.400976502898995,81.59902349710102,32.68511593118923,4.225878833208676
2019,"Census Tract 61.08, Mecklenburg County, North Carolina",37119006108,30.426142636343563,7.0214175314639,2.958710532126297,62.287480680061826,19.452417752263194,11.349083682932214,3.9523073526164714,67.6056338028169,92.87958115183245,35.74171029668412,8.960915157292659,82.66522210184182,7.743573468740082,94.55155071248952,71.51478575739287,3.381924198250729,96.61807580174927,71.15268557634279,3.500301750150875
2019,"Census Tract 61.09, Mecklenburg County, North Carolina",37119006109,14.048192771084336,13.156626506024097,0.0,79.13253012048193,15.180722891566264,5.445783132530121,0.24096385542168677,67.35985533453888,80.75801749271136,22.740524781341108,2.5974025974025974,92.40506329113924,5.354639753294085,85.35502958579882,59.105431309904155,3.2457496136012365,96.75425038639877,56.94888178913738,9.904153354632587
2019,"Census Tract 62.03, Mecklenburg County, North Carolina",37119006203,17.840557275541798,19.96904024767802,1.6060371517027865,8.90092879256966,85.97136222910217,2.0510835913312695,1.4705882352941175,66.02982292637465,97.75224775224775,54.770229770229776,25.1604621309371,92.63746505125815,9.589366247329693,96.01669195751138,80.0174520069808,15.39313399778516,84.60686600221484,82.24258289703316,2.356020942408377
2019,"Census Tract 62.04, Mecklenburg County, North Carolina",37119006204,19.391926417986717,22.31732243229433,2.848748083801737,4.024016351558508,89.28206438426163,2.1461420541645375,1.6990291262135921,60.85164835164834,98.93671754416053,61.721831589778766,39.33910306845004,84.5467032967033,7.142857142857142,95.57850145618215,91.74368453481208,11.3599126160568,88.6400873839432,90.3573629081947,1.0782501540357363
2019,"Census Tract 62.08, Mecklenburg County, North Carolina",37119006208,18.52664576802508,9.93730407523511,6.300940438871473,3.918495297805643,85.01567398119121,3.6363636363636362,1.128526645768025,60.554951033732316,98.54948805460751,51.151877133105806,0.0,92.65505984766051,2.6548672566371683,97.5669099756691,84.73648186173854,9.647495361781075,90.35250463821892,44.35318275154005,0.7529089664613279
2019,"Census Tract 62.09, Mecklenburg County, North Carolina",37119006209,21.399416909620992,7.482993197278912,1.4188532555879496,8.435374149659863,82.17687074829932,5.714285714285714,2.2546161321671523,63.25369738339022,97.40078256008944,61.09558412520961,7.338444687842278,92.33978005309064,6.083086053412463,96.27906976744185,87.99171842650104,8.418657565415245,91.58134243458476,36.43892339544513,0.5797101449275363
2019,"Census Tract 62.10, Mecklenburg County, North Carolina",37119006210,26.567363272565586,12.49444197421076,4.135171187194309,6.514006224988885,85.08225878168074,3.734993330369053,0.5335704757670076,68.04420951465642,97.78200253485426,56.21039290240811,15.885416666666666,90.9178279673234,7.780805328489253,96.15689381933439,86.77884615384616,3.7593984962406015,96.2406015037594,78.54567307692307,0.9014423076923076
2019,"Census Tract 62.11, Mecklenburg County, North Carolina",37119006211,31.611969111969113,6.20978120978121,1.8661518661518661,10.408622908622908,77.86357786357786,6.064993564993565,3.7966537966537968,68.22358346094947,99.52020202020202,69.0909090909091,19.00355871886121,88.85911179173047,7.292401787814631,96.04252805670409,93.35564053537286,3.013444598980065,96.98655540101994,83.93881453154876,1.2906309751434035
2019,"Census Tract 62.12, Mecklenburg County, North Carolina",37119006212,30.592734225621417,9.341709915323682,4.124556132204315,27.096421742693256,58.508604206500955,6.419011199125922,3.851406719475553,72.54780999383097,98.07852965747702,62.113617376775274,2.886002886002886,87.97038864898211,10.979929161747345,96.00404653515427,88.83928571428571,8.071135430916552,91.92886456908344,43.526785714285715,5.877976190476191
2019,"Census Tract 62.13, Mecklenburg County, North Carolina",37119006213,27.574455474885166,9.260631204622907,2.252185508964291,10.831234256926953,76.41132019558454,5.748999851829901,4.756260186694325,68.30880144187444,97.79378658262044,54.54750112561909,15.141430948419302,90.14719134875338,5.257774140752864,98.56194690265487,89.51439621830684,3.4039020340390205,96.59609796596098,94.11259131929522,3.5668242372152985
2019,"Census Tract 62.14, Mecklenburg County, North Carolina",37119006214,22.39880804569158,11.149739259995034,3.0543829153215794,5.736280109262478,86.14353116463869,3.253041966724609,1.8127638440526446,74.75247524752476,97.90259509420548,50.37326697476004,7.872928176795579,91.85418541854186,5.216,98.01217038539554,90.28651292802236,3.8306451612903225,96.16935483870968,89.79734451432564,0.5590496156533892
2019,"Census Tract 62.15, Mecklenburg County, North Carolina",37119006215,26.64750957854406,10.555555555555555,0.21072796934865898,17.56704980842912,55.11494252873563,24.71264367816092,2.3946360153256707,59.48457963667089,90.0461627236007,39.09405654933641,11.973392461197339,87.02999577524292,6.738051710629407,95.14490026345503,77.57824525397639,5.57170542635659,94.42829457364341,65.87993842996408,2.5654181631605955
2019,"Census Tract 63.02, Mecklenburg County, North Carolina",37119006302,26.99228791773779,13.835008179481187,4.70904416919841,18.50899742930591,69.40874035989717,5.620472072914232,1.7527459686842721,65.7930657930658,97.48874263941808,58.67682715621753,20.933424845573096,87.22358722358723,5.985915492957746,99.02566539923954,83.8566552901024,4.993514915693904,95.00648508430609,87.33788395904438,3.78839590443686
2019,"Census Tract 63.03, Mecklenburg County, North Carolina",37119006303,26.953748006379584,15.566188197767145,1.547049441786284,12.200956937799043,77.57575757575758,7.5279106858054226,1.1483253588516746,59.78220052572287,93.03344867358709,45.9284890426759,17.955801104972377,89.78595568907247,8.16593886462882,95.32648326151806,77.61790567545962,3.5094485152333204,96.49055148476668,55.35571542765787,2.3980815347721824
2019,"Census Tract 63.04, Mecklenburg County, North Carolina",37119006304,31.516957570597416,9.564353625656308,1.5609479211011779,8.954164892862211,80.7577692635164,5.704555129842486,3.022562792677735,68.66115702479338,95.35362783245594,54.360265506981,8.863636363636363,95.6694214876033,5.615416493990883,94.33297180043384,82.91721419185282,0.0,100.0,86.59658344283837,0.5256241787122208
2019,"Census Tract 64.03, Mecklenburg County, North Carolina",37119006403,16.79037111334002,11.675025075225678,2.1664994984954866,8.18455366098295,76.22868605817452,9.628886659979939,3.791374122367101,37.98449612403101,95.48841059602648,64.19701986754967,19.174041297935105,66.18217054263566,4.31533269045323,95.48665620094191,79.97208653175157,14.854426619132502,85.1455733808675,72.9937194696441,2.372644801116539
2019,"Census Tract 64.04, Mecklenburg County, North Carolina",37119006404,33.926261319534284,12.354463130659767,0.9217335058214747,4.366106080206985,89.14941785252265,4.34993531694696,1.2128072445019404,62.85357737104825,98.37908496732027,80.44444444444444,19.549763033175356,92.92845257903494,5.408712677435144,97.7512297962052,94.14732593340061,3.5053554040895816,96.49464459591042,96.87184661957619,0.45408678102926336
2019,"Census Tract 64.05, Mecklenburg County, North Carolina",37119006405,19.914430182808246,21.91754181252431,0.5834305717619603,9.451575262543757,82.73045507584598,5.678724231816414,1.5558148580318942,55.01922255446391,94.75435005117707,57.39508700102354,5.835240274599542,87.52669799231097,11.340456532297232,99.06340057636888,85.19900497512438,7.7276205049732205,92.27237949502678,50.787728026534,5.05804311774461
2019,"Census Tract 64.06, Mecklenburg County, North Carolina",37119006406,31.701855406269992,9.229046705054381,1.2635956493921945,9.5489443378119,63.53166986564299,23.880358285348688,1.7754318618042226,53.17026070164146,94.79695431472082,38.98477157360406,6.122448979591836,85.25909237206308,7.822014051522248,94.42670537010159,77.1900826446281,5.94636610959969,94.0536338904003,68.71900826446281,2.024793388429752
2019,"Census Tract 64.07, Mecklenburg County, North Carolina",37119006407,33.11704517095084,4.84152732717744,5.016221612178687,9.258797105066135,80.20963314200151,1.7968555028699775,3.718492637883704,67.78983438035408,96.31217838765008,58.27615780445969,8.057675996607294,86.69331810394061,3.470149253731343,93.49363507779348,89.95398773006134,0.0,100.0,75.07668711656443,0.0
2019,"Census Tract 9801, Mecklenburg County, North Carolina",37119980100,,,,,,,,,,,,,,,,,,,
2019,"Census Tract 9802, Mecklenburg County, North Carolina",37119980200,,,,,,,,,,,,,,,,,,,
2019,"Census Tract 9803, Mecklenburg County, North Carolina",37119980300,0.0,46.42857142857143,0.0,0.0,46.42857142857143,53.57142857142857,0.0,100.0,100.0,100.0,,100.0,0.0,100.0,100.0,0.0,100.0,100.0,0.0
2019,"Census Tract 502.01, Rowan County, North Carolina",37159050201,24.362606232294617,23.772426817752596,0.0,29.627006610009442,59.08876298394712,9.608120868744098,1.676109537299339,34.85321673953779,88.13046402151984,13.75252185608608,11.757269279393173,81.26171143035603,10.081148564294631,90.57220708446867,54.80825958702064,10.26998411858126,89.73001588141875,60.17699115044248,14.15929203539823
2019,"Census Tract 502.02, Rowan County, North Carolina",37159050202,27.40366629255518,20.63224841002619,1.328095772540217,33.48297792742237,52.50654695099139,9.521137298915077,3.161242050130939,45.67723342939482,87.65176191886289,26.858158128516436,6.451612903225806,83.09317963496638,8.072445019404915,92.5506072874494,71.82677949228471,17.257001647446458,82.74299835255354,46.241911398705824,12.045793927327027
2019,"Census Tract 503, Rowan County, North Carolina",37159050300,21.157118547929667,15.42824730572887,0.05672149744753262,31.990924560408395,56.83494044242769,9.727736812251843,1.3896766874645492,30.421118793211814,88.6381025248661,22.76205049732211,12.645914396887159,74.73287240729101,9.676258992805757,93.33700440528634,65.73170731707317,13.181577554261514,86.81842244573849,45.1829268292683,9.390243902439025
2019,"Census Tract 504, Rowan County, North Carolina",37159050400,25.261324041811843,7.8397212543554,0.20905923344947736,69.26829268292683,10.696864111498257,14.425087108013937,5.400696864111499,32.39700374531835,86.63239074550128,15.509854327335045,0.0,66.38576779026218,5.081585081585081,79.34491978609626,51.02827763496144,26.672950047125354,73.32704995287465,22.493573264781492,30.205655526992288
2019,"Census Tract 505, Rowan County, North Carolina",37159050500,11.474082073434126,25.431965442764582,0.4319654427645789,33.3963282937365,59.34125269978402,3.509719222462203,3.3207343412526997,31.77723177723178,90.33505154639175,36.769759450171826,28.49162011173184,85.58558558558559,20.341567551082647,86.54734411085451,67.52293577981652,17.298937784522003,82.70106221547799,65.77981651376147,1.4678899082568808
2019,"Census Tract 507, Rowan County, North Carolina",37159050700,25.543140906269397,15.580384854127871,1.0242085661080074,37.988826815642454,52.327746741154556,7.076350093109869,1.5828677839851024,38.216039279869065,79.54119850187266,18.820224719101123,1.1922503725782414,87.88870703764321,6.044185077115465,88.22341857335128,73.26989619377161,17.839374555792467,82.16062544420754,57.35294117647059,12.802768166089965
2019,"Census Tract 508, Rowan County, North Carolina",37159050800,14.887960501329282,16.710976072920623,0.0,64.98290922901633,22.749715153816936,10.40638055450057,1.8609950626661602,55.660377358490564,78.47397675593734,9.90399191510864,0.0,80.44596912521442,9.727800089245871,87.5,54.09836065573771,26.61654135338346,73.38345864661655,49.18032786885246,19.057377049180328
2019,"Census Tract 509.01, Rowan County, North Carolina",37159050901,21.398215044623882,26.60433489162771,0.0,1.8062048448788781,89.12027199320018,5.4823629409264765,3.591160220994475,67.37022247575585,86.14494518879415,20.767356881851402,8.781127129750983,89.27552766685682,10.62449310624493,97.62273901808786,69.57928802588997,17.305976806422837,82.69402319357717,80.2588996763754,0.0
2019,"Census Tract 509.03, Rowan County, North Carolina",37159050903,23.222352350677596,16.29580056884725,1.6228877363225698,5.521164463777815,88.6565166471474,0.0,4.199431152752217,60.21060549078601,89.21102661596959,22.100760456273765,4.081632653061225,83.22677698382851,7.975593811287862,94.53178400546821,80.62446535500428,10.21505376344086,89.78494623655914,91.31736526946108,2.1813515825491874
2019,"Census Tract 509.04, Rowan County, North Carolina",37159050904,19.74704202366381,18.482252141982862,0.0,0.2039983680130559,96.40962872297023,2.529579763361893,0.8567931456548347,77.98066595059076,78.91737891737893,9.743589743589745,12.638580931263856,89.15145005370569,9.354346720894764,92.85051067780873,53.70370370370371,25.86705202312139,74.13294797687861,80.4093567251462,3.313840155945419
2019,"Census Tract 510.01, Rowan County, North Carolina",37159051001,20.621214073978607,15.130815826781802,0.0,1.288825879623663,92.2283799458693,4.1371310735919575,2.3456631009150666,58.60230974237489,84.20748168145006,20.053991515618975,11.953612845673506,79.18270654427006,6.965416463711642,94.5125199786894,69.77225672877847,11.83449954365683,88.16550045634317,77.22567287784679,6.521739130434782
2019,"Census Tract 510.02, Rowan County, North Carolina",37159051002,28.175559380378658,12.15146299483649,0.0,4.578313253012048,90.98106712564544,3.803786574870912,0.6368330464716008,48.1044650379107,92.15318693090519,21.47830744509909,15.893536121673005,89.59561920808761,5.7512580877066855,95.58766106989457,74.52107279693486,14.285714285714285,85.71428571428571,71.59961685823755,3.9750957854406135
2019,"Census Tract 511.01, Rowan County, North Carolina",37159051101,17.222692633361557,19.32260795935648,0.0,0.18628281117696868,98.22184589331076,0.541913632514818,1.0499576629974599,63.43229543808834,86.12059158134244,17.4971558589306,21.96969696969697,87.14699493120926,7.590016366612111,97.02602230483272,62.863886703383166,14.669352131587782,85.33064786841223,77.57671125098348,4.012588512981904
2019,"Census Tract 511.02, Rowan County, North Carolina",37159051102,25.318655851680184,18.337195828505216,1.0428736964078795,3.8238702201622248,85.66048667439165,8.80648899188876,0.6662804171494786,56.42201834862385,82.6178451178451,14.772727272727273,6.103286384976526,89.90825688073394,10.240496508921645,89.14027149321268,69.15384615384616,18.69918699186992,81.30081300813008,84.23076923076923,3.923076923076923
2019,"Census Tract 512.01, Rowan County, North Carolina",37159051201,22.096937058229553,13.059575900370247,1.0602490743857287,16.40861662739818,60.652978795018505,18.074722315718613,3.8034331874789635,51.045838896306186,81.04714522624971,12.840559109215826,9.16030534351145,81.61993769470405,8.792395765824153,94.21521035598705,71.0812209001552,14.431164231961043,85.56883576803895,82.82462493533367,1.8623900672529745
2019,"Census Tract 512.02, Rowan County, North Carolina",37159051202,23.74455732946299,16.400580551523948,3.251088534107402,8.476052249637156,62.75761973875181,24.55732946298984,0.9579100145137881,52.011095700416085,83.07692307692308,18.37837837837838,5.689655172413794,81.20665742024966,8.755234107346784,94.2982456140351,70.32710280373831,3.313253012048193,96.6867469879518,79.51713395638629,2.803738317757009
2019,"Census Tract 512.04, Rowan County, North Carolina",37159051204,24.111743965283427,14.130729590452942,4.1225928939517225,13.913751017087062,58.04176837537294,21.508001084892868,2.4138866286954164,39.526411657559194,85.04482477587612,31.703341483292586,9.954233409610984,85.24590163934425,11.790079079798705,95.24849808847624,70.5800139762404,14.669051878354203,85.3309481216458,52.41090146750524,4.8916841369671555
2019,"Census Tract 513.01, Rowan County, North Carolina",37159051301,22.828558435652567,19.508867667121418,0.5457025920873124,11.414279217826284,71.94179172351069,13.460663938153704,2.6375625284220097,43.159065628476085,86.79722046746684,18.31964624131396,5.675675675675676,77.75305895439377,8.131997642899234,96.13821138211382,66.22073578595318,15.853658536585366,84.14634146341463,50.50167224080268,12.040133779264215
2019,"Census Tract 513.02, Rowan County, North Carolina",37159051302,18.092962641181582,22.502172024326672,0.26064291920069504,17.76715899218071,76.60729800173762,2.8236316246741966,2.5412684622067765,51.028806584362144,91.26843657817109,26.194690265486724,37.787356321839084,96.11992945326278,11.11111111111111,92.08845208845209,69.58261863922242,14.890510948905108,85.10948905109488,89.5368782161235,4.230989136649514
2019,"Census Tract 513.03, Rowan County, North Carolina",37159051303,19.863247863247864,19.846153846153847,0.0,39.042735042735046,53.31623931623931,7.6410256410256405,0.0,38.80813953488372,88.9550107117353,22.49464413234944,4.748201438848921,87.75436046511628,10.174914675767917,93.02249755461362,64.16791604197901,9.651202167287504,90.34879783271249,48.05097451274363,8.245877061469265
2019,"Census Tract 514, Rowan County, North Carolina",37159051400,22.54321286111447,17.50271969055965,2.8284781820379545,8.67883476368911,69.45485313670979,13.670977879850115,5.366856037713042,65.57924479835603,84.8302016893639,12.394414756076538,6.22154779969651,90.54713588492166,5.021902377972466,93.46650998824911,72.6076948372246,7.3995127892813635,92.60048721071864,71.02926668858927,1.3153567905294312
2019,"Census Tract 515.01, Rowan County, North Carolina",37159051501,28.246013667425967,10.52898000506201,1.1389521640091116,14.578587699316628,53.53075170842825,25.841559098962286,4.910149329283726,55.64803804994055,76.17172115005908,16.38440330838913,7.096774193548387,83.47205707491082,6.701940035273369,90.77074128620521,65.4075546719682,13.86986301369863,86.13013698630137,52.948972829688536,3.7110669317428764
2019,"Census Tract 515.02, Rowan County, North Carolina",37159051502,21.22093023255814,20.813953488372093,0.0,0.3488372093023256,90.72674418604652,8.197674418604652,0.7267441860465116,61.77884615384615,81.02459016393443,8.360655737704919,29.357798165137616,87.25961538461539,6.715867158671587,88.32167832167832,60.37735849056604,7.729805013927576,92.27019498607241,71.62264150943396,5.660377358490567
2019,"Census Tract 516, Rowan County, North Carolina",37159051600,27.034198113207548,18.1751179245283,2.4911556603773586,25.692806603773583,63.384433962264154,8.195754716981133,0.2358490566037736,69.96879875195008,85.72653236176596,16.502357479639947,6.436041834271923,94.14976599063962,8.90909090909091,89.88728866624922,71.56316916488223,17.257264351523744,82.74273564847626,73.01927194860814,1.070663811563169
2019,"Census Tract 517, Rowan County, North Carolina",37159051700,22.32610321615557,18.312141610570933,1.1967090501121915,1.795063575168287,86.92346048366991,5.646970830216904,4.43779606083271,56.65171898355755,86.15544760582928,16.620402498265094,4.143426294820717,88.60986547085203,9.194847020933977,92.42773087746227,67.63080922976926,7.680768076807682,92.31923192319232,71.33571660708482,6.109847253818654
2019,"Census Tract 518.01, Rowan County, North Carolina",37159051801,25.72895277207392,13.347022587268995,0.0,0.7597535934291582,86.63244353182752,11.06776180698152,1.5400410677618068,73.70370370370371,79.84472049689441,11.863354037267081,7.241379310344828,88.47222222222221,6.939452585015206,95.618885580604,76.3905325443787,8.698001080497027,91.30199891950296,68.87573964497041,2.603550295857988
2019,"Census Tract 518.02, Rowan County, North Carolina",37159051802,19.718918918918916,15.654054054054054,0.6270270270270271,2.8324324324324324,85.77297297297297,6.918918918918919,3.8486486486486484,60.28431808085295,87.05473501303214,16.65218650448885,10.887096774193548,84.45135495335407,12.469701050363588,98.04,68.81653099561679,15.323435843054083,84.67656415694591,86.59987476518472,2.567313713212273
2019,"Census Tract 519.01, Rowan County, North Carolina",37159051901,22.286348501664815,16.914539400665927,0.5105438401775805,9.056603773584905,78.11320754716982,9.877913429522753,2.4417314095449503,62.27598566308244,85.52155314248108,18.03224744981902,1.9138755980861244,92.20430107526882,8.283347614967154,93.12331924702266,60.4093567251462,16.544655929721817,83.45534407027819,78.83040935672516,2.1637426900584797
2019,"Census Tract 519.02, Rowan County, North Carolina",37159051902,20.53498613603001,12.591746860218562,0.0,15.951720763333876,76.8879465013864,4.713749796118089,2.4465829391616376,66.45291933850827,89.97050147492625,17.404129793510325,22.18614718614719,92.03509956125548,6.239737274220033,92.05970149253731,59.13932680017043,17.73571678934455,82.26428321065545,80.01704303366,1.8321261184490838
2019,"Census Tract 520, Rowan County, North Carolina",37159052000,22.943905525094895,14.677351328553353,0.3374103753690426,37.57908055672712,46.39392661324336,10.797132011809364,4.892450442851118,36.74540682414698,86.00125549278091,24.168236032642813,12.5,89.10761154855643,5.911330049261084,87.7742946708464,60.93023255813953,27.42616033755274,72.57383966244726,45.81395348837209,13.72093023255814
2019,"Census Tract 9301.01, Stanly County, North Carolina",37167930101,18.97133220910624,17.706576728499158,5.796795952782462,4.258010118043845,85.03372681281618,3.1829679595278244,1.7284991568296795,51.672321861366946,89.34115212142117,22.490513970334597,7.372654155495978,90.40232670867668,9.989594172736732,92.3991507430998,62.751460090850095,13.717805151175813,86.28219484882419,87.41077222582739,1.8170019467878002
2019,"Census Tract 9301.02, Stanly County, North Carolina",37167930102,22.069502074688796,14.885892116182573,2.9564315352697093,9.647302904564317,84.02489626556017,1.504149377593361,1.8672199170124482,48.37235865219874,83.1973293768546,13.27893175074184,14.435146443514643,89.09194745859509,5.161505161505161,95.26261585993821,62.92134831460674,20.93281510272071,79.06718489727929,78.3005617977528,8.707865168539326
2019,"Census Tract 9302, Stanly County, North Carolina",37167930200,15.477792732166892,20.547330641543294,1.525347689546882,20.659488559892328,74.29340511440108,1.525347689546882,1.996410946612831,49.62593516209476,83.01569506726457,13.67713004484305,15.650406504065039,84.53865336658353,6.236730360934183,95.05119453924915,65.23489932885906,19.109663409337678,80.89033659066233,72.3489932885906,5.100671140939597
2019,"Census Tract 9303, Stanly County, North Carolina",37167930300,17.85883467550924,22.69066792989105,7.555660824253908,8.716248223590716,73.61440075793463,5.968735196589294,4.144954997631454,42.04143506821627,85.71875978703414,14.531788286877545,7.966101694915253,87.01364325416877,8.996539792387544,91.47005444646098,69.12235746316465,10.901826484018265,89.09817351598174,67.39269698910955,0.9609224855861628
2019,"Census Tract 9305, Stanly County, North Carolina",37167930500,27.643729520405124,17.247542448614837,0.0,15.549597855227882,72.68394399761692,7.745010425975574,4.021447721179625,39.49820788530466,81.49005090236003,17.76955113373438,18.561484918793504,89.03225806451613,6.75174969123096,91.32985658409387,54.23476968796434,19.207683073229294,80.79231692677071,58.766716196136706,6.983655274888559
2019,"Census Tract 9307, Stanly County, North Carolina",37167930700,22.685093780848963,17.13721618953603,0.0,0.07897334649555775,91.88548864758144,7.166831194471866,0.8687068114511353,60.4,87.21198156682027,16.589861751152075,5.595116988809766,80.0,5.566905005107253,97.62340036563072,64.7978436657682,7.8031809145129225,92.19681908548708,80.37735849056604,1.2398921832884098
2019,"Census Tract 9308.01, Stanly County, North Carolina",37167930801,21.247855917667238,18.674957118353344,0.0,1.4579759862778732,93.43910806174958,3.7307032590051454,1.3722126929674099,67.95528644620401,82.43916739958956,18.147170917619466,14.041994750656167,83.27899394503959,5.063980397495235,96.89727463312369,66.51138716356108,7.293666026871401,92.7063339731286,77.69151138716356,2.484472049689441
2019,"Census Tract 9308.02, Stanly County, North Carolina",37167930802,23.5480464625132,14.086589229144666,0.0,3.5691657866948256,87.24392819429778,8.194297782470962,0.9926082365364307,77.54199823165341,82.82418952618454,20.604738154613468,26.75438596491228,87.44473916887709,7.089448906120188,94.36033308099925,67.77389277389277,8.674827035657264,91.32517296434274,78.78787878787878,0.7575757575757576
2019,"Census Tract 9309, Stanly County, North Carolina",37167930900,23.26289095519865,17.21048182586644,0.33812341504649196,5.308537616229924,89.83939137785292,4.311073541842773,0.2028740490278952,60.58692421991084,86.20118343195267,15.857988165680473,10.230692076228685,89.19019316493313,7.556730557391496,98.28212751899571,65.6561281940234,15.822092599343785,84.17790740065621,80.07795582503248,4.4608055435253355
2019,"Census Tract 9310, Stanly County, North Carolina",37167931000,18.304626815265113,21.15839243498818,3.6980749746707198,4.829449510300575,83.56973995271868,6.112799729821006,1.789935832489024,47.56838905775076,89.05414826864978,18.40576342086916,20.89041095890411,91.48936170212765,6.846473029045644,94.27132514951212,70.36717062634989,10.271317829457365,89.72868217054264,81.38228941684666,1.2095032397408207
2019,"Census Tract 9311, Stanly County, North Carolina",37167931100,22.436350777934937,20.845120226308346,1.5735502121640734,21.428571428571427,71.9059405940594,0.21216407355021216,4.879773691654879,58.84398087787919,86.28274839347505,16.608996539792386,5.448717948717949,91.22120817036071,7.317073170731707,86.82613352374152,70.73057235923686,29.169413315754777,70.83058668424522,80.03722661703118,2.8850628199162403
2019,"Census Tract 9312.01, Stanly County, North Carolina",37167931201,24.171104621199106,22.212678233980416,0.0,36.333963236557295,58.64971654354921,3.0578938326747984,1.9584263872186911,37.41990602306707,85.2970795568983,22.356495468277945,0.8100810081008101,82.99871849636908,11.676510676965016,93.77416860015468,53.71900826446281,20.655737704918035,79.34426229508198,55.619834710743795,12.727272727272727
2019,"Census Tract 9312.02, Stanly County, North Carolina",37167931202,27.576426095178064,16.35676016388276,0.0,10.746927198235108,86.85786322092656,2.1745981720768985,0.22061140876142452,44.232238349885414,83.79606259464917,12.518929833417467,18.16693944353519,91.67303284950343,9.051348999129678,95.76757532281205,59.41915227629513,19.16243654822335,80.83756345177665,65.07064364207221,8.869701726844584
2019,"Census Tract 201, Union County, North Carolina",37179020100,28.090385467434647,13.454438044601979,0.0,2.274405553094078,93.33924088022448,3.086693250627677,1.2996603160537588,67.17752234993614,90.625,20.22058823529412,27.761711972238288,86.04725415070243,11.912096939823371,92.7479855515421,67.50440917107584,18.033971810625225,81.96602818937477,83.2010582010582,3.1746031746031744
2019,"Census Tract 202.02, Union County, North Carolina",37179020202,24.277148567621584,15.283144570286474,0.0,4.770153231179214,92.08527648234511,2.358427714856762,0.7861425716189206,73.42017738359202,88.18090452261306,18.65326633165829,15.563139931740613,91.46341463414635,4.451874010205877,96.04633593553261,78.47633136094674,3.7037037037037033,96.29629629629629,78.58727810650888,1.257396449704142
2019,"Census Tract 202.03, Union County, North Carolina",37179020203,19.651921682378536,18.298283780517284,2.7797921198936426,9.30626057529611,82.98283780517282,3.021513173797438,1.9095963258399806,71.63157894736842,92.12034383954155,40.32951289398281,24.268502581755595,92.21052631578948,5.793602896801448,91.00734976221358,78.55626326963908,2.8198074277854195,97.18019257221458,91.29511677282377,0.0
2019,"Census Tract 202.04, Union County, North Carolina",37179020204,23.155640171346977,18.990956687291767,0.0,0.0,98.81009043312709,0.9043312708234174,0.28557829604950025,70.97124253933804,90.20223152022315,16.422594142259413,5.47945205479452,87.84590341833966,9.259832765562095,97.62025316455696,59.53458306399483,14.007782101167315,85.99221789883269,81.060116354234,3.684550743374273
2019,"Census Tract 203.05, Union County, North Carolina",37179020305,30.4253785147801,7.512617159336699,1.542898341744773,8.248017303532805,83.28767123287672,5.465032444124009,1.4563806777217014,72.83683559950556,95.55555555555556,38.959810874704495,7.534246575342466,89.33868974042028,6.839378238341968,96.86746987951807,84.01084010840108,3.107221006564551,96.89277899343544,84.77868112014454,0.27100271002710025
2019,"Census Tract 203.06, Union County, North Carolina",37179020306,30.614068683773777,10.698327588408016,0.48512702668198643,9.702540533639729,66.42410315332567,20.222137112217542,3.16609217413507,62.24299065420561,89.03640256959314,23.66167023554604,18.01853997682503,84.05874499332442,5.354185832566697,95.3425993660083,85.21183053557154,1.728201099764336,98.27179890023567,71.22302158273382,0.0
2019,"Census Tract 203.07, Union County, North Carolina",37179020307,27.626173708920188,11.340962441314554,0.0,9.624413145539906,70.98004694835682,16.402582159624412,2.992957746478873,70.07633587786259,91.58087394188973,25.371768474033402,4.070660522273426,90.74809160305344,9.203575782202357,96.70057739895518,86.68067226890757,3.054989816700611,96.94501018329939,90.0,0.7983193277310924
2019,"Census Tract 203.08, Union County, North Carolina",37179020308,26.08249187061441,9.755262707513264,3.9021050830053055,10.405613554680816,70.30634947800787,13.075474927263391,2.3104569570426152,63.86435888378664,90.88988645365725,27.99049379456034,7.053140096618357,88.73189685623456,6.830284788145404,95.19056261343013,81.30412633723893,10.934664246823957,89.06533575317604,85.12480896586857,1.5792154865002548
2019,"Census Tract 203.09, Union County, North Carolina",37179020309,19.41747572815534,13.129912159038373,1.2020342117429497,4.5769764216366156,85.39066111881645,7.813222376329172,1.0171058714748036,67.6923076923077,98.11688311688312,40.0,7.38255033557047,86.66666666666667,10.154905335628227,96.69603524229075,93.4918648310388,5.667060212514758,94.33293978748523,93.4918648310388,2.127659574468085
2019,"Census Tract 203.10, Union County, North Carolina",37179020310,29.176164115923154,11.201563008791924,0.5535656138065776,10.892217518723543,82.44871377401498,3.9889286877238685,2.1165744057310323,73.88087310395856,97.1912955465587,51.99898785425101,20.25423728813559,89.7891231964484,8.96551724137931,98.10306670882073,87.39578224619912,2.065321805955812,97.9346781940442,92.34919077979401,2.157920549288867
2019,"Census Tract 203.11, Union County, North Carolina",37179020311,27.526132404181187,12.157789945246392,4.181184668989547,8.17570930811349,71.40368342458935,14.522150323544054,1.7172722747635638,70.67901234567901,87.83573374854029,36.99883223043986,14.946841776110068,89.60905349794238,7.726648351648352,96.23182018510357,75.55799487742408,1.44248106743599,98.55751893256401,90.77936333699232,0.0
2019,"Census Tract 203.12, Union County, North Carolina",37179020312,24.464831804281346,14.460463084316293,2.0096111839231106,11.970292704237659,62.93141109654871,17.67147225862822,5.417212756662297,65.14312096029548,85.57855446216492,22.836783169324736,7.745664739884393,91.55124653739612,10.50798258345428,93.65793780687397,71.76332747510253,1.0434782608695654,98.95652173913044,72.75922671353251,1.9332161687170473
2019,"Census Tract 203.13, Union County, North Carolina",37179020313,22.464103751736918,16.67438628994905,1.760074108383511,1.8063918480778138,79.29597035664659,13.29319129226494,3.844372394627142,67.50972762645915,84.40428380187416,31.258366800535477,5.507246376811594,83.26848249027238,10.538922155688622,96.30266552020636,72.61462205700124,4.0428061831153395,95.95719381688465,78.06691449814126,0.6195786864931847
2019,"Census Tract 203.14, Union County, North Carolina",37179020314,26.316855753646678,14.46515397082658,8.387358184764992,7.070502431118314,73.01458670988656,8.346839546191248,3.1807131280388976,68.52239430724151,96.45801526717557,45.55725190839694,20.958083832335326,87.52616157388029,6.488864448721474,98.82664647993944,82.2065981611682,4.296066252587992,95.70393374741201,84.47809626825311,1.1357490535424553
2019,"Census Tract 203.15, Union County, North Carolina",37179020315,30.325055521905913,13.506965475469412,0.0,2.5035332121946294,92.06541490006057,4.522511609125782,0.9085402786190186,72.16494845360825,94.88286066584463,50.49321824907521,10.350877192982457,94.89690721649484,7.53404810199942,96.28535246939637,85.45564272782137,3.7746806039488967,96.2253193960511,94.14604707302352,2.172601086300543
2019,"Census Tract 203.16, Union County, North Carolina",37179020316,25.599151643690348,11.68610816542948,3.902439024390244,7.550371155885472,75.18557794273595,3.8600212089077415,9.501590668080594,76.25106022052587,93.87886597938144,39.884020618556704,27.083333333333332,94.74130619168787,11.003420752565564,94.55312619869581,86.33944411590775,4.678692220969561,95.32130777903043,78.94736842105263,2.720283855706682
2019,"Census Tract 203.17, Union County, North Carolina",37179020317,31.84550646227833,8.972046889089269,4.733994589720469,10.56507363991584,67.20769461977758,11.196272918545237,6.296964232040877,67.02463676563487,93.50388763481314,42.06170052671182,7.2170900692840645,90.6822488945041,9.151047409040794,98.52188743604322,91.77057356608479,1.6674840608141246,98.33251593918587,88.5286783042394,2.2443890274314215
2019,"Census Tract 204.01, Union County, North Carolina",37179020401,24.54498179927197,17.836713468538743,0.7973652279424511,10.677760443751083,70.67082683307332,15.669960131738602,2.1840873634945397,54.7432239657632,93.19423745653253,20.66567312468952,18.202247191011235,91.61911554921541,10.889042039972432,95.89640094180962,71.64390014130947,7.935819601040764,92.06418039895924,81.3942534149788,4.333490343853038
2019,"Census Tract 204.03, Union County, North Carolina",37179020403,22.401700318809777,12.22104144527099,0.0,15.834218916046758,66.60998937300744,13.985122210414453,3.57066950053135,53.62956445226573,87.0405576679341,20.8808618504436,20.045558086560362,88.38539375274968,7.641741988496302,95.52123552123552,70.87087087087087,6.408094435075886,93.59190556492412,77.17717717717719,5.225225225225225
2019,"Census Tract 204.04, Union County, North Carolina",37179020404,30.420025456088247,10.578418894074389,0.565690849950502,35.86479988686183,25.45608824777259,34.747560458209584,3.365860557205487,43.51407000686342,67.44301288404361,11.645193260654112,0.05903187721369539,77.17913520933425,3.4552845528455287,86.46573784475406,51.473214285714285,9.458367016976556,90.54163298302345,27.8125,13.660714285714285
2019,"Census Tract 205.01, Union County, North Carolina",37179020501,26.083016131955773,13.268080478520936,1.468189233278956,27.587456951241617,43.574406380279136,25.82925502990756,1.5406924052927315,53.4051724137931,81.98440440978759,15.622479161064803,15.307057745187901,83.44827586206897,10.940973079772784,92.64367816091954,65.20822351080653,5.055055055055055,94.94494494494494,73.37901950448075,8.961518186610437
2019,"Census Tract 205.02, Union County, North Carolina",37179020502,19.398258115597784,15.86170493533914,0.844550013196094,21.298495645288995,50.725785167590395,26.57693322776458,0.5542359461599367,49.892933618843685,84.17975886006576,23.858238947753012,12.557427258805513,92.34475374732334,7.694826457105436,88.44383057090239,73.96870554765292,7.742782152230972,92.25721784776903,74.18207681365575,2.1337126600284493
2019,"Census Tract 206.01, Union County, North Carolina",37179020601,26.22817701989444,10.921640276086073,0.08120178643930166,24.868047097036136,35.03857084855867,39.95127892813642,0.06090133982947624,59.53399904897765,70.61533399144454,14.08358012504113,7.90273556231003,67.57013789824062,6.494221243808475,91.5400410677618,62.929358392741406,6.314511232544019,93.68548876745598,58.45755022683085,5.055087491898899
2019,"Census Tract 206.02, Union County, North Carolina",37179020602,23.45876701361089,18.294635708566855,0.28022417934347477,22.2177742193755,43.21457165732586,32.36589271417134,1.921537229783827,53.59062042012701,69.18937100571813,18.60073999327279,7.12401055408971,73.52222765021983,4.509701101206083,90.44309296264117,56.22119815668203,11.583236321303842,88.41676367869616,56.155365371955234,5.529953917050691
2019,"Census Tract 207.01, Union County, North Carolina",37179020701,20.89005235602094,6.369982547993019,1.6404886561954626,31.396160558464224,47.033158813263526,17.260034904013963,2.6701570680628275,48.95833333333333,82.91262135922331,26.446601941747574,9.922822491730981,83.55654761904762,5.86807853518641,93.9280125195618,70.8005249343832,7.9154078549848945,92.08459214501511,68.50393700787401,2.952755905511811
2019,"Census Tract 207.02, Union County, North Carolina",37179020702,22.804935927859514,17.892738490745135,0.0,21.831988609397246,62.1499762695776,12.766967252017086,3.251067869008068,56.150027578599,78.42251563585823,12.856150104239056,6.445993031358885,89.40981798124655,6.025207500768522,97.34888653234358,61.5819209039548,8.349514563106796,91.6504854368932,73.65819209039547,2.401129943502825
2019,"Census Tract 208, Union County, North Carolina",37179020800,21.230658510255488,19.57538682979489,0.3778337531486146,28.93127024109392,58.96005757466715,10.09355883411299,1.63727959697733,68.57772877618523,84.36781609195401,11.392081736909324,12.795275590551181,88.16611539875045,9.570580173595248,94.66666666666667,60.391566265060234,9.124087591240876,90.87591240875912,68.37349397590361,4.166666666666666
2019,"Census Tract 209.01, Union County, North Carolina",37179020901,21.43251703185417,15.577241760265146,1.4914380408764498,6.426072546492359,80.62971828392561,10.255938132940527,1.1968329957650525,71.59663865546219,79.4194560669456,10.198744769874477,9.395248380129589,87.01680672268908,8.741504569955472,95.10436432637572,56.00200904068308,8.669724770642203,91.3302752293578,79.00552486187846,4.41988950276243
2019,"Census Tract 209.02, Union County, North Carolina",37179020902,25.135598058806735,12.318013131601484,0.22837567799029404,3.3828147302312304,82.32943191550099,8.49272052526406,5.566657151013417,83.54978354978356,85.11466011466011,18.734643734643736,16.655336505778383,94.49598021026593,8.88465204957102,91.92630723381198,61.311747613117475,2.784503631961259,97.21549636803874,75.42548775425489,5.0228310502283104
2019,"Census Tract 210.04, Union County, North Carolina",37179021004,31.655302480777603,9.038154649644566,2.6838821993326563,8.748005222689685,81.08225736254171,5.3242419846220805,2.1616132308138694,70.49518569463548,94.80028362089341,48.90096903805247,8.97629853756934,90.40577716643742,6.134578645722776,96.19426299346776,87.05035971223022,4.837973528069375,95.16202647193063,92.47002398081536,2.8297362110311752
2019,"Census Tract 210.05, Union County, North Carolina",37179021005,18.906942392909897,18.970246887529015,0.0,8.208482802278962,84.46929732010973,5.8240135049588515,1.4982063726524584,68.65869853917663,86.7149059334298,19.652677279305355,6.092124814264487,84.37361664453297,9.074315514993481,94.06679764243616,73.27061427780852,10.144206862257583,89.85579313774241,82.62313226342003,1.0514665190924184
2019,"Census Tract 210.06, Union County, North Carolina",37179021006,32.5960219478738,8.161865569272976,6.310013717421124,1.02880658436214,84.39643347050755,6.0699588477366255,2.194787379972565,65.65533980582524,97.47687132043734,70.05887300252313,19.686520376175547,91.22168284789643,5.95268379547189,98.71837002957608,94.73067915690866,1.839080459770115,98.16091954022988,96.13583138173301,1.053864168618267
2019,"Census Tract 210.07, Union County, North Carolina",37179021007,35.0618387721651,6.988526300104306,15.586350767396812,7.182238116525108,69.17001937118165,4.619281776188347,3.442109968708091,68.48341232227489,97.06477732793523,74.64574898785426,10.761154855643044,92.93048973143759,3.396053235429096,97.03486477680026,93.66700715015321,1.9529293940911365,98.04707060590886,98.2635342185904,0.6639427987742594
2019,"Census Tract 210.08, Union County, North Carolina",37179021008,34.02522594100705,8.481477803158208,13.25851623795809,8.610586950044691,67.63333002284239,9.166749428940312,1.3308173602145197,75.35014005602241,96.87763713080169,74.63291139240506,5.647517039922103,93.37916984975809,3.868734005720307,98.40302584576591,93.21799307958477,2.628032345013477,97.37196765498652,95.67474048442907,0.6228373702422145
2019,"Census Tract 210.09, Union County, North Carolina",37179021009,34.8221044663134,7.166288165531164,8.301791572041383,14.812011102699973,62.50315417612919,11.834468836739843,2.548574312389604,72.37330037082819,97.3218142548596,65.44276457883369,6.2857142857142865,91.1619283065513,5.652342237708091,97.47399702823179,93.72623574144487,1.8656716417910446,98.13432835820896,95.81749049429658,0.0
2019,"Census Tract 210.10, Union County, North Carolina",37179021010,30.72,13.55076923076923,6.104615384615385,4.4799999999999995,85.46461538461539,1.1815384615384614,2.769230769230769,67.90529431108187,95.28448947778644,62.56819953234607,17.662072485962227,92.27227885563958,5.009770829632262,97.78203723986857,93.87837293596456,1.8189007512850928,98.18109924871492,93.51590817559405,0.684655658477648
2019,"Census Tract 210.11, Union County, North Carolina",37179021011,32.14806178956572,8.918682599825125,6.412124744972311,8.976974642961236,79.4229087729525,3.745263771495191,1.44272806761877,79.51724137931035,97.02310073827101,62.681590854965464,21.29767211490837,90.89655172413794,6.314432989690721,97.42162320539116,87.02363724071394,6.495263870094722,93.50473612990527,92.32995658465991,0.7718282682103232
2019,"Census Tract 210.12, Union County, North Carolina",37179021012,35.271974402409185,8.300395256916996,1.0916619612271785,2.3150762281197066,91.1914172783738,3.463203463203463,1.9386410690758515,81.5421686746988,96.82434667548793,55.90473040026463,7.074910820451843,93.20481927710843,5.321314335562664,95.05327245053272,92.39061509194674,3.9000609384521634,96.09993906154783,93.40519974635384,0.9511731135066582
2019,"Census Tract 210.13, Union County, North Carolina",37179021013,28.22704735852282,8.719439220379552,0.2735510343648487,12.53205676183963,77.41494272525217,5.778765600957429,4.000683877585912,79.37184955409073,97.14593430263866,50.43080236941303,6.535947712418301,89.2981775882125,5.216769890424011,97.39811912225706,83.74751491053678,9.164785553047404,90.83521444695259,81.46123260437376,1.5904572564612325
2019,"Census Tract 210.14, Union County, North Carolina",37179021014,23.873873873873876,15.953453453453454,0.487987987987988,13.1006006006006,81.6066066066066,2.9279279279279278,1.8768768768768769,67.94979079497908,88.16601233875491,33.53897924845766,15.178571428571427,87.11297071129707,7.871287128712871,94.77221807318895,70.24539877300614,5.232558139534884,94.76744186046511,71.88139059304703,2.8629856850715747
2019,"Census Tract 210.15, Union County, North Carolina",37179021015,17.47926360509812,18.976330163868095,5.017196034796682,5.6241149099737004,84.34149302043294,3.4189763301638685,1.598219704632814,68.0246913580247,94.04231625835189,27.032293986636972,13.812154696132598,83.08641975308642,9.474206349206348,95.5748865355522,77.20930232558139,9.186906019007392,90.8130939809926,79.88372093023256,0.9883720930232558
2019,"Census Tract 201, Chester County, South Carolina",45023020100,25.534441805225654,22.327790973871732,0.6532066508313539,53.919239904988125,42.280285035629454,0.6532066508313539,2.494061757719715,53.23886639676113,80.85642317380352,7.5566750629722925,0.0,83.60323886639675,8.133971291866029,88.92794376098419,35.309973045822105,17.829457364341085,82.17054263565892,63.7466307277628,8.221024258760108
2019,"Census Tract 202, Chester County, South Carolina",45023020200,20.819453697534975,13.124583610926049,0.0,63.1578947368421,35.37641572285143,0.4330446369087275,1.0326449033977347,53.32120109190173,75.75757575757575,5.492424242424242,2.5974025974025974,76.25113739763421,1.6827934371055953,92.20287660862982,35.53511705685619,20.79470198675497,79.20529801324503,53.09364548494984,12.54180602006689
2019,"Census Tract 203, Chester County, South Carolina",45023020300,21.956031567080046,15.52987598647125,0.0,74.66178128523111,24.23900789177001,1.0992108229988726,0.0,50.03274394237066,78.63070539419087,14.979253112033195,0.0,78.06155861165685,4.550379198266522,89.02785673678227,28.723404255319153,16.91919191919192,83.08080808080808,51.51975683890577,18.085106382978726
2019,"Census Tract 204, Chester County, South Carolina",45023020400,15.599214145383103,20.589390962671906,0.0,38.153241650294696,59.3320235756385,1.5717092337917484,0.9430255402750491,63.55421686746988,81.95615514333895,10.061832490163013,4.775280898876404,87.44979919678715,8.100558659217876,99.61759082217974,46.4699683877766,11.720930232558139,88.27906976744187,84.61538461538461,5.795574288724974
2019,"Census Tract 205, Chester County, South Carolina",45023020500,20.737647877522615,25.260960334029225,0.0,32.25469728601252,66.35351426583159,0.0,1.3917884481558804,72.83288650580876,76.73104097974564,6.264719736222327,1.9963702359346642,93.5656836461126,7.199297629499561,97.32065687121867,31.914893617021278,21.823020625415836,78.17697937458416,84.85106382978724,9.787234042553191
2019,"Census Tract 206.01, Chester County, South Carolina",45023020601,13.680331644403502,23.215108245048366,1.6582220175034548,16.25978811607554,81.89774297558728,0.0,0.18424689083371718,60.447761194029844,87.88968824940048,21.402877697841728,4.25531914893617,81.4498933901919,7.630736392742795,89.07563025210085,47.62396694214876,7.012487992315082,92.98751200768491,90.08264462809917,3.925619834710744
2019,"Census Tract 206.02, Chester County, South Carolina",45023020602,25.100044464206313,16.76300578034682,0.0,28.345931525122275,63.31702979101823,6.602934637616718,1.7341040462427744,60.993337371290124,88.40819022457067,17.503302509907527,1.7475728155339807,90.61175045427014,12.021371326803205,96.12603305785123,50.83732057416268,9.081022294725393,90.9189777052746,77.75119617224881,2.8708133971291865
2019,"Census Tract 207, Chester County, South Carolina",45023020700,23.679332715477294,15.987025023169602,0.0,22.984244670991657,65.61631139944393,6.765523632993513,4.633920296570899,68.88646288209607,82.93186510667584,17.618719889883,1.5730337078651686,92.35807860262008,10.807528840315724,93.14796425024826,56.0880829015544,14.317425083240842,85.68257491675915,81.60621761658031,6.0880829015544045
2019,"Census Tract 208, Chester County, South Carolina",45023020800,28.056074766355138,14.915887850467291,0.3364485981308411,18.411214953271028,78.8411214953271,1.5700934579439254,0.8411214953271028,61.1534795042898,84.46850954687946,17.640353377030493,3.0603060306030603,87.7025738798856,6.495193556767992,95.93639575971731,43.35863377609108,8.784076157507572,91.21592384249243,84.7248576850095,9.962049335863378
2019,"Census Tract 209, Chester County, South Carolina",45023020900,17.86046511627907,24.372093023255815,0.0,25.441860465116278,65.3953488372093,0.0,9.162790697674419,77.59103641456583,79.22235722964763,10.024301336573512,13.8328530259366,92.99719887955182,11.875,94.32534678436318,38.288288288288285,14.533205004812318,85.46679499518768,89.3018018018018,5.968468468468469
2019,"Census Tract 210, Chester County, South Carolina",45023021000,26.640926640926644,16.216216216216218,0.0,40.36894036894037,53.06735306735306,0.9867009867009866,5.577005577005576,71.67798254122212,83.01647655259823,13.054499366286437,0.0,86.6149369544132,9.181286549707602,97.61686526122824,40.5997693194925,17.349857006673023,82.65014299332698,76.23990772779699,6.228373702422145
2019,"Census Tract 101, Lancaster County, South Carolina",45057010100,21.016784237411823,19.922160058379955,4.962296278277791,5.594745803940647,87.2050595962053,0.6081245439065921,1.6297737776696668,76.72264041690792,83.68745716244003,15.421521590130228,15.939849624060152,87.72437753329473,6.405913150600555,93.13464608834487,54.94579945799458,7.460815047021943,92.53918495297806,80.35230352303523,3.387533875338753
2019,"Census Tract 102, Lancaster County, South Carolina",45057010200,19.967593169637293,16.739374298890688,0.2742116415305995,25.55153932444223,71.66895176367942,0.47363828991649015,2.0316589804312604,72.16411906677394,74.46074201898189,10.353753235547886,6.394884092725819,82.82381335478681,9.911173445535297,92.89637495422922,54.32098765432099,10.956394283620375,89.04360571637963,71.15226337448559,8.806584362139917
2019,"Census Tract 103, Lancaster County, South Carolina",45057010300,17.746686303387335,18.906480117820323,0.0,31.2960235640648,60.73269513991163,0.0,7.971281296023563,76.58971243418388,86.64742917103882,15.766002098635887,4.061624649859944,94.97772377480761,10.138764547896152,93.5929203539823,58.98848272408613,17.20563847429519,82.7943615257048,79.56935403104657,8.512769153730595
2019,"Census Tract 104, Lancaster County, South Carolina",45057010400,14.803625377643503,21.32067328441951,0.21579628830384118,27.233491583944758,71.47173068623219,0.73370738023306,0.3452740612861459,66.21376811594203,86.89931350114416,14.816933638443935,0.0,92.02898550724638,7.90273556231003,94.27168576104746,51.637554585152834,20.829732065687125,79.17026793431288,80.67685589519651,5.567685589519651
2019,"Census Tract 105, Lancaster County, South Carolina",45057010500,24.450603840823597,13.561670956246289,1.603642843001386,30.66719461492774,60.46327459908929,0.27717283706196794,6.98871510591962,60.09090909090909,82.1037037037037,6.755555555555555,0.0,89.77272727272727,5.319706498951781,92.33013755731555,44.742376445846475,8.995215311004785,91.00478468899522,57.413249211356465,4.416403785488959
2019,"Census Tract 106, Lancaster County, South Carolina",45057010600,23.201555411535967,13.38302009073234,0.0,35.83927414128322,45.62540505508749,17.46597537265068,1.069345430978613,53.81150381150381,83.04107614700936,12.563055488830171,8.595988538681947,90.33264033264034,9.873417721518987,90.11771995043371,66.16328456819255,12.582508250825084,87.41749174917491,78.2444549315715,4.200094384143464
2019,"Census Tract 107, Lancaster County, South Carolina",45057010700,26.733694251095642,13.817994328435162,0.0,87.54833720030936,7.733952049497293,4.176334106728538,0.5413766434648105,47.16312056737589,67.09401709401709,4.273504273504273,2.0319303338171264,83.06737588652481,6.615059817030261,82.22523744911805,30.104712041884817,12.835139760410724,87.16486023958927,29.05759162303665,22.774869109947645
2019,"Census Tract 108, Lancaster County, South Carolina",45057010800,23.542435424354245,17.52767527675277,0.5904059040590406,43.61623616236162,49.18819188191882,5.977859778597786,0.6273062730627307,61.40167364016737,69.52583910495471,10.708577517314865,4.739336492890995,72.07112970711297,4.343629343629344,79.41176470588235,52.92134831460674,19.67509025270758,80.32490974729242,40.0,14.157303370786517
2019,"Census Tract 109, Lancaster County, South Carolina",45057010900,22.30644288034651,25.690308608554414,2.301028695181375,15.45749864645371,71.49431510557662,9.989171629669736,0.7579859231185706,40.67135050741608,82.78346605991658,31.058020477815703,2.7607361963190185,93.36455893832944,6.898954703832752,88.83984867591424,67.7977378576181,7.336621454993835,92.66337854500617,70.791749833666,7.318695941450433
2019,"Census Tract 110.01, Lancaster County, South Carolina",45057011001,18.835098335854767,16.30105900151286,0.0,25.85098335854766,73.50605143721634,0.35930408472012104,0.283661119515885,55.08924264351182,79.34950955085183,11.74496644295302,7.7764277035236935,87.21659430776653,10.531220876048462,88.95631067961165,52.024403771491954,18.67388362652233,81.32611637347767,79.03494176372712,6.932889628397115
2019,"Census Tract 110.02, Lancaster County, South Carolina",45057011002,21.646662455253736,18.88818698673405,0.0,13.350178985049485,78.98504948410192,4.864181933038535,2.800589597810065,61.38563423331635,77.98921661909293,13.986679352997145,0.4778972520908005,84.41161487519103,6.073636119322763,91.94270367054611,54.02843601895735,13.168724279835391,86.83127572016461,78.85071090047393,8.175355450236967
2019,"Census Tract 111, Lancaster County, South Carolina",45057011100,16.875731727713664,17.160060210737583,0.0,26.86067904331828,66.13146011038636,6.7569827730389695,0.2508780732563974,60.77006901561932,81.32808884775567,17.353077279037482,17.76798825256975,92.69887395568472,6.782749544442194,91.41065830721004,67.48494673459935,3.443649373881932,96.55635062611807,76.88744789254285,1.8990273274664196
2019,"Census Tract 112.01, Lancaster County, South Carolina",45057011201,29.207430340557277,11.603715170278637,1.962848297213622,7.145510835913313,80.87925696594426,8.557275541795665,1.455108359133127,66.27739141844903,94.11818264590731,48.42939087680961,10.809948979591837,93.83283033722608,6.158023826208829,97.57343550446998,87.83115506888025,7.088939940925501,92.9110600590745,90.32144118685976,1.7838219710349699
2019,"Census Tract 112.02, Lancaster County, South Carolina",45057011202,18.013117901135818,37.55132512131392,2.570255425798539,4.8258945235429,83.55996373913507,5.689756305657761,3.3541300058657284,79.17441428040163,96.7687305243192,47.24292101341281,17.323481116584567,90.23800669393826,11.934959349593496,97.51006411212167,86.23818042422694,2.7221876942200125,97.27781230577999,97.52108356759518,0.0
2019,"Census Tract 601.02, York County, South Carolina",45091060102,13.84108385206884,13.438300988648846,0.8787989747345295,19.48004393994874,74.4415964848041,5.199560600512633,0.0,51.9774011299435,91.67636786961583,40.74505238649593,9.191176470588236,78.10734463276836,5.363984674329502,91.14935464044254,84.90245971162001,11.619190404797601,88.38080959520241,36.21713316369805,3.5623409669211195
2019,"Census Tract 602, York County, South Carolina",45091060200,25.857582209604924,13.697657913413769,1.7743080198722498,36.314170806718714,52.59048970901349,4.352969008753252,4.9680624556423,46.76089517078916,79.0581519800214,14.020692115590439,1.4134275618374559,77.79740871613663,5.360561582641991,86.43486777668952,52.28113440197287,8.568207440811724,91.43179255918827,47.287299630086316,8.076448828606658
2019,"Census Tract 603, York County, South Carolina",45091060300,26.191082802547772,9.528662420382165,0.0,67.18471337579618,26.85350318471337,4.8152866242038215,1.1464968152866242,47.40190880169671,81.71832091016084,8.23852491173009,0.0,74.97348886532343,6.38591646530894,89.65992647058823,51.434034416826,9.56772334293948,90.43227665706051,46.65391969407266,12.938177182919055
2019,"Census Tract 604.01, York County, South Carolina",45091060401,27.75221238938053,12.460176991150442,0.0,89.73451327433628,4.566371681415929,5.699115044247788,0.0,61.23693379790941,65.35654126895002,3.200449185850646,0.0,70.99303135888502,6.075453209211171,93.43354430379746,37.6599634369287,3.100088573959256,96.89991142604075,41.49908592321755,20.383912248628885
2019,"Census Tract 604.02, York County, South Carolina",45091060402,25.940681717574147,10.447100486941125,1.5493581230633025,69.23417441345728,24.833997343957503,1.593625498007968,2.788844621513944,54.909983633387895,91.27343244990304,35.423400129282484,0.0,83.30605564648118,8.6670651524208,93.2483120780195,70.62423500611995,2.738095238095238,97.26190476190476,76.49938800489596,4.8959608323133414
2019,"Census Tract 605.01, York County, South Carolina",45091060501,14.632608010091456,13.528855250709556,1.9867549668874174,57.52128666035951,36.10848312835068,3.5635446231472723,0.8199306212551246,53.232577665827044,77.98114254021075,15.36328341652801,1.8229166666666667,83.54324097397145,2.851851851851852,88.4068278805121,48.58557284299859,14.146933819064966,85.85306618093503,28.28854314002829,21.216407355021218
2019,"Census Tract 605.02, York County, South Carolina",45091060502,21.922917530045584,18.60754247824285,0.0,87.48445917944467,11.935350186489847,0.5801906340654787,0.0,50.67178502879079,81.06312292358804,7.585825027685493,0.0,81.19001919385796,5.3078556263269645,87.15824357912179,28.41796875,5.360443622920517,94.63955637707949,61.62109375,13.8671875
2019,"Census Tract 606, York County, South Carolina",45091060600,0.3837719298245614,0.21929824561403508,0.712719298245614,28.234649122807014,65.625,3.7280701754385963,1.699561403508772,21.8944099378882,90.625,59.375,,47.04968944099379,0.0550357732526142,83.6405529953917,,,,,
2019,"Census Tract 607, York County, South Carolina",45091060700,25.358361774744026,23.1740614334471,0.2389078498293515,19.60750853242321,76.87713310580205,2.7303754266211606,0.5460750853242321,45.073133179368746,95.72953736654804,44.81443823080834,20.88607594936709,91.8013856812933,11.266636071592472,96.41979641979643,74.79892761394102,4.644226672347678,95.35577332765233,76.89901697944593,2.9043789097408403
2019,"Census Tract 608.02, York County, South Carolina",45091060802,24.340333871836293,15.508885298869144,1.615508885298869,20.786214324178783,66.02046311254712,10.231556273559503,1.3462574044157243,44.946492271105825,81.86856690419636,31.59144893111639,6.506849315068493,94.76813317479191,8.754448398576512,93.75,71.21621621621622,6.565656565656567,93.43434343434343,83.78378378378379,1.891891891891892
2019,"Census Tract 608.03, York County, South Carolina",45091060803,20.902828136330676,19.253081943437273,2.6468455402465554,15.971718636693256,54.62291515591008,18.491660623640318,8.266860043509789,54.530409598676044,90.56808915466159,25.767871704267463,15.363128491620111,94.24906909391808,6.699119146963375,87.6140350877193,58.942178395338416,2.873313016978668,97.12668698302134,50.874047512326314,10.443747198565665
2019,"Census Tract 608.04, York County, South Carolina",45091060804,20.1978920197892,13.400731340073136,0.602280060228006,24.19875241987524,60.35706603570661,11.357281135728114,3.484620348462035,49.668615984405456,89.83481575603558,23.030495552731896,6.045751633986928,90.99415204678363,12.695417789757412,94.83985765124555,72.21942627075994,7.365967365967366,92.63403263403264,49.823855057876195,1.509813789632612
2019,"Census Tract 609.01, York County, South Carolina",45091060901,21.37518684603886,9.024663677130045,2.784005979073244,34.02466367713004,52.260837070254105,10.089686098654708,0.8408071748878924,52.7013251783894,88.78169790518193,32.331863285556786,4.768041237113402,82.09310227658851,6.154942965779467,97.82816991376558,65.75769380599922,6.55260283946123,93.44739716053877,21.425788858589794,10.362290611608882
2019,"Census Tract 609.04, York County, South Carolina",45091060904,21.825678942129958,15.697426418313665,1.2085880847433528,18.51272572159818,75.70027015498366,2.8295179866344373,1.7488980520403812,63.68131868131868,93.4862012987013,29.383116883116884,1.6913319238900635,92.60989010989012,9.403419425245543,96.8274111675127,78.40776699029126,2.6096822995461424,97.39031770045385,98.2135922330097,1.2427184466019419
2019,"Census Tract 609.05, York County, South Carolina",45091060905,23.753976670201485,15.832449628844113,1.7921527041357368,29.872746553552492,61.686108165429474,5.76882290562036,0.88016967126193,53.26612056290695,92.0642418516769,38.73405762871989,6.096059113300493,80.63432052089897,9.443671766342142,95.8790679761217,78.37837837837837,5.33625730994152,94.66374269005848,56.52509652509653,2.7799227799227797
2019,"Census Tract 609.06, York County, South Carolina",45091060906,24.52405322415558,17.840327533265096,1.5353121801432956,15.598771750255885,73.65404298874104,7.860798362333675,1.3510747185261003,67.38925541941565,93.78138847858199,42.59970457902511,4.433760683760684,91.44674835061262,11.74629100313053,89.94698605929707,82.66204321152307,2.9510742945896973,97.04892570541031,90.26407041877835,0.8802347292611362
2019,"Census Tract 609.07, York County, South Carolina",45091060907,22.725397152878067,12.296265731380235,3.043119455333196,20.05364142768723,66.41221374045801,6.828966370951103,3.6620590055704563,56.30153121319199,94.17989417989418,42.421413009648305,7.093096896770108,82.60698861405575,11.05326391670004,98.23040808956301,79.19957872564508,6.660113049889407,93.3398869501106,59.37335439705108,2.632964718272775
2019,"Census Tract 610.03, York County, South Carolina",45091061003,29.36690114772307,13.861532765642353,5.1536467974824145,5.923731951129212,82.65087004813032,4.553868937430582,1.7178822658274713,75.06617257808365,98.3009987372288,57.63976581333946,6.7895545314900145,91.54755602611611,8.68788738312848,94.6133796698523,85.5072463768116,3.3691901765780394,96.63080982342196,86.5574459147238,1.8273471959672338
2019,"Census Tract 610.04, York County, South Carolina",45091061004,31.9633152173913,8.095561594202898,2.2305253623188404,9.307065217391305,84.69202898550725,2.717391304347826,1.0529891304347827,58.50340136054422,95.16821760916248,55.08231925554761,2.829313543599258,92.01988487702774,8.820103178565484,95.91534391534393,83.05358295674628,5.259938837920489,94.74006116207951,79.53518398967076,1.5816655907036798
2019,"Census Tract 610.05, York County, South Carolina",45091061005,25.906980404501457,10.624065475722043,5.319902415991186,10.608326119461713,72.74730463524041,9.821358306445266,1.503108522861415,67.88420733555623,95.02711434175609,49.76347063574478,6.409660938225732,85.64716580782054,6.808284652150823,98.47203274215552,81.11831442463533,4.930662557781202,95.0693374422188,63.472447325769856,4.254457050243112
2019,"Census Tract 610.06, York County, South Carolina",45091061006,27.59400621996042,10.60220525869381,9.414758269720101,8.36867401752898,78.39977381962115,3.816793893129771,0.0,64.83889202939514,98.31824062095731,63.26002587322122,6.012269938650307,92.93386093838328,8.707536118703631,98.0246913580247,91.2332838038633,0.0,100.0,91.38187221396731,0.6686478454680534
2019,"Census Tract 610.07, York County, South Carolina",45091061007,22.718187874750168,12.338441039307128,5.303131245836109,12.924716855429713,65.6495669553631,12.298467688207863,3.8241172551632245,54.16129863437258,89.16683080559386,33.56312783139649,5.984690327070286,88.84308167997939,6.5871369294605815,96.03574702108158,77.2608125819135,4.265997490589712,95.73400250941029,71.52686762778507,3.6369593709043255
2019,"Census Tract 610.08, York County, South Carolina",45091061008,34.30134132048444,9.766896731345227,4.831358249772106,7.540044276598515,74.0721448105222,6.224768850110691,7.331683812996484,57.915770058407624,96.14811662055757,55.90551181102362,7.1879553181155895,94.31294189978482,9.474727452923688,98.69600651996741,91.81286549707602,1.0798303123794832,98.92016968762051,85.10721247563353,0.6627680311890838
2019,"Census Tract 611.01, York County, South Carolina",45091061101,24.155331285651602,16.213251426064062,1.0092145677928916,23.25581395348837,70.53532250987276,4.190434401053094,1.0092145677928916,44.054950260540025,92.35709698137444,21.901091843288377,6.867845993756504,87.35196589294173,8.649117732137691,95.53264604810997,72.21206581352834,6.228571428571429,93.77142857142857,75.50274223034735,3.656307129798903
2019,"Census Tract 611.03, York County, South Carolina",45091061103,31.512017887087758,8.580212409167133,0.9502515371716043,7.67188373392957,82.15483510340972,4.164337618781442,5.058692006707658,64.30032135553608,95.19466073414905,50.74527252502781,3.7393767705382435,91.08968740870581,5.67231177310753,97.28104575163398,82.35779060181369,4.072756030051404,95.92724396994859,82.7287716405606,1.6075845012366035
2019,"Census Tract 611.04, York County, South Carolina",45091061104,26.756352765321374,12.387892376681615,2.8026905829596416,6.128550074738415,84.24887892376681,4.241405082212257,2.57847533632287,73.01790281329923,95.0974930362117,50.61281337047354,4.84903934126258,88.57630008525149,6.417795960112503,97.64619345347553,85.21549372613202,4.131799163179916,95.86820083682008,96.67212220403711,0.9274413529732678
2019,"Census Tract 612.01, York County, South Carolina",45091061201,21.2102763910873,13.916960915621576,1.120175331791063,20.6745403628394,69.96225496164618,5.880920491903081,2.362108851820285,54.27526291723822,89.63105438013639,30.3374715859416,6.102877070619006,83.26474622770918,11.145947640696034,95.6725644851844,75.40702656383891,8.685446009389672,91.31455399061032,59.06883747500714,0.7997714938588976
2019,"Census Tract 612.02, York County, South Carolina",45091061202,25.025473812920318,14.937843896474423,0.48909720807010393,7.601385775422866,61.361320562461785,2.771550845730589,27.776645608314652,61.574728901461576,89.28571428571429,19.889162561576352,8.333333333333332,90.05186232909004,11.470508290296276,91.12016293279022,71.89801699716713,4.336043360433604,95.6639566395664,78.98016997167139,4.985835694050992
2019,"Census Tract 612.03, York County, South Carolina",45091061203,21.773829242583947,13.853335341063092,0.7227827134467701,14.817045625658787,80.59027254931486,1.2196958289414246,2.6502032826381567,70.38077403245943,86.46205591759512,17.300819844439776,2.6744186046511627,86.29837702871411,8.065447545717037,91.91724137931034,68.89840404826782,7.122198120028922,92.87780187997107,84.46866485013625,7.901907356948229
2019,"Census Tract 613.01, York County, South Carolina",45091061301,27.80038552152495,12.807881773399016,0.8567144998929107,52.10965945598629,37.159991432855,4.219318911972585,5.65431569929321,63.358024691358025,90.33942558746736,23.66187989556136,0.0,88.49382716049384,4.716701275585879,91.64229001253656,64.8741418764302,7.6109936575052854,92.38900634249472,73.51258581235697,7.036613272311213
2019,"Census Tract 613.02, York County, South Carolina",45091061302,19.70949720670391,14.212290502793296,0.0,25.877094972067038,70.30167597765363,2.659217877094972,1.1620111731843576,76.22439893143365,89.81907390371052,17.847286108555657,1.2875536480686696,87.35529830810329,9.351516838296687,94.41973311767084,60.930493273542595,9.533468559837727,90.46653144016227,75.89686098654708,5.997757847533633
2019,"Census Tract 614.01, York County, South Carolina",45091061401,23.015692517625656,15.123948146463498,1.3190811917216283,15.760745963156698,80.94155105753923,1.6147373209006142,0.3638844666818285,80.84991931145777,83.89453621346887,14.73951715374841,2.1770682148040637,85.90640129101668,8.567208271787297,91.87469407733725,38.79641485275288,7.299703264094956,92.70029673590504,78.04097311139564,4.225352112676056
2019,"Census Tract 614.03, York County, South Carolina",45091061403,22.60981912144703,14.119601328903656,1.1812476928755997,15.909929863418235,79.53119232189,1.2550756736803248,2.1225544481358436,71.88061848256024,87.7837286406529,27.13593471053303,15.61822125813449,89.89572096368212,8.03720486525161,96.81862905870777,73.34602570204665,6.455921638468388,93.54407836153162,78.15326035221322,0.7615421227986673
2019,"Census Tract 614.04, York County, South Carolina",45091061404,21.981339187705817,23.71020856201976,3.704720087815587,24.1218441273326,69.0450054884742,2.634467618002195,0.49396267837541163,51.633986928104584,96.32018209408194,42.03338391502276,8.76944837340877,93.00653594771242,10.763278227224763,96.87315634218288,81.60762942779292,3.038309114927345,96.96169088507266,71.7983651226158,6.607629427792916
2019,"Census Tract 615.01, York County, South Carolina",45091061501,23.172242874845107,15.477075588599753,1.0408921933085502,10.272614622057,84.2998760842627,3.482032218091698,0.9045848822800495,67.34900176901694,85.5213398163155,18.494507473437782,9.097035040431267,89.61334344200151,10.379951495553758,95.60540169375143,65.90130226182318,5.413290113452188,94.58670988654781,83.68745716244003,1.233721727210418
2019,"Census Tract 615.02, York County, South Carolina",45091061502,21.32684547828151,13.648231663897462,0.0,6.741039639211962,87.58604319962022,4.664134820792784,1.0087823403750296,59.43166441136671,87.30132721612321,18.138620350647223,5.185704274702172,88.71447902571042,9.669633428873132,95.11910322279309,72.25325884543761,3.734687780101584,96.26531221989842,86.6852886405959,1.2104283054003724
2019,"Census Tract 616.01, York County, South Carolina",45091061601,29.422776911076443,10.702028081123245,0.0,49.516380655226214,46.67706708268331,1.1232449297971918,2.683307332293292,54.8922056384743,87.8619153674833,16.870824053452115,8.42911877394636,80.51409618573798,7.029177718832891,82.58354755784062,37.81009409751925,10.831426392067124,89.16857360793287,57.228400342172804,6.159110350727117
2019,"Census Tract 616.02, York County, South Carolina",45091061602,20.00683994528044,19.716142270861834,0.0,32.19904240766074,59.79822161422709,6.959644322845417,1.043091655266758,55.72010366530914,90.3125,19.134615384615383,2.5504782146652496,82.30285079600148,10.87893149504524,95.24786324786325,45.95034595034595,3.3818324813212746,96.61816751867872,61.21286121286121,11.965811965811966
2019,"Census Tract 617.01, York County, South Carolina",45091061701,19.681349578256796,18.15838800374883,0.5623242736644799,2.530459231490159,88.37863167760075,3.069353327085286,5.4592314901593255,79.83991995998,87.5,18.653350515463917,0.0,87.59379689844923,13.943990665110853,94.71507352941177,41.859088217880405,12.214137214137216,87.78586278586279,83.59976317347542,2.3090586145648313
2019,"Census Tract 617.05, York County, South Carolina",45091061705,25.607931163486718,13.411896745230079,3.179947624392069,5.293677515899739,88.327721661055,2.0389075944631503,1.1597456041900485,65.814047909054,89.87721691678036,17.27148703956344,7.347328244274809,89.36256597645148,8.89616935483871,95.76680282213145,72.1311475409836,6.423777564717162,93.57622243528284,84.98975409836066,2.3565573770491803
2019,"Census Tract 617.06, York County, South Carolina",45091061706,21.5,16.017857142857142,2.3035714285714284,7.982142857142857,86.92857142857143,1.8571428571428572,0.9285714285714286,77.93330588719638,91.3301956898687,24.448848154570225,3.8947368421052633,90.77809798270894,10.737033666969973,94.46640316205533,73.8939991239597,6.319244973327861,93.68075502667213,83.66184844502847,0.0
2019,"Census Tract 617.07, York County, South Carolina",45091061707,22.228533560541514,18.631070718545867,1.6756603237716556,8.794849947931459,78.78443623970462,9.618479598598883,1.126573889993373,78.71434653043849,96.857256041199,44.6190413310445,8.13347236704901,91.27288207747978,9.068776628119293,97.52637322662785,78.56440511307768,5.505226480836237,94.49477351916377,79.3756145526057,1.7944936086529009
2019,"Census Tract 617.08, York County, South Carolina",45091061708,31.962774957698812,11.55668358714044,0.6937394247038917,10.38917089678511,80.03384094754654,6.7851099830795265,2.0981387478849407,74.10788381742739,96.8132736370819,56.14959178298656,14.121037463976945,89.87551867219918,14.24968474148802,95.0319375443577,85.38791051880057,2.096924510717614,97.90307548928239,83.1984769157544,1.9038553069966682
2019,"Census Tract 618.01, York County, South Carolina",45091061801,29.02667128507101,11.846207135434707,0.7620367163145133,26.671285071007965,58.157256667821265,9.733287149289922,4.676134395566332,68.6086956521739,75.13691128148959,18.45564074479737,3.010752688172043,82.08695652173913,4.831625183016105,91.83381088825216,63.72646184340932,10.86572438162544,89.13427561837456,67.59167492566898,7.234886025768088
2019,"Census Tract 618.02, York County, South Carolina",45091061802,24.048021009191523,13.393359594822735,5.289814293753517,5.439879947477022,77.71525042205965,5.421121740761583,6.1339335959482275,60.04385964912281,87.3594735398958,23.114888949821772,4.200913242009133,91.44736842105263,6.297851321313905,94.08050513022889,66.41630901287554,7.677067855373948,92.32293214462605,72.96137339055794,3.9163090128755367
2019,"Census Tract 619, York County, South Carolina",45091061900,21.548965222957115,18.903349690633668,0.2133560913164071,11.009174311926607,84.97973117132494,1.4081502026882866,2.3895882227437593,82.82548476454294,84.07529130564684,12.697938452345383,8.616504854368932,88.78116343490305,13.679630133260812,92.49384741591469,23.66412213740458,10.927634774162215,89.07236522583779,82.60632497273718,2.5627044711014175
