Year,NAME,GEOID,PercentUnder18,PercentOver65,PercentAsian,PercentBlack,PercentWhite,PercentHispanic,PercentOther,PercentDroveMoreThan20Minutes,PercentHighSchoolDiploma,PercentAdultsWithAtLeastBachelors,PercentPrivateSchool,PercentDroveAlone,PercentVeteran,PercentEmployed,PercentInternetAccess,PercentVacant,PercentOccupied,PercentOwnerOccupied,PercentNoVehicle
2023,Census Tract 9201; Anson County; North Carolina,37007920100,20.199931058255775,17.580144777662877,0.0,52.22337125129266,36.952774905205096,5.377456049638056,5.446397793864185,60.403863037752416,85.7356608478803,10.523690773067331,0.0,88.93766461808605,14.038876889848812,90.79710144927536,75.63694267515923,13.736263736263737,86.26373626373626,66.0828025477707,4.856687898089172
2023,Census Tract 9202; Anson County; North Carolina,37007920200,18.726355611601512,30.327868852459016,0.0,34.9936948297604,61.22320302648171,2.900378310214376,0.8827238335435058,48.13753581661891,79.11338448422848,12.27621483375959,5.729166666666666,83.95415472779369,4.189294026377036,97.23684210526315,72.58805513016846,17.55050505050505,82.44949494949495,80.09188361408881,5.819295558958652
2023,Census Tract 9203.01; Anson County; North Carolina,37007920301,19.602742965240008,21.872783163868526,0.023646252069047056,29.108536296996927,60.676282809174744,6.881059352092693,3.3104752896665883,69.89576946658492,76.97594501718214,9.559512652296158,19.193857965451055,82.40343347639485,6.382352941176471,97.38704409363092,67.15492957746478,12.776412776412776,87.22358722358723,66.87323943661971,3.7183098591549295
2023,Census Tract 9203.02; Anson County; North Carolina,37007920302,8.669656203288492,13.004484304932735,0.0,29.446935724962632,63.07922272047832,2.092675635276532,5.381165919282512,83.09859154929578,98.0392156862745,8.02139037433155,14.705882352941178,100.0,3.5175879396984926,96.62027833001989,87.77292576419214,6.147540983606557,93.85245901639344,72.92576419213974,1.3100436681222707
2023,Census Tract 9204; Anson County; North Carolina,37007920400,21.240942028985508,22.59963768115942,0.0,68.07065217391305,28.306159420289855,1.177536231884058,2.4456521739130435,45.43429844097995,88.9763779527559,11.023622047244094,0.0,59.910913140311806,6.6705002875215635,86.75555555555555,50.40650406504065,26.070623591284747,73.92937640871526,55.99593495934959,14.227642276422763
2023,Census Tract 9205.01; Anson County; North Carolina,37007920501,14.697120158887786,17.775571002979145,0.0,46.67328699106256,51.14200595829196,2.1847070506454815,0.0,67.05882352941175,79.97218358831711,21.140472878998608,0.0,61.47058823529412,5.238649592549476,91.70984455958549,60.981308411214954,5.726872246696035,94.27312775330397,53.73831775700935,7.943925233644859
2023,Census Tract 9205.02; Anson County; North Carolina,37007920502,30.562750176595245,18.059806922533554,5.674593830939487,54.979985872380496,35.41323287026136,0.0,3.9321874264186487,61.31934032983508,84.75269616957976,16.36296020825586,12.332990750256938,80.50974512743629,11.698880976602238,90.98159509202453,71.61629434954008,14.924538848518726,85.07546115148128,61.826544021024965,9.395532194480946
2023,Census Tract 9206; Anson County; North Carolina,37007920600,22.052785923753664,23.607038123167158,2.404692082111437,51.52492668621701,34.28152492668622,5.9824046920821115,5.806451612903226,54.56012913640033,79.74736842105263,9.473684210526317,2.185792349726776,76.19047619047619,7.0729872084273895,93.01694915254237,63.12201772324472,19.8798470780994,80.1201529219006,69.93865030674846,15.678254942058622
2023,Census Tract 9800; Anson County; North Carolina,37007980000,0.0,6.622114216281895,0.9113001215066828,40.036452004860266,54.0097205346294,2.4301336573511545,2.612393681652491,,81.52317880794702,1.5894039735099337,,,4.25273390036452,,,,,,
2023,Census Tract 405.01; Cabarrus County; North Carolina,37025040501,29.94945693085278,8.355737176040435,1.0968921389396709,38.92891708785891,35.5199483815464,15.399505323153026,9.05473706850199,57.497700091996315,93.53883664228492,28.509230233368164,21.497584541062803,76.93192272309108,4.0310077519379846,91.77637855371113,74.81361426256078,7.245941070354781,92.75405892964523,55.07293354943273,6.482982171799027
2023,Census Tract 405.02; Cabarrus County; North Carolina,37025040502,22.446575803466263,13.797745246508498,0.0,10.011778563015312,80.01009591115599,6.865219586067643,3.1129059397610637,62.75051831375259,92.45960502692998,27.57117209540908,9.922178988326849,88.90808569454043,2.9941418962898676,92.91819291819291,82.53738543174144,13.29987452948557,86.70012547051444,74.9155812831645,0.0
2023,Census Tract 406; Cabarrus County; North Carolina,37025040600,12.223598089509995,22.412878117813552,0.3184150008844861,4.811604457810013,87.67026357686184,3.184150008844861,4.015566955598797,53.25484764542936,93.87193022722057,29.010787238925868,20.675105485232066,90.85872576177285,2.0354695687222897,99.40345368916797,66.17197730248799,16.47830842143638,83.52169157856362,87.42907027498909,1.2658227848101267
2023,Census Tract 407.01; Cabarrus County; North Carolina,37025040701,27.78956300381841,13.661434026304626,0.2545608824777259,21.807382265591855,48.705982180738225,26.813746287653796,2.4183283835383964,59.535452322738394,86.01997146932952,11.840228245363766,0.0,88.50855745721272,7.696827262044653,92.5357873210634,67.66917293233082,14.101184068891282,85.89881593110871,56.26566416040101,2.756892230576441
2023,Census Tract 407.03; Cabarrus County; North Carolina,37025040703,28.270324523251922,19.739043158246904,5.352960856473737,36.36667781866845,43.760455001672796,4.65038474406156,9.869521579123452,49.853658536585364,87.63144717075613,16.174261392088134,10.77170418006431,69.07317073170731,5.597014925373134,86.37071651090342,64.66789667896678,7.429547395388557,92.57045260461145,42.61992619926199,13.92988929889299
2023,Census Tract 407.04; Cabarrus County; North Carolina,37025040704,22.107081174438687,17.66592647421663,0.2467308166790032,26.449543547989148,52.70170244263509,18.282753515914138,2.31926967678263,62.01743462017435,88.21052631578948,13.368421052631579,8.280254777070063,85.86550435865504,5.84683825865904,96.31607047517352,68.50865512649801,13.777267508610791,86.22273249138921,37.08388814913449,6.857523302263649
2023,Census Tract 407.05; Cabarrus County; North Carolina,37025040705,17.053933063312726,13.451289703687912,2.5154551268386274,42.57088040929439,37.433383073971434,17.458963973566405,0.021317416329140908,68.68371802869619,85.72649572649573,17.635327635327634,10.90146750524109,85.21522145976294,25.057825751734775,94.80646741793238,76.93360711841206,0.0,100.0,74.74332648870636,4.243668720054758
2023,Census Tract 408; Cabarrus County; North Carolina,37025040800,22.732039853172523,16.09858416360776,0.0,30.388044048243312,53.61824855794441,11.221814368117462,4.771893025694808,53.48387096774193,89.96415770609319,20.7168458781362,5.958132045088567,89.2258064516129,10.315575161180861,95.04172803141874,67.02702702702703,16.91616766467066,83.08383233532935,62.16216216216216,1.1411411411411412
2023,Census Tract 409; Cabarrus County; North Carolina,37025040900,19.289590527873703,29.896398618648252,0.0,20.868278243709916,70.64627528367045,3.3053774050320675,5.180069067587568,46.15384615384615,91.73884077281812,24.050632911392405,20.266666666666666,94.61538461538461,8.251833740831296,96.1789375582479,64.29418742586003,23.710407239819002,76.289592760181,67.02253855278767,6.049822064056939
2023,Census Tract 410.01; Cabarrus County; North Carolina,37025041001,14.189756507136861,16.204869857262803,0.0,15.869017632241814,69.85726280436609,3.316540722082284,10.957178841309824,71.88449848024317,92.55788313120176,14.332965821389196,0.0,98.93617021276596,7.534246575342466,99.2686170212766,71.55963302752293,22.585227272727273,77.41477272727273,58.89908256880734,17.155963302752294
2023,Census Tract 410.02; Cabarrus County; North Carolina,37025041002,25.52586696986924,9.77828311540648,0.0,32.603752131893124,49.68732234223991,12.73450824332007,4.974417282546901,67.33635774465327,79.41544885177453,22.881002087682674,0.0,88.2047958522359,7.442748091603053,92.43746364165212,60.639070442992015,8.444148936170212,91.55585106382979,45.24328249818446,11.69208424110385
2023,Census Tract 411; Cabarrus County; North Carolina,37025041100,25.039551272831872,11.606500791025457,0.1438228102977132,16.424564935998852,67.32345750035957,14.554868402128577,1.5532863512153028,66.81389870435807,86.47192873420344,32.64967888957945,15.117994100294984,94.87632508833921,8.288564850345356,98.56062454257136,87.05357142857143,13.31828442437923,86.68171557562077,87.42559523809523,2.6785714285714284
2023,Census Tract 412.01; Cabarrus County; North Carolina,37025041201,9.655407710678949,22.244967587853974,3.5823950870010237,17.468440805185946,74.27499147048789,3.2412146025247357,1.4329580348004094,55.08595988538681,89.97920997920998,27.941787941787943,10.74766355140187,84.5272206303725,6.306646525679758,90.45226130653266,79.76878612716763,12.07115628970775,87.92884371029224,76.30057803468208,11.34393063583815
2023,Census Tract 412.02; Cabarrus County; North Carolina,37025041202,24.493062966915687,19.41035218783351,2.681430096051227,18.5965848452508,67.43596584845251,4.8959445037353255,6.390074706510139,57.76470588235294,94.64794078572784,42.30404251281078,13.353566009104703,91.55882352941175,3.515901060070671,97.49624436654982,82.01196709050113,16.254306295020356,83.74569370497964,55.16080777860882,1.9820493642483172
2023,Census Tract 413.01; Cabarrus County; North Carolina,37025041301,27.465623518255093,15.303461356092935,7.550972024656236,8.819345661450924,56.401137980085345,12.754860123281176,14.473684210526317,77.84906813321112,96.32046402030089,52.02102591988399,14.069690992767917,95.0809654750993,4.543226017323092,98.0896065499204,85.36392405063292,8.571428571428571,91.42857142857143,89.99208860759494,0.4746835443037975
2023,Census Tract 413.04; Cabarrus County; North Carolina,37025041304,33.420707732634334,5.4569283927082095,16.299297033241988,11.414273799594902,58.78708447515787,8.340283569641366,5.159061122363875,73.03935249790679,96.315356113627,60.12762453684643,7.823613086770982,88.44543678481719,3.525411596277738,99.34758155230597,93.13186813186813,0.9716284492809949,99.028371550719,91.2480376766091,2.708006279434851
2023,Census Tract 413.05; Cabarrus County; North Carolina,37025041305,21.392843401308195,14.73643709118892,15.582916506348596,7.695267410542517,70.950365525202,5.386687187379762,0.38476337052712584,65.24822695035462,100.0,57.4585635359116,22.355289421157686,91.38804457953394,9.30004894762604,95.97173144876325,90.28697571743929,7.361963190184049,92.63803680981594,86.64459161147903,0.0
2023,Census Tract 413.06; Cabarrus County; North Carolina,37025041306,29.473869435157486,5.384480028154144,40.66514165053669,19.39116663733943,34.999120183001935,0.5278901988386416,4.416681330283301,62.18109054527263,95.48351343862565,74.86838459407038,3.8095238095238098,78.28914457228613,7.04084189426209,90.92336683417085,91.55060352831941,14.794303797468356,85.20569620253164,66.80594243268338,4.178272980501393
2023,Census Tract 413.07; Cabarrus County; North Carolina,37025041307,36.42125792296441,4.31496830814237,11.28717698683569,16.833252072159922,51.68210628961483,15.248659190638714,4.948805460750854,74.96794871794872,99.05556775752251,63.82604875905996,4.799666110183639,90.67307692307692,3.4509202453987733,93.21851453175456,81.86860068259386,10.80669710806697,89.19330289193303,87.67064846416382,4.820819112627986
2023,Census Tract 415.03; Cabarrus County; North Carolina,37025041503,28.209565764631844,7.599118942731277,7.221522970421648,29.76714915040906,54.86154814348647,6.057268722466961,2.092511013215859,72.13724679619678,97.71139484461575,50.13249819320645,3.195352214960058,85.4071930549814,5.511638120333773,94.97810218978103,82.429718875502,8.707607699358388,91.29239230064161,91.214859437751,1.2550200803212852
2023,Census Tract 415.04; Cabarrus County; North Carolina,37025041504,20.323655402189434,9.614469300333175,8.591147072822466,10.233222275107092,53.06996668253213,13.921941932413137,14.183722037125179,85.71428571428571,99.13224574800417,44.53314821242624,8.84450784593438,93.21021184139055,5.40621266427718,97.45939192003333,88.8402625820569,4.659248956884562,95.34075104311543,94.74835886214443,1.312910284463895
2023,Census Tract 415.05; Cabarrus County; North Carolina,37025041505,33.85749385749386,9.852579852579852,17.1990171990172,10.38083538083538,56.94103194103194,10.823095823095823,4.656019656019656,63.91184573002755,96.68449197860963,66.22459893048128,2.4581005586592175,86.46694214876032,5.479197622585438,98.9041095890411,88.6616273899511,5.3052631578947365,94.69473684210527,97.59893285904847,0.0
2023,Census Tract 415.06; Cabarrus County; North Carolina,37025041506,25.299401197604794,15.751829673985362,7.252162341982701,23.669328010645376,58.10046573519627,3.0771789753825685,7.900864936793081,76.78997613365155,97.44084983099953,60.695316272332214,18.31238779174147,83.4128878281623,4.987753284346471,95.06754633993089,88.50102669404517,4.975609756097561,95.02439024390243,94.76386036960986,1.2833675564681724
2023,Census Tract 415.07; Cabarrus County; North Carolina,37025041507,26.361607142857142,9.0625,11.383928571428571,0.0,69.84375,10.513392857142858,8.258928571428571,75.36312849162012,94.19657832941965,43.575981214357604,16.684378320935174,84.1340782122905,4.140030441400304,98.74657265961613,86.13861386138613,8.597285067873303,91.4027149321267,92.22065063649222,1.9094766619519095
2023,Census Tract 416.02; Cabarrus County; North Carolina,37025041602,27.903262605521334,19.142140086698607,4.905315993611682,4.722792607802875,76.08943645904631,11.658681268537531,2.623773671001597,67.70334928229666,88.38871025366201,25.401929260450164,22.735849056603776,77.03349282296651,9.452577975811586,83.98142774230992,59.64912280701754,2.995234853641933,97.00476514635807,85.82456140350877,0.631578947368421
2023,Census Tract 416.03; Cabarrus County; North Carolina,37025041603,23.098591549295776,10.910798122065728,6.835680751173709,12.244131455399062,63.83098591549295,13.314553990610328,3.774647887323944,77.51346499102334,98.3401281304601,35.84740827023879,10.105871029836381,88.06104129263915,7.021851215320403,97.63962765957447,80.08634646519158,3.388946819603754,96.61105318039624,76.14678899082568,2.536427415002698
2023,Census Tract 416.04; Cabarrus County; North Carolina,37025041604,22.033529283692577,16.372741127803177,1.4151970389723494,1.7635532331809274,92.51034182451556,3.7448290877422163,0.5660788155889397,82.57539492580182,94.61114513165953,45.37660747091243,41.38785625774473,90.90473910962183,8.712650097738061,97.78613199665831,78.96799477465709,13.843556555993247,86.15644344400675,93.53363814500327,0.0
2023,Census Tract 417.01; Cabarrus County; North Carolina,37025041701,16.722841586725433,22.323049001814883,0.7259528130671506,12.574539797770287,82.9919626652839,3.163080114078299,0.5444646098003629,72.00694042799306,89.80013783597519,24.844934527911786,6.832298136645963,91.15095430884904,7.191780821917808,96.25486381322958,71.22708039492242,16.4407778432528,83.55922215674721,89.77433004231312,2.7503526093088855
2023,Census Tract 417.02; Cabarrus County; North Carolina,37025041702,16.21535520866518,14.941064033131571,4.746734628862695,1.36986301369863,90.41095890410958,1.6247212488053522,1.8477222045237336,70.37263286499694,91.3714804722979,20.935513169845596,5.3984575835475574,91.87538179596824,4.334600760456274,98.4045584045584,69.64636542239685,25.25697503671072,74.74302496328929,81.13948919449902,3.045186640471513
2023,Census Tract 419.01; Cabarrus County; North Carolina,37025041901,32.78134504900304,10.71307874281852,0.03379520108144643,29.03007772896249,27.30652247380872,31.801284217641097,11.828320378506252,63.933121019108285,72.96255506607929,8.920704845814978,1.86799501867995,82.80254777070064,16.440422322775262,91.88118811881189,47.84688995215311,14.69387755102041,85.3061224489796,70.21531100478468,1.3157894736842104
2023,Census Tract 419.02; Cabarrus County; North Carolina,37025041902,22.86885245901639,13.032786885245901,0.0546448087431694,19.262295081967213,45.24590163934426,30.16393442622951,5.273224043715847,51.933064050778995,85.15337423312883,31.32924335378323,0.0,92.32544720138488,4.273504273504273,90.25143361270402,55.0620509470934,22.520242914979757,77.47975708502024,37.09993468321359,9.666884389288047
2023,Census Tract 420; Cabarrus County; North Carolina,37025042000,28.922011442336647,10.840108401084011,2.8756398675097863,12.993074375188197,58.35591689250226,22.899728997289973,2.8756398675097863,44.39359267734554,86.38018936635106,25.443068705996602,3.638644918444166,82.64683447749809,6.206312221986867,87.97798377752028,62.68518518518519,10.149750415973378,89.85024958402661,65.92592592592592,1.8518518518518516
2023,Census Tract 421.01; Cabarrus County; North Carolina,37025042101,26.817408217845855,9.263311451495259,0.0,42.5237053245806,10.454655968879162,45.34403112083637,1.6776075857038657,62.51372118551043,70.34930950446791,16.36880584890333,9.913793103448276,70.96597145993414,3.6212624584717608,83.89563652721547,50.38167938931297,28.258488499452355,71.74151150054765,51.221374045801525,13.511450381679388
2023,Census Tract 421.02; Cabarrus County; North Carolina,37025042102,25.742834604259794,18.327636076781488,0.0,13.752300815145938,57.92795161714436,25.2169339994741,3.1028135682356033,60.40216550657386,84.21052631578947,28.18713450292398,3.5294117647058822,87.78035576179428,7.400849858356941,95.84086799276673,74.4890768146582,13.475609756097562,86.52439024390245,71.45877378435517,5.708245243128964
2023,Census Tract 422.01; Cabarrus County; North Carolina,37025042201,22.67461105594174,10.526315789473683,0.3972194637537239,21.847070506454816,69.97682886461438,6.852035749751738,0.9268454154253558,69.1638795986622,97.80275932549822,30.556974961676037,12.895927601809957,77.39130434782608,0.7117437722419928,93.10943833236827,81.53846153846153,9.161490683229815,90.83850931677019,60.68376068376068,2.6495726495726495
2023,Census Tract 422.02; Cabarrus County; North Carolina,37025042202,20.821114369501466,11.482066320775997,0.0,12.316715542521994,79.35935032709226,4.5792916760658695,3.7446424543198735,69.50947603121517,88.68578632209265,46.958714150646074,18.67043847241867,89.68784838350055,5.213675213675214,96.28363947031183,91.51436031331592,6.127450980392156,93.87254901960785,89.09921671018277,0.0
2023,Census Tract 423; Cabarrus County; North Carolina,37025042300,18.299576071596796,24.39943476212906,0.0,12.2703721149317,64.86104569006123,18.911917098445596,3.9566650965614696,65.2027027027027,84.2504118616145,26.655683690280064,25.906735751295333,86.31756756756756,11.503911909591423,95.26717557251908,66.18279569892474,23.33058532563891,76.6694146743611,58.333333333333336,8.440860215053764
2023,Census Tract 424.01; Cabarrus County; North Carolina,37025042401,20.74289550234952,19.89259342134706,0.26851644663235624,20.093980756321326,68.40456477959275,7.7198478406802415,3.513090176773327,51.33689839572193,96.00638977635782,31.11821086261981,1.9230769230769231,86.89839572192514,6.143827859569649,95.73459715639811,83.97988505747126,12.176656151419559,87.82334384858044,84.19540229885058,3.0172413793103448
2023,Census Tract 424.02; Cabarrus County; North Carolina,37025042402,36.21713316369805,9.363867684478372,0.3053435114503817,36.62425784563189,24.10517387616624,34.72434266327396,4.2408821034775235,44.764649375600385,85.04137492043284,20.94207511139402,0.0,80.64361191162344,7.3138297872340425,96.78044996121024,54.6602787456446,19.57968476357268,80.42031523642731,23.693379790940767,11.977351916376307
2023,Census Tract 425.01; Cabarrus County; North Carolina,37025042501,25.519352722501644,14.279466433413516,7.675486551497923,10.05904220424229,70.41329542969605,8.746993221080254,3.10518259348349,49.529288702928866,89.91161231331911,48.5827491618409,17.647058823529413,86.08786610878661,5.362962962962963,94.90627546862265,81.51357596764875,10.077922077922077,89.92207792207793,87.17504332755632,0.7510109763142693
2023,Census Tract 425.02; Cabarrus County; North Carolina,37025042502,22.301136363636363,19.42471590909091,0.2130681818181818,19.886363636363637,49.75142045454545,28.40909090909091,1.7400568181818181,46.776729559748425,86.83943089430895,22.002032520325205,0.0,82.23270440251572,6.746213859568609,97.24707501720579,72.95660948536832,21.2241653418124,78.7758346581876,48.03229061553986,8.274470232088799
2023,Census Tract 425.03; Cabarrus County; North Carolina,37025042503,22.47045790251108,17.18980797636632,4.006646971935007,18.9807976366322,67.68833087149187,5.705317577548006,3.61890694239291,54.31072210065645,93.1167826759474,44.03196700180459,7.007007007007007,88.40262582056893,10.121457489878543,99.50512548603747,90.45092838196287,13.795731707317074,86.20426829268293,58.13439434129089,1.900972590627763
2023,Census Tract 425.04; Cabarrus County; North Carolina,37025042504,21.485411140583555,12.533156498673739,3.7135278514588856,20.291777188328915,63.793103448275865,1.989389920424403,10.212201591511937,57.829670329670336,98.32558139534883,48.837209302325576,6.41025641025641,92.9945054945055,8.445945945945946,96.0919540229885,93.22033898305084,1.2552301255230125,98.74476987447699,94.70338983050848,2.330508474576271
2023,Census Tract 426.01; Cabarrus County; North Carolina,37025042601,28.519083969465647,15.786259541984732,4.870229007633588,16.18320610687023,67.0381679389313,7.908396946564886,4.0,60.12733784321528,96.4218009478673,49.12322274881517,17.953929539295395,97.05531237564664,5.040580948312686,94.92044063647491,81.3780260707635,5.1655629139072845,94.83443708609272,77.97951582867783,2.4208566108007448
2023,Census Tract 426.02; Cabarrus County; North Carolina,37025042602,27.667031763417306,7.294633077765608,8.214676889375685,14.698795180722893,33.93209200438116,31.150054764512596,12.004381161007666,62.93398533007335,93.89736477115119,28.398058252427184,0.0,73.30073349633251,6.208358570563295,97.29835552075177,82.31245698554714,19.097995545657014,80.90200445434299,53.4755677907777,1.8582243633860975
2023,Census Tract 426.03; Cabarrus County; North Carolina,37025042603,23.873461499338827,12.67419387651307,4.170481131115858,29.284915064591598,56.59648052080155,5.513172617231207,4.43495066625979,67.31998295696634,95.4367469879518,43.915662650602414,21.483554933519944,91.86195142735407,9.673971138428648,98.1582178565164,80.1679212507238,5.885558583106267,94.11444141689374,64.62072958888245,5.9640995946728435
2023,Census Tract 426.04; Cabarrus County; North Carolina,37025042604,24.49526163988463,17.03749484960857,1.5245158632056035,10.960032962505151,68.66501854140915,9.703337453646476,9.147095179233622,58.26885880077369,86.54600301659126,34.96229260935143,12.817679558011049,89.21663442940039,6.930422919508867,93.55918025930573,83.16046369737646,7.505643340857787,92.49435665914221,81.5131177547285,0.0
2023,Census Tract 101.01; Catawba County; North Carolina,37035010101,20.412267471091,27.51801575330987,3.402044578515167,10.038545332662979,79.92290933467405,2.3462376403552874,4.290263113792526,52.50999555752999,81.40895791132118,19.10871033085753,18.771929824561404,86.80586406041759,7.348915561170773,93.24026451138869,72.65720081135902,12.959039548022599,87.0409604519774,91.8052738336714,0.0
2023,Census Tract 101.02; Catawba County; North Carolina,37035010102,24.16721097322012,19.224907467885913,10.77726975832789,1.9377313302852168,77.42216416285652,5.2471151752667105,4.615719573263663,29.919273461150354,90.26793963658763,33.939020634431785,21.157894736842106,87.99192734611503,6.000574217628482,97.92792792792793,71.66921898928025,4.671532846715328,95.32846715328466,73.6089841755998,7.248596222562533
2023,Census Tract 102.01; Catawba County; North Carolina,37035010201,23.735955056179776,16.593097913322634,11.135634028892456,2.166934189406099,68.92054574638844,10.834670947030498,6.942215088282504,74.27731504164625,86.76683039583935,20.514302224790523,3.081232492997199,95.54140127388536,8.495339547270305,94.04965753424658,75.9685569904548,8.900255754475703,91.09974424552429,84.05390230207749,3.9303761931499155
2023,Census Tract 102.03; Catawba County; North Carolina,37035010203,18.838622552329507,28.02160702228224,10.263335584064821,0.0,81.19513841998649,6.75219446320054,1.7893315327481432,32.60340632603406,79.78219696969697,16.856060606060606,11.29032258064516,85.9691808596918,4.492512479201332,91.70243204577969,64.29085673146149,5.830508474576271,94.16949152542374,73.79409647228222,14.398848092152628
2023,Census Tract 102.04; Catawba County; North Carolina,37035010204,28.73047225713773,11.348536541569402,5.4049200933740345,2.2625246902495957,64.91291075597056,21.35033219608547,6.069312264320345,36.41121495327103,83.46268656716418,14.447761194029852,3.65025466893039,86.95327102803738,4.3335852859662385,93.85474860335195,76.23564653020469,6.006569685593618,93.99343031440638,63.35496754867699,2.9955067398901645
2023,Census Tract 103.01; Catawba County; North Carolina,37035010301,24.679611650485437,16.776699029126213,4.990291262135922,1.4368932038834952,73.76699029126213,15.339805825242719,4.466019417475728,58.8780487804878,86.18287373004354,29.898403483309146,8.281389136242208,91.85365853658537,10.157257025006446,98.42794759825327,76.31710988459609,1.580246913580247,98.41975308641975,89.06171600602107,2.1575514300050176
2023,Census Tract 103.02; Catawba County; North Carolina,37035010302,17.77513182514033,17.315870045926175,2.0751828542269095,3.793162102398367,84.62323524408913,2.5344446334410615,6.973975165844531,42.68445185493956,96.64967225054625,56.712794367564946,27.261761158021713,95.95664860358482,9.391808026479106,94.82818465810482,81.82902584493041,8.378870673952642,91.62112932604735,79.44333996023857,8.986083499005964
2023,Census Tract 103.03; Catawba County; North Carolina,37035010303,18.129156833297575,23.578631195022528,4.35528856468569,5.621111349495816,72.96717442608882,11.692769791890152,5.36365586783952,32.00525394045534,85.76576576576576,17.92792792792793,7.391910739191074,89.66725043782837,4.585953878406709,96.09159099881563,77.38998482549317,5.134357005758158,94.86564299424184,76.5300961052099,7.789580171977745
2023,Census Tract 103.04; Catawba County; North Carolina,37035010304,27.53252788104089,14.70724907063197,3.717472118959108,3.6942379182156135,47.67657992565056,44.49349442379182,0.4182156133828996,37.99392097264438,80.1113172541744,21.78107606679035,11.128284389489954,77.20364741641338,9.842898364860533,93.27472527472528,70.13064133016627,8.676789587852495,91.3232104121475,71.43705463182897,6.828978622327791
2023,Census Tract 104.02; Catawba County; North Carolina,37035010402,14.919874746730521,13.243691287529932,0.4236507644133358,11.438570639160066,57.17443359734757,23.577086019524774,7.3862589795542455,29.93688007213706,85.68232662192393,25.535314797059765,1.9316493313521546,73.76014427412083,4.459839792162805,96.14767255216692,67.10114702815433,10.415693601120973,89.58430639887904,40.667361835245046,13.816475495307612
2023,Census Tract 104.03; Catawba County; North Carolina,37035010403,23.748012718600954,16.037360890302065,5.822734499205088,9.022257551669316,71.60174880763115,8.286963434022256,5.266295707472178,43.167848699763596,86.3013698630137,24.976107040458746,14.516129032258066,87.18676122931443,6.489444878811572,96.13211647109952,62.211146352514724,9.176954732510287,90.8230452674897,45.62754870865428,12.143180788400544
2023,Census Tract 104.04; Catawba County; North Carolina,37035010404,31.966618287373006,13.425253991291727,0.8345428156748911,21.6255442670537,67.8156748911466,3.1930333817126266,6.531204644412192,42.10992907801418,90.44329303396661,46.40184225676454,17.61904761904762,97.16312056737588,5.066666666666666,99.2313604919293,78.2258064516129,9.555069292487236,90.44493070751275,41.12903225806452,1.8548387096774193
2023,Census Tract 105.01; Catawba County; North Carolina,37035010501,20.24652504589562,22.475740886441123,0.0,18.35824809861002,74.50826121164438,4.851822711775505,2.2816679779701023,25.562994522215458,95.85755813953489,50.61773255813954,8.275862068965518,76.2629336579428,8.220979940808945,98.67414584395716,84.63630183548607,17.080045095828638,82.91995490417136,68.86471787899389,3.331067301155676
2023,Census Tract 105.02; Catawba County; North Carolina,37035010502,17.487948580610606,20.648098553829676,2.5174076057846815,4.124263524370648,87.84145688269952,3.4547402249598282,2.062131762185324,45.82003828972559,97.17261904761905,59.561011904761905,32.61455525606469,93.49074664964901,7.400194741966894,98.19967266775778,87.7038043478261,5.3984575835475574,94.60154241645245,85.39402173913044,0.0
2023,Census Tract 106; Catawba County; North Carolina,37035010600,22.54561251086012,20.38806834636548,4.648132059079062,18.33188531711555,57.44280335939762,12.250217202432667,7.3269620619750935,49.09924664264658,89.9701873935264,27.086882453151617,4.448563484708063,79.9213887979037,7.242026266416509,90.36660422799036,73.23446327683615,8.141420694129096,91.8585793058709,52.78954802259888,1.1299435028248588
2023,Census Tract 107; Catawba County; North Carolina,37035010700,23.19610447100487,14.298362107127046,7.923860115095175,10.801239486498451,48.56131031429836,23.550243470562197,9.163346613545817,48.3177570093458,82.5136612021858,9.350333940497874,20.155038759689923,82.99065420560747,8.587896253602304,94.73237043330501,61.415752741774675,13.385146804835923,86.61485319516407,51.64506480558325,17.547357926221334
2023,Census Tract 109; Catawba County; North Carolina,37035010900,25.5625,15.78125,12.40625,40.90625,25.84375,15.21875,5.625,28.3001808318264,81.34083450539147,12.28316924519456,0.0,79.83725135623871,4.869857262804366,91.95775792038992,57.16486902927581,19.428926132836747,80.57107386716325,53.77503852080123,12.557781201849
2023,Census Tract 110; Catawba County; North Carolina,37035011000,17.763408139977177,17.725370863446177,0.5325218714340053,23.811335108406237,42.82997337390643,27.00646633701027,5.819703309243058,31.735889243876464,77.69703745108998,8.608160983789826,18.503937007874015,71.77848775292864,5.920444033302498,90.35012809564475,63.85542168674698,9.063745019920319,90.93625498007968,44.14019715224535,4.490690032858708
2023,Census Tract 111.01; Catawba County; North Carolina,37035011101,19.224853891110428,22.36235004613965,0.0,9.166410335281453,79.66779452476162,9.443248231313442,1.7225469086434944,52.05091937765205,89.42045896538312,14.780241151302995,33.603238866396765,85.85572842998586,8.758568164508757,96.0559796437659,67.75738228252195,12.986111111111112,87.01388888888889,64.08619313647247,1.9952114924181963
2023,Census Tract 111.02; Catawba County; North Carolina,37035011102,25.463851567498402,13.678822776711453,9.840051183621242,7.076135636596289,67.37044145873321,12.565579014715292,3.147792706333973,27.522667446621817,89.9024024024024,27.27102102102102,5.916030534351145,84.38139806961101,5.2188841201716745,96.35540733682706,85.20208604954368,15.060908084163898,84.9390919158361,56.29074315514993,4.367666232073011
2023,Census Tract 112; Catawba County; North Carolina,37035011200,16.345467523197716,17.95146324054247,1.4989293361884368,10.385438972162742,73.37615988579586,8.636688079942898,6.102783725910064,40.97744360902256,92.19910846953938,19.687964338781576,0.15479876160990713,92.4812030075188,4.125269978401728,92.06951026856241,81.85465893892109,5.874947545111205,94.12505245488879,76.32634864021401,4.592064199732501
2023,Census Tract 113; Catawba County; North Carolina,37035011300,26.351162139456736,18.412209465135817,5.600672080649678,9.059087090450854,63.17558106972837,20.484458134976197,1.6802016241949034,43.888888888888886,83.23189926547744,15.278069254984262,11.415929203539823,79.18518518518518,3.5931558935361214,92.37314843996218,64.87926136363636,9.830291386487353,90.16970861351264,73.7215909090909,5.1491477272727275
2023,Census Tract 114.01; Catawba County; North Carolina,37035011401,17.31554587530629,16.063163626463382,6.942553770759598,13.177239313912334,66.70296760141574,9.719575279063436,3.4576640348488974,30.765143464399575,75.09853099247582,11.823719097097813,9.937888198757763,93.03931987247609,3.2927230819888047,96.74124513618678,74.83183856502242,11.507936507936508,88.4920634920635,65.41479820627802,7.903587443946189
2023,Census Tract 114.02; Catawba County; North Carolina,37035011402,22.424702606934954,22.804353328271322,1.6704631738800304,1.4173626929891168,89.62288028347254,5.947861300936472,1.3414325487218426,52.15605749486652,83.30945558739255,20.66618911174785,10.091743119266056,84.87337440109513,7.406199021207178,99.21259842519686,69.19614147909968,10.167533217793183,89.83246678220682,64.56591639871382,8.29581993569132
2023,Census Tract 115.01; Catawba County; North Carolina,37035011501,20.339873861247373,19.86685353889278,0.0,2.102312543798178,84.25017519271198,9.688156972669937,3.959355290819902,72.5187265917603,86.38842779226938,20.891629120227652,6.241519674355495,89.51310861423221,5.981966131515285,96.67630057803468,66.23690572119258,6.726794438181134,93.27320556181886,85.69701853344077,9.26672038678485
2023,Census Tract 115.03; Catawba County; North Carolina,37035011503,17.322637252444224,14.840812233642517,0.0,0.9776886437703685,81.62446728503384,12.634745550263224,4.763098520932565,85.00506585612969,91.78712220762155,38.96189224704336,0.0,94.73150962512665,6.579745300181929,100.0,84.9009900990099,16.70103092783505,83.29896907216495,87.06683168316832,0.6806930693069307
2023,Census Tract 115.05; Catawba County; North Carolina,37035011505,13.546056592414207,25.255869957856714,0.391330523780855,3.0102347983142685,94.91270319084889,1.6857314870559903,0.0,70.52341597796143,90.36796536796537,32.21500721500721,17.270194986072422,88.77410468319559,7.103064066852367,92.80692266089778,80.7570977917981,22.07472959685349,77.92527040314651,82.01892744479495,3.3438485804416405
2023,Census Tract 115.06; Catawba County; North Carolina,37035011506,20.874433484404157,23.40709144228206,0.6398293788323114,0.0,81.73820314582778,14.289522793921622,3.332444681418288,73.24561403508771,95.96803487104977,44.16999636759898,10.599078341013826,82.01754385964912,9.804582210242588,99.15254237288136,85.73397656788421,9.425717852684144,90.57428214731586,93.59062715368711,2.5499655410062028
2023,Census Tract 116.01; Catawba County; North Carolina,37035011601,23.46723044397463,14.376321353065538,0.8668076109936576,12.790697674418606,73.82663847780127,6.765327695560254,5.750528541226216,60.62567421790723,90.95662872962166,8.489695478314365,22.68408551068884,90.07551240560949,3.1491712707182318,96.06903163950143,81.33911965282084,13.372717508055853,86.62728249194414,87.72473651580906,3.47179169249845
2023,Census Tract 116.02; Catawba County; North Carolina,37035011602,25.17717269675494,15.087653860499813,0.0,0.14919806042521447,82.37597911227154,15.031704587840359,2.443118239462887,45.93092497022628,86.44291754756871,21.00951374207188,5.809450038729667,94.95831679237793,8.998005982053838,99.0626171728534,57.83633841886269,5.256241787122208,94.7437582128778,79.33425797503467,2.0804438280166435
2023,Census Tract 117.01; Catawba County; North Carolina,37035011701,18.372430973635044,23.520863608054807,11.293336101307867,7.888727423707702,60.76396097155906,8.200124558854059,11.853850944571311,39.61714523512276,88.77897117015263,25.607687959299042,5.0903119868637114,92.0099875156055,6.078331637843337,98.94076108277756,79.46330777656078,7.262569832402235,92.73743016759776,79.1894852135816,3.888280394304491
2023,Census Tract 117.02; Catawba County; North Carolina,37035011702,19.136147609728823,19.275929549902152,3.7461559966452334,5.074084428291865,83.14229801509644,5.661168577019849,2.376292982946603,52.242668200115006,91.57066052227343,19.662058371735792,18.251928020565554,86.17021276595744,7.03543647363872,96.99419045213438,59.79103471520054,5.2984360038301945,94.7015639961698,87.8665318503539,1.2133468149646107
2023,Census Tract 118.01; Catawba County; North Carolina,37035011801,22.792540023106124,19.871265885459646,2.376629806898828,4.076580293777851,91.97887440171645,0.7922099356329428,0.775705561973923,40.43462771642323,87.92626728110598,23.847926267281107,0.09319664492078285,87.28179551122194,5.151774262505344,97.86167724690945,77.29613733905579,5.51500405515004,94.48499594484996,87.93991416309012,1.4592274678111588
2023,Census Tract 118.02; Catawba County; North Carolina,37035011802,27.54409769335143,16.061736770691994,2.1879240162822255,12.940976933514248,80.58005427408412,2.03527815468114,2.2557666214382635,75.13576415826222,82.70828089604832,11.150264283916437,12.962962962962962,94.7633824670287,6.25,94.62329903750415,67.88321167883211,6.802721088435375,93.19727891156462,78.74624302275654,4.76599398883641
2023,Census Tract 9501.01; Cleveland County; North Carolina,37045950101,24.64172715428997,16.005955704448166,0.13028103480364786,4.3364973013214225,87.58607854085241,2.3078354736646194,5.6393076493579,85.86714222024074,87.03857896197613,17.762975298362477,26.20760534429599,91.70753455193936,8.162255750680188,95.94433399602386,38.55748373101952,20.482966796032773,79.51703320396723,79.82646420824295,5.748373101952278
2023,Census Tract 9501.02; Cleveland County; North Carolina,37045950102,18.67601928978518,25.734327049539672,1.052170100832968,3.9017974572555896,90.61814993423937,2.367382726874178,2.0604997807978958,74.61928934010153,85.38417099942231,22.12593876372039,18.45018450184502,85.27918781725889,8.032345013477089,93.77777777777779,56.581740976645435,25.29738302934179,74.70261697065821,84.28874734607218,5.095541401273886
2023,Census Tract 9502; Cleveland County; North Carolina,37045950200,16.563963519842247,21.370470791225042,0.6901651466600937,9.982745871333499,85.33399063347301,0.8873551885629777,3.1057431599704213,69.87179487179486,80.99461514095661,17.421602787456447,9.563409563409564,81.81818181818183,3.781388478581979,87.9214896829391,51.35646687697161,24.235181644359464,75.76481835564054,70.66246056782335,7.634069400630914
2023,Census Tract 9503.01; Cleveland County; North Carolina,37045950301,17.308563661078388,18.713185319438153,0.20389669234254643,19.664703217036703,68.75849569551427,5.845038513819665,5.527865881286815,55.77590480912246,87.97524314765694,24.63896256999705,5.474452554744526,81.70550322260783,6.289480911837407,94.87289961223611,68.21615339918652,18.820754716981135,81.17924528301886,81.75479372457873,4.1836141778036025
2023,Census Tract 9503.02; Cleveland County; North Carolina,37045950302,22.352187149495272,15.286011857074186,0.0,6.921967633392084,84.93831116808204,4.646691235378945,3.493029963146932,59.380898452246136,80.20093114432737,24.822347463856897,7.685185185185185,94.45073612684031,4.49855550969872,95.87730870712402,80.0,14.408602150537634,85.59139784946237,80.30150753768844,2.4623115577889445
2023,Census Tract 9504; Cleveland County; North Carolina,37045950400,23.37503065979887,22.320333578611724,2.8820210939416238,16.678930586215355,74.5523669364729,2.820701496198185,3.06597988717194,57.621589561091334,84.54734651404787,16.857440166493237,7.09433962264151,90.12455516014235,9.717314487632509,95.41237113402062,61.53584777437988,2.258385918299568,97.74161408170043,81.31158681617397,8.868501529051988
2023,Census Tract 9505; Cleveland County; North Carolina,37045950500,19.79553903345725,17.348203221809168,0.0,24.380421313506815,69.9814126394052,2.3543990086741013,3.2837670384138784,64.15094339622641,84.96842105263158,14.063157894736841,0.0,87.89308176100629,5.755117806102742,92.70474879559532,51.253687315634224,16.399506781750926,83.60049321824907,44.24778761061947,15.265486725663715
2023,Census Tract 9506.01; Cleveland County; North Carolina,37045950601,22.520045819014893,11.912943871706757,0.5956471935853379,15.303550973654067,67.46849942726232,12.371134020618557,4.261168384879725,45.208728652751425,80.78688524590164,17.639344262295083,2.9593094944512948,84.15559772296015,6.446776611694154,92.48434237995825,64.92488569562379,9.354647720544701,90.6453522794553,72.56694970607445,3.3964728935336383
2023,Census Tract 9506.03; Cleveland County; North Carolina,37045950603,15.453960077269802,16.99935608499678,7.115260785576304,6.084996780424984,83.70895041854475,0.4507405022537025,2.6400515132002575,66.06832657788073,91.47727272727273,15.381493506493507,17.232375979112273,82.33931673422119,10.396039603960396,100.0,54.143201930812545,2.7386541471048513,97.26134585289515,90.10458567980692,5.953338696701529
2023,Census Tract 9506.04; Cleveland County; North Carolina,37045950604,29.591836734693878,18.542274052478135,0.5247813411078718,7.405247813411078,78.9795918367347,10.699708454810496,2.39067055393586,68.69118905047048,79.43661971830987,15.11737089201878,3.34051724137931,94.09751924721984,7.494824016563147,82.85912560721721,68.32579185520362,12.992125984251967,87.00787401574803,59.18552036199095,2.7149321266968327
2023,Census Tract 9507.01; Cleveland County; North Carolina,37045950701,21.391604370327773,20.212765957446805,2.185163887291547,35.50891316848764,47.268545140885564,12.449683726279472,2.587694077055779,41.04627766599598,89.6525679758308,21.41238670694864,0.0,97.38430583501007,8.04555473916238,87.33982573039467,63.61167684996606,17.154105736782903,82.8458942632171,68.97488119484046,2.7834351663272234
2023,Census Tract 9507.02; Cleveland County; North Carolina,37045950702,26.499402628434886,21.935483870967744,0.5973715651135006,12.520908004778972,66.37992831541219,5.543608124253286,14.958183990442055,20.847651775486828,92.11356466876973,26.69558359621451,0.0,94.15807560137456,8.192457737321195,98.05365597054183,82.49414519906323,9.052183173588926,90.94781682641107,69.43793911007026,4.625292740046839
2023,Census Tract 9508; Cleveland County; North Carolina,37045950800,15.505306875865251,25.196123673281036,0.0,18.48177203507153,70.95062298107983,5.191508998615597,5.376095985233041,59.67402733964248,89.52815829528159,21.430745814307457,17.280453257790366,83.70136698212409,8.164937192790825,97.43465634075508,68.47826086956522,9.537856440511309,90.4621435594887,72.3913043478261,3.152173913043478
2023,Census Tract 9509; Cleveland County; North Carolina,37045950900,31.94398132710904,21.7405801933978,0.0,61.053684561520505,27.44248082694231,5.868622874291431,5.635211737245749,59.71867007672634,86.57921291624622,10.595358224016145,0.0,74.55242966751918,10.485056344928957,91.5766738660907,58.65463494667761,22.750316856780735,77.24968314321926,33.05988515176374,26.907301066447907
2023,Census Tract 9510; Cleveland County; North Carolina,37045951000,22.789676002196597,18.12191103789127,0.0,21.993410214168037,65.7880285557386,0.21965952773201539,11.998901702361339,39.40467753366407,91.72224401726167,37.81875245194194,18.335901386748844,83.77037562012757,10.953058321479373,98.32175925925925,79.0,20.14742014742015,79.85257985257985,65.53846153846153,11.0
2023,Census Tract 9511; Cleveland County; North Carolina,37045951100,21.32328856862103,19.42351785129381,1.7359973796265966,39.63314772355061,45.52898788077301,6.452669505404521,6.649197510645267,46.29794826048171,87.84208165096456,25.482279048900853,6.727828746177369,92.86351471900089,9.45045795170691,97.05882352941177,73.37792642140468,18.484187568157033,81.51581243184297,45.35117056856187,6.354515050167224
2023,Census Tract 9512; Cleveland County; North Carolina,37045951200,25.047679593134138,20.05721551176097,0.19071837253655435,35.044500953591864,52.177368086459,2.749523204068659,9.837889383343928,29.971181556195965,90.37162162162163,23.672779922779924,16.1400512382579,86.82585426101276,10.05089058524173,94.91466388018112,64.65863453815261,11.73342786246012,88.26657213753988,65.26104417670683,2.6506024096385543
2023,Census Tract 9513; Cleveland County; North Carolina,37045951300,22.22222222222222,26.590987272101824,1.1351909184726523,19.12624699002408,72.44582043343654,2.958376332989336,4.3343653250774,47.5177304964539,96.48609077598829,27.33040507564666,2.479338842975207,93.00911854103343,8.580274214949139,89.24963924963924,77.53960857409133,16.886134779240898,83.1138652207591,77.72600186393291,3.91425908667288
2023,Census Tract 9514; Cleveland County; North Carolina,37045951400,21.885972245443906,21.835813409128907,0.0,19.545226550744022,75.32185253302124,0.21735495736498914,4.915565958869754,39.834926151172894,86.13266583229037,23.2540675844806,7.1,83.75325803649001,4.10958904109589,94.68562874251496,58.12124016658954,19.605654761904763,80.39434523809523,77.32531235539102,5.043961129106895
2023,Census Tract 9515.01; Cleveland County; North Carolina,37045951501,20.057981518391014,10.690342453342996,1.920637796702301,13.009603188983512,74.72368182641783,9.041493024098568,1.3045841637977895,50.0,94.62157809983897,30.950080515297905,5.864661654135339,86.80109990834097,5.961015412511332,93.16745655608216,73.7203495630462,14.423076923076922,85.57692307692307,79.71285892634207,3.495630461922597
2023,Census Tract 9515.02; Cleveland County; North Carolina,37045951502,24.067022086824068,16.527037319116527,0.0,4.56968773800457,92.61233815689262,0.6854531607006854,2.1325209444021325,57.9136690647482,94.66230936819173,26.57952069716776,11.475409836065573,83.99280575539568,5.416248746238716,95.19071310116087,28.076923076923077,13.764510779436154,86.23548922056385,64.03846153846153,0.0
2023,Census Tract 9515.03; Cleveland County; North Carolina,37045951503,30.262684418855702,14.46563512054696,0.35984166966534725,10.219503418495862,78.98524649154372,5.145735876214466,5.289672544080604,62.66786034019696,91.86256781193491,26.280892103676912,5.451127819548872,88.00358102059087,7.223942208462332,93.4959349593496,69.5150115473441,13.745019920318724,86.25498007968127,80.83140877598153,6.697459584295612
2023,Census Tract 9516.01; Cleveland County; North Carolina,37045951601,19.741244702208345,15.748382779388804,0.0,28.083872406870398,60.47289761320545,3.234441222395717,8.20878875752844,60.26200873362445,86.0235593759949,10.983763132760267,9.789156626506024,90.39301310043668,6.5036131183991115,94.25139425139425,69.3687707641196,22.860071758072785,77.13992824192721,65.84717607973421,2.458471760797342
2023,Census Tract 9516.02; Cleveland County; North Carolina,37045951602,24.539069359086916,16.286215978928887,0.5926251097453907,9.811237928007023,81.60667251975417,2.151009657594381,5.838454784899034,43.62116991643454,91.44654088050315,14.528301886792452,7.9559363525091795,83.95543175487465,4.944735311227458,94.97206703910615,63.71629542790153,16.86159844054581,83.1384015594542,66.17819460726847,3.985932004689332
2023,Census Tract 301.03; Gaston County; North Carolina,37071030103,22.412451361867706,22.101167315175097,0.0,0.0,94.47470817120622,0.622568093385214,4.902723735408561,70.15590200445433,91.58780231335436,24.710830704521555,20.535714285714285,83.29621380846325,5.616850551654965,93.61313868613139,73.97003745318352,15.905511811023624,84.09448818897638,90.2621722846442,6.741573033707865
2023,Census Tract 301.04; Gaston County; North Carolina,37071030104,20.93195266272189,14.053254437869821,13.683431952662723,0.6656804733727811,78.80917159763314,5.288461538461538,1.5532544378698225,86.91931540342298,94.39844130540672,54.749147588894296,26.247288503253795,94.37652811735941,7.296538821328344,95.67375886524823,77.13139418254764,13.529921942758023,86.47007805724198,89.2678034102307,2.507522567703109
2023,Census Tract 301.05; Gaston County; North Carolina,37071030105,21.44295302013423,14.093959731543624,1.5771812080536913,14.463087248322148,70.503355704698,10.335570469798657,3.120805369127517,75.71225071225072,91.83212996389891,36.91335740072203,1.3779527559055118,93.80341880341881,8.549222797927461,90.72558647026732,88.37592745259687,4.262036306235202,95.7379636937648,73.86644682605112,0.6595218466611706
2023,Census Tract 301.06; Gaston County; North Carolina,37071030106,11.450381679389313,12.213740458015266,1.5267175572519083,9.923664122137405,75.48770144189992,12.72264631043257,0.33927056827820185,82.24414303329223,100.0,40.066592674805776,0.0,87.79284833538841,1.059322033898305,88.58447488584474,82.6086956521739,7.326007326007327,92.67399267399267,92.29249011857708,2.5691699604743086
2023,Census Tract 302.05; Gaston County; North Carolina,37071030205,24.37923250564334,16.804614998745922,0.6772009029345373,3.235515425131678,83.44620015048909,3.310759969902182,9.330323551542513,75.91933570581257,93.5902327355971,16.405951926745516,2.826379542395693,90.33214709371293,10.44776119402985,97.29453802960694,75.47043010752688,10.090634441087614,89.90936555891238,70.76612903225806,3.0913978494623655
2023,Census Tract 302.06; Gaston County; North Carolina,37071030206,32.92130201895344,8.15822002472188,0.0,27.72970745776679,49.44375772558715,18.4590028842192,4.367531932426864,71.86813186813187,90.8344733242134,50.06839945280438,18.092105263157894,91.42857142857143,7.985257985257984,98.41666666666666,84.51380552220888,0.0,100.0,93.27731092436974,0.0
2023,Census Tract 302.07; Gaston County; North Carolina,37071030207,13.787878787878787,32.8030303030303,0.0,4.621212121212121,94.31818181818183,0.3787878787878788,0.6818181818181818,60.17505470459519,74.12587412587412,24.475524475524477,41.02564102564102,78.55579868708972,5.184534270650263,93.86973180076629,81.67006109979633,10.401459854014599,89.59854014598541,78.41140529531569,1.0183299389002036
2023,Census Tract 302.08; Gaston County; North Carolina,37071030208,6.304728546409807,32.9246935201401,0.0,2.626970227670753,93.87040280210157,3.502626970227671,0.0,77.24867724867724,87.34693877551021,47.3469387755102,0.0,96.29629629629629,7.476635514018691,98.13084112149532,86.60714285714286,7.053941908713693,92.9460580912863,88.39285714285714,3.571428571428571
2023,Census Tract 302.09; Gaston County; North Carolina,37071030209,18.652561247216035,21.714922048997774,1.9487750556792873,3.11804008908686,88.1403118040089,3.173719376391982,3.6191536748329622,87.00696055684455,92.11267605633803,17.394366197183096,0.0,95.59164733178655,4.264099037138927,95.85858585858585,79.20410783055199,5.34629404617254,94.65370595382745,92.6829268292683,1.9255455712451863
2023,Census Tract 303.01; Gaston County; North Carolina,37071030301,20.21563342318059,15.171351559491722,0.9241432422025414,2.2333461686561416,87.02348864073932,7.085098190219484,2.7339237581825184,64.0746500777605,79.73251028806584,12.397119341563787,21.428571428571427,83.20373250388803,5.212355212355212,96.3623395149786,68.63679694947568,5.495495495495495,94.50450450450451,73.30791229742613,10.009532888465204
2023,Census Tract 303.02; Gaston County; North Carolina,37071030302,20.727580372250422,18.189509306260575,0.676818950930626,13.409475465313028,79.73773265651438,0.0,6.175972927241963,63.033707865168545,85.52338530066815,17.42761692650334,12.954545454545455,91.34831460674158,7.20384204909285,92.37057220708446,66.42335766423358,8.361204013377927,91.63879598662207,60.21897810218978,9.306569343065693
2023,Census Tract 304.01; Gaston County; North Carolina,37071030401,20.29618839524156,15.537751881524642,1.043942704539937,0.0,92.01262442340375,2.452051468803108,4.491381403253217,59.43589743589743,86.41160949868075,14.940633245382587,17.43002544529262,90.82051282051282,3.228754188242461,99.10122989593188,54.6572934973638,9.778012684989429,90.22198731501057,87.58055067369655,1.054481546572935
2023,Census Tract 304.03; Gaston County; North Carolina,37071030403,15.002021835826932,20.21835826930853,0.0,0.5256773150020219,75.73797007682977,12.494945410432672,11.241407197735544,84.22680412371135,73.54330708661418,12.125984251968504,10.583153347732182,79.48453608247422,5.518553758325404,98.03370786516854,79.95110024449878,4.3274853801169595,95.67251461988305,82.3960880195599,7.212713936430318
2023,Census Tract 304.04; Gaston County; North Carolina,37071030404,22.65041289815179,11.875737318128195,0.8257963035784506,15.296893432953205,68.10853322847031,13.723948092803775,2.0448289421942585,65.8119658119658,87.76741634668129,13.110257816785516,8.533916849015318,81.38651471984805,4.067107269954245,100.0,74.13173652694611,8.842794759825328,91.15720524017468,87.54491017964072,0.47904191616766467
2023,Census Tract 305.01; Gaston County; North Carolina,37071030501,29.749364329822015,17.217580820922628,0.0,3.995641118779513,82.0196149654922,11.296767163094806,2.687976752633491,81.63606010016694,90.5638665132336,18.06674338319908,1.6990291262135921,93.98998330550918,5.015511892450879,99.44707740916272,72.28541882109617,5.288932419196866,94.71106758080313,79.31747673216132,1.861427094105481
2023,Census Tract 305.03; Gaston County; North Carolina,37071030503,17.227916056612983,13.958028306490972,1.268911664226452,1.5617374328940947,93.36261591020009,0.4880429477794046,3.3186920448999513,52.09790209790209,80.16169154228857,6.281094527363185,9.75609756097561,91.95804195804196,5.365566037735849,95.46142208774585,84.5086705202312,23.04270462633452,76.95729537366547,93.98843930635839,0.0
2023,Census Tract 305.04; Gaston County; North Carolina,37071030504,17.699775952203137,22.628827483196414,0.0,0.9708737864077669,89.17102315160568,9.858103061986558,0.0,66.06060606060606,86.84461391801716,22.592945662535747,0.0,88.7878787878788,5.172413793103448,99.05660377358491,65.71879936808847,10.466760961810467,89.53323903818954,86.88783570300158,0.0
2023,Census Tract 306.01; Gaston County; North Carolina,37071030601,19.483568075117372,16.784037558685448,0.2347417840375587,3.403755868544601,91.19718309859155,4.225352112676056,0.9389671361502347,63.70494551550713,92.39311493614657,18.822876179900057,0.5235602094240838,88.01341156747695,5.1020408163265305,94.88337095560571,69.78131212723659,16.65285832642916,83.34714167357083,65.60636182902584,2.584493041749503
2023,Census Tract 306.02; Gaston County; North Carolina,37071030602,20.687022900763356,23.549618320610687,0.03816793893129771,2.900763358778626,90.57251908396947,5.458015267175573,1.0305343511450382,46.28632938643703,87.63127187864644,16.802800466744458,23.34293948126801,74.81162540365986,3.897978825794033,96.82539682539682,50.09345794392524,10.310142497904442,89.68985750209556,69.34579439252336,5.607476635514018
2023,Census Tract 307; Gaston County; North Carolina,37071030700,23.506336753168377,18.768859384429692,0.0,6.397103198551599,86.11949305974653,4.194327097163549,3.2890766445383224,74.98116051243406,90.83296606434553,30.542089026002646,6.051873198847262,92.69027882441597,4.497041420118343,96.61016949152543,72.46596066565809,11.036339165545089,88.96366083445491,76.17246596066566,3.9334341906202726
2023,Census Tract 308.01; Gaston County; North Carolina,37071030801,11.529271206690561,22.043010752688172,0.4778972520908005,2.986857825567503,92.3536439665472,1.0752688172043012,3.106332138590203,70.4424778761062,89.87341772151899,19.50856291883842,13.571428571428571,86.19469026548673,7.157464212678937,92.20779220779221,72.6608187134503,8.433734939759036,91.56626506024097,89.91228070175438,4.970760233918129
2023,Census Tract 308.02; Gaston County; North Carolina,37071030802,19.612229679343773,18.965945811583396,0.0,13.124533929903057,77.7280636341039,6.1894108873974645,2.9579915485955754,56.74390968508616,75.49361207897793,10.530391018195896,10.455764075067025,88.65121806298278,10.204081632653061,95.60085836909872,56.43507972665148,8.826583592938734,91.17341640706127,49.03189066059225,7.8018223234624156
2023,Census Tract 309.01; Gaston County; North Carolina,37071030901,20.378301213418986,18.451106352605283,0.4282655246252677,16.024268379728763,67.38044254104211,13.526052819414705,2.6409707351891507,49.7972972972973,89.87090367428004,30.1390268123138,7.207207207207207,96.75675675675676,7.082025997310623,97.18137254901961,73.46938775510205,8.513816280806571,91.48618371919342,62.44897959183674,4.408163265306123
2023,Census Tract 309.02; Gaston County; North Carolina,37071030902,26.619413270328806,12.187438472140185,0.8860011813349086,38.865918487891314,38.57058476077968,16.341799566843868,5.335696003150226,58.43509724106739,83.19604612850083,13.838550247116968,24.170616113744074,88.01447308909995,7.244432519452642,97.70066889632108,61.117936117936125,7.447413303013076,92.55258669698692,67.07616707616708,4.8525798525798525
2023,Census Tract 310.01; Gaston County; North Carolina,37071031001,21.32225683627553,18.449290411907235,11.872620283835237,4.430598823122188,61.61301488404292,19.349255797853928,2.734510211145725,68.61244019138756,80.63687724704674,10.118130457113509,11.618257261410788,90.7177033492823,2.287725472943247,86.71439936356404,60.598290598290596,8.665105386416862,91.33489461358315,65.8974358974359,15.47008547008547
2023,Census Tract 310.04; Gaston County; North Carolina,37071031004,23.516620068344206,20.09940975458217,0.0,16.713264989127058,69.33830382106244,7.393600497048773,6.554830692761728,73.63699102829537,92.02401372212692,20.497427101200685,13.171577123050259,87.50862663906143,7.1486596263200655,97.49839640795382,76.24821683309557,10.070558050032071,89.92944194996792,62.339514978602,4.921540656205421
2023,Census Tract 310.05; Gaston County; North Carolina,37071031005,27.701232777374905,15.119651921682378,0.7976794778825236,7.396664249456128,78.64394488759972,8.23060188542422,4.931109499637419,73.97388059701493,84.57142857142857,19.272727272727273,19.591141396933562,84.79477611940298,7.820383451059536,96.73500379650721,71.875,4.56140350877193,95.43859649122807,88.97058823529412,3.2169117647058822
2023,Census Tract 310.06; Gaston County; North Carolina,37071031006,18.274415817855,29.478729778310363,0.0,3.2953864589574597,90.41342121030557,3.894547633313361,2.396644697423607,76.29513343799059,94.03453689167975,24.411302982731552,4.761904761904762,85.55729984301414,14.589442815249267,92.13349225268176,80.65476190476191,4.815864022662889,95.18413597733712,81.10119047619048,1.7857142857142856
2023,Census Tract 311.01; Gaston County; North Carolina,37071031101,17.30081300813008,10.471544715447155,0.878048780487805,22.243902439024392,62.959349593495936,7.804878048780488,6.1138211382113825,75.41284403669725,81.91536748329621,26.236080178173722,2.8720626631853787,77.24770642201835,9.083759339362956,94.03166869671132,70.9800918836141,1.7306245297215952,98.2693754702784,57.50382848392037,2.756508422664625
2023,Census Tract 311.02; Gaston County; North Carolina,37071031102,22.314814814814817,13.425925925925927,1.25,19.537037037037035,66.89814814814815,6.111111111111111,6.203703703703703,64.30232558139535,87.67424798239179,16.9479090242113,11.714285714285715,94.76744186046511,4.946364719904649,84.90725126475547,73.21965897693079,1.966568338249754,98.03343166175024,30.29087261785356,0.7021063189568706
2023,Census Tract 312.02; Gaston County; North Carolina,37071031202,14.94646680942184,11.049250535331906,2.6552462526766596,12.59100642398287,74.98929336188436,5.524625267665953,4.23982869379015,44.29447852760736,92.74924471299094,30.815709969788518,14.124293785310735,88.46625766871166,5.360824742268041,81.43939393939394,78.59569648924122,6.0638297872340425,93.93617021276596,56.39864099660249,23.669309173272936
2023,Census Tract 312.03; Gaston County; North Carolina,37071031203,14.117647058823529,9.518716577540106,7.379679144385026,9.144385026737968,77.64705882352942,3.2085561497326207,2.620320855614973,67.55373592630501,96.7653131452168,45.2856159669649,18.181818181818183,89.66223132036848,7.658779576587796,93.21663019693655,86.28158844765343,3.484320557491289,96.51567944250871,65.58363417569194,5.776173285198556
2023,Census Tract 312.04; Gaston County; North Carolina,37071031204,16.742969260954872,11.8378024852845,0.0,2.5506867233485937,95.55264879005885,0.0,1.896664486592544,71.1211778029445,87.39635157545605,15.17412935323383,18.410041841004183,88.78822197055493,4.08483896307934,99.44873208379272,71.5909090909091,17.078916372202592,82.92108362779742,56.81818181818182,3.125
2023,Census Tract 313.01; Gaston County; North Carolina,37071031301,29.77082415160864,14.037020713970913,3.129131776112825,35.69854561480829,45.724988981930366,12.5385632437197,2.908770383428823,51.34698275862068,92.06294902497434,22.0321587410195,15.209125475285171,89.65517241379311,5.819440075495439,95.34117647058824,77.90556900726392,7.034327518289252,92.96567248171075,58.53510895883777,0.9685230024213075
2023,Census Tract 313.03; Gaston County; North Carolina,37071031303,27.566137566137566,14.39153439153439,0.0,28.14814814814815,50.84656084656085,19.47089947089947,1.5343915343915344,55.09933774834437,82.89136013686912,13.259195893926432,0.0,76.82119205298014,5.843681519357196,98.00249687890137,69.14285714285714,3.18118948824343,96.81881051175657,36.57142857142857,2.4285714285714284
2023,Census Tract 313.04; Gaston County; North Carolina,37071031304,23.051299133910728,12.025316455696203,2.8314457028647566,11.259160559626915,71.81878747501665,10.859427048634245,3.2311792138574282,51.699463327370296,84.27019367028814,18.138875767595657,8.287292817679557,89.26654740608228,7.8354978354978355,97.9245283018868,76.90036900369005,0.0,100.0,74.16974169741697,1.918819188191882
2023,Census Tract 314.01; Gaston County; North Carolina,37071031401,26.27464309993202,13.868116927260369,0.0,27.77022433718559,47.28076138681169,9.585316111488783,15.363698164513936,65.47711404189293,79.88309790550414,19.92206527033609,9.689213893967093,87.43211792086889,10.3273397879207,97.54464285714286,75.50130775937227,4.177109440267335,95.82289055973267,49.95640802092415,7.759372275501308
2023,Census Tract 314.02; Gaston County; North Carolina,37071031402,16.129032258064516,28.471248246844322,0.04675081813931744,9.396914446002805,80.27115474520804,8.415147265077138,1.8700327255726974,46.94881889763779,91.5347137637028,15.712545676004872,17.045454545454543,91.14173228346458,10.479375696767,95.2161913523459,69.47368421052632,1.5544041450777202,98.44559585492227,82.42105263157895,2.1052631578947367
2023,Census Tract 315; Gaston County; North Carolina,37071031500,32.0509679000245,9.237931879441314,0.0,31.977456505758393,37.85836804704729,23.817691742220042,6.34648370497427,49.13971094287681,78.76386687797148,5.942947702060222,3.479576399394856,79.97247075017205,5.914172376487558,96.24920534011443,54.42508710801393,10.087719298245613,89.91228070175438,29.61672473867596,32.6829268292683
2023,Census Tract 316; Gaston County; North Carolina,37071031600,17.111875165300187,17.138323194921977,1.5339857180640042,16.001057921184874,74.7950277704311,5.712774398307326,1.9571541920126951,42.11180124223603,86.19416758951643,13.252122554448137,12.5,74.84472049689441,3.6375239310784937,93.49112426035504,53.00136425648022,9.169764560099132,90.83023543990086,52.52387448840382,1.6371077762619373
2023,Census Tract 317.03; Gaston County; North Carolina,37071031703,24.571766095688126,8.83047844063792,0.0,41.966922622563494,43.266391021854695,11.104548139397519,3.662138216184288,58.588548601864176,84.14422241529105,20.764552562988705,12.447257383966246,85.88548601864181,5.520751761942052,91.87675070028011,82.50211327134403,9.418070444104135,90.58192955589587,77.26120033812342,0.591715976331361
2023,Census Tract 317.04; Gaston County; North Carolina,37071031704,24.71590909090909,15.03314393939394,0.0,11.055871212121213,69.34185606060606,18.84469696969697,0.7575757575757576,62.807752750130966,84.76027397260275,15.41095890410959,4.4543429844097995,87.74227344159246,7.578616352201258,88.78219118288956,65.34341524889729,7.463556851311953,92.53644314868804,72.4007561436673,1.4492753623188406
2023,Census Tract 317.05; Gaston County; North Carolina,37071031705,12.544987146529563,15.424164524421593,0.0,4.16452442159383,80.97686375321337,12.287917737789202,2.570694087403599,73.8359201773836,81.78621659634318,17.51054852320675,20.0,91.24168514412418,11.768184506209343,97.85276073619632,77.70700636942675,3.562653562653563,96.43734643734643,83.18471337579618,4.968152866242039
2023,Census Tract 317.06; Gaston County; North Carolina,37071031706,25.657894736842106,24.342105263157894,0.0,9.210526315789473,75.07309941520468,4.385964912280701,11.330409356725147,76.07758620689656,83.67983367983368,11.85031185031185,13.962264150943396,98.49137931034483,6.588003933136677,82.67581475128645,83.33333333333334,8.928571428571429,91.07142857142857,69.6078431372549,5.098039215686274
2023,Census Tract 318; Gaston County; North Carolina,37071031800,38.45080251221214,10.444289369620842,0.0,62.13072807629681,18.771807397069086,16.910909513840426,2.186555012793673,44.5945945945946,79.54743255004352,7.963446475195822,2.6556016597510372,85.6330014224751,3.5903250188964475,95.15337423312883,70.39230199851961,17.21813725490196,82.78186274509804,45.44781643227239,2.29459659511473
2023,Census Tract 319.01; Gaston County; North Carolina,37071031901,24.249422632794456,10.854503464203233,0.0,29.561200923787528,56.581986143187066,13.856812933025402,0.0,26.589595375722542,88.48920863309353,23.741007194244602,0.0,51.445086705202314,12.195121951219512,86.5079365079365,89.0,19.02834008097166,80.97165991902834,34.0,0.0
2023,Census Tract 319.02; Gaston County; North Carolina,37071031902,27.2212543554007,14.067944250871081,0.0,68.6411149825784,11.236933797909408,8.536585365853659,11.585365853658537,49.66078697421981,74.18004187020237,14.235868806699232,5.88235294117647,63.36499321573948,6.882106523040096,75.53083923154702,61.41304347826087,21.768707482993197,78.2312925170068,27.065217391304348,27.282608695652172
2023,Census Tract 320; Gaston County; North Carolina,37071032000,21.25739184562714,10.488639900404607,0.2178649237472767,49.70432617491441,33.52007469654528,9.08807967631497,7.469654528478058,46.256895193065404,78.86967524251371,8.435259384226065,5.275779376498801,84.47596532702916,1.8972332015810278,94.60406447091802,63.8481449525453,10.91468101460415,89.08531898539584,45.7290767903365,11.302847282139776
2023,Census Tract 321; Gaston County; North Carolina,37071032100,18.885448916408667,19.814241486068113,0.8513931888544891,31.153250773993808,51.31578947368421,10.952012383900929,5.727554179566564,54.31861804222648,90.41740152851264,17.930629041740154,16.944444444444446,78.50287907869482,6.440839694656489,88.71753246753246,72.14484679665738,18.036529680365295,81.9634703196347,24.698235840297123,18.384401114206128
2023,Census Tract 322.01; Gaston County; North Carolina,37071032201,13.179190751445086,28.82466281310212,1.2331406551059731,12.639691714836223,77.84200385356455,7.0905587668593455,1.1946050096339114,54.94880546075085,92.56007393715342,43.160813308687615,35.741444866920155,95.39249146757679,8.610741233910343,95.69413511507052,61.218195836545874,7.7524893314367,92.24751066856331,58.905165767154976,1.4649190439475714
2023,Census Tract 322.02; Gaston County; North Carolina,37071032202,21.095444685466376,14.370932754880695,0.0,5.314533622559653,84.27331887201736,4.3383947939262475,6.073752711496746,57.424714434060235,92.49812453113279,21.230307576894223,29.714285714285715,94.39252336448598,3.711340206185567,95.26362823949955,83.70457209847598,12.332990750256938,87.66700924974306,63.4232121922626,4.572098475967175
2023,Census Tract 323.01; Gaston County; North Carolina,37071032301,14.145543744889617,12.101390024529843,2.2076860179885527,8.994276369582993,83.12891796129736,3.8975197601526306,1.7715998909784683,56.25,93.16725978647686,38.505338078291814,13.544668587896252,88.73873873873875,9.80952380952381,96.8736973739058,80.28818443804035,0.0,100.0,42.305475504322764,0.1729106628242075
2023,Census Tract 323.02; Gaston County; North Carolina,37071032302,15.268138801261829,26.68769716088328,4.037854889589906,6.908517350157729,70.12618296529969,13.84858044164038,5.078864353312302,49.84709480122324,77.90215588723052,25.497512437810943,2.9598308668076108,83.25688073394495,9.121370067014148,93.03571428571429,72.37834132967787,2.6034712950600802,97.39652870493993,52.36463331048663,5.414667580534613
2023,Census Tract 324.03; Gaston County; North Carolina,37071032403,22.501654533421576,16.247518199867635,2.1508934480476505,2.5810721376571806,89.64262078093978,4.037061548643282,1.588352084712111,57.35567970204841,92.46088193456615,44.19155998103367,12.903225806451612,97.76536312849163,12.297181895815543,84.22330097087378,79.3103448275862,7.899022801302931,92.10097719869707,73.47480106100795,2.033598585322723
2023,Census Tract 324.04; Gaston County; North Carolina,37071032404,26.55481631472375,11.802140584321666,0.0,5.582875325426671,88.5739080127278,5.380387619323113,0.46282904252241824,62.78145695364239,93.16720257234726,62.982315112540185,30.46875,88.21192052980132,7.601417881055533,99.52279957582184,87.98140770252324,5.103969754253308,94.89603024574669,71.71314741035857,2.7224435590969454
2023,Census Tract 324.05; Gaston County; North Carolina,37071032405,25.36208561313164,16.57547473447055,4.184100418410042,5.2784036047634375,87.96266495011264,2.252977148374638,0.32185387833923396,64.82534524776604,98.93960350391886,56.662056247118485,4.276315789473684,92.77010560519902,4.182837429926693,96.4375,91.46877748460862,7.259380097879283,92.74061990212071,91.2928759894459,5.980650835532102
2023,Census Tract 324.06; Gaston County; North Carolina,37071032406,30.52434456928839,11.348314606741573,11.086142322097379,0.299625468164794,85.91760299625469,0.18726591760299627,2.5093632958801497,73.78104875804968,94.85783424077435,46.64246823956443,10.422535211267606,81.1407543698252,4.8517520215633425,98.4006092916984,83.84180790960451,8.950617283950617,91.0493827160494,91.86440677966101,0.5649717514124294
2023,Census Tract 325.05; Gaston County; North Carolina,37071032505,27.021494370522003,10.9007164790174,1.5097236438075743,37.28249744114637,38.561924257932446,13.536335721596723,9.109518935516888,63.751375137513755,95.22821576763485,26.182572614107887,0.0,91.96919691969197,11.85133239831697,99.20449227889566,93.937575030012,8.108108108108109,91.8918918918919,36.91476590636255,9.123649459783914
2023,Census Tract 325.06; Gaston County; North Carolina,37071032506,16.99313151869753,11.701857033833631,2.5947596031544133,26.100228949376746,49.70745357415416,19.358941745103028,2.238616128211651,70.45751633986929,89.60641956438671,28.314864348490637,6.806282722513089,88.1917211328976,5.577689243027888,96.36082075106465,73.72093023255813,4.603438713255685,95.39656128674432,34.127906976744185,2.6744186046511627
2023,Census Tract 325.07; Gaston County; North Carolina,37071032507,25.24705882352941,14.282352941176471,3.2705882352941176,20.776470588235295,63.01176470588236,9.717647058823529,3.2235294117647055,58.24442289039767,96.84804246848043,35.8327803583278,14.534288638689866,93.3074684772066,9.37991816178785,99.39073923639317,79.89690721649485,0.0,100.0,86.66237113402062,0.3221649484536082
2023,Census Tract 325.08; Gaston County; North Carolina,37071032508,22.64833574529667,21.960926193921853,1.808972503617945,15.376266280752532,78.11143270622286,3.1476121562952244,1.5557163531114326,63.07129798903108,96.47992067426871,41.34853743182945,21.341463414634145,96.70932358318099,7.202993451824134,96.15963855421687,80.71748878923766,10.225442834138486,89.77455716586151,94.26008968609865,1.0762331838565022
2023,Census Tract 325.09; Gaston County; North Carolina,37071032509,29.33560477001704,11.039182282793867,1.3287904599659284,6.609880749574105,81.39693356047701,6.712095400340716,3.9522998296422487,68.61989205859676,94.39834024896265,48.495850622406635,16.946564885496183,96.22205088666152,8.276863504356244,96.8125,87.74928774928775,2.137546468401487,97.86245353159852,89.45868945868945,0.4748338081671415
2023,Census Tract 325.10; Gaston County; North Carolina,37071032510,21.73749529898458,17.374952989845806,3.497555471981948,6.769462203836028,84.88153441143287,0.6393380970289583,4.212109815720195,76.08303249097473,96.81496461071791,48.634984833164815,16.451612903225808,95.30685920577618,10.23546371936569,98.2431482782853,81.54981549815497,2.166064981949458,97.83393501805054,94.55719557195572,0.8302583025830259
2023,Census Tract 326; Gaston County; North Carolina,37071032600,21.08543235523241,20.22851207478577,1.5580368735393404,15.943910672552583,73.40950402492858,2.934302778499091,6.154245650480394,49.62492787074437,94.21518054532056,37.95136330140015,9.82587064676617,82.34275822273514,7.643524699599466,92.63208919049927,82.19363574813812,13.625730994152047,86.37426900584795,71.56398104265402,1.4218009478672986
2023,Census Tract 327.02; Gaston County; North Carolina,37071032702,13.144908030506954,28.129205921938087,2.4226110363391657,25.57200538358008,64.91700314042171,2.1534320323014806,4.93494840735756,58.353808353808354,89.36651583710407,33.99321266968326,28.688524590163933,96.92874692874693,9.349173553719007,99.35004642525533,64.08020924149956,3.532380151387721,96.46761984861227,40.01743679163034,16.913687881429816
2023,Census Tract 327.03; Gaston County; North Carolina,37071032703,24.526714345814053,11.947833403449728,0.5889777029869584,24.737063525452253,64.32477913336137,6.731173748422381,3.6180058897770295,46.78609062170706,88.49673202614379,27.058823529411764,27.294117647058826,90.93782929399367,4.9052396878483835,91.54811715481172,71.6432865731463,9.84643179765131,90.1535682023487,47.59519038076152,8.316633266533065
2023,Census Tract 327.04; Gaston County; North Carolina,37071032704,15.88456712672522,20.250941028858218,1.1292346298619824,34.70514429109159,49.43538268506901,13.676286072772898,1.053952321204517,43.30183435241801,93.80990415335462,30.031948881789138,4.8964218455743875,88.49360755975542,3.8484486873508352,98.39849269901083,70.12401352874859,12.221672439386442,87.77832756061356,44.306651634723785,5.749718151071026
2023,Census Tract 328.01; Gaston County; North Carolina,37071032801,23.47548824232762,28.05898764447987,2.1123953766440815,22.120366679952173,64.16899163013153,1.5942606616181747,10.003985651654046,42.06241519674355,79.03050108932462,27.995642701525053,13.88888888888889,82.22523744911805,8.020833333333334,99.75490196078431,58.50694444444444,11.042471042471043,88.95752895752895,24.82638888888889,17.96875
2023,Census Tract 328.02; Gaston County; North Carolina,37071032802,23.543055958248768,23.25311684546245,0.0,21.28153087851551,58.24876775877066,11.046680197158597,9.423021165555232,49.750534568781184,85.8974358974359,22.275641025641026,24.356435643564357,83.25017818959373,14.751611679939325,94.125,60.15767131594906,3.0,97.0,60.03638568829594,20.254699818071558
2023,Census Tract 329; Gaston County; North Carolina,37071032900,30.96721755621783,11.731238146843674,0.6231373611487402,35.81685180167976,39.90788404226497,22.51422378759144,1.1379030073150906,56.344086021505376,90.53228621291449,28.097731239092493,4.014598540145985,77.34767025089606,8.830455259026687,93.34133173365326,66.31130063965884,17.18658034137728,82.81341965862272,41.15138592750533,4.761904761904762
2023,Census Tract 331; Gaston County; North Carolina,37071033100,31.217239370995927,11.531741409435062,0.0,39.603960396039604,38.46825859056494,15.492137449039022,6.435643564356436,67.16206652512385,82.03371970495257,29.87355110642782,11.533242876526458,76.29157820240623,5.334462320067739,93.7888198757764,73.09991460290351,7.137192704203013,92.86280729579698,55.84970111016225,8.283518360375746
2023,Census Tract 332.02; Gaston County; North Carolina,37071033202,19.369169258107508,12.616614837849843,0.6219458018658374,21.012883163038648,57.219013771657046,15.14882274544647,5.9973345179920035,64.91897044804576,88.3132530120482,35.0,20.257234726688104,94.08960915157293,4.628099173553719,98.78603945371776,77.98594847775175,9.62962962962963,90.37037037037037,84.89461358313818,2.459016393442623
2023,Census Tract 332.03; Gaston County; North Carolina,37071033203,27.68729641693811,14.802750633369527,0.0,26.022439377488237,54.18023887079262,17.37242128121607,2.4249004705030766,61.385099685204615,88.63892013498312,8.830146231721034,1.971326164874552,76.91500524658971,7.957957957957958,80.9220985691574,67.0490093847758,10.037523452157599,89.9624765478424,50.156412930135566,3.962460896767466
2023,Census Tract 332.04; Gaston County; North Carolina,37071033204,22.382798731053928,17.69474797321114,0.8459640465280225,33.944307366936904,47.26824109975326,16.81353542474445,1.1279520620373633,27.2108843537415,78.78638381845091,11.39615194869265,12.573099415204677,87.94946550048591,8.764759309718437,93.17548746518106,74.77768795472919,11.007194244604317,88.9928057553957,48.908649959579634,4.44624090541633
2023,Census Tract 333.03; Gaston County; North Carolina,37071033303,21.06272254176938,22.32265132840318,2.1911804984935634,7.806080525883321,79.23856477677349,4.081073678444262,6.683100520405369,62.724935732647815,93.84272997032642,50.333827893175076,30.518234165067177,89.33161953727506,9.195003469812631,98.1225842076201,85.81765557163531,0.0,100.0,90.59334298118668,0.0
2023,Census Tract 333.06; Gaston County; North Carolina,37071033306,20.167480809490577,21.07466852756455,5.931612002791347,0.7676203768318213,89.60223307745987,0.0,3.6985345429169576,80.21015761821366,91.98919891989199,39.87398739873987,11.904761904761903,80.9106830122592,10.839160839160838,96.93333333333334,80.7495741056218,0.0,100.0,91.48211243611584,0.0
2023,Census Tract 333.08; Gaston County; North Carolina,37071033308,15.579227696404793,16.11185086551265,2.862849533954727,11.384820239680426,74.43408788282291,1.9307589880159786,9.387483355525966,85.37037037037038,90.72961373390558,16.652360515021456,26.47058823529412,81.2962962962963,5.205047318611988,99.04891304347827,81.06796116504854,2.8301886792452833,97.16981132075472,84.30420711974111,1.132686084142395
2023,Census Tract 333.09; Gaston County; North Carolina,37071033309,17.87280701754386,14.967105263157896,1.151315789473684,9.594298245614036,75.60307017543859,7.894736842105263,5.756578947368421,59.42622950819673,93.29738058551618,12.865947611710324,24.12280701754386,90.98360655737704,6.208277703604806,98.34307992202729,69.19831223628692,12.546125461254611,87.4538745387454,86.49789029535864,4.781997187060478
2023,Census Tract 333.10; Gaston County; North Carolina,37071033310,27.352823388065676,11.613936724068882,0.0,14.937925510612734,44.13295955146175,38.24589507408891,2.683219863836604,61.37135098438561,86.83750728013977,13.33721607454863,16.666666666666664,62.59334691106585,8.26901874310915,97.04773869346734,69.70033296337404,0.0,100.0,68.1465038845727,0.0
2023,Census Tract 333.11; Gaston County; North Carolina,37071033311,28.327645051194537,12.514220705346984,1.4789533560864618,0.0,85.55176336746302,12.400455062571103,0.5688282138794084,49.75845410628019,94.9389179755672,19.720767888307154,6.827309236947792,87.68115942028986,2.0634920634920633,97.17171717171718,80.18575851393189,9.269662921348315,90.73033707865169,85.13931888544892,1.5479876160990713
2023,Census Tract 333.12; Gaston County; North Carolina,37071033312,23.992085085332672,12.416522384368044,5.664110808805343,16.522384368043532,74.02918624783577,3.116497650259708,0.6678209250556517,56.75815639564992,91.70890658942795,46.05358435916003,18.615751789976134,91.45520455722423,8.265538561666125,93.28830730265935,93.98443029016278,0.0,100.0,85.35031847133759,0.0
2023,Census Tract 333.13; Gaston County; North Carolina,37071033313,28.023032629558543,26.535508637236084,0.23992322456813817,18.426103646833013,78.74280230326296,2.543186180422265,0.04798464491362764,40.27993779160187,97.3360655737705,58.333333333333336,12.155963302752294,86.4696734059098,7.733333333333333,97.32142857142857,87.25868725868726,1.7699115044247788,98.23008849557522,94.85199485199485,1.673101673101673
2023,Census Tract 334; Gaston County; North Carolina,37071033400,21.7,15.2,2.5,7.3,76.9,9.166666666666666,4.133333333333333,62.057877813504824,71.33640552995392,11.152073732718893,25.737265415549597,70.09646302250803,7.535121328224776,97.58713136729223,59.35787000783085,7.930785868781543,92.06921413121846,60.610806577916996,11.433046202036023
2023,Census Tract 335.01; Gaston County; North Carolina,37071033501,22.64833574529667,16.425470332850942,0.0,11.866859623733719,78.03907380607815,7.670043415340087,2.4240231548480464,68.71794871794872,92.44306418219462,14.855072463768115,6.179775280898876,84.51282051282051,9.775491113189897,93.73390557939915,67.52529898804049,3.2056990204808544,96.79430097951915,79.39282428702852,7.543698252069918
2023,Census Tract 335.02; Gaston County; North Carolina,37071033502,17.869718309859156,26.01232394366197,0.0,0.9683098591549295,90.66901408450704,7.042253521126761,1.3204225352112675,77.10176991150442,89.64546989307823,29.375351716375913,9.6,90.2654867256637,8.413719185423366,97.93038570084666,77.6947705442903,2.901554404145078,97.09844559585493,87.72678762006404,0.0
2023,Census Tract 601; Iredell County; North Carolina,37097060100,20.727395184374473,25.340966492675538,0.16837851490149855,10.40579222091261,64.8762417915474,23.303586462367402,1.2460010102710894,36.08009241432422,80.6930693069307,33.888388838883884,1.7453798767967144,82.55679630342702,4.0994052676295665,99.20907840440165,73.63393198318686,8.528486543166725,91.47151345683328,53.34352311807413,9.743981658387467
2023,Census Tract 602; Iredell County; North Carolina,37097060200,25.372417107160018,8.313310908217202,0.0,59.298414223930806,13.166746756367132,23.065833733781833,4.469005285920231,29.29936305732484,81.66533226581265,10.0080064051241,18.911917098445596,71.54989384288747,3.5415325177076626,86.68407310704961,68.12570145903479,11.869436201780417,88.13056379821958,52.749719416386085,9.090909090909092
2023,Census Tract 603; Iredell County; North Carolina,37097060300,28.823529411764703,11.911764705882351,0.0,44.00735294117647,19.816176470588236,33.345588235294116,2.8308823529411766,40.31413612565445,74.51096621221103,13.811499703615887,0.0,67.76364996260284,6.198347107438017,85.43283582089552,62.93018682399213,13.959390862944163,86.04060913705584,51.524090462143555,7.571288102261553
2023,Census Tract 604; Iredell County; North Carolina,37097060400,25.437270567911895,15.180306629237746,0.0,34.33383718419348,43.96458648240121,20.29799179442885,1.403584538976463,50.14925373134328,78.0986372485399,13.91953277092797,31.733914940021812,79.45273631840796,4.633651896901245,89.49399656946827,61.33333333333333,14.168937329700274,85.83106267029973,64.57142857142857,10.095238095238095
2023,Census Tract 605; Iredell County; North Carolina,37097060500,19.618169848584596,12.113232389730086,0.08777704630239193,24.972569673030502,61.15865701119157,7.28549484309853,6.495501426377002,29.799764428739696,88.32599118942731,24.575204531151666,31.52542372881356,91.81389870435807,3.003003003003003,92.11453744493392,72.9794933655006,10.86021505376344,89.13978494623656,52.5934861278649,5.3679131483715326
2023,Census Tract 606.01; Iredell County; North Carolina,37097060601,19.448698315467077,18.308660881402076,3.0968181044750724,23.54942998128297,47.881572230729965,24.400204185809084,1.0719754977029097,19.424460431654676,85.74566756163046,26.019038320722483,2.413273001508296,74.31654676258994,4.541613857203211,96.0530470476792,58.69306930693069,1.5210608424336973,98.4789391575663,42.613861386138616,7.524752475247524
2023,Census Tract 606.02; Iredell County; North Carolina,37097060602,26.972666322846827,26.663228468282618,0.46415678184631254,2.1144920061887573,82.41361526560082,8.303249097472925,6.704486848891181,40.166666666666664,92.89454001495886,40.538519072550486,32.95711060948081,86.83333333333333,7.344632768361582,98.76203576341128,75.10148849797022,7.740324594257178,92.25967540574283,92.5575101488498,2.3004059539918806
2023,Census Tract 606.03; Iredell County; North Carolina,37097060603,18.695359784801614,21.72158708809684,5.379959650302623,6.321452589105582,83.52387357094821,3.026227303295225,1.7484868863483525,61.83574879227053,80.74656188605108,7.269155206286837,0.0,82.93075684380032,6.20347394540943,90.09126466753585,91.51414309484193,13.150289017341041,86.84971098265896,82.86189683860233,1.9966722129783694
2023,Census Tract 607.01; Iredell County; North Carolina,37097060701,24.851190476190478,11.220238095238095,0.0,22.202380952380953,56.81547619047619,20.982142857142858,0.0,40.96978215038651,83.86138613861385,13.960396039603962,27.467811158798284,90.16163035839774,7.7227722772277225,93.27272727272728,74.44267515923568,3.1611410948342327,96.83885890516576,59.63375796178344,0.0
2023,Census Tract 607.02; Iredell County; North Carolina,37097060702,24.565265243231345,15.474356152322255,2.0030816640986133,10.037420206911731,69.27140655954214,15.452344265903589,3.2357473035439135,66.84135302525011,83.86576314940304,15.908357534688609,5.452127659574469,97.37970462124821,8.724832214765101,97.27112676056338,56.924019607843135,7.377979568671964,92.62202043132804,83.27205882352942,0.7965686274509803
2023,Census Tract 607.03; Iredell County; North Carolina,37097060703,24.10309996516893,18.39080459770115,0.0,18.843608498780913,61.0936955764542,13.200975269940788,6.861720654824103,54.61720599842147,95.24045612295488,22.062469013386217,13.957597173144876,94.00157853196527,11.932078935291418,97.14285714285714,72.4105461393597,9.230769230769232,90.76923076923077,80.50847457627118,0.6591337099811676
2023,Census Tract 608.01; Iredell County; North Carolina,37097060801,16.867140513942044,16.703116457080373,0.0,1.202843083652269,90.67796610169492,6.5882996172772,1.530891197375615,64.62621885157095,89.57666310921381,11.561721807186055,7.2864321608040195,79.25243770314194,5.129891483064782,98.33984375,55.55555555555556,15.33101045296167,84.66898954703834,77.50342935528121,3.840877914951989
2023,Census Tract 608.02; Iredell County; North Carolina,37097060802,26.979246733282093,14.142966948501154,1.5116576992057393,18.62669741224699,76.96643607481425,0.4355623879067384,2.4596464258262873,69.1969887076537,79.84031936127745,15.968063872255488,38.40445269016698,88.45671267252196,5.9298245614035086,97.5103734439834,68.31831831831832,9.939148073022313,90.06085192697769,76.05105105105106,3.003003003003003
2023,Census Tract 609.01; Iredell County; North Carolina,37097060901,21.112696148359486,19.144079885877318,0.31383737517831667,0.34236804564907275,82.1398002853067,10.385164051355208,6.818830242510698,72.07062600321026,89.36170212765957,13.167402649538337,8.586762075134168,91.09149277688604,6.184448462929475,92.7070457354759,66.19217081850533,18.40882694541231,81.59117305458768,75.16014234875445,6.619217081850534
2023,Census Tract 609.02; Iredell County; North Carolina,37097060902,16.855172413793102,25.462068965517243,0.0,8.193103448275863,87.47586206896551,0.0,4.3310344827586205,58.23665893271461,81.64970930232558,11.01017441860465,18.73767258382643,86.5429234338747,5.6071665560716655,97.48394004282656,58.843308675184936,15.702947845804987,84.297052154195,76.79892400806993,1.21049092131809
2023,Census Tract 610.01; Iredell County; North Carolina,37097061001,23.09917355371901,17.272727272727273,10.991735537190083,7.086776859504132,72.04545454545455,6.177685950413223,3.6983471074380168,43.29649207111965,91.43992662794253,20.819321308468357,8.794326241134751,76.11725132148007,6.797420741536808,97.29241877256317,71.11344537815127,9.290138161029061,90.70986183897094,74.42226890756302,2.3109243697478994
2023,Census Tract 610.02; Iredell County; North Carolina,37097061002,17.20241084881969,17.12707182320442,0.0,1.1551983927674536,89.6785534907082,7.734806629834254,1.4314414866901055,60.27325275880189,93.92712550607287,25.539811066126855,8.560311284046692,91.01418812401472,6.733393994540491,92.44851258581235,74.69725940089229,8.990719257540604,91.0092807424594,87.95411089866157,0.9560229445506693
2023,Census Tract 610.03; Iredell County; North Carolina,37097061003,20.49722295688971,23.6445384818831,0.0,16.05395398042846,76.32901348849511,7.537688442211055,0.07934408886537953,42.314758113900794,92.83399351818508,24.666906733885487,19.759450171821307,84.0783833435395,6.220891550232867,94.32819383259911,73.96088019559902,9.413067552602437,90.58693244739756,66.80929095354523,1.528117359413203
2023,Census Tract 611.01; Iredell County; North Carolina,37097061101,24.219292158223457,19.77793199167245,0.0,3.7820957668285917,84.48993754337266,10.027758501040944,1.7002081887578073,48.480000000000004,81.91108840061318,10.475217169136434,33.8855421686747,86.32,5.998168498168498,95.1519536903039,61.483007209062826,10.999083409715857,89.00091659028413,88.36251287332647,3.089598352214212
2023,Census Tract 611.02; Iredell County; North Carolina,37097061102,16.986794717887154,19.08763505402161,9.813925570228092,6.182472989195678,77.19087635054022,3.4213685474189672,3.3913565426170464,54.593874833555255,91.3839115516584,19.214639725505148,7.327586206896551,90.34620505992011,5.350686912509038,88.73922413793103,68.58564321250888,9.517684887459806,90.48231511254019,84.07960199004975,8.173418621179815
2023,Census Tract 611.03; Iredell County; North Carolina,37097061103,19.49602122015915,18.368700265251988,0.0,7.493368700265251,88.69363395225464,1.5583554376657824,2.2546419098143233,44.84412470023981,82.6047769265435,14.285714285714285,11.246943765281173,95.603517186251,9.678747940691927,99.17602996254682,78.15333882934871,5.529595015576324,94.47040498442367,83.42951360263808,2.720527617477329
2023,Census Tract 611.04; Iredell County; North Carolina,37097061104,22.828096118299445,18.160813308687615,0.0,21.765249537892792,71.0720887245841,2.6802218114602585,4.482439926062846,52.44299674267101,93.00653594771242,20.26143790849673,11.30820399113082,93.91965255157437,15.808383233532936,92.43391066545124,77.74086378737542,6.133056133056133,93.86694386694387,77.29789590254707,2.8792912513842746
2023,Census Tract 612.01; Iredell County; North Carolina,37097061201,26.45122681029324,13.165769000598443,0.7979253939756632,11.769399561141034,71.37442649112307,7.101536006383403,8.95671254737682,67.17670286278381,95.7948106173576,32.32925738144945,11.270983213429256,87.16683119447185,7.6756170328180096,97.96916133884919,88.3445945945946,12.035661218424963,87.96433878157504,87.27477477477478,1.8018018018018018
2023,Census Tract 612.02; Iredell County; North Carolina,37097061202,23.7220585687056,17.813203950788427,1.2996014555536304,23.56610639403916,69.22543753249005,3.812164269623982,2.09669034829319,36.86291739894551,89.70286885245902,25.435450819672127,18.874560375146544,79.17398945518454,4.157201272149023,96.30484988452656,81.14178755264389,3.2155797101449273,96.78442028985508,80.62704726251755,1.2166588675713619
2023,Census Tract 612.03; Iredell County; North Carolina,37097061203,24.19703520691785,15.271772699197037,7.025941939468808,10.453983940704138,69.68807906114885,7.396541074737492,5.435453983940705,48.515939904727006,98.89110667553781,48.34774894655134,10.689990281827017,85.12275558812752,10.165003055612141,95.4225352112676,88.69849041207671,12.651461154668567,87.34853884533143,69.03304773561811,4.243166054671563
2023,Census Tract 612.04; Iredell County; North Carolina,37097061204,21.847994682029693,21.53777974739641,3.079991136716153,0.8420119654331929,86.37270108575227,3.8333702636826943,5.871925548415688,70.20232985898221,98.02834257547751,59.42698706099815,8.631319358816276,92.94911097486205,8.902750212645309,96.91049522944117,91.58163265306123,17.473684210526315,82.52631578947368,97.1938775510204,0.5102040816326531
2023,Census Tract 612.05; Iredell County; North Carolina,37097061205,18.757612667478686,25.602923264311816,1.1205846528623629,5.505481120584653,88.7454323995128,3.5322777101096223,1.0962241169305724,79.73733583489681,89.12545037667867,32.98395021290534,3.677758318739054,90.49405878674172,4.977511244377811,97.78801843317973,76.94665849172287,17.08185053380783,82.91814946619218,88.28939301042305,2.1459227467811157
2023,Census Tract 613.01; Iredell County; North Carolina,37097061301,17.591017352841103,11.126233412725417,0.0,9.595100374276964,73.66451173868663,4.933650901667233,11.806736985369174,72.99864314789689,89.25143953934742,12.715930902111324,28.60576923076923,83.10719131614654,4.95458298926507,97.40834386852086,81.30155820348305,4.549431321084865,95.45056867891513,71.95233730522457,2.566452795600367
2023,Census Tract 613.02; Iredell County; North Carolina,37097061302,25.50081212777477,16.13427179209529,3.013896408590507,5.414185165132648,81.4473921674788,5.378090597365096,4.746435661432955,60.72088724584104,89.08857509627728,16.37997432605905,21.369539551357732,82.67097966728281,8.761255779995132,97.64884338263178,78.2483156881617,7.232142857142858,92.76785714285715,82.24254090471608,2.935514918190568
2023,Census Tract 613.03; Iredell County; North Carolina,37097061303,22.973433242506815,12.993869209809263,0.9536784741144414,4.78542234332425,79.63215258855585,10.779972752043596,3.8487738419618527,53.57474466109564,98.14407814407814,35.433455433455435,14.492753623188406,86.72237697307335,9.728056599602034,95.20958083832335,87.5,4.477611940298507,95.52238805970148,84.619140625,0.87890625
2023,Census Tract 613.04; Iredell County; North Carolina,37097061304,17.725052337752967,14.357990230286113,0.9944173063503141,16.46894626657362,70.62107466852756,7.222609909281228,4.6929518492672715,38.97012078830261,94.00344064880805,26.001474563774885,7.737226277372263,86.55435473617293,2.247667514843087,96.00997506234414,90.30892932712653,3.353783231083845,96.64621676891616,62.80152348709268,3.3008887008040624
2023,Census Tract 614.01; Iredell County; North Carolina,37097061401,24.517857142857142,12.75,1.6964285714285714,0.0,94.23214285714285,1.0,3.0714285714285716,54.91135601341639,99.25469031097404,61.55230017990234,8.253968253968253,88.64398658361284,6.008989827300686,98.57094249744812,92.14579055441479,14.822912111937036,85.17708788806296,93.83983572895276,3.4394250513347027
2023,Census Tract 614.02; Iredell County; North Carolina,37097061402,19.977394744278048,11.599321842328342,5.156823961571065,1.6812658943204293,84.11980785532637,6.894602995196383,2.1474992935857586,59.5900439238653,97.9328165374677,56.88729874776386,7.796917497733455,92.97218155197658,4.272598870056497,95.47218628719276,93.47190646313737,8.878366380585973,91.12163361941403,48.87950633322507,0.6170834686586554
2023,Census Tract 614.03; Iredell County; North Carolina,37097061403,22.197004085338175,16.999546073536088,8.692691783931004,10.485701316386747,68.24784384929642,11.50703586019065,1.0667271901951885,49.42348008385744,94.45210199862164,52.03308063404548,9.077380952380953,90.61844863731656,8.926487747957992,98.52999602701628,88.51063829787233,3.7378392217101895,96.26216077828981,49.52127659574468,1.3829787234042552
2023,Census Tract 614.04; Iredell County; North Carolina,37097061404,15.310865775711797,17.315514235909355,2.818128994770482,13.509587449157468,74.63683904706566,2.8471818710052292,6.188262638001162,64.69135802469135,99.0521327014218,44.115323854660346,32.97180043383948,92.03703703703704,11.972555746140651,95.32798489853704,80.5607476635514,12.24712957900492,87.75287042099508,45.60747663551402,4.174454828660436
2023,Census Tract 614.05; Iredell County; North Carolina,37097061405,18.150782361308675,19.943100995732575,3.52773826458037,3.3285917496443815,81.28022759601707,9.587482219061167,2.275960170697013,66.80272108843538,97.98527702440914,54.5912437039907,11.327433628318584,91.70068027210885,7.959680222453945,91.47935180345009,92.03338391502275,8.914996544574983,91.08500345542502,89.98482549317147,3.8694992412746583
2023,Census Tract 614.06; Iredell County; North Carolina,37097061406,23.927566807313642,20.042194092827003,1.5471167369901548,0.0,82.68284106891703,11.480309423347398,4.289732770745429,72.41962774957699,99.34738955823293,68.95080321285141,21.826923076923077,90.91934574168077,3.743933441183268,97.01434664598682,92.88681204569055,14.399999999999999,85.6,93.6656282450675,2.0768431983385254
2023,Census Tract 614.07; Iredell County; North Carolina,37097061407,20.50643420506434,20.444167704441675,1.5151515151515151,6.662515566625156,86.88252386882523,3.7152345371523454,1.2245745122457452,46.457142857142856,97.26991274978892,52.60343371798481,29.6987087517934,81.02857142857142,9.060052219321149,97.24279835390946,82.41706161137441,12.156536219816818,87.84346378018319,68.19905213270142,3.033175355450237
2023,Census Tract 614.08; Iredell County; North Carolina,37097061408,29.9663928304705,7.505601194921583,0.8215085884988798,7.468259895444361,75.87752053771472,10.642270351008214,5.190440627333831,51.20898100172712,96.44268774703558,54.058984493767106,10.777126099706745,90.11226252158895,5.305251932817915,96.83181664981463,90.35139964264444,6.566499721758487,93.43350027824151,85.76533650982728,2.0250148898153664
2023,Census Tract 615.01; Iredell County; North Carolina,37097061501,33.898624458262674,16.35575654795553,2.5438100621820237,6.425475786696816,78.57546636517807,7.763331449029584,4.69191633691351,60.3310502283105,89.61442786069652,37.74875621890547,3.8644067796610173,82.99086757990868,9.67463288223438,96.32743362831859,80.73033707865169,8.811475409836065,91.18852459016394,65.11235955056179,4.550561797752809
2023,Census Tract 615.02; Iredell County; North Carolina,37097061502,26.7869222096956,13.483652762119505,1.1273957158962795,5.2987598647125145,80.90191657271703,6.989853438556934,5.682074408117249,48.86420999495205,94.07737076343717,40.87641218760699,7.36318407960199,90.30792529025744,5.7591623036649215,95.10075069142631,88.64353312302839,9.840728100113767,90.15927189988624,80.12618296529969,3.3438485804416405
2023,Census Tract 615.03; Iredell County; North Carolina,37097061503,21.500098173964265,13.803259375613589,1.9242096995876694,14.72609463970155,77.1451011191832,3.985862949145887,2.2187315923817006,46.707638279192274,95.73153608536927,45.04352709912946,10.474860335195531,88.80597014925374,5.452726363181591,97.87752261656229,83.30788804071247,0.9077155824508321,99.09228441754917,74.30025445292621,1.9338422391857506
2023,Census Tract 616.01; Iredell County; North Carolina,37097061601,24.55745996066311,10.73335206518685,2.051137960101152,31.834785051980894,44.844057319471766,12.896881146389436,8.373138522056758,40.15804597701149,90.38542990258365,20.5421431596781,15.873015873015872,81.03448275862068,3.761638733705773,93.16037735849056,78.8961038961039,14.563106796116504,85.43689320388349,55.43831168831169,8.36038961038961
2023,Census Tract 616.03; Iredell County; North Carolina,37097061603,19.624643002855976,12.34190126478988,12.423500611995104,5.589555283557732,69.66544267645858,2.529579763361893,9.791921664626683,40.68934646374217,87.42262239729882,42.20596510973551,16.793893129770993,85.9892569382274,5.0761421319796955,95.40106951871657,83.34858188472096,10.336341263330599,89.6636587366694,47.80420860018298,4.117108874656908
2023,Census Tract 616.04; Iredell County; North Carolina,37097061604,19.044368600682592,31.94539249146758,0.955631399317406,14.129692832764503,78.22525597269625,5.051194539249146,1.6382252559726962,43.56164383561644,92.32111692844677,60.55846422338569,0.0,100.0,11.467116357504215,92.64705882352942,91.23711340206185,8.056872037914692,91.9431279620853,86.76975945017182,6.872852233676976
2023,Census Tract 616.05; Iredell County; North Carolina,37097061605,24.465941152760983,8.18218460298267,9.834744054816607,1.6122531237404272,80.85449415558243,7.134220072551391,0.5642885933091495,43.28621908127209,95.0661853188929,43.922984356197354,6.609808102345416,85.15901060070671,3.7886872998932764,96.1133069828722,93.24975891996142,7.410714285714286,92.58928571428572,69.43105110896818,2.700096432015429
2023,Census Tract 701; Lincoln County; North Carolina,37109070100,24.42600810341501,18.98514373914721,0.2894076789504148,19.776191394945013,55.334748215319316,22.05286513602161,2.54678757476365,52.762836185819076,89.93288590604027,17.663209273947526,15.04907306434024,81.71149144254278,13.760531018636712,98.0018165304269,70.06564551422319,7.414910858995137,92.58508914100486,54.223194748358864,10.153172866520787
2023,Census Tract 702.01; Lincoln County; North Carolina,37109070201,24.697469746974697,13.76971030436377,0.0,20.663733039970662,57.68243491015769,17.986798679867988,3.667033370003667,56.04451188669701,78.43251088534107,15.036284470246736,3.4443168771526977,91.04704097116844,6.017262638717632,94.4466325324931,75.86052749217703,4.319931565440547,95.68006843455944,41.618238712561464,5.4090299508270006
2023,Census Tract 702.02; Lincoln County; North Carolina,37109070202,17.20689655172414,21.344827586206897,4.379310344827586,10.517241379310345,74.6551724137931,9.724137931034482,0.7241379310344828,66.37239165329053,90.88422971741113,24.020054694621695,3.4739454094292808,98.15409309791332,1.4160766347355267,95.60585885486019,78.63383637807783,8.236151603498543,91.76384839650146,88.88006354249404,3.8125496425734715
2023,Census Tract 703; Lincoln County; North Carolina,37109070300,20.872583044124937,26.921170054536443,0.44620723847297966,8.94893406048587,72.03767972235994,14.923153197818543,3.6440257808626675,59.676375404530745,89.99655053466714,23.766816143497756,16.537867078825347,92.10355987055017,11.152882205513784,96.61610268378062,77.67527675276753,14.149947201689548,85.85005279831044,69.37269372693727,0.8610086100861009
2023,Census Tract 704; Lincoln County; North Carolina,37109070400,18.184845961698585,18.701082431307245,0.5995004163197336,2.298084929225645,88.27643630308076,7.826810990840966,0.9991673605328892,56.094230112666445,84.60708117443869,18.696027633851468,10.960591133004927,88.32365995220212,5.658457154488093,95.28746465598492,66.63879598662207,8.247027234369005,91.75297276563099,84.86622073578596,2.4247491638795986
2023,Census Tract 705; Lincoln County; North Carolina,37109070500,15.617805065234075,21.623177283192632,0.17267843438219493,3.18495778971604,92.40214888718342,2.225633154259401,2.014581734458941,62.82828282828283,81.43033292231813,11.590628853267571,4.850213980028531,91.41414141414141,6.707594361073214,94.84126984126983,67.57865937072503,1.127141568981064,98.87285843101894,79.61696306429549,7.432740538075695
2023,Census Tract 706; Lincoln County; North Carolina,37109070600,18.725999548226792,20.849333634515475,0.0,2.1685114072735487,81.45470973571267,14.976281906482946,1.4004969505308336,85.80952380952381,87.62562814070351,22.204773869346734,1.226158038147139,89.47619047619048,6.22568093385214,96.82894149173738,65.96764529658478,14.013395157135497,85.9866048428645,84.96105452366687,3.3553025763930497
2023,Census Tract 707; Lincoln County; North Carolina,37109070700,21.522234891676167,16.676168757126568,0.9692132269099202,1.9669327251995439,89.39566704675028,1.653363740022805,6.014823261117446,70.42052744119744,89.15515840779854,19.293257514216084,10.714285714285714,83.464005702067,4.286233200145296,94.3418013856813,65.55386949924127,10.64406779661017,89.35593220338983,89.07435508345979,4.400606980273141
2023,Census Tract 708; Lincoln County; North Carolina,37109070800,15.667915106117352,18.196004993757803,0.0780274656679151,9.394506866416979,77.30961298377028,3.620474406991261,9.597378277153558,54.00645729380686,87.52448100274187,15.060712886799843,0.0,84.85471088934547,7.475943745373797,97.0261184380657,68.05605461731943,2.453557658604977,97.54644234139502,67.6607977003234,4.419690980955803
2023,Census Tract 709.01; Lincoln County; North Carolina,37109070901,23.290109331299263,15.230104246122552,0.0,0.5847953216374269,84.99872870582253,13.704551233155351,0.7119247393846937,60.86956521739131,87.2621359223301,22.40776699029126,25.346260387811636,88.98927159796725,4.5409347033476966,95.47938400397416,76.1867088607595,9.06474820143885,90.93525179856115,87.18354430379746,2.0569620253164556
2023,Census Tract 709.02; Lincoln County; North Carolina,37109070902,23.679845175559855,14.514791263478022,2.502073541609068,4.31296654686204,88.70611003594139,1.3408902405308267,3.1379596350566765,67.07712248865846,95.7970172380399,32.94596165020337,12.62848751835536,89.72780298120544,5.940952725955443,98.36497890295358,81.62672476397967,4.870466321243523,95.12953367875647,85.9840232389252,0.8714596949891068
2023,Census Tract 710.01; Lincoln County; North Carolina,37109071001,25.833028194800438,14.005858659831564,0.0,1.702673013548151,83.00988648846577,12.065177590626144,3.2222629073599416,63.737957610789984,84.3520782396088,20.809562618853573,8.108108108108109,84.1233140655106,6.047889410022217,93.7864077669903,76.95605573419078,10.67496409765438,89.32503590234562,86.49517684887459,5.627009646302251
2023,Census Tract 710.02; Lincoln County; North Carolina,37109071002,27.013752455795675,14.767518009168304,0.0,9.659462999345122,76.12966601178782,11.820563195808775,2.3903077930582843,70.94370860927152,86.787072243346,19.53422053231939,3.453947368421053,85.26490066225165,7.312696276357111,97.09724238026125,69.26483613817538,6.8481848184818475,93.15181518151815,92.91408325952169,2.657218777679362
2023,Census Tract 711.01; Lincoln County; North Carolina,37109071101,22.166998011928428,12.439647827321783,0.7384265833570008,4.004544163589889,87.65975575120704,4.728770235728486,2.86850326611758,69.52542372881356,95.6159492164253,37.869470343185874,21.839080459770116,95.11864406779661,7.133734719941616,97.67748746371075,87.67272727272727,12.44826488379497,87.55173511620504,75.63636363636364,3.418181818181818
2023,Census Tract 711.02; Lincoln County; North Carolina,37109071102,19.317319848293298,25.61314791403287,1.5170670037926675,2.1112515802781293,92.76864728192163,2.553729456384324,1.0493046776232617,61.91972076788831,95.42450432130147,37.33265548212167,18.01801801801802,94.86910994764398,13.346990230066183,96.56432748538012,93.16569954867828,2.5753768844221105,97.42462311557789,87.45970341715022,0.0
2023,Census Tract 712.01; Lincoln County; North Carolina,37109071201,14.018191546281432,30.97913322632424,0.0,0.0,94.16800428036383,4.012841091492777,1.8191546281433921,82.8250401284109,95.26588845654993,41.050583657587545,9.239130434782608,94.54253611556982,9.209707529558182,94.69434832756633,87.15814506539834,13.477366255144032,86.52263374485597,85.4934601664685,1.78359096313912
2023,Census Tract 712.02; Lincoln County; North Carolina,37109071202,14.590920126244233,33.81888807963097,0.8254430687059966,3.1561058509346926,91.76984705025491,2.0636076717649914,2.1849963583394025,89.77879481311976,97.02941176470588,46.52941176470588,21.683673469387756,96.87261632341723,10.23308698123934,95.67099567099568,90.22598870056497,6.891109942135717,93.10889005786429,88.24858757062147,1.2994350282485876
2023,Census Tract 712.03; Lincoln County; North Carolina,37109071203,22.770628311884934,16.12414837244512,1.1203633610900832,0.6813020439061317,95.15518546555639,2.5283875851627555,0.5147615442846328,72.55285826155051,97.11751662971176,49.490022172949,4.991394148020654,94.44009397024276,5.4891197804352085,97.01579871269749,90.13507981989358,7.427055702917771,92.57294429708223,86.90135079819893,0.4093327875562832
2023,Census Tract 1.01; Mecklenburg County; North Carolina,37119000101,0.4003202562049639,9.367493995196156,14.091273018414732,4.803843074459568,57.00560448358687,20.09607686148919,4.00320256204964,35.43191800878478,100.0,61.66328600405679,0.0,66.17862371888727,0.964630225080386,100.0,94.53681710213777,10.520722635494154,89.47927736450585,6.294536817102138,3.681710213776722
2023,Census Tract 1.02; Mecklenburg County; North Carolina,37119000102,3.8694992412746583,1.5553869499241275,8.915022761760243,8.915022761760243,61.229135053110774,12.291350531107739,8.649468892261002,32.17687074829932,100.0,82.55360623781677,0.0,47.21088435374149,3.749013417521705,98.53372434017595,83.92461197339246,22.840034217279726,77.15996578272028,19.955654101995567,12.472283813747229
2023,Census Tract 1.03; Mecklenburg County; North Carolina,37119000103,4.712812960235641,3.1909671084928815,9.474717722140403,17.034855179185076,53.51006381934217,11.880216003927343,8.100147275405007,39.37007874015748,98.96623018607856,71.39903514817367,0.0,63.51706036745407,0.5667181865018033,98.88103651354535,84.7846889952153,10.068846815834767,89.93115318416524,28.995215311004785,6.220095693779904
2023,Census Tract 1.04; Mecklenburg County; North Carolina,37119000104,2.9702970297029703,8.181344450234498,2.9702970297029703,18.342886920270974,68.21261073475769,4.84627410109432,5.627931214174049,30.605822187254127,99.25115207373271,74.82718894009217,0.0,56.726986624704956,6.122448979591836,98.89212827988338,79.08545727136432,30.230125523012553,69.76987447698745,41.82908545727136,19.565217391304348
2023,Census Tract 3.01; Mecklenburg County; North Carolina,37119000301,2.35934664246824,2.631578947368421,11.524500907441016,10.526315789473683,69.41923774954628,5.44464609800363,3.0852994555353903,34.06408094435076,100.0,79.9184505606524,0.0,67.45362563237775,1.20817843866171,95.05664263645725,97.22572509457756,10.192525481313703,89.80747451868629,9.709962168978564,6.6834804539722565
2023,Census Tract 3.02; Mecklenburg County; North Carolina,37119000302,6.141618497109826,9.826589595375722,1.1560693641618496,30.41907514450867,42.26878612716763,11.416184971098266,14.739884393063585,37.878787878787875,88.98809523809523,66.36904761904762,0.0,52.87878787878788,1.4626635873749037,98.77515310586176,87.45874587458746,25.552825552825553,74.44717444717445,11.221122112211221,12.761276127612762
2023,Census Tract 4.01; Mecklenburg County; North Carolina,37119000401,1.5995587424158852,6.012134583563155,5.129619415333702,10.75565361279647,83.01158301158301,1.1031439602868174,0.0,33.5832083958021,98.54147675478579,79.30720145852325,100.0,70.61469265367316,4.820627802690583,97.46835443037975,86.30849220103987,3.9933444259567388,96.00665557404326,11.0051993067591,14.471403812824956
2023,Census Tract 4.02; Mecklenburg County; North Carolina,37119000402,1.149933657673596,0.0,4.511278195488721,2.344095532950022,86.11233967271119,3.007518796992481,4.024767801857585,33.68580060422961,100.0,77.9622641509434,,69.93957703927492,2.371364653243848,100.0,92.4264705882353,10.467412771560237,89.53258722843977,5.220588235294118,7.647058823529412
2023,Census Tract 5.01; Mecklenburg County; North Carolina,37119000501,8.095007270964615,3.587009209888512,6.689287445467765,24.5758603974794,43.7227338826951,16.577799321376634,8.434318952981096,35.08379888268156,95.52631578947368,62.5438596491228,0.0,60.78212290502793,3.0063291139240507,90.09966777408638,90.88913282107573,18.075539568345324,81.92446043165468,32.05268935236004,9.440175631174535
2023,Census Tract 5.02; Mecklenburg County; North Carolina,37119000502,12.237093690248566,0.25493945188017847,14.340344168260039,6.309751434034416,61.886551943913325,16.634799235181642,0.82855321861058,36.392742796157954,99.73856209150327,75.81699346405229,70.0,72.35859124866596,0.0,99.25760950259837,86.20296465222349,12.3,87.7,3.30672748004561,18.47206385404789
2023,Census Tract 5.03; Mecklenburg County; North Carolina,37119000503,0.0,32.796780684104625,3.1522468142186453,29.107981220657276,50.83836351441985,12.340710932260228,4.560697518443997,31.27413127413127,90.52132701421802,51.421800947867304,,62.74131274131274,11.602951039570758,95.70230607966457,63.3147113594041,15.896632732967895,84.1033672670321,46.74115456238361,26.536312849162012
2023,Census Tract 6; Mecklenburg County; North Carolina,37119000600,9.58354239839438,4.415454089312594,4.666332162568992,47.24034119417963,38.058203712995486,5.920722528850978,4.114400401404917,40.82211197732104,85.6642242752469,41.350748646065625,10.897435897435898,73.28136073706591,2.2475027746947833,94.13008989952407,82.00890019071836,11.827354260089686,88.17264573991032,27.590591226954864,14.367450731087095
2023,Census Tract 7; Mecklenburg County; North Carolina,37119000700,4.773365423184918,1.6446048937023665,3.77055756117128,38.0665864420377,45.96871239470517,8.303249097472925,3.890894504612916,39.848993288590606,97.3218338629142,63.64049024058103,6.722689075630252,70.63758389261746,1.0530749789385003,99.63201471941122,84.97474747474747,7.799767171129219,92.20023282887078,17.108585858585858,5.871212121212121
2023,Census Tract 8; Mecklenburg County; North Carolina,37119000800,17.710077000334785,8.771342484097756,2.4774020756611987,57.616337462336794,36.29059256779377,1.9417475728155338,1.6739203213927016,50.91463414634146,93.54976505766767,47.71465185818026,0.0,80.71646341463415,4.51586655817738,93.90180878552971,85.44726301735648,6.375,93.625,46.52870493991989,6.074766355140187
2023,Census Tract 9; Mecklenburg County; North Carolina,37119000900,10.753275109170305,13.700873362445416,1.6375545851528384,30.786026200873362,53.00218340611353,12.063318777292578,2.5109170305676853,45.45454545454545,93.6241610738255,55.90604026845638,0.0,90.9090909090909,4.912935323383085,88.49706129303107,82.67270668176671,10.536980749746707,89.4630192502533,61.94790486976217,10.30577576443941
2023,Census Tract 10; Mecklenburg County; North Carolina,37119001000,13.864661654135338,11.30827067669173,3.6390977443609023,9.022556390977442,75.06766917293233,3.2781954887218046,8.992481203007518,44.60567823343848,96.82726204465335,80.76772424598512,44.24778761061947,83.34384858044163,4.60295151089248,95.926243567753,89.31337119256582,6.919750120134551,93.08024987986545,44.29530201342282,4.130098089829634
2023,Census Tract 11; Mecklenburg County; North Carolina,37119001100,12.95206055508831,7.1208298289879455,2.747406784412672,5.410709279506588,85.78637510513036,2.635267731987665,3.420241098962714,42.58496395468589,97.94223826714801,79.49458483754512,22.18430034129693,90.98867147270855,7.085346215780998,98.03421914816163,81.21636167922497,1.6931216931216932,98.3068783068783,40.85037674919268,2.3681377825618943
2023,Census Tract 12; Mecklenburg County; North Carolina,37119001200,22.596729158356602,9.39369764658955,2.532907857997607,20.38292780215397,43.83725568408457,29.3777423214998,3.8691663342640603,43.97201291711518,82.85475327571787,45.24672428212991,4.477611940298507,76.69537136706136,5.307910332388559,96.8148407420371,84.55635491606715,9.974093264248705,90.02590673575129,47.19424460431655,8.489208633093526
2023,Census Tract 13; Mecklenburg County; North Carolina,37119001300,14.030612244897958,11.964285714285715,5.051020408163265,27.908163265306126,49.69387755102041,13.010204081632654,4.336734693877551,44.3010752688172,84.62023321777498,50.11030570438071,0.0,81.93548387096774,4.005934718100891,96.56384224912144,77.09923664122137,8.937437934458789,91.06256206554121,50.05452562704471,15.539803707742639
2023,Census Tract 14; Mecklenburg County; North Carolina,37119001400,17.312316323804435,3.6601656425327276,0.8282126636387924,20.97248196633716,61.58161902217473,8.816457387122629,7.80122896072669,38.153310104529616,96.86578171091446,65.04424778761062,7.468879668049793,75.60975609756098,2.916396629941672,89.07413976587442,88.58447488584474,7.837980010520779,92.16201998947923,56.9634703196347,3.139269406392694
2023,Census Tract 15.04; Mecklenburg County; North Carolina,37119001504,18.34680745751526,11.219270747401419,6.335588186767859,53.55551889127207,17.835340702854314,17.884837485563438,4.38871473354232,80.0777110561639,68.84735202492212,17.71250556297285,0.0,80.8548216178029,2.1673080818310715,89.90802883420334,63.906009244992305,7.975895072669266,92.02410492733073,51.348228043143294,8.590138674884438
2023,Census Tract 15.05; Mecklenburg County; North Carolina,37119001505,31.411139539460738,4.979334776618776,3.778783703995277,22.259397756347177,18.342845896477073,54.10352292855737,1.5154497146231056,64.05440414507773,72.5296442687747,30.8300395256917,0.0,76.10103626943005,3.0989956958393114,94.06516679596587,84.57844183564568,3.1023784901758016,96.89762150982419,64.72785485592316,0.9071504802561365
2023,Census Tract 15.07; Mecklenburg County; North Carolina,37119001507,34.66407010710808,6.134371957156767,0.0,43.271665043816945,4.050632911392405,52.28821811100293,0.3894839337877313,70.61885482938115,63.17154501667284,12.560207484253427,0.07057163020465773,61.364950838635046,2.1225710014947685,92.67879813796021,65.28640441683919,5.541069100391134,94.45893089960886,31.469979296066253,12.077294685990339
2023,Census Tract 15.08; Mecklenburg County; North Carolina,37119001508,24.01587826662256,14.952034402911016,2.4313595765795566,57.707575256367846,23.12272576910354,15.514389679126694,1.2239497188223618,78.81773399014779,89.6091284292304,32.94488953629522,1.6295025728987993,86.25167935512764,8.815846756639093,94.06674907292954,75.17130189439743,7.008995502248876,92.99100449775113,55.259975816203145,4.796453043127771
2023,Census Tract 15.09; Mecklenburg County; North Carolina,37119001509,35.41905855338691,14.954075774971297,4.42020665901263,59.58668197474167,4.535017221584385,29.276693455797933,2.1814006888633752,57.17781402936378,70.48792041686404,15.490288962576978,0.19646365422396855,77.56933115823817,1.7333333333333332,85.7060849598163,64.02877697841727,4.712939160239932,95.28706083976007,60.07194244604317,2.787769784172662
2023,Census Tract 15.10; Mecklenburg County; North Carolina,37119001510,25.74884792626728,15.581797235023043,4.752304147465438,61.60714285714286,6.221198156682028,24.222350230414747,3.197004608294931,75.25849335302807,80.64935064935065,27.142857142857142,0.6784260515603799,90.76809453471196,4.228083785880528,87.78330569375345,66.69642857142857,7.742998352553541,92.25700164744646,46.875,8.214285714285714
2023,Census Tract 16.03; Mecklenburg County; North Carolina,37119001603,22.672929120409908,16.588385994876173,8.518360375747225,34.62852263023058,26.75064047822374,27.049530315969257,3.0529461998292056,62.81292671825216,78.30018083182641,24.47257383966245,0.0,70.77833409194356,8.31032578685809,99.84282907662082,75.33039647577093,10.365251727541954,89.63474827245804,39.09691629955947,13.215859030837004
2023,Census Tract 16.05; Mecklenburg County; North Carolina,37119001605,26.032315978456015,8.617594254937163,6.403351286654697,25.792938360263317,24.895272292040694,40.57450628366247,2.333931777378815,57.48129675810474,71.89655172413794,28.965517241379313,2.6143790849673203,70.44887780548629,7.443365695792881,98.05527123848515,69.90920881971465,8.649289099526067,91.35071090047393,22.17898832684825,12.062256809338521
2023,Census Tract 16.06; Mecklenburg County; North Carolina,37119001606,23.235840297121634,15.157845868152275,15.55246053853296,18.82544103992572,28.551532033426184,34.81894150417828,2.2516248839368616,74.6994848311391,74.17175940816983,31.392730781601802,0.13550135501355012,75.55809959931311,3.7496220139098884,95.36060733867566,79.30574098798398,7.815384615384616,92.18461538461538,41.98931909212283,8.277703604806408
2023,Census Tract 16.07; Mecklenburg County; North Carolina,37119001607,31.440237564959165,14.476614699331849,0.0,48.478099480326655,14.996288047512992,35.30066815144766,1.2249443207126949,71.84959349593495,71.72295363480252,20.206067544361765,0.5607476635514018,65.04065040650406,7.958852192744992,94.91916859122402,54.51950523311132,10.400682011935208,89.59931798806478,22.454804947668887,12.844909609895339
2023,Census Tract 16.08; Mecklenburg County; North Carolina,37119001608,23.285643808584116,11.37148495313271,2.0226936359151457,40.42920572274297,15.71287617168229,37.39516526887025,4.440059200789344,60.236998025016455,74.15254237288136,12.134052388289676,3.3057851239669422,68.00526662277815,4.533762057877813,92.33212341197822,61.904761904761905,9.201773835920177,90.79822616407982,42.124542124542124,9.768009768009769
2023,Census Tract 16.09; Mecklenburg County; North Carolina,37119001609,21.14305750350631,14.866760168302944,3.3660589060308554,34.22159887798036,15.743338008415147,40.04207573632538,6.626928471248247,73.91613361762616,78.16938453445556,24.934245134139925,3.036876355748373,77.61194029850746,8.803912850155625,96.79817038307604,76.70405522001725,11.051419800460476,88.94858019953953,47.454702329594475,13.287316652286455
2023,Census Tract 17.01; Mecklenburg County; North Carolina,37119001701,26.896241278415484,3.2860679720909296,1.6430339860454648,29.214494710781004,36.1917623227549,29.642133693450372,3.308575286968265,49.03934126258005,85.01237186284906,36.267232237539766,5.972045743329097,73.28453796889296,1.726302573760201,92.29954079830449,76.69211195928753,5.301204819277109,94.6987951807229,20.35623409669211,7.888040712468193
2023,Census Tract 17.02; Mecklenburg County; North Carolina,37119001702,29.696789536266348,3.582045184304399,10.25564803804994,15.918549346016647,24.509512485136742,46.284185493460164,3.032104637336504,77.3178241532672,71.61228864015243,27.744701119314126,11.02629346904156,63.80431063975368,2.727272727272727,96.74972914409534,64.27343078245916,3.7649979313198183,96.23500206868019,35.167669819432504,14.918314703353397
2023,Census Tract 18.01; Mecklenburg County; North Carolina,37119001801,17.64234161988773,5.45308740978348,1.9246190858059342,28.789093825180434,64.95589414595028,3.0473135525260626,1.2830793905372895,50.239999999999995,94.65875370919882,51.038575667655785,0.0,98.24000000000001,3.992210321324245,95.50425273390036,81.01092896174863,4.811443433029909,95.18855656697009,32.650273224043715,0.9562841530054645
2023,Census Tract 18.02; Mecklenburg County; North Carolina,37119001802,17.885487528344672,10.005668934240362,6.91609977324263,20.096371882086167,59.467120181405896,6.944444444444445,6.575963718820861,61.07673267326733,90.57943925233644,51.887850467289724,8.597285067873303,81.8069306930693,4.625474628926476,93.30490405117271,74.2274412855377,13.24396782841823,86.75603217158177,46.41532756489493,2.719406674907293
2023,Census Tract 19.10; Mecklenburg County; North Carolina,37119001910,33.86431784107946,9.44527736131934,11.975262368815592,35.6071964017991,8.058470764617692,40.55472263868066,3.804347826086957,62.242332830568124,72.2016806722689,11.428571428571429,4.3066322136089585,61.588738059326296,6.347407197506376,95.58648111332008,74.33096668487165,10.42074363992172,89.57925636007828,37.79355543418897,14.41835062807209
2023,Census Tract 19.11; Mecklenburg County; North Carolina,37119001911,22.886225578722705,11.755048432112954,11.771466097520932,46.199310458052864,13.544573961582662,26.39960597603021,2.085043506813331,70.64393939393939,77.6847290640394,22.266009852216747,7.974137931034483,82.38636363636364,4.364487971045348,91.90432382704692,82.61296660117878,6.131857999077916,93.86814200092208,55.69744597249509,9.037328094302556
2023,Census Tract 19.14; Mecklenburg County; North Carolina,37119001914,27.07311375846765,5.022191076851203,8.385891146928289,27.236626956318617,30.787199252511094,28.054192945573465,5.536089698668535,72.56965944272446,75.42206517471534,27.52257557911268,3.490136570561457,78.328173374613,5.381165919282512,94.87978628673197,66.83133380381086,3.0116358658453115,96.9883641341547,36.838390966831334,8.609738884968243
2023,Census Tract 19.16; Mecklenburg County; North Carolina,37119001916,29.09698996655518,10.635451505016723,3.835005574136009,50.07803790412486,23.076923076923077,20.022296544035676,2.987736900780379,87.33783082511675,83.59807905430365,21.204285186553378,7.481751824817519,83.8090295796575,4.779874213836479,94.89414694894147,85.60097620500305,4.9855072463768115,95.01449275362319,60.89078706528371,0.4881025015253203
2023,Census Tract 19.17; Mecklenburg County; North Carolina,37119001917,28.47512784751278,12.482566248256626,0.4881450488145049,25.453277545327758,34.07717340771734,36.86657368665737,3.114830311483031,75.47723935389133,77.25714285714285,15.276190476190477,18.401486988847584,67.40088105726872,3.249918752031199,89.07161803713528,78.80434782608695,9.486999297259311,90.51300070274068,54.580745341614914,2.329192546583851
2023,Census Tract 19.18; Mecklenburg County; North Carolina,37119001918,29.114557278639317,5.652826413206603,3.676838419209605,52.851425712856425,15.682841420710355,25.987993996998497,1.8009004502251125,69.77434679334917,84.75462590506838,22.767497988736928,1.0670731707317074,78.44418052256532,8.186309103740296,91.7789131444496,70.19464720194647,8.207705192629817,91.79229480737018,26.946472019464718,6.021897810218978
2023,Census Tract 19.19; Mecklenburg County; North Carolina,37119001919,16.454646017699115,12.002212389380531,6.664823008849558,35.89601769911505,29.452433628318587,22.538716814159294,5.448008849557522,72.85121517486662,91.17216117216117,31.062271062271062,9.45945945945946,82.33550681683461,4.138851802403204,91.29154396297855,80.50900062073246,9.034443817052512,90.96555618294748,58.783364369956544,3.0415890751086283
2023,Census Tract 19.20; Mecklenburg County; North Carolina,37119001920,29.918488329010746,8.72545387180437,6.817339755464986,28.103001111522786,17.45090774360874,45.55390885513153,2.0748425342719528,71.16252821670429,77.50685766534593,20.969216702224934,6.809338521400778,84.93227990970654,5.901116427432217,84.78904515173944,73.5009671179884,8.387477849970466,91.61252215002953,57.446808510638306,2.0631850419084463
2023,Census Tract 19.21; Mecklenburg County; North Carolina,37119001921,25.268404907975462,12.154907975460123,17.254601226993866,28.757668711656443,26.07361963190184,25.11503067484663,2.799079754601227,72.661217075386,78.15315315315316,21.4527027027027,10.8348134991119,84.37783832879201,3.642893791688045,94.76190476190476,86.85446009389672,5.438401775804662,94.56159822419534,81.2206572769953,2.3474178403755865
2023,Census Tract 19.22; Mecklenburg County; North Carolina,37119001922,29.993218040013563,8.562224482875552,6.3072227873855535,39.081044421837916,16.649711766700577,32.756866734486266,5.205154289589691,69.7107438016529,71.88422917897223,16.03662138216184,6.878761822871883,75.9504132231405,4.528941632356503,90.5053105889926,70.5981941309255,5.3418803418803416,94.65811965811966,70.76749435665914,6.941309255079006
2023,Census Tract 19.23; Mecklenburg County; North Carolina,37119001923,16.911154165513423,11.929144755051203,0.0,46.85856628840299,29.698311652366456,21.671740935510655,1.7713811237199002,68.74585268745854,88.41010401188707,19.910846953937593,0.0,85.26874585268746,2.798134576948701,96.14312267657994,84.12600370599135,6.416184971098265,93.58381502890172,39.59234095120445,7.4119827053736875
2023,Census Tract 19.24; Mecklenburg County; North Carolina,37119001924,35.36711478800414,12.237159600137884,11.616683902102723,23.612547397449156,8.031713202344019,51.67183729748363,5.067218200620475,68.34462729912875,54.0809968847352,17.694704049844237,3.873239436619718,79.96127783155856,1.1199999999999999,100.0,62.076053442959925,8.63849765258216,91.36150234741784,35.66289825282631,20.452209660842755
2023,Census Tract 19.25; Mecklenburg County; North Carolina,37119001925,31.142219517143438,4.2402109961452625,4.686548995739501,58.77459931020491,8.825319537431527,26.354230066950702,1.3593020896733616,74.52294997421352,69.35600578871201,13.277858176555716,0.0,71.11913357400722,0.7660577489687684,95.6081081081081,75.42512342292925,0.49126637554585156,99.50873362445415,22.92923752057049,6.417992320351069
2023,Census Tract 19.26; Mecklenburg County; North Carolina,37119001926,20.325693606755127,8.655006031363088,0.9650180940892641,48.13027744270205,31.574185765983113,15.470446320868517,3.8600723763570564,73.8213399503722,90.49881235154395,46.00158353127474,19.747899159663866,94.97518610421837,4.08781226343679,94.88692232055064,77.32362821948489,1.76017601760176,98.23982398239825,29.171332586786114,11.758118701007838
2023,Census Tract 19.27; Mecklenburg County; North Carolina,37119001927,17.413522012578618,3.5770440251572326,0.0,60.416666666666664,12.10691823899371,25.864779874213838,1.6116352201257862,52.55699322242761,83.94039735099338,29.415011037527595,31.868131868131865,60.44362292051756,4.8548310328415045,97.7997799779978,81.64763458401305,19.816873773708306,80.18312622629169,0.0,7.259380097879283
2023,Census Tract 20.04; Mecklenburg County; North Carolina,37119002004,25.80524344569288,9.606741573033707,6.947565543071161,25.187265917602996,50.09363295880149,14.531835205992511,3.239700374531835,69.26809543065103,98.3989145183175,65.86160108548168,31.390134529147986,86.33238980994743,4.719838465421504,100.0,82.97769156159069,4.757505773672055,95.24249422632795,56.88651794374394,8.341416100872939
2023,Census Tract 20.05; Mecklenburg County; North Carolina,37119002005,17.028380634390654,15.659432387312187,2.7378964941569284,13.222036727879798,69.54924874791318,9.81636060100167,4.674457429048414,65.3755868544601,97.59036144578313,69.92106356460323,29.914529914529915,97.30046948356808,1.8511066398390341,82.06785137318255,89.61748633879782,9.34984520123839,90.6501547987616,21.243169398907106,0.0
2023,Census Tract 20.06; Mecklenburg County; North Carolina,37119002006,26.60481444332999,15.59679037111334,3.0591775325977935,3.4353059177532597,86.45937813440321,5.466399197592779,1.579739217652959,56.72025723472669,93.13116550968213,70.29594446474242,28.37209302325581,93.69774919614147,4.4755722582849335,96.67823500247893,88.66396761133603,14.631336405529954,85.36866359447005,77.59784075573549,4.65587044534413
2023,Census Tract 20.07; Mecklenburg County; North Carolina,37119002007,22.712550607287447,22.22672064777328,3.724696356275304,29.4331983805668,55.62753036437247,5.182186234817814,6.032388663967611,83.27759197324414,92.25274725274726,52.52747252747253,15.32258064516129,81.10367892976589,5.09453781512605,98.58490566037736,68.82239382239382,13.666666666666666,86.33333333333333,56.46718146718147,7.142857142857142
2023,Census Tract 20.08; Mecklenburg County; North Carolina,37119002008,19.132893496701225,20.38956958843858,3.3301916431039897,2.2934338674206725,87.11907005969212,4.366949418787307,2.8903550109959157,58.12650120096077,96.64646464646465,64.04040404040404,14.285714285714285,94.31545236188951,6.7987567987567985,99.57264957264957,93.53640416047548,0.0,100.0,95.76523031203567,0.5943536404160475
2023,Census Tract 21; Mecklenburg County; North Carolina,37119002100,23.08927424534361,11.849710982658959,8.574181117533719,17.82273603082852,58.991650610147715,9.441233140655106,5.17019910083494,58.53018372703412,93.36206896551724,45.474137931034484,35.6687898089172,90.28871391076116,3.507306889352818,93.3373349339736,83.8778409090909,4.2828008157715844,95.71719918422842,53.33806818181818,7.5994318181818175
2023,Census Tract 22.01; Mecklenburg County; North Carolina,37119002201,30.634328358208958,8.694029850746269,5.335820895522389,8.843283582089551,72.91044776119404,9.067164179104479,3.8432835820895526,45.60067681895093,92.98440979955457,76.89309576837417,32.38434163701068,87.81725888324873,1.5599784830554062,97.92207792207792,92.67822736030828,16.35777598710717,83.64222401289283,66.76300578034682,5.105973025048169
2023,Census Tract 22.02; Mecklenburg County; North Carolina,37119002202,15.692307692307692,18.461538461538463,0.4444444444444444,16.75213675213675,77.94871794871796,0.3076923076923077,4.547008547008547,43.93338620142744,99.01719901719902,77.69041769041769,64.68842729970326,93.89373513084853,7.142857142857142,98.1651376146789,82.84023668639054,15.014367816091953,84.98563218390804,56.80473372781065,1.4370245139475908
2023,Census Tract 23; Mecklenburg County; North Carolina,37119002300,41.711051930758984,9.720372836218376,0.7656458055925432,88.78162450066579,1.8974700399467377,4.394141145139813,4.161118508655127,41.973684210526315,81.0188415910677,7.18771807397069,2.8112449799196786,59.73684210526316,1.9461934745277618,79.33740191804708,64.4426362896664,2.305246422893482,97.69475357710652,13.83238405207486,36.12693246541904
2023,Census Tract 24; Mecklenburg County; North Carolina,37119002400,12.779650628256206,5.730922463990193,1.3484523444682808,3.8308305240576157,82.53141281029728,10.205332516089488,2.083971805087343,34.69750889679715,95.06910720956294,82.40567799775869,25.757575757575758,74.43653618030842,1.0189739985945185,97.83634933123525,91.24168514412418,7.959183673469387,92.04081632653062,38.30376940133038,3.713968957871397
2023,Census Tract 25; Mecklenburg County; North Carolina,37119002500,8.05313408053134,6.55873806558738,2.65670402656704,8.88335408883354,80.69738480697384,5.93607305936073,1.82648401826484,49.247822644497234,98.5014985014985,83.01698301698302,10.795454545454545,92.4782264449723,3.9729119638826185,98.22964087000506,89.46347769877183,6.128640776699029,93.87135922330097,29.02391725921138,2.391725921137686
2023,Census Tract 26; Mecklenburg County; North Carolina,37119002600,15.786240786240786,8.16953316953317,3.86977886977887,27.88697788697789,60.87223587223587,2.211302211302211,5.159705159705159,21.05911330049261,94.49392712550608,67.77327935222672,34.41558441558442,62.4384236453202,3.3552151714077314,93.34516415261757,85.41666666666666,12.128146453089245,87.87185354691076,46.484375,8.59375
2023,Census Tract 27.01; Mecklenburg County; North Carolina,37119002701,17.0862705605908,17.656931856327628,0.0,1.9133937562940584,90.13091641490433,6.7807989258140315,1.1748909029875798,17.914438502673796,98.83817427385893,82.48962655601659,53.929539295392956,85.38324420677363,2.348178137651822,98.44329132690882,82.89256198347107,8.263836239575435,91.73616376042456,79.83471074380165,1.487603305785124
2023,Census Tract 27.02; Mecklenburg County; North Carolina,37119002702,24.76595744680851,10.706382978723404,2.4680851063829787,2.0595744680851062,88.59574468085107,3.421276595744681,3.4553191489361703,23.228744939271255,100.0,93.42182890855457,50.95320623916811,91.04251012145748,3.6877828054298645,97.91055718475073,96.3560645497137,8.349236641221374,91.65076335877863,88.02706923477356,2.030192608016658
2023,Census Tract 28; Mecklenburg County; North Carolina,37119002800,25.210540613963595,23.933713664765012,1.3854930725346373,0.9236620483564248,94.21352893235535,1.0866612333605,2.3906547133930998,21.314237573715246,99.61977186311786,89.61977186311788,60.86956521739131,95.787700084246,10.134398837631675,97.42404227212683,89.88173455978975,3.974763406940063,96.02523659305994,95.86070959264126,0.45992115637319314
2023,Census Tract 29.03; Mecklenburg County; North Carolina,37119002903,23.871971549233162,12.936208046232498,4.37875083351856,8.135141142476106,83.596354745499,3.089575461213603,0.8001778172927317,59.729895641497855,98.11439346323067,78.22124450031427,58.37615621788284,85.451197053407,2.7737226277372264,96.90438871473354,92.06963249516441,11.812366737739872,88.18763326226012,47.969052224371374,0.8220502901353964
2023,Census Tract 29.05; Mecklenburg County; North Carolina,37119002905,27.211678832116785,14.335766423357665,2.3065693430656937,1.6934306569343065,83.62043795620437,8.905109489051096,3.4744525547445253,49.2,99.05829596412556,84.30493273542601,41.699867197875164,84.88,3.931006819093462,98.46062759029012,91.49888143176734,24.280067758328627,75.71993224167137,66.8903803131991,4.77255779269202
2023,Census Tract 29.07; Mecklenburg County; North Carolina,37119002907,31.328439497987215,10.206014681506039,14.634146341463413,6.109400899834242,67.58228747336017,5.493724840161023,6.1804404451811505,62.39086635325722,96.35885885885885,79.05405405405406,58.35294117647059,90.26192075218268,2.8620689655172415,99.13169319826338,89.96113989637306,8.800945067926758,91.19905493207324,41.839378238341965,0.8419689119170984
2023,Census Tract 29.08; Mecklenburg County; North Carolina,37119002908,22.501380452788514,24.84815019326339,3.0369961347321923,7.454445057979017,81.44671452236334,6.350082827167311,1.7117614577581448,56.792287467134095,97.46687451286049,66.79657053780203,45.3551912568306,89.57055214723927,7.08941930887068,96.09040928527794,81.67036215816704,11.452879581151834,88.54712041884817,69.25351071692535,11.30820399113082
2023,Census Tract 29.09; Mecklenburg County; North Carolina,37119002909,21.40077821011673,10.181582360570687,12.840466926070038,2.853437094682231,79.50713359273671,1.1673151750972763,3.631647211413749,48.663101604278076,99.27601809954751,83.16742081447964,13.698630136986301,88.23529411764706,1.4026402640264026,98.17400644468314,81.86397984886649,10.383747178329571,89.61625282167043,34.5088161209068,8.312342569269521
2023,Census Tract 29.10; Mecklenburg County; North Carolina,37119002910,18.588531821045997,11.846250787649653,2.898550724637681,3.0560806553245117,79.04851921865155,2.804032766225583,12.19281663516068,49.96271439224459,100.0,69.7444352844188,15.404699738903393,79.49291573452648,1.6640866873065017,98.58156028368793,86.22273249138921,13.805047006432458,86.19495299356754,42.25028702640643,8.725602755453501
2023,Census Tract 30.06; Mecklenburg County; North Carolina,37119003006,19.982018431108113,15.958642391548663,2.4275118004045853,4.0233760395594516,89.14362778152393,0.8541245223645763,3.5513598561474486,64.44444444444444,98.16651638112414,73.88037270814549,32.03252032520325,92.46913580246914,6.2078651685393265,97.07668944570995,91.92734611503532,3.9728682170542635,96.02713178294574,71.64480322906155,0.35317860746720486
2023,Census Tract 30.08; Mecklenburg County; North Carolina,37119003008,26.40637450199203,19.729083665338646,2.4701195219123506,3.601593625498008,75.01195219123507,18.34262948207171,0.5737051792828686,60.10958904109589,94.81208208439014,57.113211897625085,35.75705731394354,82.73972602739727,5.0401911796654355,90.55504446488807,87.00787401574803,5.329854640327991,94.670145359672,59.488188976377955,2.716535433070866
2023,Census Tract 30.12; Mecklenburg County; North Carolina,37119003012,23.64693980778958,23.29286798179059,2.503793626707132,6.80323722812342,72.71117855336368,10.596863935255438,7.38492665655033,52.87539936102237,97.26904922454484,61.42953472690492,17.868852459016395,91.29392971246007,5.134150380920835,99.06951286261632,75.12328767123287,8.1067472306143,91.8932527693857,52.109589041095894,10.904109589041095
2023,Census Tract 30.13; Mecklenburg County; North Carolina,37119003013,27.214799588900306,16.032887975334017,4.72764645426516,1.6032887975334018,88.87975334018499,2.6104830421377185,2.1788283658787257,70.458952811894,99.48624962224237,84.55726805681475,15.255905511811024,95.41047188106012,5.252753459474724,97.74690199023658,89.59537572254335,5.229083665338646,94.77091633466136,89.17498686284814,2.9427220178665268
2023,Census Tract 30.15; Mecklenburg County; North Carolina,37119003015,25.157459060644232,18.877091956091416,4.4448443404714775,5.146661867914342,78.83750224941515,7.054165916861615,4.516825625337413,69.1768826619965,98.50078905839032,73.1194108364019,28.74371859296482,91.53531815528314,5.75626204238921,94.78710704337445,93.3835395373857,0.0,100.0,92.41527703066164,0.5379236148466917
2023,Census Tract 30.16; Mecklenburg County; North Carolina,37119003016,23.612087139845396,7.519325368938862,15.624267978449286,15.436870461466384,56.3363785429843,6.535488404778636,6.066994612321387,61.4190687361419,98.20521503555706,74.46664409075517,11.538461538461538,89.30155210643017,3.3118675252989878,96.99712052653229,94.6121965660154,6.1145080600333515,93.88549193996664,52.04262877442274,0.0
2023,Census Tract 30.17; Mecklenburg County; North Carolina,37119003017,24.70076169749728,19.940152339499456,4.8694232861806315,9.684439608269859,74.59194776931447,6.501632208922742,4.352557127312296,57.98864557988645,99.12280701754386,69.98474446987034,18.312101910828023,92.61962692619628,5.202312138728324,94.00729546638874,88.5558583106267,7.147375079063884,92.85262492093611,83.10626702997274,3.5422343324250685
2023,Census Tract 30.18; Mecklenburg County; North Carolina,37119003018,17.94770206022187,15.332805071315372,8.75594294770206,4.952456418383519,75.9904912836767,9.746434231378764,0.554675118858954,67.16141001855289,93.34741288278775,67.5818373812038,39.18495297805642,91.4656771799629,2.609956500724988,93.05929919137466,93.81720430107528,11.146496815286625,88.85350318471338,66.66666666666666,2.1505376344086025
2023,Census Tract 30.19; Mecklenburg County; North Carolina,37119003019,25.30288909599254,18.35973904939422,1.5843429636533086,8.061509785647717,79.9161230195713,6.0577819198508855,4.380242311276794,57.60233918128655,99.67277486910994,75.91623036649214,9.843400447427292,88.88888888888889,5.427323767935121,100.0,86.36363636363636,4.457142857142857,95.54285714285714,76.79425837320574,0.0
2023,Census Tract 30.20; Mecklenburg County; North Carolina,37119003020,24.074941451990632,26.978922716627636,2.8337236533957846,2.2014051522248246,92.903981264637,2.060889929742389,0.0,62.31003039513677,98.50597609561753,81.10889774236387,67.88899900891973,93.84498480243161,3.9173349784083897,97.59639459188783,91.0428662827895,4.695121951219512,95.30487804878048,93.21817018554063,3.5188739603326935
2023,Census Tract 30.21; Mecklenburg County; North Carolina,37119003021,29.340463458110516,6.631016042780749,2.1746880570409983,3.6363636363636362,88.34224598930481,1.3903743315508021,4.45632798573975,56.730769230769226,99.47478991596638,86.76470588235294,37.648809523809526,89.51923076923077,8.526740665993945,98.04416403785488,88.60294117647058,2.2461814914645104,97.75381850853549,68.93382352941177,2.849264705882353
2023,Census Tract 30.22; Mecklenburg County; North Carolina,37119003022,28.086910439851614,27.795442501324853,6.809750927397987,2.0402755696873345,83.41282458929517,2.172760996290408,5.5643879173290935,65.19396551724138,99.21436588103255,82.11747100635989,13.953488372093023,92.24137931034483,14.038319823139279,92.82021826536473,84.66373350094281,9.39635535307517,90.60364464692483,87.86926461345065,7.730986800754243
2023,Census Tract 31.02; Mecklenburg County; North Carolina,37119003102,15.343137254901961,18.848039215686274,0.8088235294117648,8.700980392156863,66.93627450980392,18.94607843137255,4.6078431372549025,38.278481012658226,88.65089514066497,58.05626598465473,0.0,80.86075949367088,2.576722640416908,99.03884661593912,78.035538005923,9.593931280678268,90.40606871932172,44.96544916090819,11.747285291214215
2023,Census Tract 31.05; Mecklenburg County; North Carolina,37119003105,21.045429666119322,22.140120415982484,1.6694033935413248,3.31143951833607,89.21729611384784,2.079912424740011,3.7219485495347566,60.72782410917361,98.82562277580071,70.8185053380783,23.49869451697128,91.88779378316907,6.476592749032031,94.74963539134662,90.93023255813954,5.4945054945054945,94.5054945054945,89.06976744186046,0.5232558139534884
2023,Census Tract 31.06; Mecklenburg County; North Carolina,37119003106,28.384849804092294,8.815846756639093,2.046147148454506,15.2372659991293,44.66695690030475,35.15454941227688,2.895080539834567,58.610624635143026,84.97698882314268,56.31163708086785,3.814064362336114,81.55283129013426,3.4650455927051675,95.04361617763679,85.24046434494196,3.776595744680851,96.22340425531914,72.69209508015479,3.814262023217247
2023,Census Tract 31.08; Mecklenburg County; North Carolina,37119003108,31.602484472049692,8.993788819875776,1.8385093167701865,17.167701863354036,19.875776397515526,55.776397515527954,5.341614906832298,63.60255047821467,78.26649417852522,21.172919361793877,1.1379800853485065,64.87778958554729,7.01053396294951,91.54118689105402,72.00272479564033,5.716120745022479,94.28387925497752,32.833787465940055,7.425068119891008
2023,Census Tract 31.09; Mecklenburg County; North Carolina,37119003109,26.28986866791745,1.8527204502814258,1.5009380863039399,17.940900562851784,9.00562851782364,68.92589118198875,2.6266416510318953,52.95663600525624,57.4566962399662,19.814110688635402,3.0666666666666664,62.680683311432325,1.594387755102041,96.35673624288425,61.974649766511,7.923832923832924,92.07616707616708,1.134089392928619,7.671781187458306
2023,Census Tract 31.10; Mecklenburg County; North Carolina,37119003110,14.207650273224044,5.46448087431694,1.9581056466302367,0.0,80.37340619307832,10.018214936247723,7.650273224043716,48.050914876690534,100.0,68.18681318681318,0.0,93.87430389817024,0.743099787685775,97.3005398920216,98.30348727615457,1.6682113067655238,98.33178869323447,76.6258246936852,2.639019792648445
2023,Census Tract 31.11; Mecklenburg County; North Carolina,37119003111,22.567069963177275,5.076275644397685,4.497632824829037,2.472382956338769,82.53550762756444,7.916885849552867,2.5775907417148867,44.52201933404941,98.43924191750278,74.02452619843925,11.38353765323993,88.02363050483352,1.6304347826086956,97.7680204903037,92.36009732360098,11.650902837489252,88.34909716251074,37.66423357664234,9.29440389294404
2023,Census Tract 32.01; Mecklenburg County; North Carolina,37119003201,13.753007217321572,9.182036888532478,0.0,5.854049719326383,70.80994386527667,18.6046511627907,4.731355252606255,41.43322475570032,89.93522670652716,41.75386148480319,0.0,82.14983713355049,4.6490004649000465,99.47229551451187,84.00342172797262,10.421455938697317,89.57854406130268,68.00684345594526,8.383233532934131
2023,Census Tract 32.03; Mecklenburg County; North Carolina,37119003203,18.435191403626593,5.876427132303559,1.2760241773002015,30.624580255204837,48.22028206850235,11.517797179314975,8.361316319677636,47.288503253796094,97.70290964777948,55.538540071465036,31.297709923664126,76.84381778741866,4.464654816039686,96.61654135338345,76.90198766278272,9.153175591531756,90.84682440846824,27.758738862234406,12.200137080191913
2023,Census Tract 32.04; Mecklenburg County; North Carolina,37119003204,15.023923444976075,20.095693779904305,0.6698564593301436,6.539074960127592,84.49760765550239,2.360446570972887,5.9330143540669855,34.966777408637874,94.93772599437526,71.71554841301727,42.94871794871795,86.46179401993356,5.63063063063063,88.48518725544997,87.38738738738738,5.82579185520362,94.17420814479638,66.48648648648648,8.64864864864865
2023,Census Tract 33.01; Mecklenburg County; North Carolina,37119003301,4.794520547945205,5.168119551681196,10.523038605230386,5.1058530510585305,73.97260273972603,8.7173100871731,1.6811955168119552,28.74196510560147,94.84092863284609,75.23645743766122,0.0,73.18640955004592,1.3123359580052494,97.58787043418332,94.43016281062555,3.633360858794385,96.36663914120561,10.882604970008568,8.997429305912597
2023,Census Tract 33.02; Mecklenburg County; North Carolina,37119003302,21.43407864302236,11.218195836545874,2.621434078643022,2.7370855821125675,86.93138010794141,1.002313030069391,6.707787201233615,33.39882121807465,95.93082400813834,74.46592065106816,13.06532663316583,92.23968565815323,3.483807654563297,98.14700432365659,90.60181368507831,4.563335955940205,95.4366640440598,60.098928276999175,8.408903544929926
2023,Census Tract 34.01; Mecklenburg County; North Carolina,37119003401,12.483221476510067,6.890380313199105,3.8478747203579418,0.4026845637583893,81.20805369127517,12.125279642058166,2.4161073825503356,43.86440677966102,99.39718687206965,97.1198928332217,10.759493670886076,71.38983050847457,0.5112474437627812,97.23876556578234,95.99037690457098,8.644688644688644,91.35531135531136,44.667201283079386,1.202886928628709
2023,Census Tract 34.02; Mecklenburg County; North Carolina,37119003402,20.15349630471859,7.049459920409324,2.075042637862422,0.34110289937464466,87.43604320636726,7.2768618533257525,2.8709494030699263,42.77869302580999,97.80937740199846,85.47271329746349,21.782178217821784,84.2394288852279,1.2103951584193664,99.54337899543378,97.29899497487438,12.044198895027625,87.95580110497238,76.13065326633166,0.0
2023,Census Tract 35; Mecklenburg County; North Carolina,37119003500,12.633832976445397,15.881513204853675,2.6409707351891507,1.177730192719486,86.65239114917915,3.747323340471092,5.781584582441114,18.168812589413445,99.48096885813149,90.83044982698962,35.37117903930131,86.9098712446352,7.802013422818792,96.57170449058425,89.97032640949556,6.440866185452526,93.55913381454747,60.534124629080125,5.756676557863502
2023,Census Tract 36; Mecklenburg County; North Carolina,37119003600,16.17999042604117,8.257539492580182,2.5610339875538535,26.2087123025371,43.22642412637626,22.690282431785544,5.3135471517472475,41.42517814726841,87.78939507094847,54.182225541448844,16.879795396419436,60.0,4.09645554909936,97.44444444444444,72.74074074074073,9.395973154362416,90.60402684563759,35.06172839506173,13.185185185185185
2023,Census Tract 37.01; Mecklenburg County; North Carolina,37119003701,0.9019165727170236,0.7328072153325818,6.708004509582864,7.609921082299888,78.80496054114995,1.0146561443066515,5.862457722660654,37.99227799227799,97.4207811348563,83.19823139277818,65.21739130434783,80.46332046332047,0.0,98.20466786355476,85.98130841121495,19.041614123581336,80.95838587641866,0.0,8.722741433021806
2023,Census Tract 37.02; Mecklenburg County; North Carolina,37119003702,17.68646717284502,3.126395712371594,2.099151406878071,41.80437695399732,51.853506029477444,2.188476998660116,2.0544886109870477,26.903553299492383,93.6518771331058,52.491467576791806,0.0,76.31133671742809,0.5968529571351058,93.8352104327208,75.10879025239339,5.509868421052631,94.49013157894737,10.269799825935596,11.66231505657093
2023,Census Tract 38.02; Mecklenburg County; North Carolina,37119003802,16.732962079024134,17.687616016971624,3.92468841156192,52.77114823654203,25.24529302572262,15.990453460620524,2.0684168655529036,38.1294964028777,89.35472110827561,38.16988698505286,0.20876826722338201,78.35186396337475,6.8152866242038215,99.90089197224975,66.794731064764,6.46817248459959,93.53182751540041,39.02305159165752,12.074643249176729
2023,Census Tract 38.05; Mecklenburg County; North Carolina,37119003805,12.3080795368739,1.1829851497608859,14.850239114019633,20.790334759627484,53.209161842436444,3.674804933299773,7.475459350616663,48.567530695770806,94.53665283540802,61.41078838174274,2.4930747922437675,85.62983174170077,5.597014925373134,95.99755575924227,84.49367088607595,6.980656013456686,93.01934398654332,14.1500904159132,13.200723327305605
2023,Census Tract 38.07; Mecklenburg County; North Carolina,37119003807,34.13461538461539,8.442307692307692,2.403846153846154,36.57692307692308,9.826923076923077,50.40384615384615,0.7884615384615384,55.89717741935484,74.71116816431322,31.354300385109113,0.0,69.00201612903226,1.5474452554744527,96.30627164293959,75.73317998849913,4.764512595837897,95.2354874041621,30.47728579643473,4.485336400230017
2023,Census Tract 38.08; Mecklenburg County; North Carolina,37119003808,29.838709677419356,1.9420671494404211,1.497695852534562,30.365371955233705,4.22975641869651,63.85780118499012,0.04937458854509546,55.43350333464103,70.6725755995829,23.279457768508863,9.642301710730948,65.08434680266771,4.785362420830401,89.93446920052425,61.87529747739172,10.557684120902513,89.44231587909749,20.7996192289386,7.900999524036173
2023,Census Tract 38.09; Mecklenburg County; North Carolina,37119003809,26.00611309220581,9.755476311767703,20.147733061640345,31.66072338257769,18.59398879266429,28.094752929190015,1.5028018339276619,62.00873362445415,72.76507276507277,30.311850311850314,0.0,66.74984404242046,4.23407917383821,94.7947947947948,67.93002915451895,3.5839775122979622,96.41602248770204,51.67638483965015,3.206997084548105
2023,Census Tract 38.10; Mecklenburg County; North Carolina,37119003810,25.586095392077606,14.409862570735651,10.084882780921586,25.323362974939368,13.096200485044463,49.33306386418755,2.1624898949070332,40.82204577300327,72.38363011558889,34.395501405810684,21.356275303643724,64.1289117234937,6.308283049917717,93.93939393939394,80.522713130056,5.8030480656506445,94.19695193434936,37.212196639701304,10.516490354698195
2023,Census Tract 38.11; Mecklenburg County; North Carolina,37119003811,17.949846018477782,4.09150901891773,12.49450065992081,48.746150461944566,13.286405631324241,22.085349758029036,3.3875934887813464,38.21263482280431,94.41717791411043,44.171779141104295,62.5,69.7226502311248,1.769436997319035,98.41068022886205,86.38698630136986,8.320251177394034,91.67974882260597,36.55821917808219,1.5410958904109588
2023,Census Tract 39.02; Mecklenburg County; North Carolina,37119003902,29.43044254812463,14.844215122048027,0.0,80.90891049811471,3.750744195276841,13.97102599722167,1.369319309386783,48.98989898989899,82.24740321057602,19.57821844507397,9.111791730474732,77.3989898989899,5.1466359976998275,90.47619047619048,59.340148698884754,5.406593406593407,94.5934065934066,27.74163568773234,14.82342007434944
2023,Census Tract 39.03; Mecklenburg County; North Carolina,37119003903,45.37275064267352,12.382176520994003,1.0282776349614395,70.52270779777207,2.5278491859468724,20.47986289631534,5.441302485004284,53.83522727272727,73.30275229357798,17.61467889908257,0.0,76.13636363636364,3.2905296950240768,82.31292517006803,48.532494758909856,10.338345864661653,89.66165413533834,4.612159329140461,35.22012578616352
2023,Census Tract 40; Mecklenburg County; North Carolina,37119004000,22.75433600828372,13.020968159461557,8.697903184053844,57.2353093450686,14.884804556044525,8.257830701527311,10.924152213305721,53.71304974765682,79.88909426987061,21.146025878003698,5.438066465256798,68.27685652487384,3.9209115281501337,92.40105540897098,61.204819277108435,13.855734302023873,86.14426569797612,42.34939759036145,16.08433734939759
2023,Census Tract 41.01; Mecklenburg County; North Carolina,37119004101,6.8807339449541285,10.034403669724771,0.573394495412844,39.22018348623853,50.45871559633027,2.064220183486239,7.68348623853211,38.32077502691066,90.87378640776699,63.81877022653721,24.528301886792452,81.48546824542518,4.987684729064039,94.22053231939164,85.24173027989822,7.092198581560284,92.90780141843972,23.494486853265478,14.164546225614927
2023,Census Tract 41.02; Mecklenburg County; North Carolina,37119004102,16.023231978134607,6.149641270925862,6.662111376836351,34.67714383327639,47.72804919713017,5.193030406559617,5.739665186197472,49.795918367346935,97.5085490962384,78.79824132877381,10.050251256281408,89.71428571428571,4.613466334164588,84.30257979886314,93.4982332155477,12.976629766297663,87.02337023370234,58.93992932862191,1.8374558303886925
2023,Census Tract 42; Mecklenburg County; North Carolina,37119004200,17.329332333083272,19.279819954988746,0.037509377344336084,63.615903975994,20.517629407351837,9.789947486871718,6.03900975243811,35.870698644421275,81.86732186732186,19.55773955773956,10.526315789473683,75.49530761209593,3.4029038112522683,96.04344453064391,56.240369799691834,13.639387890884896,86.3606121091151,34.36055469953775,22.4191063174114
2023,Census Tract 43.02; Mecklenburg County; North Carolina,37119004302,27.435731259451284,13.415424497731692,6.416072585871678,63.01577014473968,7.409807733851805,18.643335493627134,4.5150140419097,34.362717574396406,76.43926788685525,19.966722129783694,15.200764818355642,78.21448624368333,2.4114319738017267,90.43985637342908,64.94960806270996,12.278978388998036,87.72102161100196,48.76819708846585,12.82194848824188
2023,Census Tract 43.03; Mecklenburg County; North Carolina,37119004303,22.14329833230389,17.81964175416924,15.101914762198888,37.059913526868435,11.488573193329216,33.045089561457694,3.3045089561457694,51.570351758793976,75.13227513227513,27.42504409171076,20.185614849187935,83.60552763819096,6.029353431178104,94.6178686759957,76.18090452261306,7.182835820895522,92.81716417910447,59.39698492462312,2.0100502512562812
2023,Census Tract 43.04; Mecklenburg County; North Carolina,37119004304,29.42534633145203,10.979989738327347,5.541303232426886,66.70087224217548,9.594663930220626,17.36788096459723,0.7952796305797846,55.13720485003191,83.68765331152903,22.07686017988553,0.0,74.09061901723038,9.051254089422029,97.33405875952121,73.21294206170053,14.036222509702458,85.96377749029755,48.60797592174567,7.44920993227991
2023,Census Tract 43.06; Mecklenburg County; North Carolina,37119004306,16.3258785942492,6.198083067092652,2.939297124600639,65.11182108626198,6.869009584664537,22.42811501597444,2.6517571884984026,46.70781893004115,57.41350906095551,8.772652388797365,8.21529745042493,75.8230452674897,11.34020618556701,95.5969517358171,75.95048629531388,13.266871165644172,86.73312883435584,9.195402298850574,15.738284703801945
2023,Census Tract 43.07; Mecklenburg County; North Carolina,37119004307,21.044613710554952,8.204570184983679,3.67791077257889,69.81501632208924,16.45266594124048,9.684439608269859,0.36996735582154516,58.66433871671759,93.78960709759188,14.860583016476554,0.0,95.11130510694021,3.2249173098125685,86.80808750414319,86.87074829931973,3.543307086614173,96.45669291338582,72.17687074829932,2.517006802721088
2023,Census Tract 44; Mecklenburg County; North Carolina,37119004400,25.640355462624147,11.186617877679037,4.312598013591218,65.89127025614219,12.833246210141139,16.15263983272347,0.8102456874019864,62.13668499607227,82.6959485043544,10.677773570617191,0.2699055330634278,87.27415553809898,10.93145869947276,95.09803921568627,79.97293640054127,5.61941251596424,94.38058748403576,55.548037889039236,5.074424898511502
2023,Census Tract 45; Mecklenburg County; North Carolina,37119004500,20.58252427184466,14.627831715210357,6.310679611650485,62.556634304207115,19.06148867313916,6.990291262135923,5.080906148867314,53.426791277258566,89.5690499510284,19.000979431929483,0.0,87.61682242990653,6.598360655737705,92.56440281030444,61.578171091445434,1.9522776572668112,98.0477223427332,57.9646017699115,15.70796460176991
2023,Census Tract 46; Mecklenburg County; North Carolina,37119004600,19.684447783621337,23.140495867768596,0.4507888805409466,94.4778362133734,2.2539444027047333,2.817430503380917,0.0,50.41736227045075,80.6966618287373,9.240445089501694,0.0,97.66277128547578,8.091674462114124,92.3913043478261,67.17044500419816,9.360730593607306,90.6392694063927,52.141057934508815,17.80016792611251
2023,Census Tract 47; Mecklenburg County; North Carolina,37119004700,16.615946439440048,7.36457699330493,1.8867924528301887,59.5861229458308,31.953743152769327,2.495435179549604,4.077906269020085,34.36928702010969,96.74681753889675,36.633663366336634,0.0,69.6526508226691,1.532846715328467,92.35836627140975,90.0,20.068027210884352,79.93197278911565,54.8936170212766,5.531914893617021
2023,Census Tract 48; Mecklenburg County; North Carolina,37119004800,8.151973441534489,24.935448174105495,0.03688675765400221,85.94614533382516,3.651789007746219,8.520841018074512,1.8443378827001107,28.198433420365536,88.077430708315,14.694236691597009,0.0,79.37336814621409,15.823293172690764,97.3834832379395,53.118712273641854,13.061224489795919,86.93877551020408,38.76592890677398,29.242119382964454
2023,Census Tract 49; Mecklenburg County; North Carolina,37119004900,5.964912280701754,29.82456140350877,0.0,97.01754385964912,2.982456140350877,0.0,0.0,41.935483870967744,80.97014925373134,9.14179104477612,0.0,34.193548387096776,3.544776119402985,94.97907949790795,75.0,5.485232067510549,94.51476793248945,81.25,1.7857142857142856
2023,Census Tract 50; Mecklenburg County; North Carolina,37119005000,25.045306270387822,8.118883653497644,3.769481696266763,68.43059079376586,19.644798840159478,4.131931859369336,4.023196810438565,41.54804270462634,93.8659793814433,47.01030927835051,10.81081081081081,88.25622775800713,4.061895551257253,94.9793266391022,73.01458670988656,1.5948963317384368,98.40510366826156,52.593192868719605,10.615883306320907
2023,Census Tract 51; Mecklenburg County; North Carolina,37119005100,28.846153846153843,9.652366863905325,5.769230769230769,81.61982248520711,9.541420118343195,3.0695266272189348,0.0,62.12952799121844,78.29367382472432,6.210098665118979,0.0,72.1185510428101,1.5072765072765073,90.53728949478749,54.31906614785992,8.279800142755175,91.72019985724482,23.73540856031128,19.299610894941637
2023,Census Tract 52; Mecklenburg County; North Carolina,37119005200,20.53014553014553,11.954261954261955,0.0,69.02286902286903,14.5010395010395,14.137214137214137,2.338877338877339,38.51261620185923,82.0266272189349,26.035502958579883,0.0,79.6812749003984,5.273566249176005,89.3048128342246,77.99315849486888,8.93042575285566,91.06957424714433,29.19042189281642,9.122006841505131
2023,Census Tract 53.01; Mecklenburg County; North Carolina,37119005301,35.60622670467003,3.025652269239202,1.4032010524007894,49.22166191624644,13.396185047138786,35.45275158956369,0.526200394650296,48.72907625542467,67.52839796318058,25.18605562083823,1.9036954087346025,75.5114693118413,2.8941096356826694,98.659169550173,70.1073985680191,2.8405797101449277,97.15942028985506,32.756563245823386,12.649164677804295
2023,Census Tract 53.05; Mecklenburg County; North Carolina,37119005305,28.092287972655416,17.73125400555437,0.0,59.96581926938689,0.8331553086947234,38.47468489638966,0.7263405255287332,61.107313738892685,77.4116031582561,14.452454514246483,0.0,76.55502392344498,9.952465834818776,95.8223162347964,53.341218214074516,7.54510661563696,92.45489338436303,42.6374926079243,10.23063276167948
2023,Census Tract 53.06; Mecklenburg County; North Carolina,37119005306,22.49582637729549,15.191986644407345,0.0,40.651085141903174,8.3889816360601,50.45909849749582,0.5008347245409015,70.23255813953489,65.67164179104478,21.58438576349024,7.228915662650602,73.0232558139535,5.438879913839526,94.84797297297297,59.39716312056738,9.615384615384617,90.38461538461539,47.251773049645394,15.780141843971633
2023,Census Tract 53.07; Mecklenburg County; North Carolina,37119005307,21.738077947228273,4.8656499636891795,4.526748971193416,54.58726700556766,10.602759622367465,26.07116920842411,4.212055192447349,55.85689555683785,78.8670148654078,19.927681799919647,0.0,73.22562031159838,2.462593516209476,97.77418049372724,73.91067538126362,11.603273952816561,88.39672604718344,10.348583877995644,9.15032679738562
2023,Census Tract 53.08; Mecklenburg County; North Carolina,37119005308,34.27685149282668,5.8937572702597905,4.342768514928267,37.14618069018999,3.7999224505622333,51.26017836370686,3.450949980612641,60.71428571428571,68.89185580774367,10.54739652870494,0.0,64.40476190476191,1.1799410029498525,93.7446443873179,56.44171779141104,13.680494263018536,86.31950573698145,6.134969325153374,16.462167689161554
2023,Census Tract 54.03; Mecklenburg County; North Carolina,37119005403,31.015068719986754,8.660374234144726,1.987083954297069,46.51432356350389,11.839708561020036,27.322404371584703,12.336479549594303,61.69507575757576,82.89590091418461,25.626658802713067,3.4891835310537336,80.82386363636364,3.168506961113778,98.96077774052966,78.9070480081716,3.736479842674533,96.26352015732547,63.942798774259444,4.8518896833503575
2023,Census Tract 54.04; Mecklenburg County; North Carolina,37119005404,25.354197504757874,13.40663988158173,3.7217170649185873,57.45400718968069,11.84182702474096,24.614083315711564,2.368365404948192,55.47602004294918,83.97553516819572,23.08868501529052,0.0,90.76592698639942,5.18413597733711,99.1389913899139,72.26045526733722,3.4747061829330605,96.52529381706694,67.97247220751721,6.087877183695077
2023,Census Tract 54.05; Mecklenburg County; North Carolina,37119005405,35.99766627771295,4.084014002333722,0.8168028004667445,70.07001166861143,5.717619603267211,12.922987164527422,10.472578763127188,54.390451832907075,86.59244917715392,42.110358180058086,0.0,74.33930093776641,3.828623518687329,97.51552795031056,90.60509554140127,7.7149155033063925,92.2850844966936,61.22611464968153,8.519108280254777
2023,Census Tract 54.06; Mecklenburg County; North Carolina,37119005406,20.39318479685452,20.996068152031455,0.0,83.40760157273918,9.46264744429882,5.163826998689384,1.9659239842726082,65.68093385214007,91.46043917741373,34.64621819449285,0.17331022530329288,90.6614785992218,5.56470200856108,100.0,76.81071211199027,6.167904054825814,93.83209594517419,52.58673158855751,5.964698721850274
2023,Census Tract 55.08; Mecklenburg County; North Carolina,37119005508,24.325581395348834,14.418604651162791,0.3488372093023256,43.04651162790697,46.2093023255814,7.069767441860465,3.3255813953488373,68.01705756929638,97.2936400541272,47.2936400541272,0.0,96.16204690831557,4.486785494775661,98.33483348334833,91.27388535031848,2.4238657551274083,97.57613424487259,86.43312101910828,1.7197452229299364
2023,Census Tract 55.10; Mecklenburg County; North Carolina,37119005510,37.92433272868619,3.329878206789324,1.1013215859030838,61.298263798911634,8.56439492096398,28.154962425498837,0.881057268722467,69.3790975703818,83.08880308880309,44.813384813384815,0.0,85.80794446586964,6.09476101022751,99.4410569105691,82.66393442622952,8.236179014667169,91.76382098533283,58.64754098360656,4.795081967213115
2023,Census Tract 55.11; Mecklenburg County; North Carolina,37119005511,19.48240767665019,9.450421634195987,3.4893864495492872,66.82175050886886,21.343413783076475,5.902878743820878,2.4425705146845016,62.73333333333333,93.21965083231831,39.87007714169712,6.297709923664121,98.6,7.150595882990249,98.45794392523365,92.94541709577754,12.325056433408578,87.67494356659142,31.92584963954686,4.27394438722966
2023,Census Tract 55.12; Mecklenburg County; North Carolina,37119005512,21.461187214611872,8.016235413495687,1.3360392355826145,69.18653813630982,11.905969896837476,15.592761711483172,1.97869101978691,62.39035087719298,86.4039408866995,34.23645320197045,0.0,79.44078947368422,4.414298018949181,98.87111947318908,78.81392350666093,4.120313143798929,95.87968685620108,66.22260421143102,3.6957455951869362
2023,Census Tract 55.13; Mecklenburg County; North Carolina,37119005513,22.11320754716981,13.358490566037737,9.132075471698114,41.23270440251572,35.59748427672956,8.729559748427674,5.3081761006289305,49.714648065948005,95.87741700109449,45.421379058737685,7.067669172932331,81.2301838934686,11.724806201550388,93.47434743474348,91.13764927718417,7.338380896913222,92.66161910308678,76.61847894406034,4.651162790697675
2023,Census Tract 55.15; Mecklenburg County; North Carolina,37119005515,18.195211786372006,16.97974217311234,4.346224677716391,31.712707182320443,46.151012891344386,10.20257826887661,7.587476979742173,60.38812785388128,96.74922600619195,48.40041279669763,13.13364055299539,92.23744292237443,6.244218316373728,92.50535331905782,80.33658104517272,6.151288445552785,93.84871155444722,80.60230292294067,5.9344552701505755
2023,Census Tract 55.16; Mecklenburg County; North Carolina,37119005516,22.511061946902654,15.486725663716813,2.3230088495575223,41.426991150442475,46.957964601769916,6.637168141592921,2.6548672566371683,72.97297297297297,98.90848026868177,63.89588581024349,18.027210884353742,91.72297297297297,3.5816618911174785,96.68571428571428,89.05547226386807,0.0,100.0,94.75262368815592,1.0494752623688157
2023,Census Tract 55.17; Mecklenburg County; North Carolina,37119005517,16.6497461928934,18.654822335025383,2.817258883248731,34.06091370558376,48.78172588832487,9.035532994923857,5.304568527918781,52.86274509803922,98.08788996980878,59.51023146595102,7.677165354330709,82.98039215686275,11.784409257003654,98.22280017338535,93.57429718875501,7.237892496008515,92.76210750399149,81.12449799196787,4.589787722317843
2023,Census Tract 55.19; Mecklenburg County; North Carolina,37119005519,27.718906860011156,8.272913180888642,9.128090723182748,50.56701989217327,28.87153746049452,9.778769287971741,1.654582636177728,69.27747419550698,94.57142857142857,53.457142857142856,0.3805899143672693,89.07103825136612,3.1635802469135803,99.21875,83.80952380952381,9.67741935483871,90.32258064516128,33.611111111111114,3.015873015873016
2023,Census Tract 55.20; Mecklenburg County; North Carolina,37119005520,24.1123683183769,14.65079984393289,20.308232539992197,42.29418650019509,24.0928599297698,7.471712836519703,5.833008193523215,54.83870967741935,88.65714285714286,56.22857142857143,12.940140845070422,84.90322580645162,7.249357326478149,95.62798092209857,85.88030214991285,11.288659793814434,88.71134020618557,82.2196397443347,0.0
2023,Census Tract 55.22; Mecklenburg County; North Carolina,37119005522,15.282265728948868,4.238737882531838,6.177532788443261,49.95248051701198,31.895076981562443,9.693974529557119,2.2809351834252043,53.919330289193304,92.08194905869324,45.84717607973422,8.453237410071942,91.70471841704718,8.924536827835517,99.20451629458557,83.35773548072231,9.85481742190937,90.14518257809063,32.942898975109806,0.0
2023,Census Tract 55.25; Mecklenburg County; North Carolina,37119005525,14.262857142857143,10.857142857142858,10.582857142857142,42.26285714285714,21.12,23.771428571428572,2.262857142857143,56.49471721566191,85.03861003861005,38.19176319176319,22.061855670103093,96.58172778123057,6.2916555585177285,98.57192615813305,78.03360298693217,3.4834834834834836,96.51651651651652,47.35532047293093,0.0
2023,Census Tract 55.26; Mecklenburg County; North Carolina,37119005526,18.723010487353488,5.305367057371992,4.472547809993831,53.732264034546574,21.961752004935224,14.713140037014188,5.120296113510179,65.71719226856561,98.5738255033557,55.74664429530202,16.791044776119403,97.96541200406918,12.351816443594647,97.5374215354901,100.0,0.0,100.0,87.65625,0.703125
2023,Census Tract 55.27; Mecklenburg County; North Carolina,37119005527,23.216644649933947,12.912813738441214,0.726552179656539,44.18758256274769,38.0449141347424,13.210039630118892,3.830911492734478,44.79087452471483,98.41772151898735,48.83966244725738,8.212560386473431,92.16730038022814,13.978494623655912,96.90996270644646,96.61733615221986,1.799307958477509,98.20069204152249,47.427766032417196,9.513742071881607
2023,Census Tract 55.28; Mecklenburg County; North Carolina,37119005528,19.617224880382775,13.447494333920925,0.0,55.93049609670109,37.093930999748174,2.719717955175019,4.255854948375724,51.18565644881434,98.57391304347826,65.5304347826087,27.35229759299781,98.55407750144593,10.056390977443609,95.78989574979951,79.86906710310966,7.424242424242425,92.57575757575758,53.627932351336604,0.872885979268958
2023,Census Tract 55.29; Mecklenburg County; North Carolina,37119005529,11.276849642004773,20.047732696897373,12.17183770883055,41.05011933174224,17.36276849642005,27.028639618138424,2.386634844868735,57.475490196078425,82.94460641399417,34.62099125364432,0.0,76.7156862745098,2.3537323470073974,100.0,76.62650602409639,9.090909090909092,90.9090909090909,39.51807228915663,3.2530120481927707
2023,Census Tract 55.30; Mecklenburg County; North Carolina,37119005530,26.785714285714285,8.68131868131868,24.835164835164836,46.37362637362637,24.478021978021978,3.0494505494505493,1.2637362637362637,56.353591160220994,96.53202774377804,60.505915952672375,0.0,80.75506445672191,5.478424015009381,96.28291171915333,89.16494133885439,3.592814371257485,96.40718562874252,53.20910973084886,1.5873015873015872
2023,Census Tract 55.31; Mecklenburg County; North Carolina,37119005531,27.342922028766086,4.875094625283876,1.0598031794095382,49.53822861468584,39.833459500378495,7.161241483724451,2.4072672218016655,73.61187465640462,98.30999517141478,43.07098020280058,8.029739776951674,93.29301814183617,7.65993265993266,94.21932558798527,90.67335842743623,11.771217712177123,88.22878228782288,50.48097030531159,1.589293182768716
2023,Census Tract 55.32; Mecklenburg County; North Carolina,37119005532,18.35330670217488,2.4411895250776743,30.62583222370173,39.036839769196625,20.63914780292943,9.365290723479806,0.3328894806924101,61.36645962732919,91.73697992435264,54.46610416060518,6.2208398133748055,91.30434782608695,7.964120684968741,100.0,94.43315725314912,9.221689413500552,90.77831058649944,17.35067045916294,6.09508329947176
2023,Census Tract 55.33; Mecklenburg County; North Carolina,37119005533,2.2367194780987885,8.853681267474371,8.014911463187326,55.07921714818267,30.195712954333644,6.0577819198508855,0.65237651444548,27.63915547024952,94.45026178010471,49.31937172774869,0.0,89.0595009596929,1.811248808388942,100.0,82.95454545454545,8.96551724137931,91.0344827586207,12.878787878787879,6.565656565656567
2023,Census Tract 55.34; Mecklenburg County; North Carolina,37119005534,18.327912760665775,5.1846183279127604,6.849052994069256,47.29290223837766,30.66768700975703,7.174287354122824,8.016070403673234,56.38789122626988,98.27160493827161,44.40917107583775,0.0,79.16880451513597,5.832747716092762,97.39930225182366,83.742992669254,12.092494313874147,87.90750568612586,5.13152220784821,5.476498490728762
2023,Census Tract 55.35; Mecklenburg County; North Carolina,37119005535,19.870356519571178,1.1468461730241835,16.80378957865869,50.6357516828721,19.995013712291197,7.903266018449265,4.662179007728746,44.34030281182408,81.94285714285714,39.54285714285714,0.0,80.74981975486662,0.0,99.43672549755914,72.89870689655173,10.251450676982591,89.74854932301741,21.497844827586206,16.487068965517242
2023,Census Tract 55.36; Mecklenburg County; North Carolina,37119005536,18.935113850368086,11.813045711350796,13.81612737544941,46.67009073788735,28.539633624379384,9.792843691148775,1.1813045711350796,48.44783715012723,96.09767229575536,53.03514376996805,2.127659574468085,77.20101781170483,5.0052798310454065,98.38373305526589,89.15750915750917,10.01977587343441,89.98022412656559,35.018315018315015,7.179487179487179
2023,Census Tract 56.04; Mecklenburg County; North Carolina,37119005604,0.2801556420233463,0.9182879377431906,8.342412451361868,31.17509727626459,48.217898832684824,5.385214007782102,6.879377431906615,48.83248730964467,98.74152952565343,48.98354307841239,7.142857142857142,70.86294416243655,0.7647885125643827,83.0319469559976,76.23188405797102,22.70351008215086,77.29648991784914,18.357487922705314,17.681159420289855
2023,Census Tract 56.09; Mecklenburg County; North Carolina,37119005609,8.456659619450317,0.9664753850800363,21.806100875868317,45.78677136816672,22.500755058894594,6.735125339776503,3.171247357293869,51.03270223752151,98.37925445705025,54.29497568881686,0.0,88.64027538726333,0.6928406466512702,96.31147540983606,79.59629023458811,12.296650717703349,87.70334928229666,0.9274413529732678,27.986906710310965
2023,Census Tract 56.10; Mecklenburg County; North Carolina,37119005610,21.906923950056754,20.734014377601213,1.5512674990541053,51.38100643208475,27.279606507756338,11.502080968596292,8.286038592508513,69.52141057934509,88.94967177242889,27.078774617067836,0.0,87.53148614609572,4.312015503875969,94.98154981549816,73.40507302075326,7.005003573981415,92.99499642601859,49.26979246733282,4.15065334358186
2023,Census Tract 56.11; Mecklenburg County; North Carolina,37119005611,17.17487620536878,9.538702111024238,10.294500912170967,59.73416731821736,14.5426114151681,11.832160542090174,3.596559812353401,58.297258297258296,92.83593170007424,37.08240534521158,3.807106598984772,89.39393939393939,9.06230333543109,96.78792569659443,83.72232196289647,4.840546697038724,95.15945330296127,56.49311789347696,4.009575104727707
2023,Census Tract 56.12; Mecklenburg County; North Carolina,37119005612,24.18436043500777,6.6114275850164,2.5202831002934576,40.790609356119454,24.236147074054895,27.705851890212323,4.747108579319869,54.58849235251274,94.20412779191405,51.54085383093017,4.233301975540922,90.4952658412236,4.734675205855444,96.76403207331042,78.4322609877662,10.321007720438846,89.67899227956116,71.36384231989126,2.1295876755777075
2023,Census Tract 56.13; Mecklenburg County; North Carolina,37119005613,27.74227902023429,11.714589989350372,4.739084132055378,61.47497337593184,12.087326943556976,16.001064962726304,5.697550585729499,77.72727272727272,96.7479674796748,49.796747967479675,5.211726384364821,89.39393939393939,10.25830258302583,94.3081452404318,83.65627632687446,11.219147344801796,88.7808526551982,66.38584667228307,4.128053917438922
2023,Census Tract 56.15; Mecklenburg County; North Carolina,37119005615,28.67909559698532,8.766362554541848,2.8560095200317335,57.47719159063863,22.92740975803253,14.557715192383974,2.18167393891313,64.48152562574494,94.78371501272265,38.104325699745544,8.687615526802219,87.48510131108462,12.171970965940815,95.0105411103303,85.57919621749409,0.0,100.0,87.58865248226951,0.0
2023,Census Tract 56.16; Mecklenburg County; North Carolina,37119005616,31.724440544098286,7.41553312856516,0.9214567792891618,51.996489688459846,29.39885914874945,14.39227731461167,3.290917068889864,53.95799676898223,88.8212927756654,35.741444866920155,7.855626326963907,90.46849757673667,2.634961439588689,90.63794531897265,84.35754189944134,7.850707850707852,92.14929214929215,63.40782122905028,5.4469273743016755
2023,Census Tract 56.17; Mecklenburg County; North Carolina,37119005617,31.29425092041914,9.855564995751912,1.1045029736618521,57.943925233644855,19.088077032002264,18.748229963183235,3.115264797507788,82.68321513002364,85.04801097393691,38.2716049382716,3.35195530726257,91.31205673758865,6.4623032311516155,98.81198347107438,85.96214511041009,0.0,100.0,83.2018927444795,0.0
2023,Census Tract 56.18; Mecklenburg County; North Carolina,37119005618,26.800573888091822,12.453371592539455,0.0,53.54375896700143,27.948350071736012,11.162123385939742,7.345767575322812,69.76241900647948,92.53022452504318,45.29360967184801,3.560371517027864,96.47228221742262,13.367306938455508,95.4225352112676,87.77777777777777,2.262443438914027,97.73755656108597,80.83333333333333,4.166666666666666
2023,Census Tract 56.19; Mecklenburg County; North Carolina,37119005619,25.538178472861084,8.206071757129715,1.1591536338546458,53.155473781048755,26.881324747010122,13.081876724931002,5.722171113155474,79.43565626336041,95.8025421223766,44.309784215193616,6.816143497757847,94.3993159469859,3.7773359840954273,95.61349693251535,86.49517684887459,0.21390374331550802,99.78609625668449,87.45980707395499,0.0
2023,Census Tract 56.21; Mecklenburg County; North Carolina,37119005621,28.380782918149468,10.9282325029656,5.115658362989324,32.39916963226572,45.477461447212335,12.737247924080663,4.270462633451958,81.48325358851675,93.93315018315019,37.27106227106227,14.468503937007874,88.99521531100478,4.526491447642887,96.36194029850746,72.45440729483282,6.467661691542288,93.53233830845771,82.82674772036475,2.2416413373860182
2023,Census Tract 56.22; Mecklenburg County; North Carolina,37119005622,15.263417035942886,3.643525356967011,13.58936484490399,45.396356474643035,27.129492860659777,9.15805022156573,4.726735598227474,66.5144596651446,97.97008547008546,34.61538461538461,0.0,84.62709284627093,0.7553747821034282,96.51898734177216,62.7287853577371,23.439490445859875,76.56050955414014,8.901830282861898,7.820299500831947
2023,Census Tract 56.23; Mecklenburg County; North Carolina,37119005623,7.941653160453808,4.565099945975149,1.3776337115072934,62.452728254997304,24.257158292814694,8.698001080497027,3.2144786601836848,60.875,94.6645109135004,30.072756669361354,25.0,85.625,1.936619718309859,96.63222349789514,81.59738439981317,10.343383584589615,89.65661641541038,19.056515646893978,4.810836057916861
2023,Census Tract 56.24; Mecklenburg County; North Carolina,37119005624,20.82334132693845,6.394884092725819,1.2789768185451638,55.955235811350924,34.09272581934453,4.436450839328537,4.236610711430855,68.50998463901689,86.46487721302113,30.496858937749856,0.0,84.17818740399386,6.49746192893401,96.63814180929096,89.14405010438414,2.344546381243629,97.65545361875637,70.14613778705638,0.7306889352818371
2023,Census Tract 56.25; Mecklenburg County; North Carolina,37119005625,17.03174603174603,6.682539682539683,8.444444444444445,51.98412698412699,24.19047619047619,10.158730158730158,5.222222222222222,76.07811228641171,96.27329192546584,54.252269469660774,15.129151291512915,83.8079739625712,4.017600918308782,90.8669574700109,93.29446064139941,6.412005457025921,93.58799454297409,76.72497570456754,0.0
2023,Census Tract 56.26; Mecklenburg County; North Carolina,37119005626,29.178543664161698,4.819901528893496,1.11427831044312,53.92588753563099,10.391293081109096,25.680228038351906,8.888313034464886,68.53420195439739,88.49667774086379,40.406976744186046,1.3015184381778742,86.51465798045602,1.8660812294182216,98.76288659793815,82.75632490013317,3.346203346203346,96.65379665379665,88.41544607190413,3.3288948069241013
2023,Census Tract 56.27; Mecklenburg County; North Carolina,37119005627,34.24480846124081,7.016638720495292,1.6896685154133884,52.366825744872955,19.386044111956664,25.82226235005804,0.7351992776989552,78.61048568671598,86.60233393177738,31.844703770197487,5.037637521713955,73.14248954647796,6.90466849744998,91.38915318744053,84.50020234722786,8.616863905325443,91.38313609467455,82.15297450424929,0.8093889113719142
2023,Census Tract 57.09; Mecklenburg County; North Carolina,37119005709,12.423280423280424,19.047619047619047,5.544973544973545,22.201058201058203,61.75661375661375,4.338624338624339,6.158730158730159,54.270749395648664,92.68227064837234,45.68200161420501,7.83289817232376,81.82917002417406,6.4040599323344605,98.66526167896032,88.22355289421158,8.701594533029612,91.2984054669704,47.85429141716567,3.592814371257485
2023,Census Tract 57.10; Mecklenburg County; North Carolina,37119005710,25.90122942279642,9.272765159408209,4.584288393415295,29.0893936236716,41.73786205459471,21.629506147113982,2.958949781204417,69.05187835420394,84.56081081081082,31.62162162162162,38.30734966592428,76.07334525939177,3.796400449943757,96.12085042894442,84.3497031840259,7.719123505976095,92.2808764940239,51.59201295196978,3.130059363194819
2023,Census Tract 57.12; Mecklenburg County; North Carolina,37119005712,19.584212112081953,18.228382042783974,1.9584212112081951,7.562518830973184,81.44019282916541,3.374510394697198,5.66435673395601,66.97588126159555,97.53336029114436,41.932875050545896,29.175475687103592,91.52752009894867,7.680779318096666,96.65959703075292,86.08768971332209,2.7868852459016393,97.21311475409836,87.77403035413154,0.8431703204047217
2023,Census Tract 57.13; Mecklenburg County; North Carolina,37119005713,19.55156950672646,23.139013452914796,4.394618834080718,9.641255605381167,73.85650224215247,8.04932735426009,4.058295964125561,74.25683709869203,96.99469652327637,45.60989982321744,22.55639097744361,85.25564803804994,9.760178471834914,95.56416881998277,89.25667828106853,7.419354838709677,92.58064516129032,92.6829268292683,2.671312427409988
2023,Census Tract 57.14; Mecklenburg County; North Carolina,37119005714,21.184400577756378,20.911571176376185,3.2739528165623497,12.96742095971754,77.51564756860857,3.8356604076392236,2.407318247472316,76.42553191489363,95.19545752347675,45.16269927931863,31.500572737686138,96.12765957446808,12.685807371207494,98.36013875748975,91.0547396528705,6.022584692597239,93.97741530740275,94.83756119270139,0.9345794392523363
2023,Census Tract 57.15; Mecklenburg County; North Carolina,37119005715,16.7912984364378,21.24405166553365,0.30591434398368456,14.445955132562883,78.55200543847722,4.894629503738953,1.8014955812372537,78.30101569713757,94.1988950276243,32.13627992633518,12.737127371273713,84.57987072945522,9.803921568627452,99.33628318584071,81.5813953488372,0.0,100.0,94.88372093023256,1.3953488372093024
2023,Census Tract 57.16; Mecklenburg County; North Carolina,37119005716,26.326094695621215,10.359558561765752,9.683161267354931,21.484514061943752,34.175863296546815,32.48487006051976,2.1715913136347456,69.9224098585121,86.44688644688645,40.323565323565326,24.475524475524477,83.20401643085349,8.142063300314085,96.37549836897426,93.8082191780822,4.098791382028376,95.90120861797162,73.64383561643835,1.8630136986301369
2023,Census Tract 57.18; Mecklenburg County; North Carolina,37119005718,19.38746838999719,15.341388030345604,5.4509693734195,21.691486372576566,47.62573756673223,16.80247260466423,8.429334082607474,97.51420454545455,85.62644119907763,28.209069946195235,18.345864661654137,86.00852272727273,8.609271523178808,95.86206896551724,88.95752895752895,4.498525073746313,95.50147492625368,81.31274131274131,0.0
2023,Census Tract 57.19; Mecklenburg County; North Carolina,37119005719,22.80881599179908,16.70937980522809,7.150179395181958,8.021527421834957,58.99538698103537,25.269092772936958,0.5638134290107637,64.55026455026454,82.39740820734342,38.15694744420446,17.62652705061082,79.96031746031747,4.8804780876494025,97.39685658153242,92.14092140921409,4.280155642023346,95.71984435797665,93.42818428184282,5.691056910569105
2023,Census Tract 57.20; Mecklenburg County; North Carolina,37119005720,7.788461538461538,49.56730769230769,14.567307692307693,10.76923076923077,68.17307692307692,4.615384615384616,1.875,66.88741721854305,96.78800856531049,35.974304068522486,10.569105691056912,86.2251655629139,6.517205422314912,96.95181907571289,89.8043254376931,7.874762808349146,92.12523719165085,87.0236869207003,2.5746652935118437
2023,Census Tract 57.21; Mecklenburg County; North Carolina,37119005721,14.183024606027095,15.37185512855958,1.9076582803428257,8.155930329001935,78.0481061653304,11.252419131877247,0.6358860934476085,81.69745958429561,95.41440217391305,34.03532608695652,22.573839662447256,95.61200923787528,8.118556701030927,87.76119402985074,87.17059639389736,9.478970495919649,90.52102950408035,72.3994452149792,0.0
2023,Census Tract 57.22; Mecklenburg County; North Carolina,37119005722,18.108831400535237,21.097234611953613,9.500446030330062,13.737734165923282,72.56913470115968,1.3826940231935771,2.8099910793933986,68.4117125110914,94.80198019801979,42.57425742574257,5.757575757575758,93.2564330079858,9.586056644880173,99.68479117415288,81.30733944954129,3.8588754134509373,96.14112458654907,92.20183486238533,13.646788990825687
2023,Census Tract 57.23; Mecklenburg County; North Carolina,37119005723,28.188638799571276,8.386923901393354,8.22615219721329,28.0010718113612,40.460878885316184,19.37299035369775,3.938906752411576,74.54153182308522,96.03610675039246,33.791208791208796,0.0,91.2081984897519,3.4328358208955225,97.02222222222223,90.52701801200801,0.0,100.0,33.22214809873249,1.400933955970647
2023,Census Tract 58.11; Mecklenburg County; North Carolina,37119005811,17.185749495854807,21.622227201434015,3.9659421913511093,9.903652251848532,61.707371723056234,21.980730450369705,2.442303383374412,62.857142857142854,95.27769527769527,50.965250965250966,19.705882352941178,87.81671159029649,2.5432900432900434,96.61339421613394,85.8712715855573,4.735792622133599,95.2642073778664,73.36473050758765,0.7849293563579277
2023,Census Tract 58.15; Mecklenburg County; North Carolina,37119005815,20.664652567975832,20.664652567975832,1.3897280966767371,4.803625377643504,84.01812688821752,3.293051359516616,6.495468277945619,62.91540785498489,91.89627228525121,59.683954619124805,24.06417112299465,87.31117824773413,6.740289413556741,96.52362846279196,86.2323707186031,5.997474747474747,94.00252525252525,61.182001343183344,0.0
2023,Census Tract 58.16; Mecklenburg County; North Carolina,37119005816,18.805682639056105,19.311341199133157,4.237900313026728,10.233566096797496,75.2468095352757,8.740669395617626,1.5410546592824463,61.87050359712231,99.22630560928434,77.27272727272727,25.337331334332834,92.93655984303466,4.9228944246737845,97.31113956466069,90.30520646319569,4.02067777139575,95.97932222860425,80.07181328545781,1.9748653500897666
2023,Census Tract 58.17; Mecklenburg County; North Carolina,37119005817,24.397590361445783,16.473586654309546,11.19091751621872,4.819277108433735,76.0194624652456,5.213160333642261,2.7571825764596847,66.05809128630705,97.23127035830619,68.89250814332247,20.212765957446805,93.60995850622406,6.497088568801717,92.96279695203944,90.4228855721393,4.513064133016627,95.48693586698337,82.96019900497512,1.4925373134328357
2023,Census Tract 58.24; Mecklenburg County; North Carolina,37119005824,33.063537029542694,6.252529340348037,2.165115337919871,25.83974099554836,34.98583569405099,30.513961958721165,6.495346013759612,53.84615384615385,87.43403693931398,47.16358839050132,7.4074074074074066,81.92307692307692,5.290205562273277,92.92616930807885,81.9620253164557,4.819277108433735,95.18072289156626,60.390295358649794,3.481012658227848
2023,Census Tract 58.26; Mecklenburg County; North Carolina,37119005826,21.54903185509057,16.146158650843223,1.2179887570268582,13.866333541536541,36.97688944409744,37.85134291068083,10.087445346658338,60.87492298213185,86.49122807017544,24.605263157894736,9.663865546218489,69.56253850893407,4.538216560509554,99.13090711569798,87.53387533875339,4.404145077720207,95.59585492227978,63.41463414634146,3.1616982836495033
2023,Census Tract 58.27; Mecklenburg County; North Carolina,37119005827,19.197819314641745,3.387850467289719,0.6230529595015576,40.84890965732087,20.443925233644862,26.830218068535828,11.253894080996885,55.02832861189801,79.53311617806732,30.836047774158526,6.7357512953367875,80.09915014164307,6.012814194184327,93.91727493917274,77.07762557077625,11.12012987012987,88.87987012987013,31.506849315068493,4.018264840182648
2023,Census Tract 58.28; Mecklenburg County; North Carolina,37119005828,18.338727076591155,22.464940668824163,0.0,10.922330097087379,83.95361380798275,3.910463861920173,1.2135922330097086,58.802608180201545,94.40928270042194,62.09563994374121,33.33333333333333,85.06224066390041,3.0052840158520477,97.14765100671141,91.54346540508574,8.890086206896552,91.10991379310344,79.7752808988764,2.6611472501478417
2023,Census Tract 58.29; Mecklenburg County; North Carolina,37119005829,17.412217412217412,9.668109668109668,6.830206830206831,32.659932659932664,24.963924963924963,26.74362674362674,8.802308802308803,72.68431001890359,94.58533241946539,48.32076764907471,0.0,78.26086956521739,3.43622597553873,94.13489736070382,79.16666666666666,15.912408759124089,84.08759124087591,10.9375,9.114583333333332
2023,Census Tract 58.30; Mecklenburg County; North Carolina,37119005830,23.671216961951785,16.003485332558814,2.2364217252396164,17.600929422015685,58.46645367412141,15.480685448736567,6.215509729886726,64.99045194143858,97.29838709677419,47.17741935483871,4.528985507246377,93.1253978357734,5.32724505327245,99.13916786226686,85.44303797468355,3.7237643872714963,96.2762356127285,68.56540084388185,0.8438818565400843
2023,Census Tract 58.32; Mecklenburg County; North Carolina,37119005832,31.093589304079533,11.107302022625985,16.42098045937607,1.3027082619129242,64.00411381556394,2.296880356530682,15.975317106616387,80.11204481792717,99.94764397905759,85.81151832460733,27.945205479452056,97.6657329598506,3.8308457711442783,99.19408999328408,94.97630331753555,0.0,100.0,72.70142180094787,0.0
2023,Census Tract 58.33; Mecklenburg County; North Carolina,37119005833,19.952580703994162,29.582345431333213,14.554076235637424,7.076418019332483,73.44519423673171,4.523071311325917,0.40124019697246033,53.34685598377283,94.70647265429002,63.1961866532865,23.03030303030303,73.22515212981745,7.496012759170653,98.79564879564879,78.96640826873384,1.82648401826484,98.17351598173516,72.40310077519379,4.237726098191215
2023,Census Tract 58.34; Mecklenburg County; North Carolina,37119005834,25.45876887340302,16.840882694541232,1.3704994192799071,19.581881533101043,63.46109175377468,8.826945412311266,6.7595818815331015,50.58072009291521,91.70054200542005,49.59349593495935,15.666178623718888,84.03019744483159,7.136179495169835,95.30474040632055,90.43367346938776,3.2098765432098766,96.79012345679013,62.05357142857143,2.5510204081632653
2023,Census Tract 58.35; Mecklenburg County; North Carolina,37119005835,25.977768629065455,16.550020584602716,3.417044051049815,0.8645533141210375,92.63071222725402,2.6348291477974475,0.4528612597776863,67.62257169287696,97.85714285714285,66.25,9.866666666666667,87.7890841813136,6.562847608453838,97.50367107195301,88.81118881118881,6.331877729257641,93.66812227074236,93.93939393939394,2.097902097902098
2023,Census Tract 58.36; Mecklenburg County; North Carolina,37119005836,24.264514449362146,9.815152304087476,9.476698776360323,10.518094246290028,52.87685498568081,25.20177037229888,1.9265816193699559,62.1606648199446,92.91428571428571,46.05714285714286,2.8052805280528053,86.4819944598338,4.139358399448086,95.5242436800663,81.44329896907216,1.9494584837545126,98.05054151624549,77.09867452135494,0.7363770250368188
2023,Census Tract 58.39; Mecklenburg County; North Carolina,37119005839,18.8671875,10.1953125,6.953125,11.015625,56.875,13.6328125,11.5234375,55.74534161490683,98.50347407803314,61.090326028861575,4.929577464788732,88.43167701863354,1.059220028887819,95.6882255389718,86.2121212121212,12.928759894459102,87.0712401055409,37.95454545454545,2.5
2023,Census Tract 58.40; Mecklenburg County; North Carolina,37119005840,24.67820683533067,15.401686640035509,9.23213493120284,11.362627607634264,70.88326675543719,5.858854860186418,2.6631158455392807,65.79754601226993,97.10591133004927,71.05911330049261,7.5388026607538805,87.26993865030674,12.080141426045964,97.92663476874003,89.40397350993378,3.411513859275053,96.58848614072495,64.34878587196468,5.077262693156733
2023,Census Tract 58.43; Mecklenburg County; North Carolina,37119005843,26.949207376253643,8.864445163377548,15.852474927208023,6.3086379812358455,57.03655774830152,12.649627952119054,8.152701391135555,53.396388650042994,90.56513409961686,63.553639846743295,19.092331768388107,70.4213241616509,4.295837023914969,93.89312977099237,88.20998278829603,3.568464730290456,96.43153526970954,79.08777969018934,4.733218588640275
2023,Census Tract 58.45; Mecklenburg County; North Carolina,37119005845,34.79289940828402,9.615384615384617,26.28698224852071,6.168639053254438,47.514792899408285,3.0177514792899407,17.011834319526628,69.88494247123562,96.34117367545734,57.18698028035163,9.745127436281859,73.38669334667334,2.169445078785111,96.78899082568807,83.7709857942316,2.9657477025898076,97.03425229741019,51.22686181661644,6.284976323719328
2023,Census Tract 58.46; Mecklenburg County; North Carolina,37119005846,29.61636828644501,13.40153452685422,4.578005115089514,3.0690537084398977,79.79539641943734,9.18158567774936,3.375959079283888,65.79352850539291,99.91928974979822,75.8272800645682,18.738404452690165,95.68567026194145,4.178779069767442,95.63409563409564,91.61490683229813,0.0,100.0,99.76708074534162,0.2329192546583851
2023,Census Tract 58.47; Mecklenburg County; North Carolina,37119005847,27.6817252277375,14.259155976947389,14.333519241494702,5.744562186279978,68.65588399330731,6.227923405837516,5.038111173080498,75.11286681715575,98.90357042451504,75.06325555243183,23.134328358208954,82.05417607223477,4.652956298200514,95.01686024728363,89.01322482197355,2.9135802469135803,97.08641975308642,78.28077314343845,7.019328585961343
2023,Census Tract 58.48; Mecklenburg County; North Carolina,37119005848,27.322515212981745,10.933062880324544,9.594320486815416,1.9066937119675456,77.66734279918865,7.606490872210954,3.2251521298174444,74.17035398230088,97.89826378312519,70.84983247030155,25.112511251125113,85.17699115044249,3.097962601172202,94.67387109224238,95.85760517799353,2.462121212121212,97.53787878787878,98.05825242718447,0.9708737864077669
2023,Census Tract 58.49; Mecklenburg County; North Carolina,37119005849,26.902320561252026,22.93577981651376,12.223421478683216,21.856449001618998,61.225040474905555,2.1316783594171613,2.5634106853750676,61.171875,91.61554192229039,58.48670756646217,9.310344827586208,83.125,5.537098560354374,96.19660620245757,79.64601769911505,2.934860415175376,97.06513958482462,82.22713864306785,8.480825958702065
2023,Census Tract 58.50; Mecklenburg County; North Carolina,37119005850,19.39189189189189,12.77027027027027,15.472972972972974,2.195945945945946,69.96621621621621,7.635135135135135,4.72972972972973,62.083689154568745,98.73356064296152,76.71699951290793,15.254237288135593,87.19043552519214,8.193908193908193,95.27334851936219,87.83269961977186,2.011922503725782,97.98807749627422,47.60456273764259,10.342205323193916
2023,Census Tract 58.51; Mecklenburg County; North Carolina,37119005851,26.386913229018493,13.157894736842104,8.511142721669037,20.554765291607396,61.474632527264106,8.368895211000474,1.0905642484589853,64.96619545175169,98.86778670562454,55.989773557341124,20.319634703196346,88.13767670559312,7.149758454106281,92.63110307414105,88.68563685636856,3.2765399737876804,96.72346002621232,90.10840108401084,1.0162601626016259
2023,Census Tract 58.52; Mecklenburg County; North Carolina,37119005852,11.177052423343223,14.589515331355093,0.0,6.429277942631058,83.13550939663699,10.089020771513352,0.34619188921859545,43.739279588336196,99.07692307692308,50.46153846153846,25.954198473282442,90.73756432246999,1.0869565217391304,90.3182125930941,88.21548821548821,4.96,95.04,38.131313131313135,4.797979797979798
2023,Census Tract 58.53; Mecklenburg County; North Carolina,37119005853,18.922358930844293,7.170131523122613,1.7394993635977938,15.697921086126431,32.07467119219346,40.17819261773441,10.3097157403479,71.86311787072243,86.38324091189156,30.622304374614913,0.0,63.57414448669202,0.8895866038723181,99.40617577197149,80.4899387576553,7.073170731707316,92.92682926829269,21.522309711286088,0.0
2023,Census Tract 58.54; Mecklenburg County; North Carolina,37119005854,25.837628865979383,1.9007731958762886,24.58118556701031,14.239690721649485,17.042525773195877,21.359536082474225,22.7770618556701,32.26053639846743,99.80392156862746,70.73529411764706,5.115089514066496,63.831417624521066,3.5186794092093834,98.82186616399623,87.2822299651568,4.492512479201332,95.50748752079868,20.209059233449477,24.477351916376307
2023,Census Tract 58.55; Mecklenburg County; North Carolina,37119005855,30.951365187713307,8.916382252559726,10.580204778156997,5.162116040955631,64.419795221843,15.337030716723548,4.50085324232082,73.22201607915893,91.61759612054036,70.973328714929,6.8354430379746836,89.91960420531849,3.5526722273710223,97.93536804308796,93.50571256764883,13.878819264629724,86.12118073537027,65.78472639807576,0.6013229104028863
2023,Census Tract 58.56; Mecklenburg County; North Carolina,37119005856,28.000000000000004,5.942857142857143,26.93333333333333,22.62857142857143,41.18095238095238,5.409523809523809,3.8476190476190477,71.68299198575245,98.17432273262662,75.1472320376914,8.823529411764707,84.68388245770258,0.6349206349206349,100.0,97.22222222222221,0.0,100.0,56.547619047619044,0.0
2023,Census Tract 58.57; Mecklenburg County; North Carolina,37119005857,19.572143832498863,17.84251251706873,19.208010923987256,5.188893946290396,61.35639508420574,8.10195721438325,6.144742831133364,56.598240469208214,98.03049555273189,69.3138500635324,22.745098039215687,78.00586510263929,3.8483305036785516,97.07964601769912,87.9381443298969,19.435215946843854,80.56478405315615,60.0,9.175257731958762
2023,Census Tract 58.58; Mecklenburg County; North Carolina,37119005858,36.02625028286943,4.661688164743154,35.05317945236479,17.356868069699026,33.42385155012446,12.514143471373615,1.6519574564381083,77.37041719342605,90.96361455417833,52.059176329468215,0.0,88.1795195954488,6.263421617752327,94.89626556016597,90.42218021424071,6.426886792452831,93.57311320754717,39.57151858853182,2.142407057340895
2023,Census Tract 58.59; Mecklenburg County; North Carolina,37119005859,22.458715596330276,16.0,14.422018348623853,8.0,75.74311926605505,1.2477064220183485,0.5871559633027523,57.50798722044729,99.30727362691736,74.27016328550222,8.102766798418973,92.75825346112886,4.212020823473734,94.12117576484704,87.21286370597244,0.9104704097116844,99.08952959028832,48.62174578866769,1.3782542113323124
2023,Census Tract 58.60; Mecklenburg County; North Carolina,37119005860,27.294685990338163,10.913482652613087,24.308300395256918,7.487922705314009,53.184014053579276,5.90689503732982,9.112867808519983,50.46040515653776,97.5267626430417,70.83794758213364,35.55555555555556,90.914671577655,3.6846874056176384,94.624090541633,90.33733562035448,2.7793218454697053,97.22067815453029,44.482561463693536,7.375643224699828
2023,Census Tract 58.61; Mecklenburg County; North Carolina,37119005861,19.24231057764441,34.133533383345835,10.990247561890474,10.390097524381096,70.29257314328582,6.639159789947486,1.6879219804951238,59.810874704491724,95.0284090909091,62.5,5.405405405405405,78.36879432624113,9.986065954482118,100.0,85.57475582268971,2.1323529411764706,97.86764705882352,76.18332081141999,1.7280240420736288
2023,Census Tract 58.62; Mecklenburg County; North Carolina,37119005862,19.839486356340288,14.47833065810594,11.685393258426966,1.5730337078651686,70.56179775280899,7.319422150882825,8.860353130016051,58.903020667726544,98.87589928057554,66.86151079136691,16.508538899430743,88.87122416534181,2.482979575490589,98.19367787255395,87.03196347031964,3.6939313984168867,96.30606860158312,88.4931506849315,3.744292237442922
2023,Census Tract 58.63; Mecklenburg County; North Carolina,37119005863,29.366140679326026,16.28777748060979,14.549344744584115,16.662209146830705,59.07996790585718,4.546670232682535,5.161807970045467,55.13274336283186,95.30364372469636,64.21052631578948,21.761658031088082,83.89380530973452,3.900037864445286,92.10933470861269,90.7949790794979,0.8298755186721992,99.1701244813278,79.49790794979079,6.527196652719665
2023,Census Tract 58.64; Mecklenburg County; North Carolina,37119005864,28.790669122160832,8.205443012072847,26.560261919377943,9.474114998976878,51.524452629425014,6.547984448536935,5.893186003683241,74.0506329113924,98.51875196974473,74.5666561613615,18.485342019543975,90.6789413118527,2.1264367816091956,92.89876183539694,96.68411867364746,4.605993340732519,95.39400665926749,70.79697498545666,2.8504944735311226
2023,Census Tract 58.65; Mecklenburg County; North Carolina,37119005865,16.331417624521073,20.88122605363985,5.028735632183908,15.56513409961686,68.67816091954023,7.758620689655173,2.9693486590038316,55.11022044088176,96.43304130162703,64.39299123904881,23.595505617977526,81.66332665330661,11.963365769891242,97.88672865595942,91.24423963133641,14.398422090729785,85.60157790927022,70.73732718894009,0.3456221198156682
2023,Census Tract 58.66; Mecklenburg County; North Carolina,37119005866,25.583405358686257,4.948141745894555,3.1114952463267067,30.337078651685395,31.741573033707866,18.582541054451166,16.22731201382887,71.79054054054053,94.86414844267726,38.66799204771372,0.0,94.00337837837837,2.8745644599303137,95.47450185748058,92.96951819075713,7.6713572401271,92.3286427598729,0.5408062930186824,1.6224188790560472
2023,Census Tract 58.67; Mecklenburg County; North Carolina,37119005867,21.332616872649112,19.317571198280493,9.37667920472864,27.216550241805482,29.903277807630307,26.30306286942504,7.2004298764105314,62.25980015372791,93.32830757632868,49.264983038070106,1.7857142857142856,85.47271329746349,7.342896174863387,94.18103448275862,61.492890995260666,8.161044613710555,91.83895538628944,43.009478672985786,22.571090047393366
2023,Census Tract 58.68; Mecklenburg County; North Carolina,37119005868,32.1173104434907,17.525035765379112,3.3619456366237483,3.2546494992846924,66.98855507868383,9.19170243204578,17.203147353361945,36.2453531598513,95.81939799331104,30.60200668896321,0.5788712011577424,68.68029739776952,4.373024236037935,100.0,83.22916666666667,8.918406072106261,91.08159392789373,66.77083333333333,1.875
2023,Census Tract 59.08; Mecklenburg County; North Carolina,37119005908,17.43787489288775,18.68037703513282,16.709511568123396,13.367609254498714,60.368466152527844,5.441302485004284,4.113110539845758,80.39950062421973,97.44287268770402,67.6822633297062,7.926829268292683,89.63795255930087,7.85639958376691,97.2560975609756,88.64097363083164,1.8905472636815919,98.1094527363184,89.14807302231237,0.6085192697768762
2023,Census Tract 59.10; Mecklenburg County; North Carolina,37119005910,32.430928982013725,7.6766178379380685,1.7986278509178566,34.4335249397367,20.841832004450215,24.698683478583348,18.227331726311885,56.79324894514768,89.62324393358875,46.96679438058749,0.5275056518462697,82.0675105485232,8.589462129527991,93.33333333333333,80.44579533941236,8.186046511627906,91.81395348837209,47.31509625126647,5.572441742654509
2023,Census Tract 59.13; Mecklenburg County; North Carolina,37119005913,23.67719298245614,10.217543859649123,15.663157894736843,31.84561403508772,17.99298245614035,33.5578947368421,0.9403508771929825,45.27726995734309,88.46718389599498,35.080729712728036,0.19801980198019803,89.57952468007313,5.2408973887458625,92.6852288815479,85.19283746556474,2.320887991927346,97.67911200807265,66.15013774104683,0.4820936639118457
2023,Census Tract 59.15; Mecklenburg County; North Carolina,37119005915,18.63237139272271,3.7327478042659976,3.8582183186951067,55.269761606022584,22.11417816813049,12.609786700125468,6.148055207026349,45.295983086680764,98.05661174482468,58.38614279678919,3.6111111111111107,84.93657505285412,2.6599845797995374,93.87004495300367,78.60727728983689,9.173789173789174,90.82621082621083,12.296110414052698,6.085319949811794
2023,Census Tract 59.16; Mecklenburg County; North Carolina,37119005916,32.536764705882355,9.264705882352942,2.9044117647058822,45.955882352941174,6.323529411764706,41.8014705882353,3.014705882352941,47.86771105308964,80.94620868438108,19.96111471160078,0.0,78.24194952132288,6.73289183222958,90.28651292802236,77.7654867256637,6.224066390041494,93.7759336099585,25.110619469026545,7.52212389380531
2023,Census Tract 59.18; Mecklenburg County; North Carolina,37119005918,35.38961038961039,7.900432900432901,2.922077922077922,41.81547619047619,24.756493506493506,26.609848484848484,3.896103896103896,51.82119205298014,84.84177915468024,38.79176809028546,6.741573033707865,69.57781456953643,6.281407035175879,93.7082066869301,86.81214421252372,1.0328638497652582,98.96713615023475,78.17836812144212,1.0910815939278937
2023,Census Tract 59.19; Mecklenburg County; North Carolina,37119005919,19.550492610837438,17.580049261083744,18.34975369458128,18.472906403940886,41.13300492610838,19.519704433497537,2.5246305418719213,71.55903457273321,93.19757365684576,40.424610051993064,10.904872389791183,80.43052837573386,6.77382319173364,97.82372143634385,79.72972972972973,2.361111111111111,97.63888888888889,89.11806543385491,1.9203413940256047
2023,Census Tract 59.20; Mecklenburg County; North Carolina,37119005920,26.549865229110516,9.658580413297395,0.8535489667565139,14.510332434860738,28.30188679245283,52.42587601078167,3.908355795148248,58.50515463917526,83.50582147477361,43.661060802069855,0.0,82.08762886597938,2.7266962587190866,92.2767497988737,78.54889589905363,14.401440144014401,85.5985598559856,38.590956887486854,5.257623554153523
2023,Census Tract 59.21; Mecklenburg County; North Carolina,37119005921,21.43230527966545,5.7501306847882905,12.310507056978567,33.32462101411396,34.08259278619969,11.500261369576581,8.782017773131209,47.411285631180924,95.98832968636032,52.88110867979577,12.339331619537274,86.50378126817917,5.322687957418496,94.8441247002398,97.50312109862672,4.81283422459893,95.18716577540107,52.62172284644194,0.5617977528089888
2023,Census Tract 59.22; Mecklenburg County; North Carolina,37119005922,28.2930439072521,10.014800197335964,7.572767636901825,40.2072027627035,32.289097187962504,14.874198322644302,5.056734089787864,64.78791400348635,96.71598700830025,53.84337784193431,6.3701923076923075,86.80999418942476,4.953560371517028,96.15384615384616,92.95671313279531,7.530529172320217,92.46947082767977,84.59280997798973,1.3939838591342628
2023,Census Tract 59.23; Mecklenburg County; North Carolina,37119005923,28.538611062025094,7.121399540554868,11.60982505743064,48.630500088354836,22.141721152147024,16.999469871001942,0.6184838310655593,61.24383769434964,90.89204393249398,54.96919367800697,9.329221279876638,79.59802806219189,6.454005934718101,96.6602792225568,94.40902403138793,2.5334608030592736,97.46653919694073,47.6213830308975,3.482099068170672
2023,Census Tract 59.24; Mecklenburg County; North Carolina,37119005924,24.978747520544065,9.379427599886652,6.474922074241995,36.795126098044776,36.55426466421082,18.149617455369793,2.0260697081326153,63.36252189141857,91.88319153828466,44.14808001839503,10.719131614654003,85.00875656742556,5.193578847969783,94.9627345155487,86.88372093023256,0.0,100.0,81.02325581395348,0.0
2023,Census Tract 59.25; Mecklenburg County; North Carolina,37119005925,24.470246734397676,12.830188679245284,13.381712626995645,35.12336719883889,27.95355587808418,15.21044992743106,8.330914368650218,72.58944815039418,94.63554463554463,50.0,13.556338028169016,95.14857489387506,8.28793774319066,95.76612903225806,96.86057248384118,8.29805249788315,91.70194750211685,89.19667590027701,0.0
2023,Census Tract 59.26; Mecklenburg County; North Carolina,37119005926,28.445883441258097,13.020351526364477,9.123496762257169,29.764107308048104,50.45097132284921,3.8159111933395002,6.845513413506013,79.97799779977997,97.87269964544994,73.79706229951039,15.224719101123597,91.23579024569123,7.611506140917905,98.78075332026998,94.29477020602218,3.5168195718654434,96.48318042813455,93.97781299524564,0.9825673534072901
2023,Census Tract 59.27; Mecklenburg County; North Carolina,37119005927,19.772296015180267,4.920936116382037,3.70651486401012,53.59898798228969,17.039848197343453,15.06641366223909,10.588235294117647,42.23645094900526,92.8826257581163,29.66464502318944,0.0,68.37411388063114,0.7883948281299276,96.83091787439614,84.22586520947176,3.2428621783574196,96.75713782164259,41.16575591985428,5.610200364298725
2023,Census Tract 59.28; Mecklenburg County; North Carolina,37119005928,20.247711362412492,12.654819601507809,0.0,35.164243403338716,26.11739364566505,32.74098007539041,5.977382875605816,44.201312910284464,93.68029739776952,19.60966542750929,1.4285714285714286,89.82494529540482,5.064145847400405,93.70212765957446,71.16788321167883,8.053691275167784,91.94630872483222,89.78102189781022,2.5547445255474455
2023,Census Tract 59.29; Mecklenburg County; North Carolina,37119005929,12.379778051787916,12.355117139334155,7.22564734895191,41.3810110974106,28.75462392108508,18.076448828606658,4.562268803945746,53.19753671245855,94.4225721784777,45.63648293963254,10.51454138702461,95.64187588820464,8.471714044469463,93.13167259786476,85.03325942350332,8.240081383519836,91.75991861648016,57.53880266075389,1.4966740576496673
2023,Census Tract 59.30; Mecklenburg County; North Carolina,37119005930,26.95287282117495,9.974176888315043,0.0,17.462879276952872,31.697869593285994,34.28018076178179,16.55907036797934,58.10546875,75.86552935273457,32.56397390868038,16.108452950558213,77.734375,0.7512152010605391,98.34710743801654,77.23024638912489,8.118657298985168,91.88134270101483,39.677145284621915,9.855564995751912
2023,Census Tract 59.31; Mecklenburg County; North Carolina,37119005931,21.57616530514176,12.229697260932245,2.666987025468525,35.968284478616056,33.229216722729454,20.03844305622297,8.097068716963,63.77032520325203,92.9355281207133,44.06721536351166,0.0,74.64430894308943,5.361519607843137,97.9543666404406,88.96551724137932,10.191441441441441,89.80855855855856,58.99686520376175,2.0689655172413794
2023,Census Tract 59.32; Mecklenburg County; North Carolina,37119005932,21.225296442687746,6.679841897233202,12.806324110671937,31.541501976284586,40.47430830039526,6.16600790513834,9.011857707509881,57.6271186440678,92.84934497816593,41.211790393013096,18.1360201511335,87.65133171912834,1.2973533990659056,89.73607038123167,90.83503054989816,3.631010794896958,96.36898920510303,65.9877800407332,7.535641547861507
2023,Census Tract 60.05; Mecklenburg County; North Carolina,37119006005,29.154849688031764,13.102665910380034,2.1554169030062393,35.30913216108905,34.48667044809983,25.950085082246172,2.098695405558707,57.669122572002685,82.32967032967034,32.92307692307692,10.11378002528445,84.32685867381112,4.603682946357086,97.13690786048933,73.87755102040816,1.4481094127111827,98.55189058728881,74.61224489795917,9.877551020408164
2023,Census Tract 60.08; Mecklenburg County; North Carolina,37119006008,12.344582593250445,17.939609236234457,2.4866785079928952,40.49733570159858,33.95500296033156,12.581409117821195,10.479573712255773,80.8695652173913,91.1741835147745,41.05754276827372,28.72727272727273,90.1863354037267,6.3154339750084425,96.03729603729604,76.7103347889374,0.36258158085569253,99.63741841914431,64.48326055312955,7.3508005822416305
2023,Census Tract 60.09; Mecklenburg County; North Carolina,37119006009,22.455470737913487,12.595419847328243,6.456743002544529,42.652671755725194,41.38040712468193,3.816793893129771,5.693384223918575,72.76595744680851,93.39246119733924,31.9290465631929,14.285714285714285,92.8368794326241,7.260049220672682,97.10914454277287,79.31893687707641,10.616184112843357,89.38381588715664,78.40531561461795,7.142857142857142
2023,Census Tract 60.11; Mecklenburg County; North Carolina,37119006011,31.73924659364146,7.534063585359338,1.6297087897408495,55.730697301629704,23.697568795084155,6.091370558375635,12.85065455516965,70.0,95.94283079760258,36.60673121254034,9.499358151476251,81.86915887850468,3.4442270058708417,90.44975013881177,76.73010380622839,0.0,100.0,74.74048442906575,3.7197231833910034
2023,Census Tract 60.12; Mecklenburg County; North Carolina,37119006012,22.197802197802197,12.787212787212788,5.674325674325675,30.869130869130867,28.03196803196803,19.78021978021978,15.644355644355645,63.584229390681,88.95705521472392,28.454572012854225,10.826542491268917,90.32258064516128,12.891628145865432,75.97402597402598,73.51851851851852,10.348644161593802,89.6513558384062,73.64197530864197,0.0
2023,Census Tract 60.13; Mecklenburg County; North Carolina,37119006013,22.60941713337482,4.812279610039411,5.185646131507986,74.46587844845467,8.317776394938809,10.060153495125492,1.9705455299730346,74.98986623429266,89.56963538553497,24.208009563658102,10.918544194107453,94.6088366436968,3.243098365049585,95.22555153111624,88.32518337408312,6.674272675413577,93.32572732458642,79.21760391198043,0.0
2023,Census Tract 60.14; Mecklenburg County; North Carolina,37119006014,21.402784940691078,8.58690046415678,4.770500257864878,23.439917483238784,54.79628674574523,12.532233109850438,4.46106240330067,72.8649303452453,96.47101188332734,58.15628375945264,24.794745484400657,90.0060569351908,6.528871391076116,98.03088803088804,94.50704225352112,9.898477157360407,90.1015228426396,80.63380281690141,0.49295774647887325
2023,Census Tract 60.15; Mecklenburg County; North Carolina,37119006015,26.219063954913015,11.614800294045576,2.35236461651556,39.108061749571185,38.42195540308747,14.70227885322225,5.415339377603528,72.01510146295422,90.66034294053266,39.94892375045604,6.593406593406594,80.98159509202453,6.6800267201068815,97.65277215702145,88.51303735024665,3.6005434782608696,96.39945652173914,82.73431994362227,1.127554615926709
2023,Census Tract 60.16; Mecklenburg County; North Carolina,37119006016,22.73049645390071,12.340425531914894,9.078014184397164,46.808510638297875,17.19858156028369,25.248226950354606,1.6666666666666667,74.95590828924162,70.85941946499716,21.001707455890724,12.26890756302521,79.36507936507937,3.7173015144561727,88.85813148788927,73.62978283350569,10.628465804066543,89.37153419593345,48.3971044467425,4.3433298862461225
2023,Census Tract 61.03; Mecklenburg County; North Carolina,37119006103,24.691358024691358,10.693257359924027,8.983855650522317,25.94491927825261,52.345679012345684,7.160493827160494,5.565052231718899,68.71023713128976,92.59757738896366,49.34051144010767,4.275534441805226,85.19375361480624,9.104665825977301,94.66019417475728,87.08229426433915,8.780709736123748,91.21929026387625,61.34663341645885,3.0423940149625937
2023,Census Tract 61.05; Mecklenburg County; North Carolina,37119006105,22.014652014652015,9.670329670329672,5.677655677655678,44.395604395604394,46.776556776556774,2.0146520146520146,1.1355311355311355,84.16506717850288,95.88701684836471,47.968285431119924,9.202453987730062,82.43761996161228,5.166744950681071,97.21878862793572,75.96685082872928,2.4258760107816713,97.57412398921834,72.74401473296501,0.0
2023,Census Tract 61.08; Mecklenburg County; North Carolina,37119006108,19.234789880827933,7.213046205310475,10.307338490487142,53.96194856784445,16.704996863892955,15.659627848630567,3.3660882291448884,80.89409260244811,86.25509609784507,28.33430401863716,2.111111111111111,87.44012772751464,6.626973854517216,93.75838926174497,84.6670397313934,1.920965971459934,98.07903402854006,73.36317851147174,2.7979854504756574
2023,Census Tract 61.09; Mecklenburg County; North Carolina,37119006109,13.822284908321581,22.708039492242595,1.3399153737658673,77.36248236953456,4.478138222849084,14.456981664315938,2.362482369534556,62.65750286368843,89.86764034687357,33.637608397991784,0.0,90.03436426116839,8.387888707037643,97.0668485675307,80.54298642533936,3.7037037037037033,96.29629629629629,56.10859728506787,6.334841628959276
2023,Census Tract 61.10; Mecklenburg County; North Carolina,37119006110,22.683198219678907,9.060562708631378,6.437768240343347,55.730408520108085,18.741058655221746,16.436178667938325,2.6545859163884913,61.655316919853334,87.93026374608851,26.70987930263746,4.226705091258405,91.72341540073336,2.3231907894736845,97.79688339602365,89.27826449728828,8.859315589353614,91.14068441064639,67.08385481852316,2.5031289111389237
2023,Census Tract 61.11; Mecklenburg County; North Carolina,37119006111,25.219941348973606,14.02737047898338,3.4213098729227758,34.11534701857282,36.41251221896383,12.781036168132943,13.269794721407624,71.49220489977728,87.59970993473532,28.64394488759971,1.1611030478955007,82.10838901262065,8.5667215815486,96.74649796656124,85.83662714097497,1.171875,98.828125,67.19367588932806,3.227931488801054
2023,Census Tract 61.12; Mecklenburg County; North Carolina,37119006112,27.733755942947703,1.7432646592709984,1.2678288431061806,65.76862123613311,18.54199683042789,12.638668779714738,1.7828843106180665,47.94841735052755,86.11698379140239,46.088794926004226,0.0,88.39390386869871,4.879385964912281,98.66310160427807,87.13932399010717,5.234375,94.765625,26.875515251442707,13.27287716405606
2023,Census Tract 61.13; Mecklenburg County; North Carolina,37119006113,11.600633914421552,8.843106180665611,1.5530903328050714,52.80507131537242,36.67194928684628,6.624405705229794,2.345483359746434,54.0785498489426,94.40069991251093,59.4488188976378,7.216494845360824,85.95166163141994,9.286482610254572,98.34744054816606,97.62210796915167,11.136493432324386,88.86350656767561,49.10025706940874,7.069408740359898
2023,Census Tract 61.14; Mecklenburg County; North Carolina,37119006114,22.11646136618141,7.446808510638298,2.9115341545352744,57.754759238521835,10.66629339305711,27.0996640537514,1.5677491601343785,57.66590389016019,92.01696876205168,43.270343231777865,4.1067761806981515,96.68192219679635,7.189072609633357,96.10951008645533,81.83659689399055,8.126550868486353,91.87344913151365,55.16542876434841,0.0
2023,Census Tract 61.15; Mecklenburg County; North Carolina,37119006115,19.19014084507042,1.3832997987927567,11.292756539235413,65.41750503018109,10.01006036217304,12.248490945674044,1.0311871227364184,42.44186046511628,98.10085134250164,61.23117223313687,0.0,94.65116279069767,5.944600062247122,98.49334267694464,86.79504814305365,13.998422712933753,86.00157728706624,2.4759284731774414,3.943145346171481
2023,Census Tract 62.08; Mecklenburg County; North Carolina,37119006208,24.327886136004217,8.75065893516078,1.2915129151291513,3.8218239325250396,88.13916710595677,2.5830258302583027,4.1644702161307325,60.83223249669749,96.05873261205564,53.63214837712519,7.480314960629922,89.2998678996037,3.274120515499826,98.58812074001946,89.5871842267406,6.724137931034482,93.27586206896552,44.73197781885398,4.313000616142945
2023,Census Tract 62.09; Mecklenburg County; North Carolina,37119006209,22.41929055400558,10.18333997608609,2.7899561578318055,14.56755679553607,74.55161418891988,4.125149461937027,3.965723395775209,63.85904598195101,92.92084726867336,48.94091415830547,20.588235294117645,90.84658358401376,9.273054199845877,97.61686526122824,84.57098884186226,3.8119911176905994,96.1880088823094,33.82070026933436,8.080030781069643
2023,Census Tract 62.10; Mecklenburg County; North Carolina,37119006210,22.14548802946593,21.2707182320442,10.72744014732965,9.875690607734807,70.02762430939227,4.005524861878453,5.363720073664825,57.41512805241214,90.11360147374884,55.1120663186982,15.50632911392405,81.95354377605717,5.292726197516263,96.57320872274143,89.03635314483554,3.7756801776790674,96.22431982232094,72.30236583958454,2.308136180034622
2023,Census Tract 62.11; Mecklenburg County; North Carolina,37119006211,27.75726440841226,15.5081072403275,3.0663027773318348,4.318510194252689,84.09054422860812,6.646331674426071,1.8783111253812812,78.3451536643026,98.48669758359776,72.32121064193312,16.126943005181346,95.27186761229315,7.3999999999999995,98.20544554455446,98.18488813845504,1.9047619047619049,98.09523809523809,89.99577880962431,1.8573237653018153
2023,Census Tract 62.12; Mecklenburg County; North Carolina,37119006212,24.96685815289439,11.776403004860803,13.654441007512153,14.250994255413168,57.90985417587273,6.18647812638091,7.998232434821034,70.76023391812866,96.83666881859264,50.83925112976113,1.6371077762619373,86.69590643274854,6.27208480565371,96.64823773324119,87.8494623655914,2.464604090194022,97.53539590980597,52.58064516129032,2.0967741935483875
2023,Census Tract 62.14; Mecklenburg County; North Carolina,37119006214,25.624270711785297,11.388564760793466,2.543757292882147,12.95215869311552,65.46091015169195,11.34189031505251,7.701283547257877,68.61587982832617,99.45504087193461,49.52316076294278,11.471321695760599,90.28969957081546,4.5811107624725445,95.6420233463035,81.98983297022512,2.3404255319148937,97.65957446808511,81.26361655773421,0.0
2023,Census Tract 62.16; Mecklenburg County; North Carolina,37119006216,15.945945945945947,25.351351351351354,0.2702702702702703,0.5945945945945946,92.16216216216216,5.5675675675675675,1.4054054054054055,52.22088835534213,96.6688874083944,62.15856095936043,17.829457364341085,91.23649459783914,4.630225080385852,100.0,89.90719257540604,20.185185185185187,79.81481481481481,81.4385150812065,1.2761020881670533
2023,Census Tract 62.17; Mecklenburg County; North Carolina,37119006217,16.330957545708088,28.478462968701578,0.0,0.0,91.6330957545708,4.3383947939262475,4.028509451502944,52.46913580246913,96.4824120603015,54.503285659064545,28.210526315789476,87.42283950617285,6.666666666666667,100.0,92.32350925291296,8.29666876178504,91.70333123821496,78.61549006168609,3.1528444139821796
2023,Census Tract 62.18; Mecklenburg County; North Carolina,37119006218,22.08319242475482,15.387216773757187,1.3865404125803178,0.5749070003381805,89.68549205275617,3.2803517078119717,5.072708826513358,58.0046403712297,100.0,75.4170755642787,34.26124197002141,89.79118329466357,3.9496527777777777,95.95375722543352,99.08925318761385,8.117154811715482,91.88284518828452,92.25865209471766,0.0
2023,Census Tract 62.19; Mecklenburg County; North Carolina,37119006219,21.296005033029257,27.492922302610882,1.635734507706826,2.5479710600817866,81.53507392261717,3.0827304183705566,11.198490091223654,72.6205997392438,100.0,74.94572297003907,31.017770597738288,95.17601043024771,4.07673860911271,89.6807720861173,96.85816876122082,6.543624161073826,93.45637583892618,97.03770197486536,1.615798922800718
2023,Census Tract 62.20; Mecklenburg County; North Carolina,37119006220,13.302752293577983,22.971065631616092,2.1524347212420607,0.0,88.32039520112914,4.65772759350741,4.869442484121383,54.704170708050434,98.30723656369022,65.7638595006348,58.68055555555556,83.4141610087294,7.651607651607652,97.2819216182048,81.76907494935854,16.4692611393119,83.5307388606881,87.23835246455099,2.835921674544227
2023,Census Tract 62.21; Mecklenburg County; North Carolina,37119006221,28.265424912689173,9.545983701979045,0.20954598370197902,18.230500582072175,67.47380675203726,7.240977881257275,6.845168800931316,75.48855388051368,99.53780125453945,54.374380983823045,8.763505402160865,92.74148520379676,5.322947095098994,97.62178749520521,94.72588480222069,4.947229551451187,95.05277044854881,79.87508674531576,1.179736294240111
2023,Census Tract 62.22; Mecklenburg County; North Carolina,37119006222,24.342105263157894,13.973684210526315,2.9210526315789473,14.289473684210527,81.71052631578948,0.0,1.0789473684210527,60.11196641007698,99.39690915944213,61.967583867320016,39.75069252077562,80.05598320503849,5.769911504424779,94.13123844731977,86.63761801016703,2.2017045454545454,97.79829545454545,90.48656499636893,0.7988380537400145
2023,Census Tract 62.23; Mecklenburg County; North Carolina,37119006223,32.19178082191781,12.869502523431867,0.0,27.577505407354003,61.247296322999276,6.236481614996395,4.9387166546503245,70.98901098901099,97.41176470588235,54.41176470588235,6.806282722513089,85.71428571428571,7.442849548112706,95.43808834178131,82.87895310796074,6.237218813905931,93.76278118609407,81.2431842966194,0.0
2023,Census Tract 62.24; Mecklenburg County; North Carolina,37119006224,20.062305295950157,16.1993769470405,0.0,14.57943925233645,69.68847352024922,15.17133956386293,0.5607476635514018,61.55433287482806,88.63328822733423,47.45151105096978,5.6689342403628125,82.9436038514443,11.106780982073266,96.91142191142191,90.60297572435395,12.354152367879204,87.6458476321208,41.42521534847298,6.577916992952232
2023,Census Tract 63.05; Mecklenburg County; North Carolina,37119006305,25.900635742877327,9.700965387332234,9.795149517306335,32.96444549093478,43.913350600423826,10.595714622086179,2.7313397692488817,72.59615384615384,97.84871616932685,67.10617626648161,7.335907335907336,95.24572649572649,4.512233873530346,98.55491329479769,89.79895755770663,2.8922631959508314,97.10773680404917,94.34102755026062,0.0
2023,Census Tract 63.06; Mecklenburg County; North Carolina,37119006306,20.659614187927815,19.85065339141257,14.934660858742998,10.640945861854387,58.1207218419415,12.38332296204107,3.9203484754200373,65.9090909090909,94.82484076433121,53.18471337579618,0.0,90.42207792207793,5.254901960784314,98.55555555555556,94.59016393442623,3.481012658227848,96.51898734177216,94.26229508196722,0.0
2023,Census Tract 63.07; Mecklenburg County; North Carolina,37119006307,23.00069541029207,12.23922114047288,9.874826147426981,23.696105702364395,59.527121001390825,5.076495132127955,1.8254520166898471,67.6677616142656,99.63924963924964,71.33237133237134,53.985507246376805,91.78789300797747,4.538270489952585,96.82634730538922,80.11294876966518,3.6907536907536906,96.3092463092463,68.09197256958451,8.430818878580073
2023,Census Tract 63.08; Mecklenburg County; North Carolina,37119006308,24.83205930044012,12.80982163539495,2.2469307389390782,3.0113504748668056,88.25573314801946,3.683113273106324,2.8028723650683345,50.120192307692314,98.32821562606618,61.00307062436029,2.6490066225165565,96.45432692307693,3.389830508474576,95.3825857519789,87.27793696275072,0.0,100.0,64.64183381088824,1.7765042979942696
2023,Census Tract 63.09; Mecklenburg County; North Carolina,37119006309,23.835920177383592,11.917960088691796,0.0,17.46119733924612,58.14855875831486,22.838137472283815,1.5521064301552108,51.20320855614974,97.06336939721793,35.7805255023184,34.105960264900666,83.42245989304813,8.151382823871907,98.00796812749005,81.34034165571616,12.729357798165136,87.27064220183486,49.80289093298292,7.227332457293036
2023,Census Tract 63.10; Mecklenburg County; North Carolina,37119006310,20.840719169409976,13.876930868574322,6.710559635350721,8.356545961002785,69.7898202076475,9.850595087363889,5.2924791086350975,48.546042003231015,97.30006835269992,40.84073820915926,11.683168316831685,86.26817447495961,10.204734484964812,88.02133850630456,73.07979120059656,0.0,100.0,81.95376584638329,1.715137956748695
2023,Census Tract 63.11; Mecklenburg County; North Carolina,37119006311,27.303312629399585,9.187370600414079,1.1387163561076603,2.199792960662526,82.29813664596274,5.590062111801243,8.773291925465838,69.7872340425532,96.89746500189179,52.137722285281875,22.60981912144703,94.46808510638299,6.692773228907084,97.55545495699411,93.44262295081968,0.5189028910303929,99.4810971089696,95.97615499254843,2.086438152011923
2023,Census Tract 64.03; Mecklenburg County; North Carolina,37119006403,16.609321238661245,12.370972786987801,3.221770409759149,19.45573975602127,66.73443853612761,3.6596809508914605,6.9283703472005005,33.666666666666664,95.94870300204022,69.30923928883708,2.528977871443625,69.54166666666667,4.238559639909977,94.97659906396257,86.47214854111405,12.529002320185615,87.47099767981439,75.75596816976127,10.503978779840848
2023,Census Tract 64.04; Mecklenburg County; North Carolina,37119006404,26.044123768558347,16.03996114888303,3.038712362980436,2.8167059802969336,85.66671291799639,3.6492299153600665,4.8286388233661715,51.103565365025474,98.11623246492987,79.85971943887775,25.221799746514574,92.86926994906621,5.853658536585367,96.31205673758865,96.35865309318716,0.42884990253411304,99.57115009746589,96.43696162881754,0.0
2023,Census Tract 64.07; Mecklenburg County; North Carolina,37119006407,30.849947534102835,6.9517313746065055,4.590766002098636,7.004197271773347,72.74396642182582,3.6726128016789086,11.988457502623294,56.84281842818428,96.71641791044776,50.95948827292111,7.149758454106281,76.82926829268293,6.29742033383915,95.63246806757314,93.65537130497476,6.156968876860622,93.84303112313937,75.84715212689257,1.2977649603460706
2023,Census Tract 64.08; Mecklenburg County; North Carolina,37119006408,16.776315789473685,19.284539473684212,1.3569078947368423,6.044407894736842,78.7828947368421,6.743421052631579,7.072368421052631,35.099337748344375,100.0,66.40625,0.0,90.89403973509934,7.5098814229249005,99.10313901345292,86.0601001669449,18.336741649625086,81.66325835037492,30.550918196994992,9.015025041736227
2023,Census Tract 64.09; Mecklenburg County; North Carolina,37119006409,19.275796351756057,30.547236591342227,1.7696705690171521,3.321535529539885,89.87203920500953,1.8241219711407568,3.2126327252926767,62.362637362637365,99.02667627974044,72.63878875270368,27.79783393501805,94.04761904761905,5.126475548060708,98.25301204819277,93.48571428571428,11.16751269035533,88.83248730964468,69.48571428571428,2.057142857142857
2023,Census Tract 64.10; Mecklenburg County; North Carolina,37119006410,23.72685185185185,16.46412037037037,2.980324074074074,1.8518518518518516,76.50462962962963,13.859953703703704,4.8032407407407405,59.02834008097167,97.81604367912642,50.482990340193204,9.899569583931134,89.7165991902834,6.4491654021244305,94.73398479913138,87.51835535976505,5.153203342618385,94.84679665738162,72.76064610866374,0.0
2023,Census Tract 64.11; Mecklenburg County; North Carolina,37119006411,27.232295586725968,22.23742730071844,9.989736572015053,8.313376667807047,61.3410879233664,19.50051317139925,0.8552856654122478,40.99650349650349,86.25128733264675,40.216271884655,14.820143884892087,91.25874125874127,3.5731076633756462,91.61676646706587,76.36363636363637,6.491499227202473,93.50850077279753,64.13223140495867,4.87603305785124
2023,Census Tract 9801; Mecklenburg County; North Carolina,37119980100,,,,,,,,,,,,,,,,,,,
2023,Census Tract 9802; Mecklenburg County; North Carolina,37119980200,,,,,,,,,,,,,,,,,,,
2023,Census Tract 9803; Mecklenburg County; North Carolina,37119980300,0.0,0.0,0.0,0.0,100.0,0.0,0.0,,100.0,100.0,,,0.0,,100.0,0.0,100.0,100.0,0.0
2023,Census Tract 502.01; Rowan County; North Carolina,37159050201,23.548456723505286,21.54111806604792,1.4677314914742068,41.42024606086769,45.54284480897906,6.777466004748543,4.791711633930499,49.827784156142364,89.17493796526055,24.56575682382134,1.2835472578763127,90.75774971297359,8.15923207227555,96.65835411471322,73.82875605815832,9.059745347698335,90.94025465230166,61.44318793753366,15.347334410339256
2023,Census Tract 502.02; Rowan County; North Carolina,37159050202,28.160707703649095,20.328050129008478,0.4791743457427202,34.68485071876152,58.80943604865463,5.215628455584224,0.8109104312569112,36.68744434550312,85.28563185227928,26.485862665897287,5.169628432956381,91.22885129118433,6.824012314007183,97.9381443298969,76.07655502392345,13.991769547325102,86.0082304526749,50.95693779904307,11.626794258373206
2023,Census Tract 503; Rowan County; North Carolina,37159050300,17.419049870007093,15.031907350508153,0.9454029780193808,21.531552824391397,61.23847790120539,9.548570077995745,6.735996218388088,30.615465544450288,89.58068614993647,26.62007623888183,18.71345029239766,69.54234613361389,4.865483686319404,95.6637168141593,74.47833065810595,13.351877607788595,86.6481223922114,43.60620652755484,13.911182450508294
2023,Census Tract 504; Rowan County; North Carolina,37159050400,24.941879774161407,11.059448688143474,0.0,46.894719362338094,22.351378279641317,24.01195616074394,6.741946197276652,33.83545770567787,88.70175438596492,14.807017543859649,0.18281535648994515,69.98841251448435,4.6902654867256635,78.60576923076923,74.3099787685775,28.636363636363637,71.36363636363636,22.29299363057325,26.963906581740975
2023,Census Tract 505; Rowan County; North Carolina,37159050500,12.738679759956357,24.631751227495908,0.5182760501909438,20.621931260229132,72.28587015821059,0.10911074740861974,6.46481178396072,18.88446215139442,95.44032185963344,54.98435404559678,48.67021276595745,88.84462151394422,13.629259143482338,95.69313593539704,84.08488063660478,10.023866348448687,89.97613365155132,58.797524314765695,1.1494252873563218
2023,Census Tract 507; Rowan County; North Carolina,37159050700,15.110497237569062,23.370165745856355,0.0,28.397790055248617,66.29834254143645,3.9779005524861875,1.3259668508287292,41.36397331356561,81.41441749231295,20.498804236419545,3.903903903903904,80.65233506300964,6.313049137650505,93.83484162895928,64.80304955527319,12.116136236739251,87.88386376326075,68.29733163913596,0.8894536213468869
2023,Census Tract 508; Rowan County; North Carolina,37159050800,11.216105176663929,30.525883319638453,0.0,65.03697617091207,19.80279375513558,13.43467543138866,1.725554642563681,47.89311408016444,84.8780487804878,14.19512195121951,0.0,82.42548818088386,7.927677329624479,88.83025505716799,73.87173396674585,16.023936170212767,83.97606382978722,54.63182897862233,8.392715756136184
2023,Census Tract 509.01; Rowan County; North Carolina,37159050901,20.36664431030628,25.016767270288398,2.4368432819137045,3.085177733065057,84.21640956852224,3.688799463447351,6.572769953051644,56.732495511669654,96.58914728682171,20.992248062015502,22.102009273570324,84.8593656493118,5.193711398090961,89.05569007263922,73.15761161915007,20.28301886792453,79.71698113207547,82.14093598708983,8.49919311457773
2023,Census Tract 509.03; Rowan County; North Carolina,37159050903,18.564227359638448,18.338258300017383,0.0,2.58995306796454,92.07370067790718,0.2607335303320007,5.07561272379628,55.1094890510949,95.2415458937198,22.246376811594203,10.992529348986126,85.87591240875912,11.163287086446104,92.70998415213946,80.15806988352745,11.35693215339233,88.64306784660766,91.80532445923461,9.650582362728786
2023,Census Tract 509.04; Rowan County; North Carolina,37159050904,17.692307692307693,19.498327759197323,0.0,0.0,95.48494983277592,3.812709030100334,0.7023411371237459,65.01524390243902,76.59110723626853,12.510897994768962,21.568627450980394,91.6920731707317,9.345794392523365,97.6043805612594,55.607843137254896,19.60907944514502,80.39092055485499,86.74509803921569,1.411764705882353
2023,Census Tract 510.01; Rowan County; North Carolina,37159051001,21.24214933705513,17.99023028611305,0.09769713886950454,0.7257501744591766,90.99790648988136,5.28960223307746,2.889043963712491,54.97347480106101,88.58963815789474,20.435855263157894,14.55223880597015,83.75331564986737,6.237816764132553,96.00459902270767,77.35849056603774,5.178907721280603,94.8210922787194,63.190996358821586,2.8467394902350214
2023,Census Tract 510.02; Rowan County; North Carolina,37159051002,30.40648054390279,9.778677853319833,0.04339649934905251,1.2440329813395052,92.26095761608563,5.250976421235354,1.200636481990453,51.012145748987855,93.89607442704788,19.28749716360336,13.421926910299003,94.46693657219973,8.750779463728954,96.49546827794562,74.09612930667801,7.0383550810597075,92.9616449189403,76.86091025095703,3.27520204168439
2023,Census Tract 511.01; Rowan County; North Carolina,37159051101,23.526959421901054,20.900500277932185,1.5286270150083379,1.4452473596442468,82.97665369649806,12.034463590883824,2.0150083379655364,63.19171724384148,89.58822274375933,24.770642201834864,20.706655710764174,77.86504819707247,5.86952571324732,94.90865528601378,70.00331455087836,4.222222222222222,95.77777777777777,83.19522704673517,2.883659264169705
2023,Census Tract 511.02; Rowan County; North Carolina,37159051102,15.95667870036101,27.509025270758126,1.8050541516245486,3.104693140794224,89.74729241877256,2.527075812274368,2.815884476534296,42.545771578029644,92.34875444839858,24.421708185053383,0.0,85.52746294681779,7.71884432945235,98.83720930232558,72.91178766588602,9.469964664310954,90.53003533568904,90.63231850117096,5.152224824355972
2023,Census Tract 512.01; Rowan County; North Carolina,37159051201,20.027752081406106,9.543632439099598,0.0,15.201973481344433,59.91366019118101,15.464076472402096,9.420289855072465,54.89878542510122,83.13966235474678,13.922385441789082,0.40404040404040403,87.28744939271255,7.03682282629651,96.09513667021655,86.11528822055138,8.737419945105215,91.26258005489478,80.55137844611528,0.6015037593984963
2023,Census Tract 512.02; Rowan County; North Carolina,37159051202,20.420825465335852,17.939034259509036,1.5376315079579175,13.757755597518209,50.63393579714055,30.833558133261395,3.2371189641219313,40.411413404114136,83.36476801207091,19.16258015843078,3.1201248049921997,83.4107498341075,7.1525423728813555,88.63509749303621,86.2016679302502,3.014705882352941,96.98529411764706,74.82941622441244,3.790750568612585
2023,Census Tract 512.04; Rowan County; North Carolina,37159051204,21.32762312633833,17.687366167023555,5.310492505353319,18.650963597430405,48.20128479657387,24.88222698072805,2.955032119914347,41.78916421671566,89.66471854813904,26.514918486619504,15.341701534170154,83.83032339353213,6.396298312465977,95.42360060514372,66.78424456202234,7.904710341093665,92.09528965890634,53.20399764844209,3.115814226925338
2023,Census Tract 513.01; Rowan County; North Carolina,37159051301,23.4375,18.4375,0.9375,10.758928571428573,78.97321428571429,8.258928571428571,1.0714285714285714,46.15384615384615,91.30434782608695,20.516304347826086,4.8832271762208075,87.03898840885142,13.294460641399416,94.76061427280939,61.690450054884735,11.295034079844205,88.7049659201558,59.385290889132825,14.37980241492865
2023,Census Tract 513.02; Rowan County; North Carolina,37159051302,20.21153846153846,19.538461538461537,0.8076923076923077,18.365384615384617,67.51923076923076,9.634615384615385,3.6730769230769234,49.392712550607285,91.25667697497892,26.932808546527976,31.602373887240354,93.47165991902834,12.147505422993492,93.64063166880068,80.46958377801494,16.82201509098979,83.1779849090102,84.52508004268944,1.5474919957310567
2023,Census Tract 513.03; Rowan County; North Carolina,37159051303,28.01394885420126,17.22019262703421,1.2952507472600465,42.32813018930588,44.63633344403852,9.415476585851877,2.3248090335436733,37.28033472803347,89.04472082561524,28.07621063773485,11.71875,76.77824267782427,7.26643598615917,88.32620848405129,77.67306995288148,6.79054054054054,93.20945945945947,52.30155853570134,10.6197897789054
2023,Census Tract 514; Rowan County; North Carolina,37159051400,24.27340608845491,14.01493394600804,0.3676048248133257,9.029293509477313,65.12349224583572,22.60769672601953,2.871912693854107,69.7029702970297,78.18181818181819,19.456244689889548,6.553398058252427,96.16336633663366,7.721596101127018,95.34002229654403,70.07848266841073,8.360803116571772,91.63919688342823,80.2485284499673,5.591890124264225
2023,Census Tract 515.01; Rowan County; North Carolina,37159051501,25.90315142198309,9.166026133743275,0.8070714834742506,18.927747886241352,49.903920061491156,22.290545734050728,8.070714834742505,60.88193456614509,87.86531130876747,19.536213468869125,0.6962576153176675,65.00711237553342,2.9281045751633985,89.9071457408155,74.66442953020133,6.8264721208963,93.1735278791037,69.46308724832215,1.3982102908277405
2023,Census Tract 515.02; Rowan County; North Carolina,37159051502,22.11431742508324,16.592674805771367,0.0,14.622641509433961,76.05438401775805,3.9400665926748055,5.382907880133185,71.39622641509435,77.78608825729243,13.163799551234106,4.081632653061225,93.58490566037736,7.4812967581047385,95.57882489819663,75.6045519203414,5.827193569993302,94.17280643000669,58.46372688477952,3.342816500711238
2023,Census Tract 516; Rowan County; North Carolina,37159051600,25.627746390458256,17.231638418079097,4.096045197740112,12.31952291274325,68.36158192090396,11.220966729441306,4.001883239171375,60.24680475980608,92.60478384902348,19.11345183234584,14.671814671814673,92.90436315557514,7.4066258704368,95.38205980066445,84.5299777942265,10.113107119095142,89.88689288090485,78.12731310140637,4.700222057735011
2023,Census Tract 517; Rowan County; North Carolina,37159051700,23.25492201482997,15.635387368959345,1.0866785988238303,5.011506008693429,69.13832779340322,21.081564817182304,3.681922781897213,63.020833333333336,85.52532123960695,18.46182917611489,14.274322169059012,88.93995098039215,7.04647676161919,94.93910690121787,77.80219780219781,5.601659751037345,94.39834024896265,75.98116169544741,7.315541601255887
2023,Census Tract 518.01; Rowan County; North Carolina,37159051801,23.06260181521992,17.896206655806377,0.18617640214102862,1.0937863625785431,86.71165929718408,9.518268559460088,2.490109378636258,68.61427094105481,82.63933376041,12.267777065983344,18.105849582172702,89.50361944157187,5.535390199637023,99.47519083969466,73.51351351351352,6.879194630872483,93.12080536912751,74.77477477477478,7.4474474474474475
2023,Census Tract 518.02; Rowan County; North Carolina,37159051802,23.14522494080505,16.101026045777427,0.8484609313338596,3.749013417521705,78.86740331491713,8.62273086029992,7.912391475927387,61.42857142857143,91.81175190424375,23.585418933623505,7.037037037037037,87.77310924369748,8.729139922978177,95.01754385964912,71.86459489456159,8.98989898989899,91.01010101010101,84.57269700332964,0.776914539400666
2023,Census Tract 519.01; Rowan County; North Carolina,37159051901,18.984633339817155,20.871425792647344,0.0,4.143162808792064,85.85878233806652,8.772612332231084,1.2254425209103288,60.5275125056844,93.23634507401735,24.910668708524756,7.28476821192053,82.49204183719873,8.883553421368548,95.21094640820981,65.24747205960617,13.210161662817551,86.78983833718245,87.91910590739755,2.12879191059074
2023,Census Tract 519.03; Rowan County; North Carolina,37159051903,15.477421578765943,23.40572216477077,0.0,24.47431920027577,65.5635987590486,1.344364012409514,8.617718028266115,75.89359933499584,94.88479262672811,18.433179723502306,7.8156312625250495,97.58935993349958,10.60358890701468,87.07976268951879,65.43116490166415,10.49424509140149,89.5057549085985,90.5446293494705,4.992435703479576
2023,Census Tract 519.04; Rowan County; North Carolina,37159051904,26.020015396458813,14.780600461893764,2.4890941750064153,14.575314344367463,69.23274313574545,13.369258403900435,0.33358994098024125,85.04301786896096,90.75396825396825,17.142857142857142,3.7393162393162394,91.5287888815354,6.902532084634062,94.75409836065573,42.1875,5.185185185185185,94.81481481481482,83.02556818181817,1.5625
2023,Census Tract 520; Rowan County; North Carolina,37159052000,28.257839721254356,12.229965156794426,0.0,51.25435540069686,28.536585365853657,19.54703832752613,0.662020905923345,20.425029515938604,79.48996201844818,20.564297341291375,0.39370078740157477,81.70011806375442,6.73828125,87.2168284789644,73.62428842504744,11.799163179916318,88.20083682008368,34.25047438330171,10.531309297912713
2023,Census Tract 9301.01; Stanly County; North Carolina,37167930101,22.18086271075104,20.29778848259251,3.153054521567769,3.8975257280490476,87.45347054959493,3.437705276987081,2.0582439238011823,54.49172576832151,86.22754491017965,22.367030644593168,18.608169440242055,81.73758865248227,6.7174710697149305,96.24624624624624,61.35410425404434,9.194776931447226,90.80522306855278,84.24206111443978,0.9586578789694428
2023,Census Tract 9301.02; Stanly County; North Carolina,37167930102,20.0741374394069,16.224693470202453,4.990019960079841,10.26518391787853,79.58368976333048,1.7393783860849727,3.4217279726261762,50.8,89.12213740458014,13.320610687022901,6.102362204724409,85.93333333333332,7.277916518016411,94.20209828823855,76.17051013277428,17.1875,82.8125,70.020964360587,4.751921733053808
2023,Census Tract 9302; Stanly County; North Carolina,37167930200,18.704883227176218,20.870488322717623,0.4883227176220807,20.339702760084926,69.87261146496814,7.409766454352441,1.8895966029723992,47.76657060518732,83.32400671516508,16.73195299384443,7.82122905027933,83.93371757925073,5.806957886476589,96.18366129994037,73.23665128543178,17.77777777777778,82.22222222222221,75.54383651944627,8.174027686222809
2023,Census Tract 9303; Stanly County; North Carolina,37167930300,17.024832855778417,25.02387774594078,8.404966571155683,6.972301814708691,69.77077363896849,8.094555873925502,6.7574021012416425,46.770601336302896,87.66292816004851,18.52076386783874,12.416851441241686,92.20489977728286,7.798561151079136,93.419099455715,76.6025641025641,9.565217391304348,90.43478260869566,83.14102564102565,0.0
2023,Census Tract 9305; Stanly County; North Carolina,37167930500,23.444239063462724,25.32347504621072,1.3555144793592113,1.478743068391867,83.05606900800986,11.799137399876772,2.310536044362292,46.286701208981,82.90089323692045,14.887282007656315,12.285012285012286,92.48704663212435,7.238172260412455,96.67673716012085,60.29629629629629,18.576598311218333,81.42340168878167,68.81481481481482,2.666666666666667
2023,Census Tract 9307; Stanly County; North Carolina,37167930700,20.679212632489723,17.80229288340904,2.1847285312567597,0.4109885355829548,93.94332684404067,0.15141682889898334,3.309539260220636,67.69443166129776,91.1342097217976,21.369611739529194,14.862914862914863,90.61205706396687,5.461031833150384,98.75941515285777,74.22680412371135,8.897676717745922,91.10232328225408,86.05534454693434,2.0075963103635375
2023,Census Tract 9308.01; Stanly County; North Carolina,37167930801,24.00241837968561,18.56106408706167,0.0,0.0,91.35429262394196,6.529625151148731,2.1160822249093107,72.57212515237708,84.79927830401444,21.44790257104195,25.581395348837212,92.92970337261276,4.554494828957837,97.99592391304348,77.1123872026251,8.276899924755456,91.72310007524455,83.2239540607055,6.111566858080394
2023,Census Tract 9308.02; Stanly County; North Carolina,37167930802,28.37271341463415,12.423780487804878,1.5625,3.5442073170731705,77.7248475609756,15.301067073170731,1.8673780487804876,69.71649484536083,83.70786516853933,18.53932584269663,24.796747967479675,83.8487972508591,5.267358339984039,96.82899207248018,69.93899057127011,1.6902944383860414,98.30970556161395,80.97615085967831,2.8840820854132
2023,Census Tract 9309.01; Stanly County; North Carolina,37167930901,17.923410975128306,20.252664824318988,0.0,12.435846821950257,73.50967232530596,8.053691275167784,6.000789577575997,81.20104438642298,91.72813487881982,16.59641728134879,15.254237288135593,90.33942558746736,13.516113516113515,97.20893141945773,58.66916588566073,10.486577181208053,89.51342281879194,83.97375820056232,7.1227741330834125
2023,Census Tract 9309.02; Stanly County; North Carolina,37167930902,24.841116330478034,20.447637468914063,0.0,0.9671179883945842,91.71041724233213,1.5473887814313347,5.775075987841945,70.21985343104596,88.59790491539081,21.91780821917808,17.09090909090909,92.60493004663559,6.003683241252302,98.43205574912892,77.16262975778547,3.2150033489618215,96.78499665103818,86.22837370242215,6.43598615916955
2023,Census Tract 9310.01; Stanly County; North Carolina,37167931001,28.74896437448219,19.014084507042252,1.0770505385252693,2.4855012427506216,93.12344656172328,0.0,3.3140016570008286,47.08470847084708,91.27979924717692,24.278544542032623,3.0448717948717947,81.73817381738175,9.0,95.66854990583803,76.60377358490567,14.790996784565916,85.20900321543408,71.57232704402516,1.7610062893081762
2023,Census Tract 9310.02; Stanly County; North Carolina,37167931002,19.687674288901285,15.672058003346349,0.0,17.986614612381484,79.92191857222532,0.7529280535415505,1.3385387618516453,61.98547215496368,91.64535379369138,15.046888320545609,8.834586466165414,80.50847457627118,12.95138888888889,96.10655737704919,61.23163051084675,12.331288343558281,87.66871165644173,74.8075577326802,5.948215535339398
2023,Census Tract 9311.01; Stanly County; North Carolina,37167931101,14.330779630464175,18.56692203695358,0.7210455159981974,12.167643082469581,82.69490761604327,2.298332582244254,2.118071203244705,61.4054054054054,88.60294117647058,23.223039215686274,16.853932584269664,85.83783783783784,9.942135718043135,97.35042735042735,79.4841735052755,29.44582299421009,70.55417700578991,76.20164126611958,6.565064478311841
2023,Census Tract 9311.02; Stanly County; North Carolina,37167931102,21.44438295517432,14.13945766463752,0.0,24.654122855561706,72.49584947426673,0.6640841173215274,2.185943552850028,52.459016393442624,86.08326908249808,18.00308404009252,5.349794238683128,84.65573770491804,2.3247622402254318,88.17549491706795,76.07407407407408,19.451073985680193,80.5489260143198,66.81481481481481,6.7407407407407405
2023,Census Tract 9312.02; Stanly County; North Carolina,37167931202,23.06878306878307,19.64726631393298,0.0,11.146384479717813,85.5379188712522,1.3756613756613756,1.9400352733686066,49.29453262786596,90.02047082906857,27.58444216990788,19.384057971014492,84.92063492063492,9.58276020174232,94.55370650529501,64.66101694915254,16.784203102961918,83.21579689703809,66.52542372881356,3.1355932203389827
2023,Census Tract 9312.03; Stanly County; North Carolina,37167931203,20.33842070338421,17.9163901791639,0.0,56.40345056403451,30.424684804246848,11.479761114797611,1.6921035169210352,40.96133751306165,77.53346080305927,19.07265774378585,0.0,68.23406478578893,0.9995835068721367,86.49544324772162,44.83037156704362,21.794061907770057,78.20593809222994,24.55573505654281,36.75282714054927
2023,Census Tract 9312.04; Stanly County; North Carolina,37167931204,19.383697813121273,25.04970178926441,8.184227965540094,23.09476474486415,64.91053677932406,2.0874751491053676,1.7229953611663356,39.09495548961424,92.91338582677166,25.896762904636923,11.913357400722022,90.50445103857567,6.781750924784218,98.22888283378747,68.39237057220708,20.605732828555976,79.39426717144403,49.11444141689373,3.337874659400545
2023,Census Tract 201; Union County; North Carolina,37179020100,24.36188694373914,15.809167446211411,0.0,0.8686355739676601,96.7927301884271,1.242817051984498,1.0958171856207404,78.64539602574867,88.38526912181302,24.989882638607853,13.157894736842104,84.46683459277918,4.1872791519434625,99.4235588972431,65.5863073561544,6.725543478260869,93.27445652173914,89.32993445010925,2.221412964311726
2023,Census Tract 202.03; Union County; North Carolina,37179020203,20.345140781108086,17.052679382379655,1.3169845594913716,6.039963669391462,82.6521344232516,5.517711171662126,4.473206176203451,66.43666830951207,97.16855429713524,46.002664890073284,39.41326530612245,91.76934450468211,7.01254275940707,97.73584905660377,89.4169835234474,4.996989765201685,95.00301023479831,93.72623574144487,0.9505703422053232
2023,Census Tract 202.04; Union County; North Carolina,37179020204,25.913541915452594,16.264628612371627,0.7642703606400765,0.38213518032003824,92.47671363744925,4.155720085980415,2.2211607356102223,65.21219366407651,90.87073264288455,22.247794399693134,15.789473684210526,81.58995815899581,5.319148936170213,98.77333333333334,67.02663786897048,10.961538461538462,89.03846153846153,91.64866810655148,0.9359251259899208
2023,Census Tract 202.05; Union County; North Carolina,37179020205,25.57811618725324,13.846587704455724,2.9328821206993796,8.009024252679076,80.2312464749013,5.80936266215454,3.017484489565708,64.57242582897034,91.12227805695142,29.81574539363484,20.242914979757085,90.22687609075044,5.380826070481243,97.83839423571796,82.04283360790774,0.0,100.0,85.33772652388797,7.0840197693574956
2023,Census Tract 202.06; Union County; North Carolina,37179020206,23.05186670007517,13.630669005261838,0.025056376847907794,0.10022550739163118,89.25081433224756,6.664996241543472,3.9589075419694315,60.352422907488986,91.37993480622963,22.383194494748277,23.668639053254438,92.46206558981889,4.623901009443178,95.52827707145988,68.63143631436314,1.6655562958027983,98.3344437041972,87.94037940379404,0.0
2023,Census Tract 203.05; Union County; North Carolina,37179020305,30.74558032282859,7.7412979027121995,8.026792577138465,12.869221477983968,63.950807071483474,9.553091028878885,5.600087844515208,65.5153046896939,92.45120055277249,48.07393332181724,10.219632451815329,87.72816624543668,6.532424290470905,89.88095238095238,87.71865889212827,2.522202486678508,97.47779751332149,77.98833819241983,0.0
2023,Census Tract 203.07; Union County; North Carolina,37179020307,25.423964414790102,16.52766194050598,2.6688907422852375,6.0606060606060606,66.33305532388101,20.391993327773143,4.545454545454546,63.75814627081825,93.84195039932744,25.8932324506095,9.72818311874106,93.51918899348298,7.418452935694315,94.25411383868358,89.75979772439949,8.554913294797688,91.44508670520231,87.23135271807838,1.4749262536873156
2023,Census Tract 203.08; Union County; North Carolina,37179020308,31.39818018710752,9.739843649878251,4.9852620786876845,12.341407151095732,63.41150839420736,16.134819941048313,3.1270024349609127,81.6178888523512,87.77688280306081,32.823197744663716,9.593908629441625,88.45774416310425,7.733980945264338,95.96989560572955,90.5292479108635,5.026455026455026,94.97354497354497,79.22801432550736,1.5519299641862316
2023,Census Tract 203.09; Union County; North Carolina,37179020309,23.853923853923853,13.86946386946387,4.817404817404817,3.146853146853147,80.10878010878011,10.17871017871018,1.7482517482517483,67.67578125,94.92711370262391,43.498542274052475,3.397027600849257,82.12890625,9.846938775510203,94.68838526912181,85.02732240437159,12.35632183908046,87.64367816091954,95.30054644808743,0.32786885245901637
2023,Census Tract 203.10; Union County; North Carolina,37179020310,21.168021168021166,15.535815535815537,3.60990360990361,9.582309582309582,74.86297486297487,7.314307314307314,4.63050463050463,69.27655677655677,93.77682403433477,50.348712446351925,23.70916754478398,87.22527472527473,7.384320306880844,96.26986701265001,86.90176322418137,1.9268774703557312,98.07312252964427,90.83123425692695,1.4609571788413098
2023,Census Tract 203.12; Union County; North Carolina,37179020312,21.817373916907354,7.309486780715396,2.066207509442346,10.88646967340591,66.54076871806265,12.930459897800489,7.576094201288602,63.460608989850165,95.26261585993821,24.957088911774804,22.602739726027394,87.72353794103431,5.569764137539074,92.02578893790296,81.54583582983823,8.296703296703296,91.7032967032967,66.4469742360695,0.5392450569203115
2023,Census Tract 203.13; Union County; North Carolina,37179020313,21.601407831060275,14.122305323361198,1.8917729872415312,4.443466783985921,84.55785305763308,6.291245050593928,2.8156621205455346,72.02028740490279,90.38112522686026,40.41137326073805,13.10344827586207,82.67117497886728,3.984287317620651,98.25072886297376,79.16219119226639,4.7082906857727735,95.29170931422722,80.23630504833513,2.3630504833512354
2023,Census Tract 203.14; Union County; North Carolina,37179020314,26.695957820738137,15.764499121265377,4.780316344463972,13.567662565905097,65.07908611599296,8.82249560632689,7.750439367311072,71.92071731949032,94.55602536997885,44.37103594080338,24.70680218921032,89.14582350165172,6.521217933349317,97.45091284877712,80.92682926829269,3.9812646370023423,96.01873536299766,84.29268292682927,2.0
2023,Census Tract 203.15; Union County; North Carolina,37179020315,27.698695136417555,10.379596678529063,3.1830763147489125,2.0759193357058123,85.6069592724397,5.49624357453539,3.6378015025701855,64.88845780795344,96.65367121507472,49.67511371020143,9.869494290375204,93.84093113482056,6.480721903199344,93.9873417721519,88.49280800500313,4.934601664684899,95.0653983353151,92.80800500312696,3.0018761726078798
2023,Census Tract 203.16; Union County; North Carolina,37179020316,22.789634146341463,13.605182926829269,3.677591463414634,8.708079268292684,81.17378048780488,3.982469512195122,2.458079268292683,67.24502750740584,93.91707583196946,44.217130387343154,27.033218785796105,89.92805755395683,6.194471865745311,96.64166938376263,90.76449461262186,5.296404275996112,94.70359572400389,86.40328373524885,0.35915854284248333
2023,Census Tract 203.17; Union County; North Carolina,37179020317,28.271537622682665,10.44165757906216,1.7584514721919302,13.099781897491821,64.89912758996729,14.708287895310795,5.534351145038168,56.46298472385429,96.62724485326325,50.1533070521244,13.35149863760218,90.59929494712104,8.285822881033827,96.84284377923292,83.07223672758921,2.5445292620865136,97.45547073791349,84.16013925152306,0.6092254134029591
2023,Census Tract 203.18; Union County; North Carolina,37179020318,21.07870115575124,12.90588882773803,1.953769950467804,5.008255365987893,75.75674188222344,15.244909190974132,2.0363236103467255,63.32938388625592,92.27625664078464,37.96485492439722,27.724358974358974,90.3436018957346,6.7991631799163175,97.19806763285024,83.51893095768375,2.178649237472767,97.82135076252723,75.94654788418708,1.9302152932442462
2023,Census Tract 203.19; Union County; North Carolina,37179020319,28.938811705586758,15.873485072420928,11.794265444871415,4.936446940585279,66.8932899793083,15.518770322199233,0.857227313035767,71.19476268412438,85.83489681050656,46.013133208255155,17.287234042553195,86.7430441898527,4.7420965058236275,91.42519219396806,84.46866485013625,0.0,100.0,90.28156221616712,1.8165304268846505
2023,Census Tract 203.20; Union County; North Carolina,37179020320,27.1240668325631,17.525773195876287,0.17774617845716317,3.9815143974404545,84.35833629576965,5.510131532172059,5.972271596160683,67.31967943009795,91.0061832490163,32.09668353007307,9.145129224652088,91.45146927871772,6.926829268292684,97.1976401179941,88.26638477801268,0.0,100.0,80.6553911205074,1.6913319238900635
2023,Census Tract 203.21; Union County; North Carolina,37179020321,24.87633965375103,13.293487221764222,0.6801319043693322,6.698268755152514,53.276999175597695,36.33553173948887,3.0090684253915914,60.457029309488334,79.80665950590763,21.303258145363408,6.9428891377379625,87.43169398907104,5.6241426611796985,95.95838335334133,82.44613434727503,0.0,100.0,76.55259822560203,5.513307984790875
2023,Census Tract 204.01; Union County; North Carolina,37179020401,24.719101123595504,18.471910112359552,0.34456928838951306,22.20224719101124,62.531835205992515,11.610486891385769,3.310861423220974,64.04217926186291,91.65650158575262,24.737740912417664,9.786821705426355,91.9859402460457,9.333333333333334,96.57760432302612,80.35974720466699,7.757847533632287,92.24215246636771,80.06806028196402,4.81283422459893
2023,Census Tract 204.03; Union County; North Carolina,37179020403,24.290998766954377,14.960953555281545,0.0,13.296341964652692,60.316481709823265,25.21578298397041,1.1713933415536375,61.10419261104193,83.66966780502949,33.2194970506054,33.297529538131045,79.61809879618099,5.320304017372422,99.45573294629898,84.9903784477229,8.131997642899234,91.86800235710076,84.47722899294419,2.052597819114817
2023,Census Tract 204.05; Union County; North Carolina,37179020405,17.779056386651323,12.140391254315306,0.0,13.060989643268126,59.20598388952819,23.935558112773304,3.79746835443038,52.89778714436248,83.39738662567257,16.448885472713297,12.142857142857142,86.3013698630137,8.047585724282715,94.2507068803016,73.97769516728626,15.141955835962145,84.85804416403786,30.235439900867412,3.965303593556382
2023,Census Tract 204.06; Union County; North Carolina,37179020406,32.708974000559124,6.178361755661169,0.0,25.859658932065976,13.866368465194299,52.530053117137264,7.7439194856024605,38.33671399594321,54.5934530095037,4.382259767687434,2.920353982300885,64.02974983096686,2.4096385542168677,86.86342592592592,50.2928870292887,21.277997364953887,78.72200263504612,29.8744769874477,17.99163179916318
2023,Census Tract 205.01; Union County; North Carolina,37179020501,25.530019597363264,16.764653482985924,0.3563156957063959,22.020309994655264,38.0723320862284,31.729912702654552,7.821129520755389,62.72141706924316,84.76190476190476,19.607843137254903,20.73940486925158,80.67632850241546,10.27611044417767,93.10104529616726,72.3175965665236,7.859614434008898,92.1403855659911,66.14806866952789,5.0965665236051505
2023,Census Tract 205.02; Union County; North Carolina,37179020502,18.735301802978835,14.737392213221845,0.5226025607525476,22.498040240397177,50.35275672850798,24.823621635746015,1.8029788345962896,59.15349311575727,86.56195462478185,28.23734729493892,4.4520547945205475,94.39061703212647,5.819935691318328,95.16643866849066,83.84253819036428,3.6240090600226504,96.37599093997736,72.38542890716803,2.8789659224441833
2023,Census Tract 206.01; Union County; North Carolina,37179020601,26.008816547982367,12.478806375042387,0.84774499830451,23.43167175313666,30.925737538148525,44.20142421159715,0.593421498813157,68.0267323250088,81.54842190450499,17.64229835446453,6.865671641791045,73.19732676749912,3.230980751604033,95.80624187256177,63.95061728395062,3.0172413793103448,96.98275862068965,51.75308641975309,4.395061728395062
2023,Census Tract 206.02; Union County; North Carolina,37179020602,19.31637519872814,19.534976152623212,1.2519872813990462,24.304451510333863,36.327503974562795,33.90302066772655,4.213036565977743,48.598130841121495,77.16186252771618,27.27272727272727,3.9076376554174073,62.824506749740394,5.8128078817733995,92.55813953488372,60.62291434927698,5.068637803590286,94.93136219640972,48.2202447163515,14.794215795328142
2023,Census Tract 207.01; Union County; North Carolina,37179020701,17.654701965242815,12.181257105733312,1.2181257105733312,29.998375832385904,44.35601754101023,17.362351794705212,7.065129121325321,42.38945578231292,77.825929938606,17.118093174431202,24.441340782122907,67.00680272108843,3.766851704996035,94.65061852223336,70.41742286751361,5.109070034443168,94.89092996555684,77.61645493042953,4.537205081669692
2023,Census Tract 207.02; Union County; North Carolina,37179020702,22.303552206673842,17.222820236813778,2.0882669537136707,12.895586652314318,63.05705059203445,20.602798708288482,1.356297093649085,61.76148796498906,77.05863505286767,15.732137135533483,16.468590831918505,88.7308533916849,6.733167082294264,92.03747072599532,53.925619834710744,4.158415841584159,95.84158415841584,74.24242424242425,2.479338842975207
2023,Census Tract 208; Union County; North Carolina,37179020800,24.076048329779674,19.31414356787491,0.0,27.842928216062546,61.95806680881307,7.889125799573561,2.3098791755508175,68.36498378879111,82.94429708222812,16.312997347480106,0.5561735261401557,90.64381658175081,6.857009127076995,93.31570996978851,67.3679060665362,12.425021422450728,87.57497857754927,73.8747553816047,4.647749510763209
2023,Census Tract 209.01; Union County; North Carolina,37179020901,20.57896809767625,15.498227648680581,0.19692792437967704,21.32729421031902,74.20244190626231,0.7680189050807404,3.505317053958251,66.17511520737327,84.53525641025641,12.04594017094017,30.898021308980212,83.08755760368663,4.760724026779073,94.78991596638654,72.9607250755287,5.112279025322503,94.88772097467749,78.09667673716012,2.8700906344410875
2023,Census Tract 209.02; Union County; North Carolina,37179020902,15.808170515097691,20.426287744227352,0.7104795737122558,1.9861133537865332,76.02131438721138,18.117229129662523,3.164863555627321,70.31992397846057,87.25617685305592,16.168183788469875,6.382978723404255,79.03072537218878,7.575757575757576,99.02522935779817,63.78818737270876,3.6499215070643647,96.35007849293564,80.85539714867616,3.462321792260693
2023,Census Tract 210.04; Union County; North Carolina,37179021004,26.292875989445914,9.630606860158311,1.2664907651715038,10.32981530343008,76.34564643799472,10.712401055408971,1.345646437994723,75.9514435695538,94.64800329353643,48.22972416632359,14.549791293977341,93.63517060367454,9.683193126901736,97.5481209899175,87.6942461150777,8.246628131021193,91.7533718689788,89.87820243595128,0.5459890802183957
2023,Census Tract 210.05; Union County; North Carolina,37179021005,19.836839845427225,23.014169171318162,0.0,11.185057964791756,74.21640188922284,9.0167453842851,5.5817947617003005,67.03296703296702,86.54836863194046,17.458500286204924,27.121464226289515,75.35321821036108,13.299163744267602,94.39964157706093,68.17192600652884,4.766839378238342,95.23316062176166,88.52013057671383,0.0
2023,Census Tract 210.06; Union County; North Carolina,37179021006,30.459200528576147,8.837132474397093,5.533531549388834,1.899570531879749,81.76412289395441,8.060786257020151,2.741988767756855,66.89250225835592,96.99769053117782,64.61380549140364,31.273644388398488,92.09575429087624,5.0831353919239906,99.40494832445975,93.41836734693878,0.0,100.0,93.9795918367347,0.7142857142857143
2023,Census Tract 210.07; Union County; North Carolina,37179021007,33.56674612634088,8.28367103694875,20.12812872467223,4.633492252681764,63.960071513706794,3.6948748510131106,7.583432657926102,66.59574468085107,96.67333666833416,81.7408704352176,9.967547519703292,93.51063829787233,3.5882484862076702,96.67908131595281,95.85736759307814,4.602301150575288,95.39769884942471,99.58049292081805,0.0
2023,Census Tract 210.09; Union County; North Carolina,37179021009,34.669384057971016,5.638586956521739,15.081521739130435,7.246376811594203,68.63677536231883,3.4873188405797104,5.5480072463768115,75.75987841945289,96.91526747364311,62.59273721202655,6.346967559943582,86.77811550151976,3.3275563258232235,96.92603266090299,94.98767460969597,0.0,100.0,97.28841413311422,1.9720624486442069
2023,Census Tract 210.12; Union County; North Carolina,37179021012,35.326998323085526,10.452766908887646,2.9625489100055895,3.8569032979318054,83.41717905720142,5.925097820011179,3.8382709148500096,81.8621523579202,96.27525252525253,56.34469696969697,5.336297943301834,93.2285368802902,5.316382548396417,93.75709421112373,92.60606060606061,3.395784543325527,96.60421545667447,88.48484848484848,0.0
2023,Census Tract 210.13; Union County; North Carolina,37179021013,30.61906253262345,9.67741935483871,3.8626161394717613,10.220273514980686,63.06503810418624,15.502662073285311,7.349410168076,73.421926910299,96.45225464190982,51.64124668435013,4.194260485651214,80.06644518272425,4.453806801083358,95.26533833103176,91.81076672104405,3.646651996227601,96.3533480037724,76.3132137030995,0.7504078303425775
2023,Census Tract 210.14; Union County; North Carolina,37179021014,24.332570556826848,14.340198321891688,0.0,6.712433257055683,90.04576659038902,0.49580472921434016,2.745995423340961,74.14684591520165,93.32151300236407,37.47044917257683,28.26086956521739,92.03722854188211,4.183467741935484,93.21074964639321,84.46502057613169,8.98876404494382,91.01123595505618,73.04526748971193,1.5432098765432098
2023,Census Tract 210.15; Union County; North Carolina,37179021015,21.853741496598637,20.00425170068027,1.6156462585034015,20.897108843537417,72.81037414965986,2.465986394557823,2.2108843537414966,73.90776699029125,90.60481503229595,36.553141514973575,14.90104772991851,88.89563106796116,7.962912462503409,97.39089184060721,83.93813206424747,12.584503380135207,87.4154966198648,92.02855443188578,1.1302795954788816
2023,Census Tract 210.16; Union County; North Carolina,37179021016,28.604749787955896,7.463952502120441,17.663273960983886,3.498727735368957,67.17557251908397,2.75657336726039,8.9058524173028,72.09549071618036,97.96646450231894,79.52194077773814,11.768851303735024,89.973474801061,5.7915057915057915,96.2081784386617,96.74740484429066,0.0,100.0,95.57093425605537,0.34602076124567477
2023,Census Tract 210.17; Union County; North Carolina,37179021017,34.48697780108373,10.242964516692886,14.26324069218668,3.8280020975353963,66.98129697605314,13.092116762803704,1.8353434714210803,57.87914691943128,95.0997150997151,64.7008547008547,11.154058531198233,92.77251184834124,5.9765208110992525,98.74631268436578,98.62542955326461,1.4672686230248306,98.53273137697516,94.55899198167239,0.8018327605956471
2023,Census Tract 210.18; Union County; North Carolina,37179021018,28.69251960161051,12.1635939817758,10.298792116973935,6.102987921169739,78.21572367026913,3.560076287349015,1.8224200042381862,72.3780487804878,97.24047306176085,66.13009198423127,17.27493917274939,95.18292682926828,7.607726597325408,96.35662237462495,95.5991875423155,2.4438573315719947,97.55614266842801,90.79214624238321,0.0
2023,Census Tract 210.19; Union County; North Carolina,37179021019,25.73929961089494,15.93385214007782,6.614785992217899,6.108949416342412,78.44357976653697,2.3346303501945527,6.498054474708172,59.418669647847956,99.47780678851174,70.8152016246011,16.636851520572453,95.47233091112354,7.585301837270341,97.2384286269934,94.16319237641453,5.03393665158371,94.96606334841628,96.66468135795117,0.0
2023,Census Tract 210.20; Union County; North Carolina,37179021020,31.830293092846894,5.390448862471818,13.014962082393932,7.645009223201475,68.23119491699119,6.435745029719205,4.6730887476942,77.67767767767768,96.67009955372468,65.05320974939924,18.37875611460517,87.53753753753753,7.6067348165965125,97.19165085388994,92.88762446657184,0.0,100.0,96.01706970128022,0.0
2023,Census Tract 210.21; Union County; North Carolina,37179021021,29.363668681123357,13.330963384287237,7.67863490934945,13.330963384287237,72.3426946320654,5.6523284749377884,0.9953785993601136,55.9447983014862,90.92505854800936,65.22248243559719,12.432432432432433,78.6624203821656,3.925515853044791,98.97330595482546,96.9097651421508,0.0,100.0,94.93201483312733,0.7416563658838072
2023,Census Tract 201; Chester County; South Carolina,45023020100,18.952007835455436,24.632713026444662,0.0,64.93633692458374,32.66405484818805,0.7345739471106758,1.665034280117532,57.817109144542776,79.39632545931758,4.8556430446194225,0.0,84.21828908554573,6.948640483383686,94.06451612903226,47.433035714285715,11.549851924975322,88.45014807502469,66.74107142857143,15.513392857142858
2023,Census Tract 202; Chester County; South Carolina,45023020200,27.82665363310525,14.760508308895407,1.3685239491691104,38.220918866080154,51.515151515151516,7.396546106223526,1.4988595633756925,74.03598971722364,75.79840319361277,7.48502994011976,7.561728395061729,82.26221079691517,5.4627539503386,92.44868035190615,44.69453376205787,18.586387434554975,81.41361256544502,55.78778135048231,13.745980707395496
2023,Census Tract 203; Chester County; South Carolina,45023020300,21.087267525035767,17.42489270386266,0.0,78.76967095851217,18.94134477825465,0.7439198855507869,1.5450643776824033,49.64705882352941,86.97211155378486,17.37051792828685,7.045009784735812,74.27450980392157,6.961566352429297,84.5141065830721,52.992602555480836,12.063867534003549,87.93613246599645,63.61802286482852,7.397444519166106
2023,Census Tract 204; Chester County; South Carolina,45023020400,23.854403639909002,20.53948651283718,0.0,32.59668508287293,59.376015599610014,5.037374065648359,2.989925251868703,55.45886075949367,85.6064418721691,12.078510317060896,8.814102564102564,82.12025316455697,7.298335467349553,95.0959488272921,58.14432989690722,7.088122605363985,92.91187739463601,86.90721649484536,6.494845360824743
2023,Census Tract 205; Chester County; South Carolina,45023020500,15.832762165867031,23.50925291295408,0.0,13.845099383139136,80.15764222069912,1.4736120630568883,4.523646333104867,76.78843226788432,85.8008658008658,15.541125541125542,4.472843450479233,87.5951293759513,14.983713355048861,94.99647639182523,54.66988727858293,15.39509536784741,84.60490463215258,85.6682769726248,7.568438003220612
2023,Census Tract 206.01; Chester County; South Carolina,45023020601,14.222809335094672,24.702774108322327,3.6988110964332894,31.43989431968296,63.09995596653457,0.0,1.7613386173491854,65.46546546546547,84.02662229617304,16.97171381031614,27.155172413793103,84.68468468468468,6.827515400410677,91.44518272425249,61.37805983680871,8.616404308202155,91.38359569179785,82.59292837715321,9.066183136899365
2023,Census Tract 206.02; Chester County; South Carolina,45023020602,25.649530127142068,18.131564400221116,0.0,30.48645660585959,64.37258153676065,2.2388059701492535,2.902155887230514,60.16713091922006,88.3406113537118,16.506550218340614,7.134220072551391,91.22562674094708,12.453531598513012,95.76271186440678,68.58564321250888,11.28625472887768,88.71374527112232,85.99857853589197,4.619758351101635
2023,Census Tract 207; Chester County; South Carolina,45023020700,16.919431279620852,17.867298578199055,1.4218009478672986,23.838862559241704,62.985781990521325,8.009478672985782,3.744075829383886,77.209797657082,87.07792207792208,14.805194805194805,2.7777777777777777,95.95314164004259,6.56392694063927,97.55102040816327,51.547619047619044,12.59105098855359,87.40894901144641,85.47619047619047,0.5952380952380952
2023,Census Tract 208; Chester County; South Carolina,45023020800,28.428270042194093,12.447257383966246,0.0,23.927566807313642,71.58931082981715,1.0724331926863573,3.410689170182841,75.4708097928437,84.32475884244373,13.906752411575562,9.563886763580719,96.46892655367232,7.651912978244561,91.33281972265023,60.08814887365328,9.92501102779003,90.07498897220997,82.17433888344759,3.6728697355533786
2023,Census Tract 209; Chester County; South Carolina,45023020900,18.730489073881373,22.58064516129032,0.72840790842872,21.852237252861602,66.49323621227887,1.5088449531737773,9.417273673257023,74.41285537700865,85.25780682643428,19.24473493100944,5.136986301369863,97.6514215080346,8.002560819462227,95.85201793721974,46.44607843137255,15.789473684210526,84.21052631578947,80.51470588235294,2.2058823529411766
2023,Census Tract 210; Chester County; South Carolina,45023021000,23.02999491611591,23.38586680223691,0.0,38.94255210981189,50.88967971530249,3.609557702084393,6.558210472801221,74.85795454545455,83.81344307270233,9.739368998628258,13.123359580052494,93.75,10.96433289299868,96.81933842239185,49.71558589306029,10.579857578840285,89.42014242115972,85.21046643913537,4.778156996587031
2023,Census Tract 101; Lancaster County; South Carolina,45057010100,18.91758917589176,17.023370233702337,2.779827798277983,5.904059040590406,86.10086100861008,3.025830258302583,2.189421894218942,89.13690476190477,89.93312214009151,29.003871876099964,24.742268041237114,84.12698412698413,8.191747572815535,97.21598563089357,66.578073089701,14.000000000000002,86.0,78.67109634551494,2.458471760797342
2023,Census Tract 102.01; Lancaster County; South Carolina,45057010201,13.167495854063018,13.101160862354892,0.0,25.572139303482587,68.95522388059702,0.9286898839137645,4.543946932006634,75.47974413646055,78.62785862785863,9.230769230769232,2.13903743315508,95.84221748400853,9.090909090909092,97.37903225806451,57.633136094674555,22.477064220183486,77.52293577981652,84.37869822485207,8.994082840236686
2023,Census Tract 102.02; Lancaster County; South Carolina,45057010202,21.088972183862694,25.369895442888147,0.0,26.790293943578614,65.02268692049714,1.519037285460643,6.667981850463603,61.4185921547555,86.71411625148279,9.638196915776987,9.82587064676617,90.8651262761956,5.340420146798279,89.90578734858681,59.94897959183674,9.133055169216505,90.8669448307835,79.13265306122449,6.428571428571428
2023,Census Tract 103; Lancaster County; South Carolina,45057010300,26.349678058444777,15.717351824335479,1.502393924385009,10.813934290903088,83.68829453524847,0.0,3.9953772494634303,63.12871287128713,89.67758060484879,18.620344913771557,8.436532507739939,89.06930693069307,7.464694014794889,94.53753351206434,75.62776957163959,10.370697263901148,89.62930273609885,77.6464795667159,1.8709995076317085
2023,Census Tract 104; Lancaster County; South Carolina,45057010400,18.759547815459822,16.95692025664528,0.4277421326000611,21.11212954476016,65.04735716468072,11.885120684387413,1.5276504735716467,49.3184634448575,87.4321503131524,23.089770354906054,25.0,91.82156133828995,12.485896953742008,95.59376679204729,78.15829528158295,10.184552289815448,89.81544771018454,94.82496194824962,2.5114155251141552
2023,Census Tract 105; Lancaster County; South Carolina,45057010500,23.35886214442013,11.925601750547047,0.0,42.74252370532458,36.90736688548505,16.028446389496718,4.321663019693654,50.88013411567477,76.7382702091577,8.733747880158282,1.4840182648401825,84.28331936295055,6.471567927670711,92.29686950404502,54.158699808795404,7.310589277802393,92.68941072219761,64.0057361376673,6.405353728489484
2023,Census Tract 106; Lancaster County; South Carolina,45057010600,24.818150329061307,24.2639418081053,0.0,15.864218912365777,72.84378247315553,10.356771735365431,0.9352268791132663,50.80082135523614,83.44743276283619,15.745721271393641,7.659574468085106,92.15605749486653,8.6218917034627,96.96252465483235,70.42939353696326,9.42261427425822,90.57738572574178,83.84240814519698,2.611775121735281
2023,Census Tract 107; Lancaster County; South Carolina,45057010700,23.471518043543096,22.218908440202803,0.0,83.03012227855652,15.627796003578883,1.3420817178645987,0.0,59.74973931178311,79.45087945087946,9.395109395109396,12.53968253968254,83.83733055265901,4.014029618082619,79.61595273264402,50.48275862068966,18.07909604519774,81.92090395480226,32.41379310344827,24.0
2023,Census Tract 108; Lancaster County; South Carolina,45057010800,12.78048780487805,20.4390243902439,3.2195121951219514,36.926829268292686,49.36585365853659,6.048780487804878,4.439024390243902,59.15985997666277,81.54425612052731,14.312617702448211,3.015075376884422,76.19603267211203,4.651162790697675,86.08534322820037,49.39148073022312,13.584574934268186,86.41542506573181,34.98985801217038,10.649087221095336
2023,Census Tract 109; Lancaster County; South Carolina,45057010900,22.40572529589871,20.25873933388384,2.3671896504266448,21.38728323699422,57.94109551334985,15.05642719515552,3.2480044040737686,50.75949367088608,86.70498084291188,29.38697318007663,6.456241032998565,86.39240506329115,7.16566158212132,90.11752136752136,73.66197183098592,3.467029231815092,96.53297076818491,66.7605633802817,15.070422535211266
2023,Census Tract 110.01; Lancaster County; South Carolina,45057011001,17.991863905325445,19.212278106508876,0.0,35.52144970414201,60.44748520710059,0.8690828402366864,3.1619822485207103,59.391269523428114,87.57075471698114,11.391509433962264,0.2743484224965706,90.38846615939127,12.919954904171362,96.80571213829387,72.52646111366774,5.521739130434783,94.47826086956522,89.73768982972848,1.5646571560055222
2023,Census Tract 110.02; Lancaster County; South Carolina,45057011002,24.936332767402376,14.876910016977929,0.0,12.669779286926994,75.12733446519525,10.229202037351442,1.9736842105263157,72.30514096185739,82.0079522862823,8.34990059642147,3.273322422258593,89.22056384742952,3.307888040712468,93.00797747536367,61.520603598374926,3.904071388733965,96.09592861126603,84.44573418456181,6.964596633778293
2023,Census Tract 111; Lancaster County; South Carolina,45057011100,21.86452045606975,20.154258886653253,0.8383635144198525,19.751844399731723,70.67404426559357,7.0757880617035545,1.659959758551308,67.17131474103586,83.3925610045013,22.4591329068941,77.77777777777779,83.70517928286853,7.725321888412018,89.19376693766937,63.17972350230415,3.8120567375886525,96.18794326241135,80.23041474654377,0.0
2023,Census Tract 112.03; Lancaster County; South Carolina,45057011203,29.497176660392576,4.598010217800484,18.9298198440441,1.425114278031729,63.7805861790804,15.326700726001613,0.5377789728421619,69.40966010733453,97.2473456547385,59.02477388910735,14.226519337016574,68.78354203935599,1.1823035850495804,96.74832962138085,91.48089171974523,12.22921034241789,87.77078965758211,98.24840764331209,0.0
2023,Census Tract 112.04; Lancaster County; South Carolina,45057011204,23.166023166023166,14.419364419364419,8.657558657558658,4.781704781704782,73.21057321057322,11.315711315711315,2.0344520344520345,62.666160273452334,94.83168316831683,51.10891089108911,22.386363636363637,87.92252183820737,6.068805566293004,97.94557097118464,90.33183121671446,10.290334435869166,89.70966556413083,94.01884473576403,4.014748054076199
2023,Census Tract 112.05; Lancaster County; South Carolina,45057011205,30.933997509339978,13.511830635118308,4.420921544209215,23.41220423412204,66.23910336239103,4.993773349937734,0.933997509339975,80.46092184368737,95.5927636643572,53.675904541955354,12.995729103111653,82.91583166332666,8.31229715109989,96.13243480808673,86.18980169971671,3.716331401295602,96.2836685987044,88.56232294617564,3.5410764872521248
2023,Census Tract 112.06; Lancaster County; South Carolina,45057011206,18.41994085340093,18.08196028728348,0.0,3.7177862272919304,84.49514152936206,11.322348964934516,0.4647232784114913,60.91644204851752,75.81903276131045,26.885075403016124,4.154302670623145,92.65498652291106,2.1750388399792855,100.0,59.36599423631124,8.52372583479789,91.47627416520211,81.26801152737752,3.170028818443804
2023,Census Tract 112.07; Lancaster County; South Carolina,45057011207,31.33917396745932,10.938673341677097,2.553191489361702,1.802252816020025,83.17897371714643,2.95369211514393,9.51188986232791,63.80572188955422,91.89521080638559,48.21940237413017,37.019230769230774,93.54624085163007,2.6977761574917976,97.66187050359713,87.54833720030936,2.708803611738149,97.29119638826185,99.53596287703016,0.0
2023,Census Tract 112.08; Lancaster County; South Carolina,45057011208,16.351948573724385,37.5050220972278,0.0,18.0996384089996,70.47006830052229,9.039775010044195,2.390518280433909,90.18691588785047,96.96817840140316,42.06965672763718,40.09546539379475,100.0,5.667627281460135,98.43260188087774,80.80934501460159,2.6401299756295695,97.35987002437044,86.60826032540676,0.0
2023,Census Tract 112.09; Lancaster County; South Carolina,45057011209,5.347068923227863,64.59406426293843,2.710326220259995,7.6158940397351,85.44272749570763,2.207505518763797,2.0235467255334805,77.18268525311812,96.6859760204769,52.2699717095514,23.62204724409449,97.87234042553192,14.822492873801501,87.31867103416003,86.10712577714013,7.457402080106218,92.54259791989378,99.64131994261119,0.9803921568627451
2023,Census Tract 112.10; Lancaster County; South Carolina,45057011210,25.256673511293638,11.90965092402464,1.9096509240246407,12.628336755646819,67.26899383983573,10.924024640657084,7.268993839835729,87.20103425985779,98.96670493685419,59.15614236509759,10.647181628392484,95.41047188106012,2.3626373626373627,97.53241321622752,91.81453921007441,6.075268817204301,93.9247311827957,99.25586720091586,0.9730967372638809
2023,Census Tract 112.11; Lancaster County; South Carolina,45057011211,11.940298507462686,57.711442786069654,0.0,8.45771144278607,77.61194029850746,9.950248756218906,3.9800995024875623,90.1639344262295,95.80838323353294,16.766467065868262,0.0,93.44262295081968,31.07344632768362,89.65517241379311,47.368421052631575,0.0,100.0,97.89473684210527,2.1052631578947367
2023,Census Tract 601.02; York County; South Carolina,45091060102,10.101389410439355,10.814870446864438,2.1779947427713107,14.945550131430718,79.7972211791213,1.2392039053698836,1.840030041306797,47.20496894409938,93.06930693069307,54.73047304730473,2.7149321266968327,89.28571428571429,3.949579831932773,95.81749049429658,83.96694214876032,4.196357878068092,95.80364212193192,59.008264462809926,4.793388429752066
2023,Census Tract 602; York County; South Carolina,45091060200,19.8079561042524,15.445816186556927,0.0,34.51303155006858,51.16598079561042,11.550068587105624,2.7709190672153636,36.43292682926829,80.60909791827294,13.41557440246723,4.428044280442804,87.8048780487805,7.868628121792678,83.45609065155809,53.17220543806647,12.80295047418335,87.19704952581665,38.18731117824773,9.486404833836858
2023,Census Tract 603; York County; South Carolina,45091060300,25.420501428118058,14.217708663916218,0.6981910504601714,62.234211361472546,26.97556331323389,0.31735956839098695,9.774674706442399,48.63945578231292,84.89757027155788,12.005717008099095,0.0,88.16326530612245,6.375695335900727,90.89874857792947,58.263665594855304,7.495538370017847,92.50446162998215,47.652733118971064,15.948553054662378
2023,Census Tract 604.01; York County; South Carolina,45091060401,17.755905511811022,25.03937007874016,5.393700787401575,90.19685039370079,3.503937007874016,0.5905511811023622,0.31496062992125984,51.488833746898266,71.64948453608247,7.789232531500573,1.7543859649122806,89.20595533498759,5.074198180947822,72.264631043257,52.1484375,12.403763900769889,87.59623609923011,50.29296875,19.43359375
2023,Census Tract 604.02; York County; South Carolina,45091060402,32.18689162881246,8.1765087605451,2.1414665801427644,71.09020116807268,23.29656067488644,2.109020116807268,1.3627514600908501,41.63179916317992,95.79207920792079,31.386138613861387,1.4634146341463417,84.86750348675035,6.213592233009709,93.28039095907147,77.70334928229666,1.3220018885741265,98.67799811142586,81.91387559808612,0.0
2023,Census Tract 605.01; York County; South Carolina,45091060501,13.10344827586207,11.484257871064468,6.086956521739131,65.24737631184408,23.20839580209895,1.5892053973013494,3.8680659670164914,43.13725490196079,83.96124865446717,18.406889128094726,0.0,65.38461538461539,4.968944099378882,90.48737522019965,54.53947368421053,14.941242305540012,85.05875769445998,24.210526315789473,12.105263157894736
2023,Census Tract 605.02; York County; South Carolina,45091060502,29.404088734232275,15.57198782079165,0.34797738147020446,83.29708568943019,13.397129186602871,2.74032187907786,0.2174858634188778,62.39583333333333,82.7020202020202,13.636363636363635,0.0,91.77083333333333,18.91558841651263,97.06959706959707,65.96916299559471,19.36056838365897,80.63943161634103,60.13215859030837,6.277533039647578
2023,Census Tract 606; York County; South Carolina,45091060600,1.475304682488775,0.06414368184733803,0.38486209108402825,43.68184733803721,46.055163566388714,4.490057729313662,5.388069275176395,26.608695652173914,90.9090909090909,63.63636363636363,,43.30434782608696,0.0,86.18266978922716,,,,,
2023,Census Tract 607; York County; South Carolina,45091060700,20.0,22.444061962134253,1.4802065404475044,17.84853700516351,69.96557659208261,5.524956970740103,5.1807228915662655,47.277059223961885,96.22461170848268,47.38351254480287,29.672650475184792,85.73859768550034,7.809810671256455,99.49025487256372,73.82470119521912,4.380952380952381,95.61904761904762,70.3187250996016,4.820717131474104
2023,Census Tract 608.02; York County; South Carolina,45091060802,17.14865550481989,16.336884830035515,5.32724505327245,14.15525114155251,69.86301369863014,3.9066463723997966,6.747843734145103,43.07381193124368,87.87248787248787,28.82882882882883,4.524886877828054,89.68655207280081,5.572565829761176,97.16193656093489,88.06682577565633,5.948372615039282,94.05162738496072,81.86157517899761,7.756563245823389
2023,Census Tract 608.03; York County; South Carolina,45091060803,21.20259382982904,19.434073491845155,1.4934171742975044,24.405580664177638,54.6865788956573,16.152485753586166,3.261937512281391,55.714992577931724,96.36770047499301,38.89354568315172,10.762942779291553,87.72884710539337,9.201995012468828,88.24648155192088,61.29859034600598,5.337646583097452,94.66235341690255,40.96539940196497,8.372490388722769
2023,Census Tract 608.04; York County; South Carolina,45091060804,21.156263091746965,12.35860913280268,0.7331378299120235,22.350230414746544,58.525345622119815,15.333054042731462,3.0582320904901548,56.63148233134465,92.35109717868339,24.043887147335425,11.371841155234657,82.97384121156493,7.919213393568961,92.34638878907654,72.5609756097561,7.6923076923076925,92.3076923076923,60.72154471544715,3.6585365853658534
2023,Census Tract 609.01; York County; South Carolina,45091060901,24.52086448280549,7.040913415794481,1.5495446513524536,38.45317384803588,43.86298763082778,13.198314530379228,2.9359793394046485,54.74845995893224,89.91848991848993,37.96653796653796,2.543006731488407,84.90759753593429,2.373618409132089,97.24908661078874,81.94405199208816,3.464266230223677,96.53573376977633,24.58321559762645,3.1364792314213052
2023,Census Tract 609.04; York County; South Carolina,45091060904,21.205325858444287,17.603363700070076,0.12613875262789068,24.975473020322355,64.86334968465312,3.4758234057463206,6.559215136650315,61.302099178582296,94.39516889979241,35.44064917909039,11.726384364820847,91.54243991481594,14.194236926360727,99.24146649810368,88.46011131725417,1.064610866372981,98.93538913362701,95.21335807050093,0.0
2023,Census Tract 609.08; York County; South Carolina,45091060908,26.870576339737106,14.180990899898887,1.7694641051567241,51.66835187057634,38.14459049544995,6.8503538928210315,1.5672396359959553,47.92228818132757,87.44716821639898,31.614539306847,3.582554517133956,83.2164058283864,7.258900795022467,95.58750619732275,65.88541666666666,9.380530973451327,90.61946902654867,56.901041666666664,4.166666666666666
2023,Census Tract 609.09; York County; South Carolina,45091060909,21.554149085794656,23.786919831223628,1.59985935302391,18.68846694796062,72.46835443037975,3.0063291139240507,4.236990154711673,51.73398612811098,96.90350456072971,46.639462313970235,3.87409200968523,93.06405548755609,12.102196324518154,96.45825804119985,90.29448361675654,2.467637540453074,97.53236245954693,75.11406055578598,2.8204064703442553
2023,Census Tract 609.10; York County; South Carolina,45091060910,21.222279525528624,19.185146982980918,3.4553893759669934,8.973697782362041,79.62867457452295,2.475502836513667,5.466735430634348,69.20052424639582,96.86206896551724,49.93103448275862,18.28125,93.31585845347313,10.245499181669395,93.96751740139212,89.91282689912828,4.0047818290496116,95.9952181709504,97.94520547945206,1.1830635118306352
2023,Census Tract 609.11; York County; South Carolina,45091060911,27.306534443067115,13.245971312201169,0.5843810873029928,21.69293430139897,58.84540463963166,13.582433150345317,5.294846821321055,61.1352133044107,98.07588075880759,35.826558265582655,20.193740685543965,78.38033261026753,12.167487684729064,96.23893805309734,82.18703612073232,2.2254475084663765,97.77455249153363,89.80702622464126,1.6328550222662048
2023,Census Tract 609.12; York County; South Carolina,45091060912,25.71428571428571,13.20754716981132,1.293800539083558,6.46900269541779,87.54716981132076,1.994609164420485,2.6954177897574128,53.412784398699884,95.86645468998411,52.30524642289348,8.179419525065963,90.35752979414951,2.7576197387518144,100.0,83.50071736011478,9.244791666666668,90.75520833333334,90.67431850789096,1.4347202295552368
2023,Census Tract 609.13; York County; South Carolina,45091060913,17.536600891152133,18.077657542966264,5.887969446212604,16.168045830681095,69.462126034373,4.185232336091661,4.2966263526416295,58.020591165725676,90.93836246550137,39.69641214351426,6.31424375917768,88.11026237130521,8.297954457738326,96.17870188255128,79.34336525307798,9.892141756548536,90.10785824345146,58.926128590971274,6.942544459644323
2023,Census Tract 610.04; York County; South Carolina,45091061004,29.169355582188622,15.543468240066376,3.2082603484834515,8.011431732276206,79.94837282197842,5.651332165575735,3.1806029316861806,59.34515688949522,93.84422110552764,53.83863763260748,5.307262569832402,80.92769440654844,3.7989556135770237,93.5835798816568,86.15651312530956,0.0,100.0,74.5418524021793,3.8880633977216443
2023,Census Tract 610.06; York County; South Carolina,45091061006,22.836363636363636,15.296969696969697,8.751515151515152,5.236363636363636,69.7939393939394,7.806060606060607,8.412121212121212,56.72413793103448,99.41920054663478,61.974718141441755,5.121638924455826,93.10344827586206,10.372005044136191,96.97824335213538,87.2340425531915,0.0,100.0,76.30023640661938,0.0
2023,Census Tract 610.07; York County; South Carolina,45091061007,25.360130111524164,12.33736059479554,8.561802973977695,4.286710037174721,56.052509293680295,23.907992565055764,7.190985130111524,46.94362017804154,90.20281883808869,46.42488827775868,11.272040302267003,88.5459940652819,7.0303975058456745,98.34621993127148,88.16055443257291,3.187028235951915,96.81297176404809,79.90181923187988,2.772162864568293
2023,Census Tract 610.08; York County; South Carolina,45091061008,34.45483576642336,11.644616788321168,8.371350364963504,11.906934306569344,66.37773722627736,6.865875912408759,6.478102189781023,55.22213561964146,97.21752209061853,61.96653506298176,13.566375364128172,92.47856586126267,9.117800591613015,97.27596741344196,95.56616643929058,5.602060528010303,94.3979394719897,81.20736698499317,2.557980900409277
2023,Census Tract 610.09; York County; South Carolina,45091061009,26.07512248230811,15.714026492469607,13.110143349664307,7.521320994374886,70.65868263473054,3.982943204500091,4.726909816730176,68.05324459234609,98.57365145228216,66.4808091286307,6.764091858037578,89.89778939862134,6.971035837015219,98.37885462555066,84.4188376753507,2.1328757048296154,97.86712429517038,86.04709418837675,4.709418837675351
2023,Census Tract 610.10; York County; South Carolina,45091061010,26.45138521263455,14.893241574025057,6.158461266984295,13.39332980412917,53.74977942473972,23.539791776954296,3.1586377271925183,64.46977205153618,99.8651927743327,57.99406848207064,8.623188405797102,94.00396432111002,7.605566218809981,99.43019943019942,80.93457943925235,6.509392747924858,93.49060725207514,60.70093457943925,0.0
2023,Census Tract 610.11; York County; South Carolina,45091061011,21.779661016949152,11.21822033898305,6.271186440677965,13.09322033898305,65.36016949152543,12.722457627118644,2.5529661016949152,61.15852081717094,95.49881936245572,52.036599763872495,5.954088952654232,95.00905094388415,6.6765980498374855,98.82196465893976,83.00518134715026,2.9419160170983156,97.05808398290169,51.42487046632125,3.5492227979274613
2023,Census Tract 610.12; York County; South Carolina,45091061012,22.783964365256125,11.648106904231625,9.755011135857462,8.88641425389755,74.07572383073496,4.142538975501114,3.1403118040089084,55.509065550906556,99.16303983930365,63.4415801807834,19.880418535127056,94.65364946536494,3.1150850879723104,96.70450384474552,91.52426520847573,7.463630613535736,92.53636938646427,84.62064251537936,1.4354066985645932
2023,Census Tract 611.01; York County; South Carolina,45091061101,24.031319012246538,15.699658703071673,0.16061031921300944,22.74643645854246,68.44007227464365,4.276249749046376,4.376631198554507,54.60750853242321,94.16666666666667,37.083333333333336,6.6115702479338845,84.8366650414432,6.8446088794926006,94.80122324159022,82.06495395055744,5.280073461891643,94.71992653810835,78.72031022782355,3.6354823073194376
2023,Census Tract 611.03; York County; South Carolina,45091061103,30.587032461446707,6.986453097043538,1.627332367725995,10.479679645565307,78.83615915480958,4.115191275453693,4.9416375564454285,64.5722189290654,97.68634152754042,59.28749835677666,1.9970951343500365,92.07666469077257,5.768994721983552,98.96907216494846,86.79294922388846,3.3070465530399393,96.69295344696006,95.13285977374375,0.0
2023,Census Tract 611.04; York County; South Carolina,45091061104,29.12265878045346,13.37839740881566,2.943247429939445,4.773975496408957,71.45472468666385,10.139416983523446,10.688635403464302,67.14471968709258,96.05346912794398,47.52811372798642,9.58904109589041,86.22338113863538,7.073316113649911,95.61275226674466,87.64380059650618,0.0,100.0,94.71665956540264,5.411163187047294
2023,Census Tract 612.02; York County; South Carolina,45091061202,22.667979325621463,21.831159241939453,0.17228648781688408,9.648043317745508,67.85626384444991,1.5998031011567808,20.723603248830912,64.9561107359892,86.28366247755835,17.666068222621185,3.531073446327684,89.39905469277515,12.698917886696373,94.94097807757167,71.96495619524406,4.425837320574163,95.57416267942584,82.29036295369212,3.8172715894868583
2023,Census Tract 612.03; York County; South Carolina,45091061203,23.79044226773523,12.867319679430098,0.9349955476402494,14.099139210448206,81.5375482338973,2.0777678836449986,1.3505491243692491,73.2935471838866,87.1022848601324,26.201153106982705,9.044117647058822,88.88474449832152,7.711781888997078,94.03954802259888,77.89841023652578,4.939181717655732,95.06081828234427,85.6533540131834,2.365257851880574
2023,Census Tract 612.04; York County; South Carolina,45091061204,20.63854047890536,15.530216647662487,1.1174458380843786,29.327251995438996,63.397947548460664,3.1014823261117446,3.055872291904219,61.99664429530202,96.56812776078831,41.216445803601765,8.970976253298153,78.14597315436241,7.701283547257877,96.20689655172414,87.96487603305785,7.765602667937113,92.23439733206288,42.87190082644628,8.367768595041323
2023,Census Tract 612.05; York County; South Carolina,45091061205,21.434937611408202,23.284313725490197,0.0,15.753119429590019,74.24242424242425,5.436720142602495,4.567736185383244,54.244031830238725,87.91176470588236,31.5,8.239700374531834,97.34748010610079,10.975609756097562,96.74572531715388,80.34360788276908,5.717008099094807,94.28299190090519,70.59120768064679,0.404244567963618
2023,Census Tract 613.01; York County; South Carolina,45091061301,18.14169057603178,14.478040167733392,0.7724564113882145,52.88015890531892,41.97748841315383,1.2359302582211433,3.133966011917899,60.378912685337724,95.88626739261949,22.50453720508167,5.423728813559322,90.48599670510708,9.676535087719298,92.02453987730061,74.16909620991254,5.248618784530387,94.7513812154696,81.10787172011662,4.723032069970846
2023,Census Tract 613.02; York County; South Carolina,45091061302,22.03623022242605,14.010548039440495,0.0,26.69112588855767,70.44255904609035,2.017885806007796,0.8484292593441871,72.09985315712188,95.5849178214631,23.783435385111183,0.0,94.27312775330397,9.911764705882353,95.62185199535064,75.84884994523549,8.7,91.3,83.46111719605696,3.3406352683461114
2023,Census Tract 614.01; York County; South Carolina,45091061401,16.28870475359791,17.509812472743132,0.26166593981683384,6.345399040558221,87.17836894897513,5.429568251199302,0.7849978194505015,67.25173210161662,87.3965041398344,17.049984667279976,21.293375394321767,78.75288683602771,6.772597030476686,91.21813031161473,53.30528846153846,7.452725250278086,92.54727474972191,78.2451923076923,0.6610576923076923
2023,Census Tract 614.03; York County; South Carolina,45091061403,22.50879249706917,14.905375983922292,1.4402947579969854,17.35052754982415,72.63439959805727,3.6342321219226257,4.9405459721989615,76.2878787878788,92.28690739376074,34.83173667403586,2.3755656108597285,88.25757575757575,9.314890858007347,98.86293792255685,88.9413988657845,5.282005371530887,94.71799462846911,88.98865784499054,0.9924385633270321
2023,Census Tract 614.04; York County; South Carolina,45091061404,21.72108467072496,23.021582733812952,0.6640841173215274,23.049252905368014,72.27448810182622,3.126729385722191,0.8854454897620365,48.734549735138316,98.36613442257706,51.726698848867436,2.39880059970015,93.46674514420246,6.221279604100389,94.94324045407637,83.66643694004135,0.0,100.0,77.87732598208133,5.0999310820124055
2023,Census Tract 615.03; York County; South Carolina,45091061503,20.739286882564606,21.262675825973176,0.16355904481517827,0.19627085377821393,95.91102387962054,0.0,3.729146221786065,57.52988047808765,83.76534788540245,19.872669395179628,20.68126520681265,92.27091633466135,12.133718530747007,97.09944751381215,61.09324758842444,4.892966360856269,95.10703363914374,90.11254019292605,6.350482315112541
2023,Census Tract 615.04; York County; South Carolina,45091061504,18.32623014335529,16.718326230143354,5.0368074389771404,2.7702440914374273,87.67919411080976,2.905850445563735,1.6079039132119333,73.00771208226222,86.2540392741735,10.241113596818295,0.48,83.58428204186559,6.979571984435798,95.89915966386555,77.5925925925926,5.6356487549148095,94.36435124508519,86.80555555555556,4.861111111111112
2023,Census Tract 615.05; York County; South Carolina,45091061505,13.3446519524618,6.5874363327674015,0.7470288624787775,12.020373514431238,74.97453310696095,9.168081494057725,3.089983022071307,57.15453802125919,81.3575081357508,10.0418410041841,13.496932515337424,93.04987735077678,6.778309409888357,85.63758389261746,59.64523281596452,2.906350914962325,97.09364908503767,84.81152993348115,2.882483370288248
2023,Census Tract 615.06; York County; South Carolina,45091061506,18.16690962099125,20.317055393586006,0.0,6.46865889212828,86.78935860058309,2.3505830903790086,4.39139941690962,60.39719626168224,94.34479322371699,26.20827105132038,5.911823647294589,91.93925233644859,6.924961033177467,93.40277777777779,70.3962703962704,0.6484483557202408,99.35155164427975,84.89510489510491,0.0
2023,Census Tract 616.01; York County; South Carolina,45091061601,26.668785759694853,14.303877940241577,0.4132231404958678,45.10489510489511,39.192625556261916,1.3986013986013985,13.890654799745707,68.66438356164383,90.58704453441295,13.917004048582996,12.5,89.38356164383562,7.585609016038145,83.3108108108108,53.904282115869016,13.255644573925709,86.74435542607429,57.51469353484466,10.663308144416456
2023,Census Tract 616.02; York County; South Carolina,45091061602,26.554216867469883,14.393574297188755,0.0,20.369477911646587,53.55823293172691,15.66265060240964,10.409638554216867,59.86246833152371,79.64580300824842,20.5482775351771,7.415902140672783,83.71335504885994,5.271216097987751,96.53102068045364,69.06505816458423,13.07116104868914,86.92883895131087,67.38474795346833,8.013787160706592
2023,Census Tract 617.01; York County; South Carolina,45091061701,25.329764863314853,19.28885490346014,0.24851844771554193,2.8675205505639454,89.29458994456127,4.588032880902313,3.00133817625693,61.11959287531806,86.46408839779005,17.845303867403313,53.148148148148145,85.54707379134861,12.749615975422426,97.1415607985481,63.02816901408451,4.469005285920231,95.53099471407977,85.46277665995976,0.9557344064386318
2023,Census Tract 617.05; York County; South Carolina,45091061705,26.69641197248559,16.025283509946085,0.2044989775051125,10.689719278676334,80.20078081427775,4.443205056701989,4.461795872838818,63.47673397717296,92.64471587891661,26.394052044609666,8.227311280746395,85.73309920983318,7.659142784681714,97.36194161097433,72.44258872651356,0.7253886010362695,99.27461139896373,94.93736951983298,2.7139874739039667
2023,Census Tract 617.06; York County; South Carolina,45091061706,24.72146570933399,14.58281752909136,0.012379301807378064,7.73706362961129,74.98143104728894,13.406783857390442,3.862342163901956,68.9877121123464,90.20684605528098,35.67636829580817,0.0,92.48098303101229,8.715671764512416,95.9581202824446,76.70723461798512,6.035578144853875,93.96442185514613,76.74104124408385,1.1156186612576064
2023,Census Tract 617.08; York County; South Carolina,45091061708,32.85264813843733,11.064499213424227,1.651809124278972,14.69585736759308,78.84111169375984,2.176192973256424,2.6350288411116938,70.54749340369393,98.36174452069957,50.01106929377905,8.527918781725887,87.46701846965699,9.625146427176883,93.5929648241206,90.50709939148072,8.534322820037106,91.4656771799629,88.96551724137932,2.150101419878296
2023,Census Tract 617.09; York County; South Carolina,45091061709,24.350695939159134,11.56550437652461,1.9228009757497488,5.6392595781317265,78.63395035155689,11.56550437652461,2.238484718037021,81.77136972193615,99.18907383696116,46.03072983354674,0.8468595624558928,89.18640576725025,6.31638846737481,94.70372312532774,82.5136612021858,6.377899045020465,93.62210095497954,75.30054644808743,0.546448087431694
2023,Census Tract 617.10; York County; South Carolina,45091061710,23.906212231085327,23.060188542422043,1.6678752719361856,3.86753686246072,80.2997341068407,9.330432680686487,4.8344210780759,77.58913412563668,96.25909248354694,43.193626602009005,9.547738693467336,93.4634974533107,7.306226175349428,92.3982869379015,94.84662576687116,8.01354401805869,91.9864559819413,80.67484662576688,2.9447852760736195
2023,Census Tract 618.01; York County; South Carolina,45091061801,31.98259450639108,10.062550992657057,0.4895295077508839,25.999456078324723,55.017677454446556,10.715257002991569,7.778079956486265,67.36453201970444,86.04342046964997,23.925564909171467,1.685985247629083,86.76108374384236,4.278288684526189,94.67802022352315,72.25705329153605,8.857142857142856,91.14285714285715,74.76489028213166,3.2915360501567394
2023,Census Tract 618.02; York County; South Carolina,45091061802,25.537579356952694,16.833913577718615,0.4710219127585501,13.659635469997951,76.18267458529593,6.69670284661069,2.989965185336883,63.46153846153846,87.6831091180867,25.381165919282513,19.021739130434785,95.07211538461539,11.606160616061606,88.5512989872303,80.14293006636038,3.01980198019802,96.98019801980197,72.94538029606943,2.1439509954058193
2023,Census Tract 619; York County; South Carolina,45091061900,17.090156220591002,23.03783173348391,0.0,15.847920195746282,78.59966120835686,2.578580839450405,2.973837756446452,84.16206261510129,87.55332496863237,17.089084065244666,13.473684210526315,86.32596685082873,5.448354143019296,98.28057835091832,27.21549636803874,9.110915492957746,90.88908450704226,82.37288135593221,0.4358353510895884
