Year,NAME,GEOID,PercentUnder18,PercentOver65,PercentAsian,PercentBlack,PercentWhite,PercentHispanic,PercentOther,PercentDroveMoreThan20Minutes,PercentHighSchoolDiploma,PercentAdultsWithAtLeastBachelors,PercentPrivateSchool,PercentDroveAlone,PercentVeteran,PercentEmployed,PercentInternetAccess,PercentVacant,PercentOccupied,PercentOwnerOccupied,PercentNoVehicle
2021,"Census Tract 9201, Anson County, North Carolina",37007920100,25.08394895903291,16.05104096709201,0.0,49.05977165883143,40.295500335795836,4.969778374748153,5.67494963062458,63.952333664349545,85.85666824869482,9.587090650213574,8.925318761384334,95.72989076464746,14.657104437471984,93.09462915601023,65.69630212431157,15.939153439153438,84.06084656084656,75.45239968528718,9.04799370574351
2021,"Census Tract 9202, Anson County, North Carolina",37007920200,16.964800923254472,23.312175418349682,0.0,41.719561454125795,57.18407386035776,0.3462204270051933,0.7501442585112521,51.34228187919463,82.60200153964588,14.24172440338722,0.0,85.4586129753915,2.432244614315497,97.74193548387096,82.19749652294854,15.411764705882353,84.58823529411764,72.60083449235049,3.616133518776078
2021,"Census Tract 9203.01, Anson County, North Carolina",37007920301,21.633205504173247,20.550417324610873,0.0,24.069478908188586,64.1551996390706,7.714865779381909,4.0604556733588995,63.05496828752643,78.25533269659344,8.468640560331105,13.189771197846568,89.69344608879493,5.958549222797927,96.38848218643241,64.10557184750733,13.275686673448629,86.72431332655137,77.5366568914956,3.225806451612903
2021,"Census Tract 9203.02, Anson County, North Carolina",37007920302,9.544468546637743,12.147505422993492,0.0,28.199566160520607,67.24511930585683,4.55531453362256,0.0,80.48780487804879,93.11224489795919,4.591836734693878,0.0,100.0,4.545454545454546,93.59756097560977,83.56164383561644,0.0,100.0,82.87671232876713,0.0
2021,"Census Tract 9204, Anson County, North Carolina",37007920400,28.732292045041774,12.967671630948058,0.0,73.81038866690882,24.046494733018527,0.0,2.143116600072648,36.182336182336186,91.66127989657402,14.350355526826114,0.0,56.88509021842355,5.861365953109073,89.91935483870968,49.21875,20.86553323029366,79.13446676970634,49.31640625,17.08984375
2021,"Census Tract 9205.01, Anson County, North Carolina",37007920501,27.765726681127983,9.97830802603037,0.0,66.26898047722342,26.35574837310195,7.37527114967462,0.0,46.27906976744186,66.56394453004623,21.263482280431433,0.0,77.90697674418605,1.951951951951952,100.0,68.46153846153847,0.0,100.0,67.94871794871796,0.0
2021,"Census Tract 9205.02, Anson County, North Carolina",37007920502,18.219272144655527,26.8711375600824,1.373311970702678,61.70748455024033,36.758983749141684,0.0,0.16021972991531241,53.78048780487805,81.5829996920234,14.875269479519556,11.627906976744185,94.14634146341463,8.648194794290513,88.59429714857428,67.75147928994083,16.419386745796242,83.58061325420377,61.12426035502958,8.875739644970414
2021,"Census Tract 9206, Anson County, North Carolina",37007920600,21.33100842778262,19.122348154606218,3.4292356873002037,40.453356582388835,44.696309212438244,9.38680616099971,2.034292356873002,49.83299933199733,87.0140612076096,13.192721257237386,10.891089108910892,73.61389445557782,9.974141115626155,89.10776361529548,56.89415041782729,22.252301028695182,77.74769897130483,70.26462395543176,5.083565459610028
2021,"Census Tract 9800, Anson County, North Carolina",37007980000,0.0,4.6995377503852085,2.0801232665639446,48.69029275808937,40.75500770416024,3.0816640986132513,5.3929121725731894,,74.06483790523691,3.99002493765586,0.0,,6.086286594761171,,,,,,
2021,"Census Tract 405.01, Cabarrus County, North Carolina",37025040501,29.89886972040452,10.41046995835812,0.0,38.07257584770969,39.1076740035693,16.906603212373586,5.913146936347412,63.97908640616401,90.70397111913357,16.08303249097473,3.917378917378917,91.35938359933957,6.042090970807875,93.7979251240415,71.4813295034879,14.190140845070424,85.80985915492958,72.09684037751333,4.677882642593353
2021,"Census Tract 405.02, Cabarrus County, North Carolina",37025040502,26.27526467757459,13.58678216233558,0.0,9.73692653192172,73.51620147577799,14.886108437600257,1.860763554700032,63.594113090627424,84.58194835080542,31.24520582971107,5.7706355003652305,86.94810224632067,3.91644908616188,88.35877862595419,83.30324909747291,3.8194444444444446,96.18055555555556,63.1768953068592,3.068592057761733
2021,"Census Tract 406, Cabarrus County, North Carolina",37025040600,14.094083057699375,24.310915104740904,0.0,8.103638368246969,85.92429253950753,1.470047776552738,4.50202131569276,51.741293532338304,96.23420796890184,21.234207968901845,7.335907335907336,85.64867967853043,3.935828877005348,99.29725931131412,72.35587834770767,17.055722891566266,82.94427710843374,79.3009532455742,2.905129369042215
2021,"Census Tract 407.01, Cabarrus County, North Carolina",37025040701,28.212290502793298,13.03538175046555,0.0,17.411545623836126,55.865921787709496,25.558659217877093,1.1638733705772812,48.96907216494845,85.08500772797527,9.582689335394127,1.2048192771084338,76.41752577319588,5.382619974059663,87.23872387238724,63.42141863699583,14.404761904761903,85.59523809523809,56.60639777468707,3.3379694019471486
2021,"Census Tract 407.03, Cabarrus County, North Carolina",37025040703,26.2827611664821,19.269102990033225,6.423034330011074,21.668512366186786,38.79660391288298,11.517165005537098,21.59468438538206,50.72142064372919,75.02685284640171,12.352309344790548,13.388429752066116,74.80577136514984,3.5553329994992486,87.30017761989343,59.60482985729967,16.727605118829985,83.27239488117002,25.795828759604827,5.598243688254665
2021,"Census Tract 407.04, Cabarrus County, North Carolina",37025040704,24.094989863886475,22.18360845641471,0.26064291920069504,27.686070083984944,61.33796698523023,9.933391253982045,0.7819287576020852,56.92175408426483,88.0421052631579,11.242105263157894,16.52173913043478,78.24591573516767,7.6952526799387435,96.14835948644793,72.72727272727273,15.95354523227384,84.04645476772616,50.90909090909091,10.763636363636364
2021,"Census Tract 407.05, Cabarrus County, North Carolina",37025040705,20.57546145494028,12.703583061889251,3.5287730727470143,36.020629750271446,54.39739413680782,2.008686210640608,4.044516829533116,45.990063875088715,95.45795795795796,16.554054054054053,8.16326530612245,85.37970191625266,30.519480519480517,95.91836734693877,82.12290502793296,3.3179012345679015,96.6820987654321,73.90263367917,4.389465283320032
2021,"Census Tract 408, Cabarrus County, North Carolina",37025040800,30.2297165200391,13.66080156402737,0.0,31.76930596285435,51.246334310850436,15.347018572825025,1.6373411534701856,49.73262032085562,85.31139835487662,16.803760282021152,3.419689119170984,86.29679144385027,8.966725043782837,82.40786240786241,68.11103588354773,21.68610816542948,78.31389183457051,54.43466486120515,2.9790115098171968
2021,"Census Tract 409, Cabarrus County, North Carolina",37025040900,18.963730569948186,24.870466321243523,0.466321243523316,30.466321243523314,59.896373056994825,7.66839378238342,1.5025906735751295,46.7280163599182,90.00718907260963,25.16175413371675,11.589403973509933,97.34151329243353,6.841432225063938,94.74178403755869,66.3760896637609,17.301750772399586,82.6982492276004,57.65877957658779,2.4906600249066
2021,"Census Tract 410.01, Cabarrus County, North Carolina",37025041001,27.393272962483827,14.780077619663649,0.0,17.981888745148773,64.39197930142304,13.583441138421733,4.042690815006468,75.58790593505039,94.5095948827292,19.989339019189764,0.0,93.44904815229563,5.968819599109131,95.57291666666666,63.79477250726041,19.485580670303975,80.51441932969603,70.08712487899322,7.744433688286543
2021,"Census Tract 410.02, Cabarrus County, North Carolina",37025041002,31.815384615384616,11.292307692307691,0.0,32.800000000000004,55.93846153846154,7.138461538461538,4.123076923076923,38.8310648518815,71.58495954307472,6.949071870537839,0.0,67.8142514011209,6.046931407942238,86.9481765834933,56.40167364016736,6.786271450858035,93.21372854914196,35.146443514644346,28.368200836820083
2021,"Census Tract 411, Cabarrus County, North Carolina",37025041100,23.765786452353616,12.415942266688536,0.08200754469411187,12.005904543217977,76.84106937838281,9.480072166639331,1.5909463670657702,70.63740856844305,87.10038005812653,31.075340934495866,19.545903257650544,94.25287356321839,6.475903614457831,95.30706836616454,85.4443104141536,14.270941054808686,85.72905894519131,79.37273823884198,3.096099718536389
2021,"Census Tract 412.01, Cabarrus County, North Carolina",37025041201,21.204256423566054,14.06696080975863,2.906825849987023,28.91253568647807,63.067739423825586,3.815208928107968,1.2976901116013497,50.37593984962406,92.57322175732217,21.304044630404462,0.0,93.84825700615174,3.7549407114624502,95.0920245398773,78.08544303797468,10.860366713681241,89.13963328631876,75.87025316455697,1.3449367088607596
2021,"Census Tract 412.02, Cabarrus County, North Carolina",37025041202,25.199253857893844,20.31541461760217,1.8992708156689841,29.71002204510768,66.18619637103612,1.814481939969476,0.3900288282177378,53.93053016453382,95.5918168533853,38.67510959571359,5.809450038729667,87.42230347349177,5.576966674223532,97.09530026109661,85.46922300706358,19.0028606456886,80.9971393543114,56.912209889001005,2.6236125126135215
2021,"Census Tract 413.01, Cabarrus County, North Carolina",37025041301,25.17725752508361,14.715719063545151,6.34113712374582,9.752508361204013,69.123745819398,9.137123745819398,5.645484949832777,74.60262612301312,95.43895055499495,51.60443995963673,12.836767036450079,91.91430545957154,5.185052744502056,95.49180327868852,80.87547811304717,6.441351888667993,93.558648111332,90.90522736931577,3.1024224394390143
2021,"Census Tract 413.04, Cabarrus County, North Carolina",37025041304,34.01015228426396,4.344233266438437,19.478219808759295,21.17813717388738,51.446110258529096,5.300436784322985,2.597095974501239,68.26189078097475,96.50840962316373,64.5092612305727,4.10958904109589,89.22489724016441,4.615384615384616,98.78453038674033,88.26793499801823,3.9954337899543377,96.00456621004567,86.286167261197,1.5854141894569955
2021,"Census Tract 413.05, Cabarrus County, North Carolina",37025041305,25.29434105582985,13.596657804785417,9.001139384732245,6.60843144701861,79.14925939992405,5.241169768325104,0.0,50.576752440106475,96.88524590163935,46.775956284153004,2.127659574468085,93.70008873114463,11.235383833248601,98.10725552050474,92.15686274509804,7.167235494880546,92.83276450511946,90.80882352941177,0.6127450980392157
2021,"Census Tract 413.06, Cabarrus County, North Carolina",37025041306,27.711084433773507,6.402561024409764,28.87154861944778,19.247699079631854,45.1780712284914,2.9011604641856743,3.8015206082432975,69.74330966684872,90.73453215483084,59.402621152087775,1.8094089264173705,80.17476788640087,10.981047937569677,89.93754337265788,89.63414634146342,13.601532567049809,86.39846743295018,66.57427937915743,1.1086474501108647
2021,"Census Tract 413.07, Cabarrus County, North Carolina",37025041307,35.51264817304167,3.8372235121593548,14.701209825247464,16.61982158132714,54.28327019430527,11.694977392154467,2.70072100696566,73.72052903967797,97.43257820927724,64.81121898597627,6.466692637319829,89.53421506612996,4.756490430168657,92.40216486261448,83.50109409190371,6.810766721044045,93.18923327895595,93.61050328227572,2.4070021881838075
2021,"Census Tract 415.03, Cabarrus County, North Carolina",37025041503,30.47787610619469,8.336283185840708,6.389380530973451,29.008849557522126,53.82300884955752,7.362831858407079,3.4159292035398225,74.58123953098827,96.83527184203408,46.22667027319448,4.671417260490895,86.80904522613065,5.298182748912208,96.91171534071836,82.24188790560471,9.840425531914894,90.1595744680851,94.92625368731564,1.2979351032448379
2021,"Census Tract 415.04, Cabarrus County, North Carolina",37025041504,23.507549361207897,9.082462253193961,6.92218350754936,4.854819976771196,70.03484320557492,11.173054587688734,7.015098722415796,81.93211488250653,98.27525519183386,42.59063709961281,0.0,92.16710182767625,5.3750379593076225,97.23780750971083,85.63006632277082,2.5843503230437905,97.4156496769562,89.97789240972735,1.3264554163596167
2021,"Census Tract 415.05, Cabarrus County, North Carolina",37025041505,35.68817077485553,7.052718480952942,15.674018162519165,16.086802688996343,54.12194834296498,12.076895860360892,2.0403349451586275,71.80286961946351,97.06379383185467,61.51246303337559,2.344166222695791,90.82969432314411,8.233999633229415,97.36515038528462,94.21450823319982,4.666949512091642,95.33305048790835,94.61504227859368,0.0
2021,"Census Tract 415.06, Cabarrus County, North Carolina",37025041506,22.397047397047398,16.53069153069153,0.6021756021756022,26.670551670551674,67.26884226884226,3.632478632478633,1.825951825951826,74.46197991391679,98.20212476164532,54.753473168074095,11.1358574610245,90.53084648493544,7.609511889862327,96.757502587099,93.69846878680801,5.2983825989960955,94.7016174010039,94.58186101295641,2.7679623085983507
2021,"Census Tract 415.07, Cabarrus County, North Carolina",37025041507,27.691882937603534,11.430149088901159,8.779679734953065,0.4969630038652678,87.27222528989509,2.7609055770292654,0.6902263942573164,72.03204661325564,90.80017115960634,39.751818570817285,3.0786773090079818,96.5768390386016,5.307369224894998,95.42764927380311,85.51604509973981,16.206395348837212,83.7936046511628,90.02601908065915,0.8673026886383347
2021,"Census Tract 416.02, Cabarrus County, North Carolina",37025041602,25.422846734322146,18.0327868852459,8.48295602393963,1.249024199843872,72.36533957845434,15.846994535519126,2.0556856622430395,64.35045317220543,84.58618071374335,23.500379650721335,20.66365007541478,90.18126888217523,7.117934403349616,88.96142433234422,57.93357933579336,5.1120448179271705,94.88795518207283,81.91881918819189,2.5830258302583027
2021,"Census Tract 416.03, Cabarrus County, North Carolina",37025041603,23.128193734725617,10.064430126638525,2.6438569206842923,4.598978004887803,76.33859142412797,12.974894467896023,3.44367918240391,86.13554061045008,96.33300297324084,34.886025768087215,22.401171303074673,90.37765131919296,5.23121387283237,98.36272040302268,83.16361167684997,6.058673469387755,93.94132653061224,83.29938900203666,4.005431093007468
2021,"Census Tract 416.04, Cabarrus County, North Carolina",37025041604,21.84852374839538,15.121951219512194,0.0,2.1566110397946083,97.43260590500643,0.025673940949935817,0.38510911424903727,73.28733366190241,95.60073937153419,29.390018484288355,30.4,86.5943814687038,5.683311432325887,98.74551971326166,83.90461997019374,14.249201277955272,85.75079872204473,92.47391952309985,0.0
2021,"Census Tract 417.01, Cabarrus County, North Carolina",37025041701,18.870843000773398,19.927816447538024,2.3975251353441607,11.729827275070894,82.21191028615623,3.660737303428719,0.0,71.19021134593993,87.28448275862068,19.899425287356323,7.295373665480427,89.59955506117909,8.007626310772164,96.68972332015811,70.04405286343612,17.504542701393095,82.4954572986069,83.18649045521292,3.9647577092511015
2021,"Census Tract 417.02, Cabarrus County, North Carolina",37025041702,23.152979950563033,9.997253501785224,3.6528426256522932,1.1535292502059873,86.0477890689371,7.552870090634441,1.5929689645701732,74.51923076923077,91.98943661971832,17.121478873239436,4.460431654676259,87.5,3.5025017869907074,91.43140168400198,72.56214149139579,20.03058103975535,79.96941896024465,75.52581261950286,1.8164435946462716
2021,"Census Tract 419.01, Cabarrus County, North Carolina",37025041901,34.229828850855746,10.129235068110374,0.0,23.506811037373385,29.060426126440795,33.63604610548376,13.79671673070206,55.499580184718724,67.11685261303582,5.343511450381679,0.0,86.64987405541562,18.693574083908658,90.11627906976744,45.539280958721704,16.369710467706014,83.63028953229399,65.24633821571238,5.459387483355526
2021,"Census Tract 419.02, Cabarrus County, North Carolina",37025041902,22.261174408413673,15.425065731814197,0.2044989775051125,21.910604732690622,48.34940111013731,27.89950335962606,1.6359918200409,66.42003414911781,83.43736995422388,33.25010403662089,0.0,74.61582242458736,3.362296939931998,93.19556451612904,54.93741307371349,21.07574094401756,78.92425905598243,37.96940194714882,11.543810848400557
2021,"Census Tract 420, Cabarrus County, North Carolina",37025042000,25.74194572290113,11.014124742104428,2.110776067290906,10.99825424535788,57.87970163466116,24.297730518965245,4.713537533724805,47.58324382384533,78.28963489340848,19.627542269051705,0.5483207676490748,77.51521661296097,6.197905535370805,94.92888064316635,60.69036579082947,14.455707360070516,85.54429263992948,71.87017001545595,1.9577537351880476
2021,"Census Tract 421.01, Cabarrus County, North Carolina",37025042101,26.629422718808193,9.550412343708434,0.0,49.002394253790904,8.85873902633679,39.185953711093376,2.9529130087789306,66.12903225806451,72.02686685104702,13.235875148162782,8.538587848932677,77.25806451612904,2.755620014503263,94.38596491228071,39.88312636961285,25.150355385456535,74.84964461454346,47.47991234477721,7.742878013148284
2021,"Census Tract 421.02, Cabarrus County, North Carolina",37025042102,26.541554959785525,16.743845966366074,0.0,15.64708749695345,70.58250060931026,12.673653424323666,1.096758469412625,56.451612903225815,81.16691285081241,27.326440177252586,11.366245694603903,86.29032258064517,8.062375580623755,95.77677224736048,77.71124417831004,13.719862227324914,86.28013777267508,78.57618097139056,4.590818363273453
2021,"Census Tract 422.01, Cabarrus County, North Carolina",37025042201,28.168546781685468,11.479761114797611,0.0,31.15461181154612,66.55607166556071,2.289316522893165,0.0,60.896986685353895,97.28506787330316,25.590749120160883,9.939148073022313,83.3917309039944,5.544840887174542,82.86549707602339,79.16666666666666,11.390416339355852,88.60958366064415,56.38297872340425,10.638297872340425
2021,"Census Tract 422.02, Cabarrus County, North Carolina",37025042202,19.40706955530217,17.605473204104904,0.0,16.71607753705815,77.76510832383124,3.5803876852907637,1.9384264538198404,70.13221153846155,87.02686202686203,47.16117216117216,11.69811320754717,90.02403846153845,7.951329937747595,95.58011049723757,91.25159642401022,7.9905992949471205,92.00940070505288,85.69604086845466,0.8939974457215836
2021,"Census Tract 423, Cabarrus County, North Carolina",37025042300,14.292565947242206,23.54916067146283,0.0,27.865707434052755,54.86810551558753,13.069544364508392,4.1966426858513195,55.7150179395182,86.85927306616962,20.938179558869212,8.076009501187649,80.83034341363403,9.121432568550643,97.5886524822695,68.72362869198312,23.238866396761136,76.76113360323886,52.21518987341772,10.126582278481013
2021,"Census Tract 424.01, Cabarrus County, North Carolina",37025042401,20.706371191135734,17.47460757156048,0.0,8.240997229916898,83.84118190212374,5.355493998153278,2.5623268698060944,49.60955443270556,95.65643370346179,28.6740692357936,7.6604554865424435,86.44924207625172,8.277274056741737,95.81260364842454,84.98999332888593,9.96996996996997,90.03003003003003,79.11941294196131,3.7358238825883925
2021,"Census Tract 424.02, Cabarrus County, North Carolina",37025042402,29.657972825238172,7.512103701389973,0.06247071685147587,33.87474621271279,28.517882242698732,33.15633296892082,4.38856785881618,57.82024062278839,83.73333333333333,21.748148148148147,1.687116564417178,82.37791932059449,5.661634103019538,92.98621745788668,65.4553817847286,21.260412893879028,78.73958710612096,30.956761729530818,13.29346826126955
2021,"Census Tract 425.01, Cabarrus County, North Carolina",37025042501,21.94863086393547,11.88707280832095,7.004882190617703,10.316281044364253,71.04648694544683,7.981320314158352,3.651029505412864,60.2224123182207,88.96409652736904,46.52736904061213,17.6878612716763,79.68349016253208,6.706816315357241,95.40559942569993,88.24615384615385,13.28708644610459,86.7129135538954,81.84615384615384,0.8
2021,"Census Tract 425.02, Cabarrus County, North Carolina",37025042502,15.46644844517185,18.78068739770867,0.20458265139116205,20.499181669394435,65.26186579378069,11.7430441898527,2.2913256955810146,54.821150855365474,87.42921857304643,28.935447338618346,0.0,80.87091757387248,7.599225556631171,96.11520428667113,66.27659574468086,24.497991967871485,75.50200803212851,61.06382978723405,6.595744680851063
2021,"Census Tract 425.03, Cabarrus County, North Carolina",37025042503,22.639384268819224,21.419185282522996,7.47137225455228,8.109630185845692,76.06532757649708,3.9609536324385206,4.392716350666416,53.858990404672504,93.60718870346598,43.49165596919127,18.15028901734104,87.73466833541927,6.284882310118903,97.96573875802997,89.9662325132658,16.038882138517618,83.96111786148238,72.7930535455861,2.0742884708152434
2021,"Census Tract 425.04, Cabarrus County, North Carolina",37025042504,19.52264381884945,12.30110159118727,0.795593635250918,17.564259485924115,65.60587515299878,9.4859241126071,6.548347613219094,62.9757785467128,95.6734693877551,50.36734693877551,3.8596491228070176,92.50288350634371,6.61596958174905,95.82027168234065,77.77777777777779,5.923344947735192,94.07665505226481,83.14814814814815,1.1111111111111112
2021,"Census Tract 426.01, Cabarrus County, North Carolina",37025042601,25.78125,17.310049019607842,0.12254901960784313,11.642156862745098,76.13357843137256,10.615808823529411,1.485906862745098,56.44080416976918,96.73611111111111,51.55092592592593,21.026894865525673,95.23454951600894,5.964912280701754,94.61584996975196,85.16129032258064,4.657293497363796,95.3427065026362,83.77880184331798,4.193548387096775
2021,"Census Tract 426.02, Cabarrus County, North Carolina",37025042602,27.641890287342676,6.245547375920209,3.9895511754927573,18.237948230824035,48.064592733317504,23.03490857278556,6.672999287580147,73.54238118569329,96.05263157894737,36.69590643274854,3.9460020768431985,89.36795688388045,8.795536593370528,97.74205893608878,85.27080581241744,15.039281705948374,84.96071829405163,68.69220607661823,0.0
2021,"Census Tract 426.03, Cabarrus County, North Carolina",37025042603,20.540767134772583,13.099979040033535,4.412072940683295,22.867323412282538,64.68245650806959,7.115908614546217,0.9222385244183608,61.71198388721047,92.97289111010147,40.951082841132816,7.245337159253945,89.04330312185297,7.9266684252176205,98.33746020516449,82.51808972503618,5.858310626702997,94.141689373297,70.79594790159189,0.8972503617945007
2021,"Census Tract 426.04, Cabarrus County, North Carolina",37025042604,25.31243800833168,13.231501686173377,1.0315413608411028,14.501091053362428,73.83455663558817,4.542749454473319,6.0900614957349735,57.67315527387959,91.58964879852127,32.93284041897721,7.588075880758807,90.4028972385695,8.154050464807437,94.11317888340295,78.50098619329388,8.867585380467345,91.13241461953265,81.32807363576595,0.5259697567389875
2021,"Census Tract 101.01, Catawba County, North Carolina",37035010101,18.824517212426535,25.306465155331654,2.6364399664147777,9.538203190596137,83.81192275398824,0.0,4.01343408900084,56.60919540229885,85.84264738110892,23.756300679377603,20.49335863377609,83.41543513957306,8.357467935457178,93.84133611691024,72.49357326478149,14.317180616740089,85.68281938325991,89.80291345329906,0.0
2021,"Census Tract 101.02, Catawba County, North Carolina",37035010102,25.963488843813387,18.571106603560963,10.818120351588911,5.025918413342349,75.65922920892496,6.648636466080685,1.8480955600631055,33.63318340829585,92.52006420545746,34.67094703049759,18.417945690672962,88.40579710144928,8.259676927765925,97.0216606498195,73.13757476889614,4.616182572614108,95.38381742738589,77.59651984774334,4.9483414899401845
2021,"Census Tract 102.01, Catawba County, North Carolina",37035010201,26.239542950418283,15.935523362579065,12.52805549887778,0.652927973882881,79.65721281371148,6.10079575596817,1.0610079575596816,56.18357487922705,84.72693613082382,14.285714285714285,0.0,90.19323671497584,10.552763819095476,92.85404937202252,80.33077377436503,11.822916666666666,88.17708333333333,77.20023626698169,0.8269344359125812
2021,"Census Tract 102.03, Catawba County, North Carolina",37035010203,23.66581956797967,22.80813214739517,11.054637865311308,3.2719186785260486,69.8856416772554,12.420584498094028,3.3672172808132146,30.234315948601665,72.98211696471726,9.666505558240695,5.735294117647059,93.27286470143613,5.118601747815231,88.2727852135118,68.45906902086676,6.806282722513089,93.19371727748691,74.15730337078652,10.674157303370785
2021,"Census Tract 102.04, Catawba County, North Carolina",37035010204,24.580335731414866,14.64828137490008,7.314148681055157,1.6986410871302957,61.111111111111114,24.320543565147883,5.555555555555555,38.448201127004765,78.22455923291061,12.217754407670894,5.646036916395222,93.67143476376246,6.359300476947535,91.82269774551013,68.4346035015448,3.286852589641434,96.71314741035857,57.723995880535526,2.368692070030896
2021,"Census Tract 103.01, Catawba County, North Carolina",37035010301,22.457879088206145,14.331020812685827,5.4112983151635285,1.1892963330029733,75.04459861248762,15.758176412289396,2.596630327056492,51.801185590515274,82.38220661398888,26.543751829089846,9.44963655244029,86.63930688554493,5.98159509202454,94.9402390438247,69.1866527632951,4.3868394815553335,95.61316051844466,83.10740354535974,5.109489051094891
2021,"Census Tract 103.02, Catawba County, North Carolina",37035010302,19.65605914496946,14.352298296367728,7.569913211186114,7.553841208614593,81.14754098360656,3.262616522018644,0.46608807457409196,35.684489950701554,93.8158819395643,56.008432888264224,27.54285714285714,93.32574895714826,8.141628325665133,92.66709928617782,82.13879408418657,6.323268206039076,93.67673179396093,72.99962078119074,4.929844520288206
2021,"Census Tract 103.03, Catawba County, North Carolina",37035010303,19.72216375499895,19.764260155756684,3.030940854556935,2.5889286466007158,76.0892443696064,13.870764049673753,4.420122079562198,34.882691456396635,85.53025763930498,16.057519472738164,13.237221494102227,88.93315626383355,4.0901940220241215,92.30470268169452,78.34997372569626,6.440511307767944,93.55948869223205,76.4582238570678,7.566999474513926
2021,"Census Tract 103.04, Catawba County, North Carolina",37035010304,25.98910210850509,11.679696754323619,2.155887230514096,2.771855010660981,55.34233593935086,38.59275053304904,1.1371712864250179,30.337078651685395,80.37664783427495,17.551789077212806,2.384500745156483,75.1123595505618,9.314980793854033,86.37184115523465,62.31023102310231,6.133828996282528,93.86617100371747,62.97029702970297,11.023102310231023
2021,"Census Tract 104.02, Catawba County, North Carolina",37035010402,13.448660714285715,13.448660714285715,1.0788690476190477,14.862351190476192,55.282738095238095,21.205357142857142,7.570684523809524,25.157232704402517,85.90826795413398,21.6053108026554,0.6514657980456027,73.58490566037736,4.943047496238986,95.99697885196375,63.38851022395326,11.921097770154374,88.07890222984562,29.941577409931842,10.077896786757547
2021,"Census Tract 104.03, Catawba County, North Carolina",37035010403,18.20580474934037,18.489953318449363,10.472904404302822,7.874974629592043,62.41120357215344,15.8311345646438,3.4097828293078956,39.243131156039404,85.94390167034352,28.364323983611722,9.653092006033184,84.7071021254536,5.4342431761786605,89.18005071851226,57.09849157054126,9.002825999192572,90.99717400080742,46.3620230700976,12.51109139307897
2021,"Census Tract 104.04, Catawba County, North Carolina",37035010404,13.151041666666666,20.26909722222222,0.0,25.0,68.96701388888889,2.083333333333333,3.9496527777777777,45.05208333333333,94.42658092175778,35.852090032154344,0.0,95.22569444444444,9.095452273863067,97.1473851030111,81.12701252236137,6.599832915622389,93.4001670843776,51.967799642218246,0.0
2021,"Census Tract 105.01, Catawba County, North Carolina",37035010501,19.051362683438157,24.056603773584907,1.2840670859538783,18.5272536687631,74.18763102725366,3.642557651991614,2.358490566037736,29.232505643340858,96.00282985496993,49.66395472232048,7.746478873239436,78.6117381489842,8.934930398187117,96.44444444444444,81.81818181818183,20.1281366791244,79.8718633208756,65.84224598930481,2.5401069518716577
2021,"Census Tract 105.02, Catawba County, North Carolina",37035010502,23.29002206423143,18.36234371169404,3.4812454032851186,0.6619269428781563,88.35498896788428,3.603824466781074,3.8980142191713654,37.902264600715135,97.54512635379061,62.0216606498195,23.14674735249622,93.44457687723481,7.989773090444231,94.06280667320902,85.93333333333332,4.092071611253197,95.9079283887468,88.33333333333333,0.8666666666666666
2021,"Census Tract 106, Catawba County, North Carolina",37035010600,22.149992072300616,21.83288409703504,2.3307436182019976,13.080703979705088,71.6029808149675,6.944664658316156,6.040906928809259,44.97936726272352,88.13789975051031,33.06872306645498,8.523908523908524,76.78817056396149,9.258123850398528,92.64094955489614,72.52234745433346,16.106944897293772,83.89305510270623,52.85658764088612,2.9926156237854644
2021,"Census Tract 107, Catawba County, North Carolina",37035010700,25.394190871369293,11.20331950207469,5.850622406639004,13.402489626556017,44.73029045643154,24.522821576763484,11.493775933609959,44.296419650291426,78.82960413080895,6.081468732071142,19.3717277486911,68.44296419650291,5.89543937708565,95.6689868522815,54.440154440154444,9.75609756097561,90.2439024390244,33.97683397683397,11.293436293436294
2021,"Census Tract 109, Catawba County, North Carolina",37035010900,26.058931860036832,20.165745856353592,5.003069367710252,56.0159607120933,25.32228360957643,11.387354205033763,2.271332105586249,20.59123343527013,80.42304230423042,10.666066606660667,0.15220700152207,80.1223241590214,8.13615608136156,78.94327894327894,47.06284153005464,11.487303506650544,88.51269649334945,51.9808743169399,19.12568306010929
2021,"Census Tract 110, Catawba County, North Carolina",37035011000,29.535700351150997,12.173234490831057,2.887241513850956,18.767069840031215,48.38080374561061,25.36090518923137,4.603979711275849,34.394904458598724,76.02827763496144,6.683804627249357,13.600000000000001,68.04670912951167,10.744264129826526,85.26135389888603,60.08676789587852,12.440645773979107,87.55935422602089,42.624728850325376,6.507592190889371
2021,"Census Tract 111.01, Catawba County, North Carolina",37035011101,19.012635909491628,20.628856890978547,7.228915662650602,7.375844842785777,75.58037026153393,6.935057302380253,2.879811930649427,51.92307692307693,88.6236478925774,14.696008951883627,7.832422586520947,91.08974358974359,8.117946851110302,90.80393290919608,66.22568093385213,9.697821503865073,90.30217849613493,73.92996108949417,0.933852140077821
2021,"Census Tract 111.02, Catawba County, North Carolina",37035011102,27.963449743397174,11.30304168231318,11.641006383777693,7.122293153085492,66.70421830016272,12.166729252722494,2.365752910251596,32.87713841368585,88.06678049705938,30.165054069436543,8.798424162836508,82.5194401244168,5.4908774978279755,97.02894870492635,77.23658051689861,11.960326721120186,88.03967327887982,61.49768058316766,2.948972829688535
2021,"Census Tract 112, Catawba County, North Carolina",37035011200,19.244316362471984,16.570605187319885,1.9692603266090298,7.572846621837977,71.14953570284982,11.815561959654179,7.492795389048991,40.38461538461539,91.52765583845478,20.06145741878841,0.0,91.82692307692307,4.976209357652657,94.49192782526116,69.22458818802733,4.047802621434079,95.95219737856591,72.59943752511049,6.588991562876657
2021,"Census Tract 113, Catawba County, North Carolina",37035011300,27.324981577008106,17.52394988946205,4.318349299926308,7.575534266764923,71.8201915991157,12.468680913780398,3.8172439204126754,37.476099426386234,83.91994478951,16.701173222912352,10.506706408345751,86.5774378585086,5.800040559724194,93.24737020699015,60.03028009084027,12.545514730221779,87.45448526977822,69.22785768357305,8.17562452687358
2021,"Census Tract 114.01, Catawba County, North Carolina",37035011401,19.257773319959878,13.891675025075227,6.394182547642929,15.546639919759278,65.42126379137412,3.6108324974924777,9.027081243731194,40.073698756333485,77.20511933586994,8.716707021791766,3.755868544600939,85.58268079226164,4.099378881987578,97.42470536883458,68.05180787911495,9.166666666666666,90.83333333333333,61.036157582298976,9.444144630329196
2021,"Census Tract 114.02, Catawba County, North Carolina",37035011402,22.40535668297708,22.250836981715167,2.214782384754056,1.0301313417460727,87.50965748132887,8.266804017512234,0.9786247746587691,52.26165622825331,77.46212121212122,16.363636363636363,2.9329608938547485,88.16979819067502,9.956853634251576,96.56019656019656,67.23796967699407,11.69965075669383,88.30034924330617,71.32498352010546,6.1964403427818056
2021,"Census Tract 115.01, Catawba County, North Carolina",37035011501,19.91313789359392,22.71444082519001,0.0,4.473398479913138,91.55266015200868,3.1487513572204127,0.8251900108577632,78.08591625883632,88.40664142149723,16.545295659772794,5.688622754491018,91.40837411636758,6.182212581344902,94.39890710382514,71.22022362664075,12.244027303754267,87.75597269624573,86.8254739912494,2.479338842975207
2021,"Census Tract 115.03, Catawba County, North Carolina",37035011503,16.702014846235418,17.444326617179215,0.0,0.8483563096500532,94.53870625662778,3.048780487804878,1.5641569459172853,71.8186783178591,88.38845883180858,34.72906403940887,17.463235294117645,87.71163298743856,6.810948440483769,99.55990220048899,82.55813953488372,19.13716814159292,80.86283185840708,86.52530779753762,0.0
2021,"Census Tract 115.05, Catawba County, North Carolina",37035011505,20.318272236430804,18.897414038079,0.0,2.557544757033248,94.85649332196647,2.585961921000284,0.0,69.50037285607755,90.57090239410681,39.52117863720074,13.961605584642234,97.83743475018642,6.597717546362339,90.63690800217746,76.03092783505154,17.4468085106383,82.5531914893617,76.86855670103093,4.31701030927835
2021,"Census Tract 115.06, Catawba County, North Carolina",37035011506,22.886786695148,23.34452242905096,0.0,0.0,89.04485810192249,10.55843759536161,0.3967043027158987,57.85244704163623,92.54817987152035,36.231263383297645,13.043478260869565,94.30241051862673,10.249307479224377,100.0,87.57961783439491,11.299435028248588,88.70056497175142,90.44585987261146,6.289808917197452
2021,"Census Tract 116.01, Catawba County, North Carolina",37035011601,24.354166666666664,14.000000000000002,1.5625,10.041666666666666,70.79166666666666,11.125,6.479166666666666,62.55874673629243,85.2191943127962,10.041469194312796,22.151898734177212,87.83289817232375,3.139630955659598,95.88014981273409,74.7074122236671,14.555555555555555,85.44444444444444,87.64629388816645,3.3810143042912877
2021,"Census Tract 116.02, Catawba County, North Carolina",37035011602,23.602219376867264,17.136150234741784,0.7469056764831412,0.5335040546308152,88.5403329065301,9.923175416133162,0.2560819462227913,56.30252100840336,83.22500773754255,14.484679665738161,23.12579415501906,94.60415745245466,11.564245810055866,96.53179190751445,66.75351745700885,11.52604887044721,88.47395112955279,82.17821782178217,2.86607608129234
2021,"Census Tract 117.01, Catawba County, North Carolina",37035011701,20.710059171597635,23.117731075290756,4.162415833503367,11.487451540501938,72.74025709038972,7.6923076923076925,3.9175678432972862,40.64894096439838,92.11964337072189,33.074489502444635,20.70921985815603,94.59215863001353,5.84148224395265,98.13614262560777,73.7696335078534,4.308617234468938,95.69138276553106,73.71727748691099,4.554973821989529
2021,"Census Tract 117.02, Catawba County, North Carolina",37035011702,21.524134312696745,17.130115424973766,3.9611752360965378,5.535152151101784,78.73819517313746,10.584994753410284,1.180482686253935,48.3845126835781,90.72908956328646,16.635825314581794,10.045662100456621,92.5233644859813,8.440581648002675,95.85826046939715,62.7648839556004,3.817534778388871,96.18246522161112,79.54927682475615,1.3118062563067607
2021,"Census Tract 118.01, Catawba County, North Carolina",37035011801,19.937260369466713,17.723945625653535,3.572673405367724,4.3917741373300805,90.71104914604392,0.7493900313698153,0.5751132798884628,46.36174636174636,88.87562664120316,19.264740988302698,1.9730010384215992,89.98613998613999,6.900304745319982,97.56020278833967,83.13465783664459,3.903266864658464,96.09673313534154,89.49227373068432,1.1479028697571745
2021,"Census Tract 118.02, Catawba County, North Carolina",37035011802,27.976995940460082,17.929634641407308,1.9282814614343706,9.404600811907985,83.32205683355886,4.076454668470906,1.2686062246278755,67.91237113402062,77.51329450493796,9.69865788807293,4.506437768240343,92.9553264604811,9.253170502583373,93.09462915601023,58.25022665457842,9.701187065083912,90.29881293491609,75.8839528558477,6.210335448776065
2021,"Census Tract 9501.01, Cleveland County, North Carolina",37045950101,24.557105163965325,13.88993592159819,2.1108179419525066,3.9389370523935168,90.93479080286468,1.9223520542781758,1.0931021485111194,84.24621804903495,78.8536449638286,11.463550361713967,20.391061452513966,88.05425143453313,5.670746939795154,95.24029574861368,37.316068275456146,24.455313472654513,75.54468652734549,75.45615067686875,12.889935256032961
2021,"Census Tract 9501.02, Cleveland County, North Carolina",37045950102,20.716009654062752,23.25020112630732,0.7240547063555913,3.580048270313757,91.1906677393403,2.333065164923572,2.1721641190667738,72.87581699346404,83.53457738748628,15.697036223929747,5.660377358490567,73.09368191721133,4.71841704718417,94.34146341463415,45.20686175580222,25.878833208676138,74.12116679132386,73.56205852674067,4.641775983854692
2021,"Census Tract 9502, Cleveland County, North Carolina",37045950200,18.3786078098472,23.00509337860781,0.8064516129032258,25.700339558573855,72.89898132427844,0.10611205432937182,0.48811544991511036,63.23787258912916,81.24823496187517,15.221688788477831,5.615942028985507,86.55756867329048,5.77223088923557,84.02843601895734,45.25993883792049,23.022598870056495,76.9774011299435,81.89602446483181,7.339449541284404
2021,"Census Tract 9503.01, Cleveland County, North Carolina",37045950301,21.262093227792437,17.612137203166228,3.342128408091469,19.569041336851363,67.50219876868954,5.167106420404574,4.419525065963061,61.81246726034573,90.19006744328632,22.562844880441446,6.700167504187604,83.70874803562074,7.288466908684725,91.23125851885506,59.61904761904761,18.35147744945568,81.64852255054433,76.44444444444444,2.4761904761904763
2021,"Census Tract 9503.02, Cleveland County, North Carolina",37045950302,18.298217179902757,16.07779578606159,0.5348460291734197,13.711507293354943,82.44732576985413,0.5672609400324149,2.739059967585089,66.61157024793388,90.49752416882811,15.491629332704552,4.3424317617866,86.47933884297521,5.713152152350724,96.69499527856469,71.62948593598448,14.226289517470883,85.77371048252913,76.47914645974781,0.5819592628516004
2021,"Census Tract 9504, Cleveland County, North Carolina",37045950400,26.699153629135676,20.389843549628107,2.2056937676327264,24.519107463452166,66.72223647088997,2.1031033598358553,4.449858938189279,53.49952061361457,83.26041468518166,17.519497812440555,3.233830845771144,86.1617130073506,8.939818054583624,96.23975120158327,62.24156692056583,4.502944232767579,95.49705576723242,77.83822996010156,7.50816104461371
2021,"Census Tract 9505, Cleveland County, North Carolina",37045950500,18.913301662707838,15.587885985748217,0.0,28.622327790973873,67.36935866983373,1.9596199524940616,2.048693586698337,74.78991596638656,83.85922330097088,14.279935275080907,0.0,88.8655462184874,7.28670816550714,85.36585365853658,54.057771664374144,13.090257023311416,86.90974297668859,44.29160935350757,8.528198074277855
2021,"Census Tract 9506.01, Cleveland County, North Carolina",37045950601,22.10728891027183,12.148183786384411,0.6013952369497233,11.354342073610777,71.97498195814289,12.701467404378159,3.3678133269184505,39.71291866028708,77.78904665314401,15.517241379310345,3.4993270524899054,82.05741626794259,5.276381909547738,90.32967032967034,65.39842067480258,13.959234095120445,86.04076590487956,75.01794687724336,2.0818377602297202
2021,"Census Tract 9506.03, Cleveland County, North Carolina",37045950603,17.03861140630535,17.109458023379386,0.0,6.340772228126107,91.07332624867162,0.991852639036486,1.5940488841657812,58.23615160349854,88.21042743071865,14.279004227336777,3.2352941176470593,83.23615160349854,12.766865926558497,100.0,56.6607460035524,2.4263431542461005,97.5736568457539,88.36589698046181,2.841918294849023
2021,"Census Tract 9506.04, Cleveland County, North Carolina",37045950604,33.46489991542148,15.590639977445727,0.6484352974344516,8.232308993515646,81.84381167183535,9.275444037214548,0.0,59.17387127761767,78.58780375974324,12.563044475011461,0.0,94.6205571565802,6.779661016949152,83.5820895522388,58.39160839160839,7.592891760904685,92.40710823909531,61.451048951048946,4.020979020979021
2021,"Census Tract 9507.01, Cleveland County, North Carolina",37045950701,17.90556334735858,19.68209443665264,2.0570359981299675,46.16643291257597,43.38475923328659,6.171107994389901,2.2206638616175787,34.361702127659576,82.99423018524142,23.62587306407531,0.0,98.56382978723404,8.029612756264237,86.4406779661017,55.81395348837209,12.557193695983731,87.44280630401627,70.2906976744186,3.3139534883720927
2021,"Census Tract 9507.02, Cleveland County, North Carolina",37045950702,24.471458773784356,21.035940803382662,0.8985200845665962,24.92071881606765,60.544397463002106,0.5285412262156448,13.107822410147993,18.83878937615812,96.97859840537139,27.528325639949642,0.21834061135371177,95.8616429894997,8.6074177746676,90.28571428571428,73.56532356532357,11.45945945945946,88.54054054054053,65.14041514041514,10.378510378510379
2021,"Census Tract 9508, Cleveland County, North Carolina",37045950800,18.895966029723994,20.759613116301015,0.0,21.372965322009907,74.19202642132578,3.326256192498231,1.1087520641660769,53.185745140388775,90.29900332225914,21.86046511627907,8.611599297012303,87.09503239740822,7.554904831625183,93.44743276283619,58.17099567099567,7.368421052631578,92.63157894736842,68.01948051948052,5.357142857142857
2021,"Census Tract 9509, Cleveland County, North Carolina",37045950900,29.833641404805917,20.44362292051756,0.0,77.26432532347505,21.70055452865065,0.33271719038817005,0.7024029574861368,46.683673469387756,87.78330569375345,9.618573797678277,0.0,79.59183673469387,18.651211801896732,91.61220043572985,39.682539682539684,21.49532710280374,78.50467289719626,39.285714285714285,27.53968253968254
2021,"Census Tract 9510, Cleveland County, North Carolina",37045951000,27.923693668786285,19.380702239424938,0.0,26.679568703345314,64.08625933093724,0.41470832181365774,8.819463643903788,38.387573964497044,91.6771225428691,30.28021748222501,5.291005291005291,77.14497041420118,10.16494054468738,97.86715417428398,69.18789808917197,23.92489400363416,76.07510599636585,63.69426751592356,11.863057324840764
2021,"Census Tract 9511, Cleveland County, North Carolina",37045951100,13.5678391959799,24.120603015075375,0.0,33.560660445082554,55.2045944005743,7.178750897343862,4.0559942569992815,41.26534466477809,79.23497267759562,22.768670309653917,0.0,88.2908404154863,9.8421926910299,96.29629629629629,55.15536723163842,22.91780076211214,77.08219923788786,42.16101694915254,11.511299435028247
2021,"Census Tract 9512, Cleveland County, North Carolina",37045951200,17.929659173313993,23.096446700507613,1.1783901377810007,20.17766497461929,67.62146482958666,6.61711385061639,4.405366207396664,39.44160440424695,88.9051094890511,18.54014598540146,35.3185595567867,88.39952811639795,13.806052573448198,93.69882520469918,57.416829745596864,13.124787487249234,86.87521251275076,55.69471624266144,8.180039138943249
2021,"Census Tract 9513, Cleveland County, North Carolina",37045951300,18.31404958677686,23.537190082644628,1.322314049586777,7.1735537190082646,81.55371900826445,8.330578512396695,1.6198347107438016,51.057957681692734,95.77965348733896,31.852509995557533,0.0,88.31646734130635,7.567786321327398,94.94459833795014,74.68123861566485,14.949651432997676,85.05034856700232,88.16029143897997,2.3679417122040074
2021,"Census Tract 9514, Cleveland County, North Carolina",37045951400,23.797264682220433,19.050683829444893,0.0,20.03218020917136,73.69267900241351,2.831858407079646,3.4432823813354787,34.206958879349294,85.6102887648629,17.301625818975978,7.82608695652174,86.53411658382286,5.954391891891892,90.41498347410943,52.60009203865623,17.595752749336366,82.40424725066363,70.50161067648413,5.108145421076853
2021,"Census Tract 9515.01, Cleveland County, North Carolina",37045951501,21.974865350089768,10.610412926391383,1.4721723518850987,4.524236983842011,82.04667863554758,10.843806104129264,1.1131059245960502,55.5661729574773,92.8418038654259,34.824624194702935,5.0,83.5642618251314,6.895756457564575,93.125,62.29615133724723,13.193657984144961,86.80634201585504,76.51663405088063,5.740378343118069
2021,"Census Tract 9515.02, Cleveland County, North Carolina",37045951502,23.28042328042328,18.89644746787604,0.0,4.610733182161754,90.02267573696146,2.7966742252456536,2.5699168556311416,60.61538461538461,91.96035242290749,23.237885462555067,7.565789473684211,84.46153846153847,6.305418719211822,98.94578313253012,25.732217573221757,17.157712305025996,82.842287694974,68.6192468619247,6.694560669456067
2021,"Census Tract 9515.03, Cleveland County, North Carolina",37045951503,30.56972789115646,16.666666666666664,0.2976190476190476,10.50170068027211,82.0578231292517,3.52891156462585,3.6139455782312924,61.45952109464082,88.56164383561645,29.794520547945208,0.0,90.99201824401368,11.696264543784446,95.85547290116897,63.68352788586251,17.096774193548388,82.9032258064516,77.95071335927368,11.024643320363165
2021,"Census Tract 9516.01, Cleveland County, North Carolina",37045951601,23.3996120271581,14.76721629485936,0.0,31.692531522793406,62.26964112512125,1.624636275460718,4.413191076624636,63.7299771167048,84.93295695130557,9.421312632321808,6.470588235294119,91.18993135011442,4.779993668882558,94.19551934826885,66.93198263386397,26.87830687830688,73.12169312169313,67.07670043415341,4.486251808972503
2021,"Census Tract 9516.02, Cleveland County, North Carolina",37045951602,23.30860867610699,17.015059563946956,0.0,13.980669813441224,82.3780624859519,2.3376039559451565,1.3036637446617216,33.59707851491175,87.50397456279809,12.019077901430842,3.4319526627218933,89.34875228241023,3.898007033997655,94.26229508196722,56.20223398001176,16.699314397649363,83.30068560235063,67.90123456790124,5.584950029394474
2021,"Census Tract 301.03, Gaston County, North Carolina",37071030103,26.68711656441718,22.3159509202454,0.0,0.0,98.6963190184049,0.0,1.303680981595092,62.16730038022814,91.85022026431719,20.26431718061674,24.675324675324674,95.62737642585552,8.786610878661087,98.57397504456328,76.61141804788214,19.076005961251862,80.92399403874813,88.02946593001842,6.077348066298343
2021,"Census Tract 301.04, Gaston County, North Carolina",37071030104,20.093896713615024,14.788732394366196,22.48826291079812,0.5164319248826291,74.50704225352112,2.488262910798122,0.0,78.46385542168674,92.21090473337328,57.279808268424205,26.366559485530544,87.04819277108435,9.753231492361927,95.89652096342552,83.69272237196765,20.726495726495727,79.27350427350427,89.8921832884097,4.0431266846361185
2021,"Census Tract 301.05, Gaston County, North Carolina",37071030105,20.23285084959094,12.460667086217747,1.6362492133417241,20.484581497797357,72.84455632473254,4.027690371302707,1.0069225928256766,77.21362229102166,90.96359743040685,32.50535331905782,3.8910505836575875,93.86996904024768,8.938547486033519,91.05691056910568,83.99296394019349,7.259380097879283,92.74061990212071,75.63764291996482,4.221635883905013
2021,"Census Tract 301.06, Gaston County, North Carolina",37071030106,5.750224618149147,20.125786163522015,0.0,12.668463611859837,87.33153638814017,0.0,0.0,84.08488063660478,98.0209545983702,26.891734575087312,71.62162162162163,86.47214854111405,1.8558951965065504,82.97055057618438,74.12008281573499,0.8213552361396305,99.17864476386036,89.02691511387164,1.8633540372670807
2021,"Census Tract 302.05, Gaston County, North Carolina",37071030205,26.67310944672626,16.960618506885723,1.425465088185552,4.807924619473303,83.37762744624305,3.165015704276395,7.223967141821697,72.63473053892216,89.63524738172626,12.748284579270495,8.005427408412483,87.06586826347305,7.3805601317957175,97.89189189189189,64.87025948103793,7.564575645756458,92.43542435424355,73.05389221556887,4.723885562208915
2021,"Census Tract 302.06, Gaston County, North Carolina",37071030206,30.707070707070706,8.404040404040405,0.9292929292929294,27.91919191919192,56.92929292929293,10.222222222222223,4.0,82.29813664596274,93.91979301423027,46.89521345407503,24.766355140186917,96.06625258799171,8.104956268221574,91.66666666666666,85.40410132689988,3.9397450753186556,96.06025492468135,98.79372738238843,0.0
2021,"Census Tract 302.07, Gaston County, North Carolina",37071030207,14.554455445544553,42.87128712871287,0.0,4.158415841584159,95.84158415841584,0.0,0.0,67.3076923076923,84.31122448979592,19.005102040816325,38.961038961038966,96.15384615384616,7.068366164542295,87.33031674208145,69.37354988399072,11.68032786885246,88.31967213114754,87.93503480278422,0.0
2021,"Census Tract 302.08, Gaston County, North Carolina",37071030208,11.570247933884298,25.123966942148762,0.0,3.6363636363636362,96.36363636363636,0.0,0.0,78.48837209302324,84.39425051334702,37.37166324435318,7.4074074074074066,80.23255813953489,6.728971962616822,92.62820512820514,88.63636363636364,7.172995780590717,92.82700421940928,97.27272727272728,6.363636363636363
2021,"Census Tract 302.09, Gaston County, North Carolina",37071030209,16.946308724832214,20.693512304250557,2.2930648769574944,2.2930648769574944,86.29753914988815,6.263982102908278,2.8523489932885906,81.75824175824175,90.96638655462185,12.605042016806722,7.100591715976331,96.15384615384616,4.186360567184335,96.71968190854871,79.97465145754119,7.285546415981199,92.7144535840188,86.56527249683144,2.788339670468948
2021,"Census Tract 303.01, Gaston County, North Carolina",37071030301,21.106719367588934,14.861660079051383,0.9090909090909091,1.8972332015810278,91.38339920948617,3.0039525691699605,2.806324110671937,61.519999999999996,80.67940552016985,9.925690021231423,23.98753894080997,83.44,6.963927855711423,97.21595184349134,62.63414634146341,7.155797101449275,92.84420289855072,72.8780487804878,3.902439024390244
2021,"Census Tract 303.02, Gaston County, North Carolina",37071030302,20.09446114212108,17.99055388578789,0.6440532417346501,7.685702018033491,77.80163160154572,10.390725633319022,3.4778875053671103,65.49295774647888,84.77661334804192,14.726971869829011,13.353115727002967,84.50704225352112,5.6958624395486295,93.14641744548287,58.30357142857143,8.868999186330349,91.13100081366964,68.39285714285714,3.660714285714286
2021,"Census Tract 304.01, Gaston County, North Carolina",37071030401,18.70387453874539,15.682656826568268,0.0,0.23062730627306272,95.9640221402214,1.1992619926199262,2.606088560885609,66.9396551724138,87.8048780487805,15.29080675422139,14.684287812041116,91.72413793103448,5.4751773049645385,98.3008702859511,64.02055968018276,5.146262188515709,94.8537378114843,89.66304968589377,3.540833809251856
2021,"Census Tract 304.03, Gaston County, North Carolina",37071030403,15.988125530110263,19.21119592875318,0.0,0.0,79.09245122985581,11.959287531806616,8.948261238337574,78.14207650273224,68.42703009653606,12.43611584327087,16.344086021505376,78.0327868852459,4.543160020191822,92.46031746031747,75.31969309462916,6.235011990407674,93.76498800959233,80.81841432225065,6.138107416879795
2021,"Census Tract 304.04, Gaston County, North Carolina",37071030404,20.82953509571559,11.62260711030082,1.2306289881494985,11.440291704649043,80.94804010938924,4.466727438468551,1.9143117593436645,69.63761018609208,90.14778325123153,13.36206896551724,16.056338028169016,86.97355533790402,5.58434081750144,100.0,79.56521739130434,15.956151035322778,84.04384896467722,86.81159420289855,0.0
2021,"Census Tract 305.01, Gaston County, North Carolina",37071030501,28.122717311906502,13.988312636961286,0.0,4.382761139517896,85.8290723155588,9.788166544923302,0.0,80.999180999181,92.1115065243179,11.150652431791222,6.510416666666667,94.02129402129403,7.825203252032519,97.21577726218096,65.38461538461539,7.0506454816285995,92.9493545183714,75.1068376068376,2.564102564102564
2021,"Census Tract 305.03, Gaston County, North Carolina",37071030503,13.239573229873908,15.033947623666343,0.8729388942774006,1.066925315227934,89.5247332686712,0.4364694471387003,8.098933074684773,53.691275167785236,81.60434258142341,5.48854041013269,3.535353535353535,90.93959731543623,5.254332029066518,95.96879063719116,87.24373576309794,21.255605381165918,78.74439461883408,85.53530751708428,0.0
2021,"Census Tract 305.04, Gaston County, North Carolina",37071030504,17.548746518105848,14.69359331476323,0.0,1.8105849582172702,91.57381615598887,6.615598885793872,0.0,59.83935742971887,92.66409266409266,21.235521235521233,4.285714285714286,85.40829986613119,1.3513513513513513,94.11057692307693,63.10679611650486,16.711590296495956,83.28840970350404,84.78964401294499,6.957928802588997
2021,"Census Tract 306.01, Gaston County, North Carolina",37071030601,24.200518582541054,21.477960242005185,0.0,3.457216940363008,93.3448573898012,2.0743301642178045,1.1235955056179776,61.411764705882355,91.38443256090315,18.062982768865123,3.015075376884422,93.52941176470588,8.437856328392247,97.3404255319149,65.36430834213304,16.710642040457344,83.28935795954266,70.43294614572334,3.062302006335797
2021,"Census Tract 306.02, Gaston County, North Carolina",37071030602,18.74021909233177,19.757433489827854,0.5868544600938966,4.968701095461659,89.74960876369326,3.403755868544601,1.2910798122065728,44.50171821305842,81.74418604651163,23.662790697674417,13.588850174216027,78.78006872852234,2.5517573423206548,95.67486950037286,46.574074074074076,9.014321819713563,90.98567818028643,79.44444444444444,5.0
2021,"Census Tract 307, Gaston County, North Carolina",37071030700,27.003531649008423,16.21841890790546,0.0,6.519967400162999,87.28606356968214,4.2379788101059495,1.9559902200488997,69.6551724137931,90.77057030909882,27.16586852416195,9.617486338797814,95.58620689655173,6.587272050614068,97.43589743589743,67.5812274368231,4.218533886583679,95.78146611341633,61.15523465703971,3.4657039711191335
2021,"Census Tract 308.01, Gaston County, North Carolina",37071030801,16.00901916572717,18.5456595264938,0.0,2.593010146561443,94.08117249154454,0.7891770011273956,2.5366403607666292,65.90163934426229,86.26842513576416,13.110938712179983,11.574074074074074,82.95081967213115,5.487804878048781,91.8956043956044,67.12962962962963,11.716621253405995,88.28337874659401,90.58641975308642,5.401234567901234
2021,"Census Tract 308.02, Gaston County, North Carolina",37071030802,16.995642143040246,14.124583440143553,0.0,11.484234811586774,81.97897974878236,6.408613176108691,0.12817226352217378,54.74683544303798,78.6661309762957,10.285255122539173,19.195046439628484,89.6097046413502,7.8443483631871525,95.73643410852713,49.50859950859951,12.941176470588237,87.05882352941177,47.11302211302211,7.555282555282555
2021,"Census Tract 309.01, Gaston County, North Carolina",37071030901,20.70744288872513,20.78113485630066,0.8843036109064112,11.422254974207812,69.97052321296978,12.196020633750921,5.52689756816507,61.612426035502956,87.19332679097154,18.351324828263003,1.25,90.53254437869822,7.6208178438661704,96.20338983050848,75.21150592216583,6.041335453100159,93.95866454689984,61.50592216582065,7.2758037225042305
2021,"Census Tract 309.02, Gaston County, North Carolina",37071030902,29.86933442221315,13.495304205798286,0.6533278889342589,41.588403429971414,30.808493262556148,24.663127807268275,2.286647611269906,56.80840898232202,85.34453781512606,13.176470588235295,16.16499442586399,93.45437171524128,7.511045655375552,92.20665499124343,63.30097087378641,6.25,93.75,64.78964401294498,6.34304207119741
2021,"Census Tract 310.01, Gaston County, North Carolina",37071031001,22.265625,17.447916666666664,10.872395833333332,6.15234375,60.774739583333336,14.615885416666666,7.584635416666667,60.24340770791075,73.342939481268,12.632084534101825,6.271186440677965,82.45436105476674,3.2663316582914574,94.5273631840796,57.466442953020135,6.436420722135009,93.56357927786499,71.56040268456377,14.597315436241612
2021,"Census Tract 310.04, Gaston County, North Carolina",37071031004,23.305785123966942,18.87603305785124,0.0,18.41322314049587,72.69421487603306,1.4545454545454546,7.43801652892562,69.8023176550784,89.38496583143508,21.73120728929385,0.0,91.68370824812543,4.698275862068965,95.68167797655768,68.23184152604549,5.870165745856354,94.12983425414365,57.226705796038146,2.27439471753485
2021,"Census Tract 310.05, Gaston County, North Carolina",37071031005,17.43393009377664,16.58141517476556,0.8098891730605285,6.564364876385337,86.74339300937767,1.1508951406649617,4.731457800511509,76.99530516431925,86.71444321940463,22.712238147739804,7.18954248366013,94.55399061032864,6.143520908621579,93.72197309417041,78.3109404990403,3.429101019462465,96.57089898053754,90.69097888675624,2.6871401151631478
2021,"Census Tract 310.06, Gaston County, North Carolina",37071031006,18.7711006076975,26.806212018906145,0.0,18.163403106009454,80.0810263335584,1.7555705604321403,0.0,74.06143344709898,90.4639175257732,32.7319587628866,44.06779661016949,100.0,13.216957605985039,89.29088277858177,69.92125984251969,7.027818448023426,92.97218155197658,76.06299212598425,0.9448818897637795
2021,"Census Tract 311.01, Gaston County, North Carolina",37071031101,21.380323054331864,8.869309838472834,2.8487518355359764,19.882525697503674,64.72834067547724,6.549192364170338,5.991189427312775,64.62068965517241,82.55506607929516,21.27753303964758,2.676864244741874,86.75862068965517,10.38475905864774,94.83767961681747,73.7556561085973,0.0,100.0,62.29260935143288,1.282051282051282
2021,"Census Tract 311.02, Gaston County, North Carolina",37071031102,16.196868008948545,13.825503355704699,0.0,22.550335570469798,68.90380313199105,3.5794183445190155,4.966442953020135,72.2635494155154,89.68202465931213,15.83387410772226,3.9145907473309607,87.46014877789585,6.300053390282969,83.70313695485846,80.05865102639295,3.672316384180791,96.32768361581921,35.28836754643206,1.6617790811339197
2021,"Census Tract 312.02, Gaston County, North Carolina",37071031202,16.108704214257582,11.14612051988972,1.2997243009058685,11.539976368649075,76.68373375344623,9.610082709728239,0.866482867270579,52.38663484486874,92.31311706629054,23.1311706629055,20.33898305084746,89.85680190930788,5.189812590100913,81.11510791366906,63.8682252922423,4.369918699186992,95.630081300813,52.49734325185972,24.867162592986187
2021,"Census Tract 312.03, Gaston County, North Carolina",37071031203,21.09938922820655,8.772903942254304,9.161576901721267,2.2765130483064966,86.45197112715158,0.9439200444197668,1.1660188784008885,72.71815446339018,97.93735676088617,51.56608097784569,12.994350282485875,84.15245737211634,7.52990851513019,92.93172690763052,81.12244897959184,1.1349306431273645,98.86506935687264,65.9438775510204,6.25
2021,"Census Tract 312.04, Gaston County, North Carolina",37071031204,16.55629139072848,13.546056592414207,0.0,1.56532209512342,98.01324503311258,0.0,0.4214328717639976,58.96130346232179,85.97662771285476,6.76126878130217,16.727272727272727,89.61303462321793,5.266955266955267,100.0,59.103641456582636,16.49122807017544,83.50877192982456,54.34173669467787,4.621848739495799
2021,"Census Tract 313.01, Gaston County, North Carolina",37071031301,28.574605292417164,12.008005336891262,3.3133199911051814,22.570602623971535,54.52523904825439,15.210140093395596,4.380698243273294,49.797570850202426,88.39798850574712,16.954022988505745,10.06787330316742,91.85222672064778,7.062499999999999,93.10344827586206,75.10999371464487,6.191037735849057,93.80896226415094,63.293526084223764,1.1942174732872406
2021,"Census Tract 313.03, Gaston County, North Carolina",37071031303,26.416065911431513,12.1524201853759,0.0,20.339855818743562,55.3038105046344,22.090628218331616,2.265705458290422,39.97613365155131,77.6461880088823,12.36121391561806,0.0,81.26491646778044,8.537438768369489,92.75970619097586,53.32409972299169,0.0,100.0,33.65650969529086,6.232686980609419
2021,"Census Tract 313.04, Gaston County, North Carolina",37071031304,21.271306818181817,13.884943181818182,1.9176136363636365,15.447443181818182,70.4190340909091,8.664772727272728,3.5511363636363638,63.81039197812215,85.14056224899599,16.164658634538153,26.997840172786177,79.94530537830447,9.111411817771764,93.97240377632534,76.89795918367346,3.0854430379746836,96.91455696202532,75.42857142857143,1.6326530612244898
2021,"Census Tract 314.01, Gaston County, North Carolina",37071031401,29.089664613278575,13.860369609856264,1.4373716632443532,26.043805612594113,54.68856947296372,5.817932922655715,12.012320328542096,53.72492836676218,75.88357588357589,18.347193347193347,0.8756567425569177,92.76504297994269,8.059845559845561,98.18941504178274,63.69426751592356,9.098428453267163,90.90157154673284,48.134667879890806,8.18926296633303
2021,"Census Tract 314.02, Gaston County, North Carolina",37071031402,18.757612667478686,23.304912708079577,0.08120178643930166,9.784815265935851,85.66788469346326,3.938286642306131,0.5278116118554608,51.62882527147088,85.51837630279758,14.865606143719145,14.749262536873156,90.62191510365251,10.844577711144428,91.69611307420494,77.96086508753862,2.5100401606425704,97.48995983935743,83.00720906282183,1.544799176107106
2021,"Census Tract 315, Gaston County, North Carolina",37071031500,32.04086371023915,12.32876712328767,0.0,36.916647318319015,40.44578592988159,22.59113071743673,0.046436034362665427,42.45224892174985,74.35592548553309,4.716607213634562,3.6363636363636362,70.97966728280961,6.286299965835326,95.37572254335261,52.07792207792208,5.8679706601467,94.13202933985329,29.415584415584416,24.09090909090909
2021,"Census Tract 316, Gaston County, North Carolina",37071031600,18.062137967351237,14.454976303317535,0.0,12.743549236440233,76.40863612427593,9.031068983675619,1.8167456556082147,39.07210732252655,80.39358600583091,9.365889212827987,4.97131931166348,84.79597540525432,4.338046272493573,95.52088575742324,57.088989441930615,8.362128541810643,91.63787145818935,56.18401206636501,5.957767722473605
2021,"Census Tract 317.03, Gaston County, North Carolina",37071031703,20.227201009782267,13.032502366677184,0.0,41.93751972230988,57.49447775323446,0.5680025244556642,0.0,53.258584442887184,81.33453561767358,15.779981965734896,12.195121951219512,84.30273300630694,6.5664556962025316,91.02333931777379,67.8539626001781,10.37509976057462,89.62490023942537,79.07390917186109,0.8014247551202136
2021,"Census Tract 317.04, Gaston County, North Carolina",37071031704,23.980815347721823,16.019184652278177,0.0,9.976019184652278,74.36450839328536,14.772182254196641,0.8872901678657074,52.765416401780044,81.78438661710037,9.76681311253802,15.16533637400228,92.18054672600127,9.274447949526813,85.41769649036085,64.1439205955335,3.183183183183183,96.81681681681683,73.69727047146401,1.8610421836228286
2021,"Census Tract 317.05, Gaston County, North Carolina",37071031705,17.37193763919822,13.084632516703786,0.0,4.844097995545657,75.11135857461025,18.3184855233853,1.7260579064587973,80.64971751412429,79.8202614379085,15.686274509803921,15.668202764976957,90.2542372881356,10.53704962610469,96.21212121212122,68.61861861861863,17.06102117061021,82.93897882938978,81.08108108108108,5.8558558558558556
2021,"Census Tract 317.06, Gaston County, North Carolina",37071031706,21.03205629397967,20.64112587959343,0.0,3.9093041438623923,89.2103205629398,1.016419077404222,5.863956215793588,76.35983263598327,85.99137931034483,18.53448275862069,0.0,96.44351464435147,9.405940594059405,89.56043956043956,78.73684210526316,17.82006920415225,82.17993079584775,80.63157894736842,5.473684210526316
2021,"Census Tract 318, Gaston County, North Carolina",37071031800,32.00824499411072,13.427561837455832,0.0,53.916372202591276,24.646643109540637,19.081272084805654,2.3557126030624262,47.1169686985173,80.47928107838243,8.73689465801298,5.507955936352509,85.83196046128501,4.76396708531832,91.28843338213763,62.96296296296296,20.64010450685826,79.35989549314174,59.34156378600824,8.724279835390947
2021,"Census Tract 319.01, Gaston County, North Carolina",37071031901,31.50887573964497,4.881656804733728,0.0,66.5680473372781,21.745562130177515,9.763313609467456,1.9230769230769231,25.09505703422053,88.23529411764706,15.294117647058824,0.0,46.38783269961977,6.479481641468683,86.43617021276596,63.70967741935484,13.588850174216027,86.41114982578398,15.32258064516129,2.82258064516129
2021,"Census Tract 319.02, Gaston County, North Carolina",37071031902,17.726657645466847,21.515561569688767,0.0,72.39512855209743,14.546684709066307,3.0446549391069015,10.013531799729364,60.6951871657754,68.448098663926,8.83864337101747,4.659498207885305,72.99465240641712,8.223684210526317,61.211129296235676,35.70451436388509,34.556848701880035,65.44315129811996,40.902872777017784,29.2749658002736
2021,"Census Tract 320, Gaston County, North Carolina",37071032000,21.15579587698547,8.144643460628592,0.0,47.8877999324096,40.55424129773572,7.739101047651234,3.8188577222034468,35.33447684391081,75.13101476893759,7.765602667937113,6.684491978609626,83.61921097770154,4.672096013716246,95.97474348855565,54.70643056849953,11.977030352748153,88.02296964725184,34.66915191053122,11.742777260018638
2021,"Census Tract 321, Gaston County, North Carolina",37071032100,24.831739284449167,17.605384342897626,0.0,34.891958908962096,39.46156571023734,20.297555791710945,5.348919589089621,44.09578860445912,84.23772609819122,12.093023255813954,6.91699604743083,79.6036333608588,7.304429783223375,94.51637471439452,54.711802378774024,18.065967016491754,81.93403298350825,20.67703568161025,15.55352241537054
2021,"Census Tract 322.01, Gaston County, North Carolina",37071032201,14.268680445151032,23.569157392686805,0.0,7.233704292527822,79.41176470588235,11.00953895071542,2.3449920508744038,50.38699690402477,93.43312409464028,44.22984065668759,28.71287128712871,93.18885448916409,8.805620608899298,95.374912403644,67.56756756756756,9.75609756097561,90.2439024390244,59.382239382239376,2.3166023166023164
2021,"Census Tract 322.02, Gaston County, North Carolina",37071032202,22.767419038272816,10.942100098135427,4.36702649656526,3.434739941118744,82.43375858684985,3.9744847890088324,5.789990186457311,47.96594134342479,92.52912954078135,20.424948594928033,13.622291021671826,88.83632923368022,5.336721728081321,94.21487603305785,72.42178447276942,13.004032258064516,86.99596774193549,59.67555040556199,1.738122827346466
2021,"Census Tract 323.01, Gaston County, North Carolina",37071032301,14.74269819193324,10.486787204450627,3.004172461752434,14.464534075104313,74.1307371349096,1.3908205841446455,7.009735744089013,63.97877984084881,91.3286192780052,34.387793077781915,13.65979381443299,88.80636604774536,8.31973898858075,96.55458696554588,78.58572381587724,2.9145077720207255,97.08549222797927,46.76450967311541,1.0006671114076051
2021,"Census Tract 323.02, Gaston County, North Carolina",37071032302,25.88272383354351,22.509457755359392,4.287515762925599,15.510718789407314,70.36569987389659,3.8461538461538463,5.989911727616646,52.16216216216216,83.20294523699954,25.954901058444545,8.754863813229571,93.6036036036036,6.42279880901744,98.87724550898204,65.53846153846153,5.247813411078718,94.75218658892129,59.692307692307686,11.846153846153847
2021,"Census Tract 324.03, Gaston County, North Carolina",37071032403,20.49030369557263,18.551042810098792,0.7683863885839737,0.3658982802780827,94.51152579582876,3.256494694474936,1.0976948408342482,67.36938588450963,94.65104431991848,33.82577687213449,23.544973544973544,100.0,8.513575701794753,85.2959898154042,72.52525252525253,13.461538461538462,86.53846153846155,73.63636363636363,3.535353535353535
2021,"Census Tract 324.04, Gaston County, North Carolina",37071032404,30.245535714285715,10.714285714285714,0.8370535714285714,7.8125,82.11495535714286,5.245535714285714,3.9899553571428568,66.56091370558376,93.81999170468686,60.804645375362924,20.92746730083234,89.9746192893401,14.04,99.50110864745011,83.03072625698324,1.6483516483516485,98.35164835164835,73.74301675977654,3.9804469273743015
2021,"Census Tract 324.05, Gaston County, North Carolina",37071032405,25.288493241015498,16.782063963072865,4.780745136828223,4.978569073524563,85.78964721397956,0.5605011539729641,3.8905374216946917,71.22302158273382,99.42748091603053,41.88931297709924,20.926243567753,95.44364508393285,10.458958517210945,94.73354231974922,90.14084507042254,9.052092228864218,90.94790777113579,94.08450704225352,0.0
2021,"Census Tract 324.06, Gaston County, North Carolina",37071032406,29.557761732851983,10.830324909747292,9.657039711191336,1.083032490974729,88.40252707581227,0.0,0.8574007220216607,76.79083094555874,93.22651128914785,46.75892206846322,10.45016077170418,86.53295128939828,4.0358744394618835,99.74293059125964,82.58503401360544,11.870503597122301,88.12949640287769,94.96598639455782,0.0
2021,"Census Tract 325.05, Gaston County, North Carolina",37071032505,23.237527114967463,12.825379609544468,3.3622559652928414,38.42190889370933,40.103036876355745,9.219088937093275,8.893709327548807,55.17615176151761,91.57281553398057,26.291262135922327,0.0,91.65311653116531,10.420346167432003,93.28323156411462,92.84051222351572,4.342984409799555,95.65701559020044,38.766006984866124,5.762514551804424
2021,"Census Tract 325.06, Gaston County, North Carolina",37071032506,14.399771884801824,11.747932706016538,3.7068719703450244,28.42885657256915,52.751639577986886,12.83147989734816,2.281151981750784,70.95093356491533,84.1263494602159,25.78968412634946,7.188160676532769,88.31958315240989,7.894736842105263,96.20455453455853,68.96325459317585,8.906156604901375,91.09384339509863,33.00524934383202,2.1653543307086616
2021,"Census Tract 325.07, Gaston County, North Carolina",37071032507,24.757033248081843,15.268542199488492,3.2225063938618925,22.864450127877237,61.125319693094625,10.946291560102301,1.8414322250639386,57.05222059541239,94.76363636363637,31.89090909090909,9.162011173184357,90.3367496339678,10.63902107409925,99.47066607851787,75.22063815342838,4.1015625,95.8984375,89.74881194840462,0.0
2021,"Census Tract 325.08, Gaston County, North Carolina",37071032508,21.566358024691358,20.331790123456788,5.5169753086419755,19.868827160493826,72.56944444444444,1.2345679012345678,0.8101851851851851,66.00896860986548,97.38704409363092,40.065323897659226,25.23148148148148,85.56053811659193,7.181505164781112,95.93625498007968,80.73298429319372,14.655942806076855,85.34405719392315,91.09947643979058,1.3612565445026177
2021,"Census Tract 325.09, Gaston County, North Carolina",37071032509,33.02919708029197,11.824817518248175,2.0072992700729926,4.963503649635037,87.11678832116789,3.905109489051095,2.0072992700729926,65.1128914785142,95.6369982547993,49.796393251890635,18.35820895522388,97.23233794610341,9.155313351498638,98.68238557558946,89.13502109704642,2.368692070030896,97.6313079299691,90.18987341772153,0.42194092827004215
2021,"Census Tract 325.10, Gaston County, North Carolina",37071032510,24.74327628361858,16.5281173594132,2.444987775061125,2.689486552567237,88.60635696821517,1.6136919315403422,4.645476772616137,64.98194945848375,97.74236387782204,52.92164674634794,15.36144578313253,94.58483754512635,9.616634178037685,98.75,89.1566265060241,2.0070838252656436,97.99291617473436,99.51807228915662,1.3253012048192772
2021,"Census Tract 326, Gaston County, North Carolina",37071032600,25.628930817610062,19.07756813417191,1.4937106918238994,8.385744234800839,85.37735849056604,3.2232704402515724,1.519916142557652,56.37426900584796,97.05882352941177,40.947288006111535,22.926829268292686,88.53801169590643,9.16138125440451,98.41755997958141,82.52969951083159,14.973262032085561,85.02673796791443,77.49825296995108,3.494060097833683
2021,"Census Tract 327.02, Gaston County, North Carolina",37071032702,14.74275832252486,23.994811932555123,1.8158236057068744,21.833117163856464,67.5745784695201,3.9775183744055336,4.798962386511025,61.787819253438116,87.30415991356024,33.765532144786604,31.70731707317073,96.16895874263261,10.192697768762677,98.54202401372213,61.25226860254084,5.811965811965812,94.18803418803418,40.381125226860256,17.24137931034483
2021,"Census Tract 327.03, Gaston County, North Carolina",37071032703,24.947056332062687,12.367640830156713,0.5506141465480728,24.60821685726387,66.24311732316815,8.089792460821686,0.5082592121982211,51.053159478435305,83.91472868217055,18.992248062015506,20.507399577167018,88.26479438314945,6.941309255079006,90.26402640264027,66.80244399185335,10.80835603996367,89.19164396003633,49.79633401221996,6.415478615071284
2021,"Census Tract 327.04, Gaston County, North Carolina",37071032704,15.487421383647797,24.240041928721173,0.8123689727463311,26.860587002096437,61.818658280922435,5.712788259958071,4.79559748427673,49.83425414364641,94.10616705698673,25.40983606557377,6.118143459915612,90.88397790055248,7.937984496124032,98.91864057672502,58.80302149912842,13.820731096644966,86.17926890335504,36.316095293434046,6.914584543869844
2021,"Census Tract 328.01, Gaston County, North Carolina",37071032801,20.857863751051305,25.315391084945333,1.1354079058031958,25.35744322960471,63.582842724978974,0.798990748528175,9.125315391084946,44.44444444444444,76.39889196675901,18.282548476454295,8.98876404494382,91.44316730523627,7.492029755579171,100.0,61.89138576779026,9.949409780775717,90.05059021922428,28.46441947565543,22.47191011235955
2021,"Census Tract 328.02, Gaston County, North Carolina",37071032802,26.182298546895638,21.08322324966975,0.0,27.450462351387056,49.98678996036988,13.606340819022458,8.956406869220608,54.256670902160096,76.5,12.692307692307692,21.022727272727273,82.78271918678526,4.402290622763064,94.10745233968805,67.31843575418995,2.6644915715062534,97.33550842849374,45.92178770949721,22.3463687150838
2021,"Census Tract 329, Gaston County, North Carolina",37071032900,32.356473696853236,10.88157578669229,0.43238049483545515,43.310112899351424,40.93202017775642,11.746336776363199,3.5791496516934904,57.0683661645423,94.46540880503144,22.68343815513627,1.9900497512437811,80.18539976825029,7.776988636363637,89.78574987543597,66.2355343771273,14.294049008168027,85.70595099183197,36.555479918311775,5.037440435670524
2021,"Census Tract 331, Gaston County, North Carolina",37071033100,26.957983193277315,12.369747899159664,0.0,32.10084033613445,46.42016806722689,14.789915966386555,6.6890756302521,55.45602605863193,70.36211699164345,21.16991643454039,15.328467153284672,79.39739413680782,9.572020248504371,91.14103472714386,62.391681109185434,9.84375,90.15625,54.41941074523397,10.918544194107453
2021,"Census Tract 332.02, Gaston County, North Carolina",37071033202,17.4190800681431,12.862010221465075,0.3833049403747871,12.734241908006814,69.8892674616695,13.245315161839862,3.747870528109029,60.18596787827557,83.78378378378379,30.937320299022424,20.82018927444795,95.01267962806425,4.5384218669417224,96.15105301379812,74.64788732394366,8.613861386138613,91.38613861386139,78.9815817984832,1.3001083423618636
2021,"Census Tract 332.03, Gaston County, North Carolina",37071033203,27.57909215955984,13.067400275103164,0.0,32.70288858321871,47.214580467675376,19.257221458046768,0.8253094910591471,54.7112462006079,83.04093567251462,11.908559276980329,0.5016722408026756,74.36676798378926,5.365622032288699,80.17174082747853,63.17427385892116,11.315547378104876,88.68445262189513,54.77178423236515,6.327800829875518
2021,"Census Tract 332.04, Gaston County, North Carolina",37071033204,31.063321385902032,15.830346475507767,0.35842293906810035,34.587813620071685,49.85065710872163,13.799283154121863,1.4038231780167265,33.66795366795367,79.0719696969697,12.831439393939394,5.47112462006079,86.56370656370656,12.564991334488735,90.19108280254777,66.37863315003928,10.666666666666668,89.33333333333333,54.12411626080126,3.613511390416339
2021,"Census Tract 333.03, Gaston County, North Carolina",37071033303,20.548712206047032,22.144456886898094,3.2754759238521833,5.599104143337066,85.77827547592385,3.8913773796192612,1.4557670772676372,66.4469742360695,94.54545454545455,48.43326885880077,15.92128801431127,90.53325344517675,9.337561663143058,99.32773109243698,84.009009009009,0.0,100.0,88.13813813813813,0.0
2021,"Census Tract 333.06, Gaston County, North Carolina",37071033306,21.397694524495677,16.210374639769455,0.0,0.1440922190201729,97.47838616714697,2.377521613832853,0.0,78.01652892561984,89.36372269705602,30.009496676163344,19.53488372093023,86.94214876033057,7.149404216315307,95.57399723374827,72.9090909090909,1.079136690647482,98.92086330935251,91.45454545454545,1.090909090909091
2021,"Census Tract 333.08, Gaston County, North Carolina",37071033308,18.031496062992126,15.905511811023624,0.0,9.448818897637794,70.94488188976378,2.5196850393700787,17.086614173228345,74.35897435897436,90.0,21.979166666666668,11.11111111111111,90.13806706114399,4.418828049951969,97.53694581280789,75.18382352941177,10.378912685337728,89.62108731466228,79.22794117647058,0.0
2021,"Census Tract 333.09, Gaston County, North Carolina",37071033309,21.181262729124235,16.34419551934827,1.2729124236252547,13.18737270875764,80.65173116089613,1.0183299389002036,3.8696537678207736,70.05758157389636,89.05472636815921,11.584932480454867,37.67123287671233,89.9232245681382,3.488372093023256,100.0,74.49392712550608,6.909547738693467,93.09045226130654,80.83670715249663,8.367071524966262
2021,"Census Tract 333.10, Gaston County, North Carolina",37071033310,18.937530742744713,16.871618298081653,0.0,21.49532710280374,50.61485489424496,25.72552877520905,2.164289227742253,63.132760267430754,87.82894736842105,13.092105263157894,2.976190476190476,61.700095510983765,7.6456310679611645,96.2738301559792,72.06851119894598,8.333333333333332,91.66666666666666,73.64953886693017,7.114624505928854
2021,"Census Tract 333.11, Gaston County, North Carolina",37071033311,26.384364820846905,16.123778501628664,2.1172638436482085,0.0,97.8827361563518,0.0,0.0,40.45307443365696,89.23444976076556,19.37799043062201,0.0,88.9967637540453,6.415929203539823,98.58757062146893,72.95081967213115,12.23021582733813,87.76978417266187,87.70491803278688,0.0
2021,"Census Tract 333.12, Gaston County, North Carolina",37071033312,26.711848562748308,13.344239308249591,2.8745033886422062,10.867025005842487,83.40733816312222,1.448936667445665,1.4021967749474178,62.17105263157895,93.69863013698631,44.657534246575345,24.349881796690305,92.4812030075188,8.290816326530612,97.6734693877551,90.92169092169092,0.5513439007580978,99.4486560992419,81.08108108108108,0.0
2021,"Census Tract 333.13, Gaston County, North Carolina",37071033313,25.296442687747035,27.322134387351777,5.978260869565218,8.794466403162057,82.5098814229249,2.66798418972332,0.04940711462450593,59.0027700831025,93.63507779349364,52.828854314002825,16.867469879518072,91.13573407202216,7.671957671957672,96.02954755309327,88.42652795838751,6.105006105006105,93.89499389499389,91.54746423927178,0.9102730819245773
2021,"Census Tract 334, Gaston County, North Carolina",37071033400,17.81778104335048,16.605437178545188,1.763409257898604,3.526818515797208,84.313005143277,6.7964731814842025,3.6002939015429827,70.0,68.144578313253,4.289156626506024,20.3125,83.51851851851852,8.851139919535091,93.75,54.056291390728475,13.156002875629044,86.84399712437096,62.5,12.5
2021,"Census Tract 335.01, Gaston County, North Carolina",37071033501,20.163584637268848,16.998577524893317,0.03556187766714083,11.344238975817923,80.33428165007112,2.382645803698435,5.903271692745378,76.07178464606181,89.0927624872579,16.666666666666664,1.4522821576763485,81.55533399800599,9.35412026726058,91.14671163575042,71.80205415499533,3.3393501805054155,96.66064981949458,77.68440709617181,4.014939309056956
2021,"Census Tract 335.02, Gaston County, North Carolina",37071033502,21.71171171171171,23.82882882882883,0.0,3.153153153153153,92.7027027027027,3.7387387387387387,0.40540540540540543,73.15035799522673,88.43172331544424,25.99880739415623,9.965635738831615,90.81145584725537,9.4361334867664,100.0,75.73131094257855,1.4941302027748131,98.50586979722519,82.34019501625134,1.3001083423618636
2021,"Census Tract 601, Iredell County, North Carolina",37097060100,23.293237971391417,21.131339401820544,0.1625487646293888,26.365409622886865,57.672301690507155,15.637191157347205,0.1625487646293888,35.868448098663926,88.86294653280412,36.96007471398553,1.1774600504625736,86.43371017471738,8.13163481953291,95.36082474226805,73.48484848484848,6.8454481298518,93.15455187014821,57.95454545454546,3.143939393939394
2021,"Census Tract 602, Iredell County, North Carolina",37097060200,25.39827036868457,10.969503868912152,0.0,58.67091488393263,15.20254893035958,20.48247610377788,5.644060081929904,30.78556263269639,82.06078576723499,8.673091178650852,12.5,70.38216560509554,5.369127516778524,86.59070990359335,55.64903846153846,17.296222664015904,82.7037773359841,47.59615384615385,11.298076923076923
2021,"Census Tract 603, Iredell County, North Carolina",37097060300,26.588943211733735,9.96615268898082,0.0,40.278300112824375,26.100037608123355,30.011282437006393,3.610379842045882,40.939597315436245,73.80530973451327,14.985250737463126,0.0,73.67636092468307,2.459016393442623,89.24455825864277,59.8343685300207,16.795865633074936,83.20413436692506,52.79503105590062,8.592132505175984
2021,"Census Tract 604, Iredell County, North Carolina",37097060400,21.31109022556391,15.437030075187968,0.0,43.93796992481203,39.56766917293233,15.36654135338346,1.1278195488721803,51.497277676951,78.75409836065573,14.327868852459016,6.491228070175438,81.35208711433756,4.150492684383398,94.08308854385228,58.01204819277108,11.324786324786325,88.67521367521367,53.493975903614455,9.156626506024097
2021,"Census Tract 605, Iredell County, North Carolina",37097060500,17.164750957854405,15.555555555555555,0.05108556832694764,26.89655172413793,59.131545338441896,7.943805874840358,5.977011494252873,36.23649078194533,88.10188415910677,28.19260293091417,30.52434456928839,90.59122695486332,3.5769349367869254,90.31339031339031,69.67020023557126,9.246392303580974,90.75360769641902,55.5359246171967,4.652532391048291
2021,"Census Tract 606.01, Iredell County, North Carolina",37097060601,21.91853288661612,17.421971433609592,2.0454946217598304,30.876388643978135,47.011109151825075,16.840063480867574,3.226944101569388,27.296296296296298,86.36487592037088,19.3346059449141,0.0,70.55555555555556,8.084914182475158,98.39088166275562,59.27487352445194,3.420195439739414,96.57980456026058,44.98313659359191,5.522765598650928
2021,"Census Tract 606.02, Iredell County, North Carolina",37097060602,22.032085561497325,24.43850267379679,0.21390374331550802,2.8877005347593583,87.75401069518716,6.470588235294119,2.6737967914438503,47.76978417266187,95.25521207764199,36.808051761322794,44.620253164556964,91.07913669064747,7.20164609053498,97.93187347931874,71.1051930758988,8.969696969696969,91.03030303030303,90.41278295605859,2.130492676431425
2021,"Census Tract 606.03, Iredell County, North Carolina",37097060603,21.482683982683984,17.694805194805195,5.681818181818182,14.772727272727273,54.166666666666664,24.350649350649352,1.0281385281385282,73.39055793991416,76.24262847514743,6.739679865206402,6.910569105691057,91.27324749642347,7.0296347346657475,86.8108108108108,72.77070063694268,12.290502793296088,87.70949720670392,78.5031847133758,5.254777070063694
2021,"Census Tract 607.01, Iredell County, North Carolina",37097060701,21.827242524916944,15.614617940199334,0.0,11.893687707641195,70.46511627906978,15.74750830564784,1.8936877076411962,51.06209150326797,85.79545454545455,11.776859504132231,29.980276134122285,95.58823529411765,8.754781130471738,88.81987577639751,74.38180019782394,11.393514460999125,88.60648553900089,74.97527200791295,0.0
2021,"Census Tract 607.02, Iredell County, North Carolina",37097060702,22.352670349907918,13.558931860036832,2.9005524861878453,9.990791896869244,77.09484346224677,8.310313075506444,1.7034990791896871,53.333333333333336,85.72364112639161,17.092337917485263,2.800658978583196,92.91666666666667,10.376519418914913,96.78456591639872,55.48743102391172,4.67562828755114,95.32437171244887,84.24279583077866,0.9809932556713672
2021,"Census Tract 607.03, Iredell County, North Carolina",37097060703,24.61190168175938,13.260025873221215,0.0,20.892626131953428,61.54592496765847,11.1254851228978,6.435963777490297,46.786454733932274,92.96173830892774,16.43835616438356,14.480408858603067,93.36558396682793,7.5933075933075935,97.41784037558685,72.77726856095326,7.0698466780238505,92.93015332197615,74.42713107241063,1.5582034830430798
2021,"Census Tract 608.01, Iredell County, North Carolina",37097060801,18.116805721096544,16.98450536352801,0.0,6.0786650774731825,83.28367103694875,9.564958283671036,1.0727056019070322,66.53108657757117,86.9754552652415,12.470308788598574,14.672686230248308,89.19233004067402,5.49490538573508,98.88475836431226,60.43636363636363,18.92688679245283,81.07311320754717,81.52727272727273,0.36363636363636365
2021,"Census Tract 608.02, Iredell County, North Carolina",37097060802,26.306866346425544,11.500423848544788,1.4975981915795422,12.489403786380333,78.92059903927662,5.3970048036168405,1.6953941791466518,64.69807564698075,86.1053504769805,14.558274574865202,20.701754385964914,91.50630391506304,7.9371165644171775,95.07554560716285,71.97346600331676,14.83050847457627,85.16949152542372,81.67495854063019,1.1608623548922055
2021,"Census Tract 609.01, Iredell County, North Carolina",37097060901,21.483097055616142,16.412213740458014,0.0,1.4721919302071973,76.88113413304252,13.90403489640131,7.742639040348964,66.62162162162161,87.10667689946277,11.742133537989256,6.08,89.72972972972974,4.5758535726856735,92.29898074745186,68.78267363704256,20.202622169249107,79.79737783075089,78.64077669902912,5.974607916355489
2021,"Census Tract 609.02, Iredell County, North Carolina",37097060902,21.070496083550914,23.446475195822455,0.0,6.762402088772845,87.65013054830287,1.8276762402088773,3.759791122715405,55.055487053020954,79.79502196193266,9.370424597364568,24.041297935103245,88.90258939580764,5.7227919285478,92.5,53.76415722851432,14.570290267501424,85.42970973249858,82.41172551632245,1.8654230512991337
2021,"Census Tract 610.01, Iredell County, North Carolina",37097061001,23.584485064645563,18.658047258136424,7.2447614801605,9.674543022737407,75.23406152474365,6.1747659384752565,1.6718680338831922,51.29533678756477,93.93939393939394,19.425837320574164,10.883280757097792,87.21934369602764,6.855309218203034,94.19759539989545,66.85205784204672,10.901883052527255,89.09811694747275,76.58509454949944,0.5005561735261401
2021,"Census Tract 610.02, Iredell County, North Carolina",37097061002,19.296086635491015,19.173024858478957,0.0,0.49224710804824023,91.28722618754614,6.448437115431947,1.772089588973665,59.446254071661244,91.70812603648424,23.9469320066335,27.7992277992278,91.91096634093377,6.404391582799635,93.60381861575179,71.10582639714626,3.4443168771526977,96.5556831228473,85.13674197384067,0.5945303210463734
2021,"Census Tract 610.03, Iredell County, North Carolina",37097061003,20.776549241450244,23.142195937258936,0.977114939573155,14.193880174852147,77.29493443044484,7.225507842633068,0.30856261249678585,40.37644201578628,89.19014084507042,25.070422535211268,7.890499194847021,85.97449908925319,5.290490100616683,93.21758003255562,68.12536960378475,6.315789473684211,93.6842105263158,69.54464813719693,0.4730928444707274
2021,"Census Tract 611.01, Iredell County, North Carolina",37097061101,20.80267558528428,18.628762541806022,0.0,4.983277591973244,83.94648829431438,8.695652173913043,2.374581939799331,45.50601556970983,80.93896713615023,11.549295774647888,45.72748267898383,83.58103326256192,4.180743243243244,97.93057409879839,60.56338028169014,8.723599632690542,91.27640036730946,83.29979879275655,1.30784708249497
2021,"Census Tract 611.02, Iredell County, North Carolina",37097061102,18.268372508182086,17.16750966974115,10.681344837845879,6.872954477833979,77.77447188336805,3.005058018446891,1.6661707825052066,54.02965828497743,89.37813827732715,14.870606411741985,7.641196013289036,86.20245003223727,4.659628685839097,91.97002141327623,68.31530139103555,13.096037609133646,86.90396239086635,84.69860896445131,11.205564142194744
2021,"Census Tract 611.03, Iredell County, North Carolina",37097061103,20.063469675599436,19.2524682651622,0.0,12.447108603667138,82.54583921015515,3.314527503526093,1.692524682651622,62.977473065621936,81.77008177008177,13.612313612313612,7.5,92.16454456415279,7.763564181737979,97.31833910034602,71.22683142100618,5.897009966777408,94.10299003322258,76.96381288614297,9.973521624007061
2021,"Census Tract 611.04, Iredell County, North Carolina",37097061104,22.99168975069252,15.650969529085874,0.6463527239150507,9.74145891043398,82.91782086795936,2.7700831024930745,3.9242843951985225,44.38138479001135,92.30275817831944,19.371391917896087,5.540897097625329,86.15209988649262,12.507516536380036,87.19626168224299,70.7514450867052,7.188841201716738,92.81115879828327,76.76300578034682,2.7745664739884393
2021,"Census Tract 612.01, Iredell County, North Carolina",37097061201,22.55177703912043,16.05727435438507,1.201738685758118,3.988749680388647,87.98261314241881,4.448990028125799,2.3779084633086165,60.056497175141246,92.88523417947802,29.746156596353234,13.371266002844951,90.96045197740112,8.748761967646088,96.74915089762251,87.36486486486487,15.861284820920979,84.13871517907903,88.71621621621621,0.8783783783783784
2021,"Census Tract 612.02, Iredell County, North Carolina",37097061202,20.448965275341983,16.941424061732725,0.4209049456331112,26.236408277797263,69.25640126271485,3.0164854437039637,1.0698000701508243,40.83032490974729,88.93939393939394,24.595959595959595,9.005847953216374,78.4115523465704,6.768077601410935,95.25373134328359,74.35773145904024,7.778274474742959,92.22172552525704,76.34512845370818,3.0538051381483275
2021,"Census Tract 612.03, Iredell County, North Carolina",37097061203,22.471071295259428,14.221724524076148,6.644270250093319,12.896603210153042,71.61254199328107,4.964539007092199,3.882045539380366,59.95893223819302,98.89240506329115,47.20464135021097,8.480176211453745,89.11704312114989,7.149735194992777,92.29513548808357,85.4069223573433,9.78902953586498,90.21097046413502,68.80261927034613,3.601496725912067
2021,"Census Tract 612.04, Iredell County, North Carolina",37097061204,25.217989903625515,18.402937127122534,0.7572280862781092,1.3308857273978891,90.27076640660854,2.271684258834328,5.369435520881138,62.01982651796778,98.84144323071831,52.53227408142999,10.911016949152543,91.9454770755886,10.125805461798096,95.08041627246925,92.86204529855868,16.9327251995439,83.0672748004561,93.47975291695263,0.4804392587508579
2021,"Census Tract 612.05, Iredell County, North Carolina",37097061205,20.966542750929367,22.032218091697644,1.6356877323420074,2.775712515489467,92.41635687732342,0.966542750929368,2.2057001239157374,79.88895743368292,88.13216453135536,34.79433580579905,3.15955766192733,90.6230721776681,6.898714330511132,95.09605662285136,75.61904761904762,16.930379746835442,83.06962025316456,86.79365079365078,3.301587301587302
2021,"Census Tract 613.01, Iredell County, North Carolina",37097061301,21.484214842148422,11.152111521115211,0.6970069700697007,2.2550225502255024,75.11275112751127,11.152111521115211,10.783107831078311,64.97695852534562,81.58205430932703,15.52538370720189,27.014218009478675,86.45161290322581,3.6553524804177546,94.32565789473685,73.23232323232324,4.899135446685879,95.10086455331412,66.86868686868686,4.646464646464646
2021,"Census Tract 613.02, Iredell County, North Carolina",37097061302,24.906917499510094,17.871840094062318,2.4495394865765237,5.232216343327455,82.69645306682344,6.995884773662551,2.6259063296100336,47.71118452100047,90.11835948252134,14.94632535094963,18.238993710691823,82.91647003303446,10.22816679779701,94.07319013524264,77.96610169491525,9.189678587596198,90.81032141240381,79.31206380857428,3.938185443668993
2021,"Census Tract 613.03, Iredell County, North Carolina",37097061303,23.046665474700518,12.99839084569998,2.413731450026819,0.8760951188986232,89.27230466654747,5.6677990345074205,1.7700697300196675,56.690871369294605,97.24419494769073,35.11099770349579,6.066734074823053,91.02697095435684,8.712825278810408,94.57120377655389,88.7991927346115,4.940047961630696,95.0599520383693,87.13420787083754,1.7154389505549947
2021,"Census Tract 613.04, Iredell County, North Carolina",37097061304,17.40928746004888,11.938334273359654,0.5640157924421884,14.645610077082157,76.08573040045121,6.655386350817823,2.0492573792066175,43.80664652567976,96.96472518457753,28.110473065354114,22.628951747088184,90.39946290701579,4.234008650125199,96.5319662243667,85.11930585683297,6.414941128704832,93.58505887129517,57.48373101952278,2.4295010845986984
2021,"Census Tract 614.01, Iredell County, North Carolina",37097061401,28.387096774193548,13.35125448028674,2.258064516129032,0.0,91.95340501792114,3.6917562724014337,2.0967741935483875,55.2753474009264,99.36373276776246,61.320254506892894,15.17655897821187,86.9788986103963,5.08008008008008,98.2122905027933,93.792383933229,15.84723441615452,84.15276558384548,97.44392279603548,0.0
2021,"Census Tract 614.02, Iredell County, North Carolina",37097061402,22.559214326978623,10.644136337377239,2.2819179664933564,4.289428076256499,84.21432697862508,6.701328711727325,2.512998266897747,56.39187574671446,97.94247323115684,57.757715725383164,1.8167456556082147,94.65352449223417,5.557627750839239,95.4179138844117,91.25435540069687,2.314499659632403,97.6855003403676,54.66898954703833,1.254355400696864
2021,"Census Tract 614.03, Iredell County, North Carolina",37097061403,19.70939770330443,18.256386219826577,8.577454886337005,9.725802671666276,73.30677290836654,7.8275134755097255,0.5624560581204594,52.5987525987526,95.45930841774363,49.318896262661546,13.247172859450727,92.15176715176715,11.908931698774081,97.7020927369717,78.4957627118644,4.598281960586155,95.40171803941384,53.813559322033896,5.720338983050848
2021,"Census Tract 614.04, Iredell County, North Carolina",37097061404,17.192484934420417,20.560085076214108,2.5168380007089683,8.15313718539525,84.43814250265864,0.0,4.891882311237151,53.2608695652174,99.68567579703638,49.97754827121688,45.662100456621005,92.64214046822742,13.698630136986301,96.42172523961662,82.15892053973015,11.889035667107,88.11096433289299,54.27286356821589,1.8740629685157422
2021,"Census Tract 614.05, Iredell County, North Carolina",37097061405,17.94142735285755,19.93176002274666,4.407165197611601,3.6963321012226333,82.25760591413136,7.193630935456355,2.4452658515780494,55.78512396694215,99.11433172302738,52.73752012882448,10.44776119402985,90.31877213695395,11.088011088011088,93.52207293666027,87.94007490636704,7.291666666666667,92.70833333333334,87.19101123595505,0.8239700374531835
2021,"Census Tract 614.06, Iredell County, North Carolina",37097061406,24.042630057803468,17.73843930635838,0.9393063583815029,0.5960982658959537,82.73121387283237,9.88078034682081,5.852601156069364,72.49575551782682,98.55460385438973,63.142398286937905,9.794776119402986,91.79400113186192,3.1153388822829964,96.8167701863354,89.76203652462645,15.600186828584771,84.39981317141523,92.03099059214168,1.162147205312673
2021,"Census Tract 614.07, Iredell County, North Carolina",37097061407,22.889576883384933,18.28689370485036,1.279669762641899,5.923632610939113,87.90505675954591,1.4241486068111455,3.4674922600619196,53.747433264887064,96.76865885044323,49.72833857592222,15.975609756097562,86.652977412731,7.414346895074947,98.18794774546987,78.42931937172774,9.521553765987683,90.47844623401232,72.98429319371728,1.9895287958115182
2021,"Census Tract 614.08, Iredell County, North Carolina",37097061408,33.35374566238008,6.756480914472342,1.6329863237395388,1.6738109818330273,83.54766278832415,9.30802204531537,3.837517860787916,53.18546484190656,97.82899131596527,50.33400133600534,14.058956916099774,97.7819726285984,6.339969372128637,97.97734627831716,85.64993564993564,9.12280701754386,90.87719298245615,83.71943371943372,0.3861003861003861
2021,"Census Tract 615.01, Iredell County, North Carolina",37097061501,34.168475044387456,11.540737818110081,1.7163148550009864,12.014203985006905,75.22193726573289,5.997238114026436,5.0503057802327875,50.6578947368421,90.41477866852561,32.06692227256884,2.209550962223806,82.34649122807018,7.4667472793228535,96.76432006996065,81.33414932680539,6.091954022988506,93.90804597701148,66.21787025703794,6.303549571603427
2021,"Census Tract 615.02, Iredell County, North Carolina",37097061502,31.07552477818654,11.902185674096517,1.2767799177667172,5.431724734905864,81.17290629733824,8.634494698117292,3.484094351871889,51.5527950310559,94.96919917864476,37.16632443531827,1.9213174748398902,94.04761904761905,4.772370486656201,97.53715498938429,82.47162673392182,5.029940119760479,94.97005988023952,75.85119798234552,1.5762925598991173
2021,"Census Tract 615.03, Iredell County, North Carolina",37097061503,23.234774933804058,17.828773168578994,2.64783759929391,11.496028243601058,81.35481023830539,2.581641659311562,1.919682259488085,42.55218216318786,94.82649842271293,40.0,5.710491367861885,92.12523719165085,7.2147168726645585,95.89201877934272,81.27705627705627,1.3347570742124935,98.66524292578751,75.97402597402598,2.218614718614719
2021,"Census Tract 616.01, Iredell County, North Carolina",37097061601,24.61671969916112,9.835117153601388,2.9216083309227656,32.19554527046572,44.894417124674575,13.39311541799248,6.595313855944461,27.404844290657437,88.60644575578756,19.337267362687243,11.063829787234042,71.90311418685121,3.760552570990023,93.625,76.51273885350318,11.797752808988763,88.20224719101124,55.97133757961783,7.961783439490445
2021,"Census Tract 616.03, Iredell County, North Carolina",37097061603,24.702320887991927,8.435923309788093,13.703329969727548,2.6236125126135215,68.23410696266397,10.05045408678103,5.388496468213925,41.382621219395105,85.97122302158273,35.76139088729017,17.96690307328605,81.42102736437829,6.432591798445457,94.52978643686774,86.4799613713182,11.001289213579717,88.99871078642029,39.20811202317721,6.80830516658619
2021,"Census Tract 616.04, Iredell County, North Carolina",37097061604,16.426332288401255,29.717868338557995,0.5642633228840125,14.545454545454545,70.84639498432603,12.852664576802509,1.1912225705329154,29.464285714285715,94.48685326547923,50.63613231552163,0.0,84.64285714285714,9.30232558139535,98.47434119278779,91.17082533589252,6.630824372759856,93.36917562724014,88.09980806142035,4.798464491362764
2021,"Census Tract 616.05, Iredell County, North Carolina",37097061605,23.123123123123122,10.853710853710853,13.213213213213212,0.0,79.1076791076791,7.207207207207207,0.4719004719004719,52.66222961730449,89.26517571884985,46.70926517571885,0.0,89.51747088186356,3.6272321428571432,98.90350877192982,90.91847265221878,2.5150905432595576,97.48490945674044,71.00103199174407,0.0
2021,"Census Tract 701, Lincoln County, North Carolina",37109070100,26.36380916175632,15.30127352214408,0.0,11.233605778369132,64.45542672495723,16.574795666223153,7.736171830450485,56.27376425855514,86.17931034482758,17.76551724137931,8.212560386473431,92.30038022813687,8.56995353639649,89.83688833124216,67.33364355514193,9.43952802359882,90.56047197640117,48.44113541181945,5.490926012098651
2021,"Census Tract 702.01, Lincoln County, North Carolina",37109070201,26.21891521441159,10.612884276483259,0.0,21.930683375758765,55.80575680438614,20.30546308987664,1.9580967299784608,56.19320899091343,83.03490136570562,13.201820940819422,0.0,88.33094213295074,8.041677798557307,94.21352893235535,61.97318007662835,4.831358249772106,95.16864175022789,38.40996168582376,6.130268199233716
2021,"Census Tract 702.02, Lincoln County, North Carolina",37109070202,20.638363805392004,18.15928106600558,3.501704369383328,8.304927176944531,77.37837000309885,7.995041834521227,2.8199566160520604,62.367724867724874,91.02455546147333,23.285351397121083,0.0,94.04761904761905,4.2171026942600545,97.31621936989498,82.49235474006116,7.757404795486601,92.2425952045134,88.76146788990825,3.4403669724770642
2021,"Census Tract 703, Lincoln County, North Carolina",37109070300,19.33075933075933,25.276705276705275,0.36036036036036034,10.012870012870014,75.75289575289575,12.535392535392537,1.3384813384813385,52.57924176507147,85.49912434325744,26.830122591943955,8.131487889273355,86.20261031696707,9.476707083599234,92.90898939140145,66.72794117647058,15.527950310559005,84.472049689441,68.19852941176471,4.473039215686274
2021,"Census Tract 704, Lincoln County, North Carolina",37109070400,18.607463718037316,17.916378714581892,1.4858327574291639,0.8120248790601244,87.30131306150656,8.621285418106426,1.7795438838977193,58.25132475397427,80.41829464490921,11.790393013100436,9.695290858725762,89.25056775170326,4.393971555932922,93.84194320903183,63.04170073589533,4.303599374021909,95.6964006259781,85.85445625511039,1.3082583810302535
2021,"Census Tract 705, Lincoln County, North Carolina",37109070500,17.48082357690755,22.32539362131611,0.3633427533306419,0.8477997577714977,95.19580137262818,2.80581348405329,0.7872426322163908,68.84480746791132,81.47074327886136,13.046916183447548,11.003236245954692,88.85647607934656,10.249510763209393,93.7561942517344,58.52791878172589,5.606133205558217,94.39386679444178,82.79187817258882,5.888324873096447
2021,"Census Tract 706, Lincoln County, North Carolina",37109070600,18.75134091396696,21.089894872344992,0.0,1.373095902166917,83.17957519845527,13.580776657369665,1.8665522420081528,83.0952380952381,84.84216795711733,17.927337701012508,0.0,88.57142857142857,6.839186691312385,97.0806100217865,62.62626262626263,13.514902363823229,86.48509763617677,85.62091503267973,1.4260249554367201
2021,"Census Tract 707, Lincoln County, North Carolina",37109070700,26.655583264062066,18.01052923247437,0.0,1.9118869492934332,85.8132446661125,9.11609864228318,3.158769742310889,66.68793873643905,90.26473099914602,20.75149444918873,0.0,85.38608806636886,6.724593879863996,92.74099883855982,61.75595238095239,9.55585464333782,90.44414535666218,87.05357142857143,2.232142857142857
2021,"Census Tract 708, Lincoln County, North Carolina",37109070800,14.866032843560934,14.95246326707001,0.0,11.408815903197926,72.91846730048978,5.128205128205128,10.544511668107173,51.45760898635999,86.4499634769905,10.244704163623082,0.0,91.869483819203,7.5972927241962775,95.77977201067183,66.74946770759404,3.427004797806717,96.57299520219328,68.0624556422995,3.1227821149751596
2021,"Census Tract 709.01, Lincoln County, North Carolina",37109070901,21.432552954292085,15.607580824972128,0.0,0.2229654403567447,95.68004459308807,2.6477146042363433,1.4492753623188406,58.98908673176335,89.57230142566192,26.191446028513237,38.97996357012751,91.03963239517519,5.853139411138701,95.839915745129,67.79116465863454,8.924652523774688,91.0753474762253,88.03212851405623,1.4457831325301205
2021,"Census Tract 709.02, Lincoln County, North Carolina",37109070902,23.841445642669775,13.713203147770328,3.03118624307782,3.5849606528708833,89.82803847274847,1.9527834450597494,1.6030311862430777,64.82585503608409,93.67905630981527,27.46494547073225,14.363307181653589,89.33165986821462,10.026789131266742,97.60712298274903,73.95437262357414,7.913165266106442,92.08683473389355,83.26996197718631,3.193916349809886
2021,"Census Tract 710.01, Lincoln County, North Carolina",37109071001,24.954499494438828,13.91304347826087,0.0,3.6198179979777554,79.43377148634984,14.701718907987866,2.24469160768453,66.796875,86.84759916492693,16.22427676707426,4.1426927502876865,88.125,8.057127458905954,94.51815642458101,69.56995100707675,7.734806629834254,92.26519337016575,80.02177463255308,7.403375068045727
2021,"Census Tract 710.02, Lincoln County, North Carolina",37109071002,25.990548891312248,16.394038531443112,0.0,1.7084696474009449,89.24027626317704,7.197382769901854,1.8538713195201746,80.51801801801803,77.43933918430562,15.281362932369644,1.3513513513513513,82.0945945945946,5.255402750491159,95.77205882352942,68.1329423264907,7.168784029038113,92.83121597096189,87.87878787878788,3.1280547409579667
2021,"Census Tract 711.01, Lincoln County, North Carolina",37109071101,20.12610770279482,15.831629175187455,1.687116564417178,2.4539877300613497,93.2856169052488,2.283571915473756,0.2897068847989093,70.18206801786327,92.37964864248231,30.527036276522928,10.416666666666668,88.32016489178976,7.574141241732452,97.01678060907396,81.66007905138339,8.100254268071195,91.8997457319288,68.61660079051384,4.426877470355731
2021,"Census Tract 711.02, Lincoln County, North Carolina",37109071102,21.194280908326323,22.03532380151388,2.0885898514157555,1.7381553125876086,90.98682366134007,3.322119428090833,1.8643117465657415,63.563737408822504,95.82618639222413,37.04974271012007,19.55223880597015,94.37304619659605,15.230604218805862,96.76165803108809,89.43298969072166,4.935246762338117,95.06475323766188,88.5861561119293,1.804123711340206
2021,"Census Tract 712.01, Lincoln County, North Carolina",37109071201,14.816870144284128,25.471698113207548,0.0,0.4994450610432853,95.17203107658158,2.9966703662597114,1.3318534961154271,83.93113342898135,96.59248956884562,44.158553546592486,23.699421965317917,93.11334289813486,11.009771986970684,96.29225736095965,85.54987212276215,14.628820960698691,85.37117903930131,86.44501278772378,1.1508951406649617
2021,"Census Tract 712.02, Lincoln County, North Carolina",37109071202,15.432098765432098,29.01234567901235,0.6709608158883521,1.7176596886741815,92.5925925925926,1.5834675254965112,3.435319377348363,85.77405857740585,97.83451842275372,43.63283775048481,7.614213197969544,92.30125523012552,7.4579498571881935,96.4922711058264,86.6043613707165,7.118055555555555,92.88194444444444,92.64797507788161,1.8691588785046727
2021,"Census Tract 712.03, Lincoln County, North Carolina",37109071203,23.111510791366907,18.705035971223023,0.08992805755395684,0.8273381294964028,97.21223021582733,1.420863309352518,0.44964028776978415,73.43674260785265,98.75130072840791,50.15608740894901,2.4703557312252964,92.92292777508483,6.573099415204678,96.7870036101083,89.06174039863879,11.18307426597582,88.81692573402418,87.65192027224113,0.3403014098201264
2021,"Census Tract 1.01, Mecklenburg County, North Carolina",37119000101,0.4314063848144953,7.420189818809318,11.73425366695427,6.816220880069025,49.18032786885246,23.46850733390854,8.800690250215704,36.99248120300752,100.0,66.25916870415648,0.0,70.52631578947368,1.9064124783362217,97.9381443298969,100.0,5.481283422459892,94.5187165775401,5.9405940594059405,0.0
2021,"Census Tract 1.02, Mecklenburg County, North Carolina",37119000102,3.23785803237858,5.31340805313408,8.13615608136156,5.562474055624741,68.36861768368617,12.079701120797012,5.85305105853051,23.475823405746322,100.0,78.67883995703545,0.0,47.30203223545901,0.3432003432003432,100.0,89.30288461538461,19.535783365570598,80.46421663442939,19.290865384615387,6.129807692307692
2021,"Census Tract 1.03, Mecklenburg County, North Carolina",37119000103,4.669440591770689,3.19001386962552,13.96208969024503,20.110957004160888,49.14470642625982,9.153952843273231,7.628294036061026,32.316118935837245,99.11019849418207,77.48117727583846,0.0,58.68544600938967,6.692531522793405,97.6054732041049,92.23968565815323,8.53548966756514,91.46451033243486,27.013752455795675,8.644400785854616
2021,"Census Tract 1.04, Mecklenburg County, North Carolina",37119000104,0.0,10.90764331210191,3.5031847133757963,6.8471337579617835,86.86305732484077,2.786624203821656,0.0,27.764705882352942,99.25681255161024,67.1345995045417,,53.64705882352941,7.085987261146497,100.0,89.61187214611871,43.520309477756285,56.47969052224371,55.593607305936075,10.273972602739725
2021,"Census Tract 3.01, Mecklenburg County, North Carolina",37119000301,0.995732574679943,5.263157894736842,6.827880512091039,7.539118065433854,80.08534850640113,5.547652916073969,0.0,43.665158371040725,100.0,93.28358208955224,,79.41176470588235,0.5747126436781609,95.56650246305419,95.31531531531532,14.615384615384617,85.38461538461539,15.855855855855856,7.027027027027027
2021,"Census Tract 3.02, Mecklenburg County, North Carolina",37119000302,8.268156424581004,17.877094972067038,0.0,39.21787709497207,41.340782122905026,9.497206703910614,9.944134078212292,42.368421052631575,85.06666666666666,57.99999999999999,0.0,80.78947368421052,2.3142509135200973,98.17578772802653,71.107544141252,29.204545454545457,70.79545454545455,20.545746388443018,24.879614767255216
2021,"Census Tract 4.01, Mecklenburg County, North Carolina",37119000401,3.2181168057210967,5.542312276519666,5.8402860548271756,14.898688915375446,76.6388557806913,1.430274135876043,1.1918951132300357,37.83091374893254,98.45758354755783,73.52185089974293,0.0,66.26814688300597,4.37192118226601,97.7715877437326,84.40709617180205,8.539709649871904,91.46029035012809,10.457516339869281,16.99346405228758
2021,"Census Tract 4.02, Mecklenburg County, North Carolina",37119000402,0.5342399222923749,0.5342399222923749,1.7484215638659544,6.362311801845556,86.06119475473531,3.108305002428363,2.7197668771248176,33.87215282880235,100.0,86.50865998176846,,73.62233651726672,1.7578125,100.0,94.37400950871633,12.055749128919862,87.94425087108014,3.724247226624406,7.765451664025356
2021,"Census Tract 5.01, Mecklenburg County, North Carolina",37119000501,0.2380952380952381,0.33333333333333337,0.38095238095238093,18.333333333333332,70.14285714285714,5.285714285714286,5.857142857142858,30.106761565836297,99.38931297709924,78.54961832061069,,63.345195729537366,4.200477326968974,93.29199549041714,91.9908466819222,20.109689213893965,79.89031078610603,28.718535469107554,6.292906178489703
2021,"Census Tract 5.02, Mecklenburg County, North Carolina",37119000502,19.507042253521124,0.42253521126760557,8.169014084507042,22.3943661971831,57.605633802816904,10.704225352112676,1.1267605633802817,27.242152466367713,99.46879150066401,77.42363877822045,84.40860215053763,66.59192825112108,3.2370953630796153,100.0,89.49320148331273,15.729166666666666,84.27083333333333,8.15822002472188,16.069221260815823
2021,"Census Tract 5.03, Mecklenburg County, North Carolina",37119000503,0.0,31.83990442054958,0.0,35.603345280764636,50.0,9.79689366786141,4.599761051373955,36.887608069164266,82.84347231715653,50.37593984962406,,58.933717579250725,10.75268817204301,99.90029910269193,59.65073529411765,15.1987529228371,84.8012470771629,37.95955882352941,23.897058823529413
2021,"Census Tract 6, Mecklenburg County, North Carolina",37119000600,17.217580820922628,7.192154013803124,6.937885942608064,42.86233200145296,43.51616418452598,3.269160915365056,3.4144569560479474,32.588974180041866,92.58349705304518,56.13948919449901,11.940298507462686,75.15701325889742,2.98376480912681,92.43273542600897,76.77215189873418,16.666666666666664,83.33333333333334,23.924050632911392,14.113924050632912
2021,"Census Tract 7, Mecklenburg County, North Carolina",37119000700,3.423160961398398,3.423160961398398,5.462490895848507,33.21194464675892,52.51274581209031,5.753823743627094,3.058994901675164,33.81712626995646,95.05862646566165,59.04522613065326,31.914893617021278,83.88969521044993,5.3544494720965305,99.19499105545617,77.45856353591161,6.797116374871266,93.20288362512873,16.685082872928177,8.176795580110499
2021,"Census Tract 8, Mecklenburg County, North Carolina",37119000800,23.035773988632563,7.221664994984955,2.3737880307589436,68.94015379471749,24.974924774322968,1.3373453694416584,2.3737880307589436,58.8150289017341,91.76688251618872,42.5531914893617,0.0,79.47976878612717,5.473501303214596,91.60644802668149,76.61843107387661,12.466666666666667,87.53333333333333,45.62071591774562,7.616146230007616
2021,"Census Tract 9, Mecklenburg County, North Carolina",37119000900,11.714589989350372,10.436634717784878,0.6389776357827476,42.81150159744409,45.79339723109691,8.466453674121405,2.2896698615548456,47.347994825355755,84.6045197740113,54.30790960451978,0.0,86.9340232858991,3.992628992628992,90.69767441860465,76.09223300970875,5.93607305936073,94.06392694063926,63.10679611650486,12.864077669902912
2021,"Census Tract 10, Mecklenburg County, North Carolina",37119001000,11.741682974559687,9.393346379647749,2.4787997390737115,8.708414872798434,78.11480756686237,5.348988910632746,5.348988910632746,54.057078903189705,97.34126984126983,77.14285714285715,36.58536585365854,87.29714605484051,2.4526198439241917,95.71678321678321,88.90214797136038,10.945802337938364,89.05419766206164,47.49403341288782,2.7446300715990453
2021,"Census Tract 11, Mecklenburg County, North Carolina",37119001100,16.96326061997704,7.1182548794489096,3.0998851894374284,6.859931113662457,84.24225028702641,3.5878300803673935,2.210103329506315,50.97137014314929,97.33383402177995,75.89185129553135,22.439024390243905,91.46216768916156,7.9502246802627035,97.62752075919336,78.5377358490566,4.558244231851435,95.44175576814857,41.863207547169814,2.063679245283019
2021,"Census Tract 12, Mecklenburg County, North Carolina",37119001200,22.556987115956392,9.494549058473737,2.8146679881070367,18.909811694747276,54.88602576808721,22.576808721506442,0.8126858275520318,43.401759530791786,81.67601062260253,43.434641487164356,1.9230769230769231,75.41544477028349,5.861274635270028,94.15629322268326,76.80722891566265,14.616373767681099,85.3836262323189,57.93172690763052,12.299196787148595
2021,"Census Tract 13, Mecklenburg County, North Carolina",37119001300,12.677037381007661,13.628976085442304,4.457859298815881,35.175296029719064,46.482470397028095,10.842814023682378,3.0415602507545856,48.36260085429521,82.04532248692621,44.39279488669378,0.0,82.10726150925487,4.573251794735443,95.1174058889303,68.84338682899835,9.013091641490432,90.98690835850957,46.70724958494743,10.957387935805201
2021,"Census Tract 14, Mecklenburg County, North Carolina",37119001400,17.13823767178658,3.5839396389113447,3.0180544327674483,22.931824306116948,53.89382915656158,11.209916464564808,8.94637563998922,43.597883597883595,91.21417797888385,57.9185520361991,15.011547344110854,75.23809523809524,6.146341463414634,87.85114921561474,82.65368228849665,6.912181303116147,93.08781869688386,51.552038953134506,9.73828362751065
2021,"Census Tract 15.04, Mecklenburg County, North Carolina",37119001504,24.895334928229666,10.930023923444976,10.107655502392344,59.46471291866029,13.232655502392344,11.498205741626794,5.69677033492823,67.8754813863928,63.85463984425698,12.394548994159637,0.8968609865470852,72.65725288831835,3.449651046859422,90.51133368476542,61.53846153846154,4.169769173492182,95.83023082650783,45.376845376845374,9.324009324009324
2021,"Census Tract 15.05, Mecklenburg County, North Carolina",37119001505,32.89597000937207,5.904404873477039,3.9831302717900656,15.83880037488285,21.69634489222118,56.841611996251174,1.640112464854733,53.92670157068062,74.95029821073558,25.009940357852884,6.5918653576437585,86.64921465968587,2.3743016759776534,98.23623730625334,75.08394895903291,2.2324359816152333,97.76756401838476,82.2028206850235,0.7387508394895903
2021,"Census Tract 15.07, Mecklenburg County, North Carolina",37119001507,35.371838429596075,5.983389958474896,0.0,45.14911287278218,6.115515288788222,47.94261985654964,0.7927519818799547,65.85743801652893,63.78181818181818,11.454545454545455,0.07836990595611285,56.611570247933884,1.7053807703616581,88.31392841742131,53.81920112123336,5.056553559547571,94.94344644045243,21.163279607568324,16.818500350385424
2021,"Census Tract 15.08, Mecklenburg County, North Carolina",37119001508,29.13262099308611,13.010685103708358,0.9270898805782527,51.74418604651163,20.647391577624134,24.340037712130737,2.341294783155248,74.44259567387688,86.70133729569093,26.54779593858346,0.0,81.0648918469218,9.135254988913525,93.9068100358423,65.04369538077404,7.22007722007722,92.77992277992279,58.34373699542239,5.118601747815231
2021,"Census Tract 15.09, Mecklenburg County, North Carolina",37119001509,35.75033200531209,16.387782204515272,5.179282868525896,68.20717131474103,3.4528552456839305,21.593625498007967,1.5670650730411688,60.140845070422536,74.70641373080397,25.609756097560975,0.08481764206955046,76.40845070422534,1.7362546506821002,85.21739130434783,49.86807387862797,2.986348122866894,97.01365187713311,66.66666666666666,1.1433597185576077
2021,"Census Tract 15.10, Mecklenburg County, North Carolina",37119001510,16.347270615563296,16.114982578397214,4.181184668989547,71.7479674796748,5.255516840882694,14.227642276422763,4.5876887340301975,72.53731343283583,83.1086439333862,30.2934179222839,0.49382716049382713,90.92537313432835,5.588337382853176,88.92768079800499,61.85216652506372,4.074979625101874,95.92502037489812,51.82667799490229,6.796941376380629
2021,"Census Tract 16.03, Mecklenburg County, North Carolina",37119001603,22.191071813672632,13.65106750053914,5.197325857235281,31.054561138667243,31.593702825102437,29.911580763424627,2.242829415570412,71.05831533477321,83.69497830130193,22.287662740235586,2.4875621890547266,66.13390928725703,6.956762749445676,99.18981481481481,72.66023823028928,14.45900048520136,85.54099951479864,38.400453771979585,12.024957458876914
2021,"Census Tract 16.05, Mecklenburg County, North Carolina",37119001605,18.380241240666283,9.190120620333142,4.192992533026995,36.30097645031591,31.591039632395173,23.664560597357838,4.2504307869040785,61.65413533834586,79.53216374269006,24.63450292397661,2.1739130434782608,66.48764769065521,5.770584095707249,95.3211009174312,66.97009102730819,10.89223638470452,89.10776361529548,25.097529258777634,20.156046814044213
2021,"Census Tract 16.06, Mecklenburg County, North Carolina",37119001606,22.566844919786096,13.625668449197862,13.390374331550802,22.481283422459892,25.326203208556148,36.62032085561498,2.181818181818182,68.95640686922061,68.61358745773133,26.560098370734707,0.24906600249066002,70.5856450902686,2.515201768933112,94.62324876940554,72.54125412541255,7.05521472392638,92.94478527607362,37.29372937293729,8.778877887788779
2021,"Census Tract 16.07, Mecklenburg County, North Carolina",37119001607,32.39386371744559,15.090973956475203,0.5708169818052087,49.58972529432751,17.017481270067787,32.35818765608277,0.46378879771673204,62.38779174147218,76.4804469273743,24.748603351955307,0.0,82.31597845601436,7.598944591029023,99.45098039215686,56.59340659340659,7.535986452159187,92.46401354784082,21.703296703296704,7.6007326007326
2021,"Census Tract 16.08, Mecklenburg County, North Carolina",37119001608,24.147727272727273,11.245265151515152,7.149621212121213,42.21117424242424,13.896780303030305,31.889204545454547,4.853219696969697,62.75327771156138,72.87234042553192,8.396656534954406,4.081632653061225,65.73301549463648,6.242197253433209,91.13982464236271,49.25650557620818,11.706783369803063,88.29321663019694,42.68897149938042,11.400247831474598
2021,"Census Tract 16.09, Mecklenburg County, North Carolina",37119001609,28.010645375914837,11.809713905522289,5.888223552894212,30.938123752495013,15.103127079174982,41.84963406520293,6.220891550232867,73.70317002881845,73.84780278670954,20.632368703108252,0.0,74.71181556195965,6.33086876155268,95.34180278281912,69.19233971690258,6.46417445482866,93.53582554517133,40.46627810158201,11.99000832639467
2021,"Census Tract 17.01, Mecklenburg County, North Carolina",37119001701,25.552265998633565,4.7369619676611245,0.8198588020951947,34.20633113186062,36.84809838305625,23.912548394443178,4.2131632885447505,47.18954248366013,86.62280701754386,41.0453216374269,0.0,77.73420479302833,2.410770194113964,91.87763713080169,80.10335917312662,7.238734419942474,92.76126558005753,22.22222222222222,10.852713178294573
2021,"Census Tract 17.02, Mecklenburg County, North Carolina",37119001702,29.369212962962965,4.817708333333334,5.685763888888888,27.430555555555557,25.04340277777778,38.55613425925926,3.284143518518518,70.97762794973951,71.84535104364326,22.39089184060721,13.891285591026747,58.44315047502299,2.2736583367472347,95.86950802420415,65.16411378555799,6.314063140631407,93.6859368593686,37.76805251641137,13.172866520787746
2021,"Census Tract 18.01, Mecklenburg County, North Carolina",37119001801,16.641337386018236,3.64741641337386,1.21580547112462,35.03039513677811,60.1063829787234,3.64741641337386,0.0,43.508287292817684,92.62062440870388,49.76348155156102,0.0,93.23204419889503,5.104831358249772,95.74944071588367,73.94270122783084,4.308093994778068,95.69190600522192,26.603001364256478,3.547066848567531
2021,"Census Tract 18.02, Mecklenburg County, North Carolina",37119001802,16.50456822870616,13.144709696433834,5.334512231063955,24.786324786324787,57.05865016209843,8.930150309460656,3.8903625110521665,60.49861495844875,95.79961464354528,47.784200385356456,2.6,84.48753462603878,4.0867093105899075,95.93721144967682,69.93087557603687,5.754614549402823,94.24538545059717,44.18202764976959,2.3617511520737327
2021,"Census Tract 19.10, Mecklenburg County, North Carolina",37119001910,26.777939042089987,12.75399129172714,13.697387518142234,32.89187227866473,10.95791001451379,37.209724238026126,5.243105950653121,66.97635135135135,72.39999999999999,14.742857142857144,3.080568720379147,62.457770270270274,5.277502477700693,93.56854097758178,73.23943661971832,6.487804878048781,93.51219512195122,43.140323422013566,13.406364110589465
2021,"Census Tract 19.11, Mecklenburg County, North Carolina",37119001911,21.550802139037433,13.689839572192513,9.643493761140821,51.657754010695186,18.609625668449198,17.237076648841352,2.8520499108734403,74.45763405648792,89.73393574297188,23.744979919678716,5.88235294117647,80.02455996725337,4.6125880481708705,92.17419777341192,85.68720379146919,3.959945380063723,96.04005461993627,65.11848341232226,13.507109004739338
2021,"Census Tract 19.14, Mecklenburg County, North Carolina",37119001914,25.299730853927088,8.074382187423538,11.646684609738195,30.60924883777832,36.01663812087105,18.840225103988256,2.8872033276241744,72.48995983935743,74.53763440860214,29.935483870967744,6.338028169014084,75.83668005354752,6.059613494923027,96.04121475054231,60.428994082840234,3.012912482065997,96.987087517934,38.75739644970414,6.952662721893491
2021,"Census Tract 19.16, Mecklenburg County, North Carolina",37119001916,29.644087256027557,11.871412169919633,8.220436280137774,42.75545350172216,28.7256027554535,19.12743972445465,1.1710677382319175,87.29042725797729,90.54106656286493,24.678863370961462,0.0,83.66684694429422,5.189295039164491,93.19301388266905,89.55613577023499,11.903392754456585,88.09660724554341,65.0130548302872,2.8067885117493474
2021,"Census Tract 19.17, Mecklenburg County, North Carolina",37119001917,27.75141242937853,8.47457627118644,2.1016949152542375,25.92090395480226,33.06214689265537,36.09039548022599,2.824858757062147,73.43494828524769,75.52836484983315,18.687430478309235,3.1600407747196737,76.86445291235711,3.4720050046918987,93.32719742291764,81.48420279206466,5.551700208188757,94.44829979181124,50.18368846436444,0.0
2021,"Census Tract 19.18, Mecklenburg County, North Carolina",37119001918,23.00480769230769,7.187499999999999,3.581730769230769,53.46153846153846,16.682692307692307,23.846153846153847,2.4278846153846154,67.51035434882651,86.88873139617293,24.238128986534374,1.340033500837521,77.40450989415555,6.369029035279425,92.85140562248996,69.6470588235294,9.62254120148857,90.37745879851144,24.58823529411765,6.529411764705882
2021,"Census Tract 19.19, Mecklenburg County, North Carolina",37119001919,24.81042654028436,9.810426540284361,10.616113744075829,31.895734597156398,24.43127962085308,28.009478672985782,5.04739336492891,67.66839378238342,85.31443111595783,29.116684841875685,4.098360655737705,78.08290155440415,2.67515923566879,87.32066692516479,70.35206917850525,5.707629586488061,94.29237041351193,57.99876466954911,5.92958616429895
2021,"Census Tract 19.20, Mecklenburg County, North Carolina",37119001920,31.223840616105807,8.387744851833249,3.7334672693788713,30.45370835426084,19.65511468273899,44.88531726100787,1.2723924326134273,64.02590931738914,80.30083887763956,19.26525889499566,1.1037527593818985,77.82760338814151,5.282375851996105,79.07692307692308,76.53799758745477,3.82830626450116,96.17169373549885,61.942098914354645,7.237635705669482
2021,"Census Tract 19.21, Mecklenburg County, North Carolina",37119001921,25.69692637598284,10.364546104360258,13.688348820586132,38.95639742673338,20.621872766261614,23.55253752680486,3.18084345961401,71.54673283705542,79.89864864864865,19.6509009009009,11.970534069981584,81.05872622001654,3.0784030784030785,92.46889325474787,81.89252336448598,5.622932745314222,94.37706725468577,69.9766355140187,2.6869158878504673
2021,"Census Tract 19.22, Mecklenburg County, North Carolina",37119001922,28.769692423105774,8.064516129032258,0.7126781695423856,43.62340585146286,22.280570142535634,30.213803450862713,3.1695423855963987,62.402923709456374,80.20351526364477,17.545482577860007,2.780536246276067,83.78254910918228,7.819905213270142,87.22951401206102,69.73913043478261,6.045751633986928,93.95424836601308,68.6376811594203,4.753623188405797
2021,"Census Tract 19.23, Mecklenburg County, North Carolina",37119001923,24.99406034687574,9.289617486338798,0.23758612497030174,44.90377761938703,25.706818721786647,28.320266096459967,0.831551437396056,76.9621682665161,88.0,17.724137931034484,0.0,90.11857707509881,2.882483370288248,93.92999556933984,91.91222570532915,9.477866061293984,90.52213393870602,43.8871473354232,1.128526645768025
2021,"Census Tract 19.24, Mecklenburg County, North Carolina",37119001924,27.24576271186441,14.152542372881355,26.864406779661014,34.87288135593221,8.686440677966102,23.85593220338983,5.720338983050848,80.74712643678161,48.50136239782017,9.60490463215259,21.0,80.07662835249042,2.3878858474082705,90.45183290707587,54.58879618593564,21.294559099437148,78.70544090056285,39.33253873659118,24.791418355184742
2021,"Census Tract 19.25, Mecklenburg County, North Carolina",37119001925,27.194816053511705,2.069397993311037,3.887959866220736,66.42976588628763,9.657190635451505,17.66304347826087,2.3620401337792645,77.59967118783395,70.78146611341633,20.98893499308437,0.0,67.03658035347307,4.823428079242033,93.42915811088297,65.2486187845304,5.08652333508128,94.91347666491872,26.13259668508287,6.0220994475138125
2021,"Census Tract 19.26, Mecklenburg County, North Carolina",37119001926,18.820391227030232,10.10669828097214,1.4819205690574984,56.66864256075874,21.72495554238293,12.596324836988737,7.528156490812092,62.88546255506608,93.92109500805152,44.28341384863124,12.748344370860929,89.97797356828194,4.089083607155896,95.38315088053308,70.83333333333334,3.6353771025501898,96.36462289744982,28.603603603603606,16.77927927927928
2021,"Census Tract 19.27, Mecklenburg County, North Carolina",37119001927,19.63033779477374,3.9196940726577436,0.0,54.23836838750796,11.695347355003188,30.81580624601657,3.2504780114722758,53.92008093070309,86.11872146118722,23.24200913242009,18.487394957983195,62.51896813353566,4.559873116574147,97.88235294117648,84.60342146189736,15.059445178335535,84.94055482166446,0.0,2.021772939346812
2021,"Census Tract 20.04, Mecklenburg County, North Carolina",37119002004,26.579597599717612,13.466290151782562,4.465231203671021,28.697493822802684,51.25308859865867,10.871867278503352,4.712319096364278,67.8677405680373,97.60765550239235,61.42029715436917,18.493803622497616,84.86646884272997,8.100961538461538,100.0,89.13443830570903,2.4258760107816713,97.57412398921834,57.32044198895028,4.143646408839778
2021,"Census Tract 20.05, Mecklenburg County, North Carolina",37119002005,18.092105263157894,13.304093567251464,12.5,4.422514619883041,72.07602339181285,10.124269005847953,0.8771929824561403,64.00476758045292,97.83908045977012,68.87356321839081,39.79328165374677,96.5435041716329,4.417670682730924,86.69698692438885,87.74145616641901,11.737704918032787,88.26229508196721,21.768202080237742,0.0
2021,"Census Tract 20.06, Mecklenburg County, North Carolina",37119002006,23.53585112205802,14.313081554460865,0.21893814997263275,2.572523262178435,92.85714285714286,3.7493158182813353,0.60207991242474,55.40287320424735,91.55405405405406,63.701201201201194,34.54545454545455,94.316052467208,8.267716535433072,93.19693094629156,86.33540372670807,15.362149532710282,84.63785046728972,76.32850241545893,0.0
2021,"Census Tract 20.07, Mecklenburg County, North Carolina",37119002007,14.880461665292662,23.371805441055233,14.46826051112943,32.234130255564715,41.467436108821104,4.451772464962902,7.378400659521847,78.47976307996052,76.41000490436488,44.72780774889652,10.034602076124568,80.35538005923001,1.4043583535108959,98.92205638474294,65.7298277425204,8.159866777685263,91.84013322231473,50.49864007252947,2.175883952855848
2021,"Census Tract 20.08, Mecklenburg County, North Carolina",37119002008,17.866847826086957,29.04211956521739,2.8872282608695654,14.470108695652172,81.35190217391305,1.2907608695652173,0.0,65.22116218560278,93.20388349514563,66.10384128324188,19.760479041916167,91.15351257588898,5.707196029776675,99.21722113502935,91.61442006269593,4.276069017254313,95.72393098274569,97.88401253918495,1.9592476489028214
2021,"Census Tract 21, Mecklenburg County, North Carolina",37119002100,24.009171306911234,11.496888306583688,7.828365542089748,20.176875204716673,60.36685227644939,3.504749426793318,8.123157549950868,53.35515548281505,94.10722197607444,41.072219760744346,20.597014925373134,90.34369885433715,5.086206896551724,93.29962073324906,77.23342939481267,3.2078103207810322,96.79218967921896,43.51585014409222,6.9164265129683
2021,"Census Tract 22.01, Mecklenburg County, North Carolina",37119002201,28.49141150112024,8.775205377147124,2.9499626587005228,7.356235997012696,78.34204630321136,10.231516056758776,1.1202389843166543,45.96122778675283,97.34417344173441,80.5420054200542,27.66393442622951,89.74151857835218,5.013054830287206,98.13504823151126,95.50140581068416,7.937877480586712,92.0621225194133,57.263355201499536,5.998125585754452
2021,"Census Tract 22.02, Mecklenburg County, North Carolina",37119002202,16.957210776545168,15.657686212361332,0.3803486529318542,9.096671949286845,86.65610142630746,1.9651347068145801,1.9017432646592711,36.224489795918366,99.37833037300177,74.51154529307283,50.76586433260394,88.64795918367348,5.4961832061068705,100.0,90.69946195234435,8.573436401967674,91.42656359803233,54.95772482705611,2.690238278247502
2021,"Census Tract 23, Mecklenburg County, North Carolina",37119002300,42.91523303096653,8.789490147012824,0.3440725680325305,89.95933687832343,2.283390678761339,4.973412574288395,2.439787300594307,37.60848601735776,79.5087265675501,9.179056237879767,0.0,66.63452266152362,4.063701263042285,84.49920508744037,52.532679738562095,2.9341792228390164,97.06582077716098,20.424836601307188,30.718954248366014
2021,"Census Tract 24, Mecklenburg County, North Carolina",37119002400,12.171988618400253,4.394562124565287,0.6006955422067657,7.239962061334176,81.56813152070819,4.7423332279481505,5.848877647802719,45.366685616827745,96.74698795180723,78.91566265060241,24.334600760456272,81.23934053439454,1.9078473722102232,97.92617171298217,92.70601336302894,10.289710289710289,89.71028971028971,32.906458797327396,4.008908685968819
2021,"Census Tract 25, Mecklenburg County, North Carolina",37119002500,10.477515067222996,5.563282336578582,1.9935095039406583,8.437644877144182,80.62123319425127,6.815020862308763,2.132591562355123,44.090587402689316,99.11556603773585,81.13207547169812,30.76923076923077,88.25194621372965,4.816157431382703,97.80979827089337,88.07407407407408,9.819639278557114,90.18036072144288,26.37037037037037,2.5185185185185186
2021,"Census Tract 26, Mecklenburg County, North Carolina",37119002600,13.76075058639562,9.382329945269742,6.020328381548085,20.40656763096169,64.97263487099296,2.2673964034401877,6.333072713057075,24.081632653061224,93.48469891411648,63.57354392892399,47.27272727272727,66.53061224489795,5.077062556663645,97.30941704035875,83.90977443609022,17.698019801980198,82.30198019801979,41.95488721804511,5.864661654135339
2021,"Census Tract 27.01, Mecklenburg County, North Carolina",37119002701,14.894319682959049,18.130779392338177,0.4953764861294584,1.0898282694848085,91.84280052840158,5.5482166446499335,1.0237780713342142,23.39688041594454,98.9613626921479,84.08807644370586,43.037974683544306,81.80242634315424,1.590997283663174,97.7409638554217,88.04780876494024,3.8314176245210727,96.16858237547893,82.39043824701196,2.2310756972111556
2021,"Census Tract 27.02, Mecklenburg County, North Carolina",37119002702,25.473612990527737,10.26725304465494,3.4675236806495264,1.7929634641407306,89.64817320703654,3.7212449255751014,1.3700947225981055,24.946785866326096,100.0,89.4406392694064,45.2914798206278,90.50659855257557,4.584657285519746,98.82770870337477,93.24853228962819,4.485981308411215,95.51401869158879,82.38747553816047,2.299412915851272
2021,"Census Tract 28, Mecklenburg County, North Carolina",37119002800,26.490236382322713,19.88694758478931,0.10277492291880781,1.1048304213771838,97.4563206577595,1.1305241521068858,0.20554984583761562,22.79102384291725,100.0,90.59549745824256,56.98778833107191,98.03646563814866,11.429570080391471,97.82202862476665,93.42359767891682,4.495073891625616,95.50492610837439,94.26176660219213,0.3868471953578337
2021,"Census Tract 29.03, Mecklenburg County, North Carolina",37119002903,19.597115145486196,15.443919423029099,3.8298930614275055,6.988311365332008,85.60059686645113,1.4672966923650834,2.113902014424273,61.866818440523616,100.0,84.16775032509753,60.111576011157595,92.25953329538987,3.0621713578719456,98.80478087649402,91.30434782608695,12.253141831238779,87.74685816876122,50.127877237851656,2.0971867007672635
2021,"Census Tract 29.05, Mecklenburg County, North Carolina",37119002905,28.33906787613388,17.547700969659054,2.6274632467938694,1.563966218329684,90.5536440412887,2.4085079762277135,2.8464185173600254,50.43394406943105,98.81908360888049,84.93150684931507,40.735694822888284,88.8138862102218,4.801396769969446,97.21229449606862,89.47368421052632,23.7183446571958,76.2816553428042,72.06477732793523,5.182186234817814
2021,"Census Tract 29.07, Mecklenburg County, North Carolina",37119002907,31.911532385466035,8.66245392311743,19.010005265929436,6.266456029489205,61.795681937862035,4.318062137967351,8.609794628751976,65.36124240378123,96.2280325760823,77.15387912558937,53.09033280507131,91.3571910871033,5.181747873163187,100.0,92.47626004382761,9.874917709019092,90.12508229098091,45.28853177501826,0.0
2021,"Census Tract 29.08, Mecklenburg County, North Carolina",37119002908,21.93877551020408,25.630252100840334,0.9303721488595438,0.9303721488595438,92.70708283313326,4.201680672268908,1.2304921968787514,50.64488392089424,97.89983844911147,69.66882067851373,30.309278350515463,95.95872742906278,8.765859284890427,99.60106382978722,84.24460431654677,7.579787234042554,92.42021276595744,72.73381294964028,10.503597122302159
2021,"Census Tract 29.09, Mecklenburg County, North Carolina",37119002909,21.761363636363637,15.795454545454547,8.46590909090909,0.0,87.55681818181819,0.0,3.977272727272727,45.97855227882037,100.0,81.053525913339,21.794871794871796,83.51206434316354,4.066811909949164,98.20923656927427,74.70862470862471,11.90965092402464,88.09034907597535,30.885780885780882,6.643356643356643
2021,"Census Tract 29.10, Mecklenburg County, North Carolina",37119002910,15.07537688442211,10.489949748743719,3.329145728643216,5.276381909547738,81.28140703517587,0.9108040201005024,9.202261306532664,56.675392670157066,96.6615502686109,68.45740598618573,15.934065934065933,82.72251308900523,3.7352071005917162,99.38212927756655,82.22600795002839,16.06291706387035,83.93708293612964,33.27654741624077,12.208972174900625
2021,"Census Tract 30.06, Mecklenburg County, North Carolina",37119003006,21.321776814734562,15.882990249187431,5.352112676056338,5.308775731310942,83.70530877573131,3.4886240520043335,2.145178764897075,58.93333333333334,97.64773379231211,68.9041881812966,30.612244897959183,91.46666666666667,4.979253112033195,95.95574208317436,93.87351778656127,3.065134099616858,96.93486590038314,66.00790513833992,0.4940711462450593
2021,"Census Tract 30.08, Mecklenburg County, North Carolina",37119003008,26.618705035971225,15.383437930506657,4.852288382060309,4.622684830858717,79.38160110209705,10.026021735802846,1.1174039491810805,63.410221619176845,97.5199291408326,59.52170062001771,33.16326530612245,82.18000904568069,4.673093042749371,93.72537985368598,89.54716981132076,4.124457308248915,95.87554269175108,59.16981132075472,5.773584905660377
2021,"Census Tract 30.12, Mecklenburg County, North Carolina",37119003012,27.30952380952381,22.0,2.047619047619048,16.88095238095238,72.57142857142857,5.904761904761905,2.5952380952380953,60.79545454545454,96.76419965576592,65.5421686746988,29.84084880636605,91.40625,5.339010809040288,98.45415778251599,75.49280767181673,8.617332035053554,91.38266796494645,52.53063399041022,13.585508790623335
2021,"Census Tract 30.13, Mecklenburg County, North Carolina",37119003013,25.283171521035598,16.828478964401295,4.733009708737864,0.4449838187702265,91.10032362459548,2.7710355987055015,0.9506472491909385,70.69059271343122,98.93769738730978,78.92621303474017,33.92670157068063,93.09407286568788,7.606930157011369,97.68718149745197,92.35569422776912,1.9377868434472207,98.06221315655279,94.59178367134685,3.7961518460738426
2021,"Census Tract 30.15, Mecklenburg County, North Carolina",37119003015,22.635319846910882,19.591762347366505,4.55622380171314,6.779661016949152,79.66101694915254,6.560962274466922,2.442135957718243,71.25129265770424,99.5080269290523,71.51734852408079,39.229024943310655,94.41571871768356,8.409893992932863,94.09158050221565,93.69416710457172,0.0,100.0,90.12086179716238,0.0
2021,"Census Tract 30.16, Mecklenburg County, North Carolina",37119003016,30.660679923027583,10.049176822749626,31.152448150523842,10.412657686551208,50.096215522771004,3.6561898652982685,4.682488774855677,62.97918948521358,97.8083087994766,71.50801439319594,8.30945558739255,77.92990142387733,5.550416281221091,95.76719576719577,88.04780876494024,3.8840262582056897,96.11597374179432,46.21513944223107,2.7319294251565167
2021,"Census Tract 30.17, Mecklenburg County, North Carolina",37119003017,25.432295823357276,16.573556797020483,2.527267890396382,8.16706570896515,79.96807661612131,5.426975259377494,3.910614525139665,60.86956521739131,99.32508436445444,66.81664791901012,31.204644412191584,85.95866001425517,3.745986443096682,93.74684820978317,91.00599600266489,4.455760661998727,95.54423933800126,85.80946035976015,1.1992005329780147
2021,"Census Tract 30.18, Mecklenburg County, North Carolina",37119003018,18.460298266827895,15.517936316001613,5.92503022974607,4.877065699314793,83.99838774687626,3.6275695284159615,1.5719467956469164,62.09606986899563,96.54989384288747,62.31422505307855,32.5068870523416,95.28384279475982,4.160475482912332,94.4095038434661,92.1259842519685,10.212097407698352,89.78790259230165,63.342082239720035,2.712160979877515
2021,"Census Tract 30.19, Mecklenburg County, North Carolina",37119003019,28.877551020408166,17.857142857142858,1.9387755102040816,2.4489795918367347,92.09183673469387,0.0,3.520408163265306,60.94771241830066,97.41750358680056,80.84648493543759,1.4598540145985401,97.38562091503267,4.375896700143472,96.0,92.20945083014048,13.956043956043956,86.04395604395604,88.88888888888889,0.0
2021,"Census Tract 30.20, Mecklenburg County, North Carolina",37119003020,27.162508743296804,25.04080205176032,1.6087666122639308,1.981813942643973,94.33434366985311,1.6087666122639308,0.4663091629750525,73.12588401697313,97.7621910487642,80.7615230460922,59.7092419522326,95.61527581329563,5.985915492957746,96.13453815261043,88.96639188332276,2.9538461538461536,97.04615384615384,95.87824984147116,3.614457831325301
2021,"Census Tract 30.21, Mecklenburg County, North Carolina",37119003021,32.65442404006678,8.981636060100167,4.540901502504173,1.2353923205342237,88.34724540901503,2.2370617696160267,3.6393989983305506,59.11193339500463,99.23076923076923,84.87179487179488,45.0,94.63459759481961,6.494794248884482,97.0310391363023,90.24163568773234,1.2844036697247707,98.71559633027523,63.19702602230484,1.3940520446096654
2021,"Census Tract 30.22, Mecklenburg County, North Carolina",37119003022,32.48075490439533,24.13707474546809,3.1288800595977153,2.5825676682393843,85.02607400049665,3.253041966724609,6.009436304941644,70.07104795737122,98.41089670828603,78.3957623912221,31.863727454909817,97.51332149200711,13.240161824200072,97.50580046403712,87.22327640733712,6.67060212514758,93.32939787485242,87.4762808349146,7.590132827324478
2021,"Census Tract 31.02, Mecklenburg County, North Carolina",37119003102,14.09035409035409,18.266178266178265,1.0256410256410255,10.94017094017094,60.24420024420024,21.92918192918193,5.86080586080586,37.94825238311393,87.92995622263915,58.88055034396498,34.48275862068966,83.5224693599637,3.581580443433769,99.1977537103891,71.40896614821592,3.9964866051822576,96.00351339481774,43.4583714547118,16.605672461116193
2021,"Census Tract 31.05, Mecklenburg County, North Carolina",37119003105,18.771421038755605,21.671500131821777,0.6063801740047456,2.847350382283153,89.32243606643817,5.272871078302136,1.9509622989717903,43.53577871316897,99.17780061664953,69.98972250770812,22.063037249283667,86.28983764281419,4.9185667752443,94.77747502270662,91.83673469387756,6.078860898138007,93.921139101862,85.94752186588921,0.0
2021,"Census Tract 31.06, Mecklenburg County, North Carolina",37119003106,29.23266817527258,9.133923061098539,2.098333676198313,15.284920798189672,44.57930466982102,35.11623122814236,2.921209627648632,56.85618729096989,85.51680804272699,51.64938737040528,0.0,78.35642618251313,3.6337209302325584,97.02643171806167,80.53435114503816,2.5504782146652496,97.44952178533475,71.64667393675028,1.7993456924754636
2021,"Census Tract 31.08, Mecklenburg County, North Carolina",37119003108,26.794258373205743,5.1302498670919725,1.9138755980861244,26.66135034556087,29.0802764486975,40.802764486975015,1.541733120680489,58.82352941176471,88.32821412900394,23.38745063624397,1.1527377521613833,75.81699346405229,5.083514887436456,91.96391963919639,71.66212534059946,5.594855305466238,94.40514469453376,34.12806539509537,7.288828337874659
2021,"Census Tract 31.09, Mecklenburg County, North Carolina",37119003109,30.98048662972778,1.469525415562515,1.927246446639364,33.82317513852084,10.69621777884847,52.27655986509275,1.2768007708985787,54.373309287646535,77.59795570698466,27.086882453151617,5.463182897862233,60.820559062218216,1.6117729502452698,92.80318091451292,68.8961038961039,6.326034063260341,93.67396593673966,1.3636363636363635,11.883116883116882
2021,"Census Tract 31.10, Mecklenburg County, North Carolina",37119003110,10.929705215419501,8.435374149659863,0.7256235827664399,0.0,80.2267573696145,11.383219954648526,7.6643990929705215,50.26773761713521,99.2094861660079,69.84754376058724,0.0,92.9718875502008,1.2729124236252547,98.71495327102804,94.71624266144813,5.10677808727948,94.89322191272052,78.37573385518591,2.73972602739726
2021,"Census Tract 31.11, Mecklenburg County, North Carolina",37119003111,25.445754004230885,3.868238138410396,4.895738893925658,3.777576307041403,86.49138712601994,4.835297673012995,0.0,52.49020705092333,96.05385329619313,75.95171773444754,16.225749559082892,93.34079462786794,1.7024726388325904,100.0,94.04052443384982,13.05699481865285,86.94300518134716,49.165673420738976,2.9201430274135878
2021,"Census Tract 32.01, Mecklenburg County, North Carolina",37119003201,16.53010331314571,10.901318133238332,0.6768792304951906,4.773779836123976,71.3216957605985,21.6601353758461,1.5675097969362308,37.96856106408706,92.11798839458413,44.294003868471954,0.0,79.68561064087062,5.5911224925309435,98.6013986013986,81.14754098360656,9.495548961424333,90.50445103857567,72.54098360655738,3.360655737704918
2021,"Census Tract 32.03, Mecklenburg County, North Carolina",37119003203,18.571428571428573,4.484126984126984,2.8174603174603177,21.984126984126984,62.023809523809526,6.15079365079365,7.023809523809524,48.365617433414045,98.91891891891892,58.01801801801801,23.239436619718308,81.53753026634382,4.901960784313726,95.17543859649122,79.77611940298507,12.01575837163493,87.98424162836507,24.70149253731343,9.701492537313433
2021,"Census Tract 32.04, Mecklenburg County, North Carolina",37119003204,16.152897657213316,18.495684340320594,1.3563501849568433,5.702836004932182,81.3501849568434,5.887792848335388,5.702836004932182,41.99011997177135,95.89968152866241,68.98885350318471,29.936305732484076,88.9908256880734,4.926470588235294,89.58773784355179,86.33271490414347,7.968127490039841,92.03187250996015,66.48113790970935,8.596165739022881
2021,"Census Tract 33.01, Mecklenburg County, North Carolina",37119003301,6.507936507936509,3.0952380952380953,0.0,4.603174603174604,89.52380952380953,5.873015873015873,0.0,28.31858407079646,94.97206703910615,77.87709497206704,0.0,77.74968394437421,1.9524617996604414,98.58889934148635,86.13989637305698,10.544611819235227,89.45538818076477,11.78756476683938,9.067357512953368
2021,"Census Tract 33.02, Mecklenburg County, North Carolina",37119003302,17.287234042553195,10.67629179331307,3.3054711246200608,2.507598784194529,86.8161094224924,2.0516717325227964,5.319148936170213,35.99656357388316,93.24650265315967,72.02122527737579,25.5,89.3470790378007,4.271933853927424,98.05471124620061,83.94957983193278,2.618657937806874,97.38134206219313,60.84033613445378,9.411764705882353
2021,"Census Tract 34.01, Mecklenburg County, North Carolina",37119003401,13.992226540810659,7.606885063853415,1.8878400888395337,1.3881177123820099,75.23598001110494,18.989450305385898,2.498611882287618,36.241610738255034,100.0,88.03061934585944,11.666666666666666,80.16405667412378,5.229180116204002,100.0,90.8203125,9.859154929577464,90.14084507042254,41.50390625,0.0
2021,"Census Tract 34.02, Mecklenburg County, North Carolina",37119003402,21.94879443201591,6.761123539647029,2.361421824509073,0.9445687298036292,89.51031568481233,4.57370121799652,2.609992542878449,35.621934908604544,97.87234042553192,78.17433081674675,19.814814814814817,83.01382077574677,5.127388535031847,99.37706119457677,96.51162790697676,8.168713294180458,91.83128670581954,67.84883720930233,0.0
2021,"Census Tract 35, Mecklenburg County, North Carolina",37119003500,9.536275243081525,14.659685863874344,2.505609573672401,0.6357516828721017,89.30441286462228,2.281226626776365,5.272999252056844,25.320729237002027,98.92809289861545,88.6109870477892,38.69346733668342,90.14179608372721,8.449514152936207,96.78942398489141,91.30162703379224,10.825892857142858,89.17410714285714,60.82603254067585,5.319148936170213
2021,"Census Tract 36, Mecklenburg County, North Carolina",37119003600,14.151480637813213,11.047835990888382,3.189066059225513,40.66059225512528,42.19817767653758,9.766514806378131,4.185649202733485,19.034852546916888,89.87885892926924,54.59163735834311,6.048387096774194,67.07774798927613,5.129913391072619,99.17962003454231,73.92653905845835,16.68103448275862,83.31896551724138,36.21314019658562,11.433005690636316
2021,"Census Tract 37.01, Mecklenburg County, North Carolina",37119003701,2.894270525694034,2.894270525694034,3.1896042528056703,15.121086828115772,78.79503839338452,0.7088009450679268,2.1854695806261075,33.92425463336019,95.16981132075472,80.52830188679245,0.0,82.59468170829976,1.4093137254901962,93.77835385612443,84.96563573883161,22.08835341365462,77.91164658634538,0.0,6.872852233676976
2021,"Census Tract 37.02, Mecklenburg County, North Carolina",37119003702,22.675641564997896,3.197307530500631,1.051745898190997,46.52923853596971,44.67816575515356,6.100126209507783,1.6407236011779556,32.76283618581907,88.65910607071382,44.96330887258172,0.0,79.05460472697636,0.2720348204570185,95.04761904761905,70.09174311926606,9.842845326716294,90.1571546732837,9.44954128440367,7.706422018348624
2021,"Census Tract 38.02, Mecklenburg County, North Carolina",37119003802,29.327563249001333,16.81091877496671,0.0,82.45672436750998,2.896138482023968,12.88282290279627,1.7643142476697737,38.658428949691086,75.34685165421558,5.9765208110992525,0.1303780964797914,82.17122683142101,7.395195478097033,89.65517241379311,47.81533388293487,9.74702380952381,90.25297619047619,36.27370156636439,10.469909315746085
2021,"Census Tract 38.05, Mecklenburg County, North Carolina",37119003805,16.12987012987013,1.6623376623376624,23.792207792207794,22.987012987012985,40.129870129870135,8.987012987012987,4.103896103896104,39.38372652864709,93.4295480440562,63.577668059248005,0.0,80.83774675012036,2.384639207184887,96.54696132596685,83.7,2.3914104441190824,97.60858955588093,18.25,14.2
2021,"Census Tract 38.07, Mecklenburg County, North Carolina",37119003807,31.618727692630692,9.40583665756876,4.47197144656729,35.54482469032123,8.461053957589755,49.92651690111274,1.5956330044089857,47.776628748707346,71.19565217391305,23.369565217391305,0.0,63.960703205791106,1.6579674547129262,94.96828752642706,70.42345276872965,6.856796116504854,93.14320388349515,35.76547231270359,5.863192182410423
2021,"Census Tract 38.08, Mecklenburg County, North Carolina",37119003808,29.57705253914825,2.1074198741402017,2.209863895799795,27.77696472998683,4.244109468754574,65.5788087223767,0.19025318308210157,56.048387096774185,67.41437530149543,21.659430776652194,7.3116691285081234,57.25806451612904,3.0964256026600165,92.53006475485661,51.00139729855613,3.6787797218483624,96.32122027815164,19.655333022822543,11.504424778761061
2021,"Census Tract 38.09, Mecklenburg County, North Carolina",37119003809,23.864258347016968,11.412151067323482,11.904761904761903,45.26546250684182,20.14230979748221,20.607553366174056,2.079912424740011,54.09930715935335,84.8249027237354,31.647211413748376,2.10896309314587,71.30484988452656,4.529115744069015,95.30562347188264,83.33333333333334,9.236363636363636,90.76363636363637,50.641025641025635,5.128205128205128
2021,"Census Tract 38.10, Mecklenburg County, North Carolina",37119003810,27.858803635595013,8.750792644261256,18.74867892623124,29.169308814204186,10.67427605157472,41.407736207989856,0.0,31.891891891891895,77.82270606531881,47.527216174183515,20.230607966457022,61.711711711711715,3.96332446021887,96.17940199335548,73.76738305941845,8.289855072463768,91.71014492753623,31.605562579013906,8.97597977243995
2021,"Census Tract 38.11, Mecklenburg County, North Carolina",37119003811,16.382575757575758,8.948863636363637,3.787878787878788,66.76136363636364,13.399621212121213,10.984848484848484,5.066287878787879,40.208667736757626,85.63291139240506,31.39240506329114,87.86127167630057,78.65168539325843,3.057757644394111,94.51219512195121,86.16684266103485,16.41659311562224,83.58340688437775,39.5987328405491,3.37909186906019
2021,"Census Tract 39.02, Mecklenburg County, North Carolina",37119003902,28.568527918781726,14.720812182741117,1.7258883248730965,81.62436548223351,3.3502538071065993,8.406091370558375,4.893401015228426,47.415506958250496,79.41359950093575,17.747972551466002,6.60377358490566,75.3479125248509,3.3582089552238807,91.60401002506265,56.24365482233502,6.011450381679389,93.98854961832062,33.95939086294416,12.893401015228426
2021,"Census Tract 39.03, Mecklenburg County, North Carolina",37119003903,42.19150025601638,15.309779825908858,6.1955965181771635,69.17562724014337,4.352278545826933,15.514592933947775,4.761904761904762,41.361256544502616,74.0096618357488,15.265700483091788,4.375,73.99650959860384,5.253623188405797,88.53868194842407,38.47926267281106,10.330578512396695,89.6694214876033,6.336405529953917,37.903225806451616
2021,"Census Tract 40, Mecklenburg County, North Carolina",37119004000,28.597122302158272,10.341726618705035,7.598920863309353,64.92805755395683,14.43345323741007,6.182553956834532,6.857014388489209,44.496762801648025,79.2909792909793,14.18041418041418,4.032258064516129,77.69276044732194,6.013853904282116,84.8987108655617,57.85674625208218,8.717688798783579,91.28231120121643,45.641310383120484,16.435313714602998
2021,"Census Tract 41.01, Mecklenburg County, North Carolina",37119004101,20.766590389016017,6.064073226544623,0.5148741418764302,43.993135011441645,40.56064073226545,10.469107551487413,4.462242562929062,33.108866442199776,94.99165275459099,64.52420701168614,29.749103942652326,85.40965207631874,2.96028880866426,96.4041095890411,87.74752475247524,7.972665148063782,92.02733485193622,33.78712871287129,7.5495049504950495
2021,"Census Tract 41.02, Mecklenburg County, North Carolina",37119004102,15.598885793871867,5.257660167130919,6.963788300835655,37.08217270194986,39.06685236768802,10.376044568245126,6.511142061281337,28.13884785819793,95.44431946006749,69.34758155230595,5.9171597633136095,90.98966026587888,3.5478547854785476,87.9493670886076,88.9293517844137,12.603437301082113,87.39656269891789,44.57392571012382,2.6219956300072833
2021,"Census Tract 42, Mecklenburg County, North Carolina",37119004200,24.47058823529412,16.20168067226891,0.03361344537815126,70.89075630252101,16.26890756302521,5.546218487394958,7.260504201680671,27.85123966942149,74.2636407532593,14.775470787059392,6.7761806981519515,73.63636363636363,5.5629728526924795,93.73764007910349,62.004662004662,15.661861074705111,84.33813892529488,35.27583527583528,24.708624708624708
2021,"Census Tract 43.02, Mecklenburg County, North Carolina",37119004302,31.711481007255653,11.011523687580025,4.99359795134443,74.6052069995732,5.740503627827572,12.526675202731541,2.1340162185232607,31.942215088282506,80.21778584392014,15.426497277676951,9.105304829770388,75.22739432851793,6.09375,90.72876239758516,51.62374020156775,14.952380952380953,85.04761904761905,39.52967525195968,14.44568868980963
2021,"Census Tract 43.03, Mecklenburg County, North Carolina",37119004303,12.896745680996386,18.159903575733228,8.196062675773403,51.988750502209726,20.40980313378867,12.374447569304941,7.030936118923263,63.443396226415096,82.93550025393601,23.108176739461655,23.902439024390244,86.39937106918238,6.918819188191883,93.1758530183727,69.8685540950455,6.9614299153339605,93.03857008466603,68.65520728008089,3.336703741152679
2021,"Census Tract 43.04, Mecklenburg County, North Carolina",37119004304,29.71046770601336,9.955456570155901,9.821826280623608,67.46102449888642,5.701559020044543,14.877505567928731,2.1380846325167036,61.42418032786885,81.85933147632312,10.759052924791087,4.57516339869281,77.81762295081968,6.55893536121673,96.42693540998626,67.52688172043011,6.688963210702341,93.31103678929766,53.62007168458781,8.817204301075268
2021,"Census Tract 43.06, Mecklenburg County, North Carolina",37119004306,22.531847133757964,9.156050955414011,0.0,63.826963906581746,3.5562632696390657,28.343949044585987,4.272823779193206,35.21594684385382,57.53182461103253,8.345120226308344,3.8863976083707024,74.33554817275747,12.332990750256938,92.26053639846742,66.26231993934799,4.420289855072464,95.57971014492753,2.501895375284306,30.477634571645183
2021,"Census Tract 43.07, Mecklenburg County, North Carolina",37119004307,20.961653089608586,6.2785614941386845,3.7949533081661038,67.21637194516194,19.67017683290284,9.020464931452414,0.2980329823167097,52.04991087344028,93.14420803782507,10.57919621749409,6.106870229007633,92.54901960784314,2.513826043237808,87.37631184407796,88.1544502617801,2.860775588048315,97.13922441195169,71.13874345549738,2.74869109947644
2021,"Census Tract 44, Mecklenburg County, North Carolina",37119004400,23.153444416811737,9.54986321810495,10.494901765729917,60.25864212882368,11.763242974384482,17.25938821188759,0.22382491917433472,59.70785149117468,71.04795737122558,12.966252220248666,2.009273570324575,83.68837492391967,6.8284789644012935,93.56962025316456,59.98702983138781,4.283054003724395,95.7169459962756,58.43060959792478,11.154345006485086
2021,"Census Tract 45, Mecklenburg County, North Carolina",37119004500,24.703557312252965,15.151515151515152,3.3596837944664033,74.83530961791831,12.25296442687747,0.7905138339920948,8.761528326745719,57.70609318996416,83.35885655946912,13.83358856559469,0.0,92.831541218638,7.26159230096238,89.28344958782498,53.05019305019305,5.058651026392962,94.94134897360705,56.602316602316606,15.83011583011583
2021,"Census Tract 46, Mecklenburg County, North Carolina",37119004600,18.3206106870229,19.56609079951788,0.0,92.96906388107674,2.169546002410607,4.539975893933307,0.32141422257934915,50.125,85.24416135881104,9.341825902335456,2.9508196721311477,88.75,8.116084604033448,93.73454245671888,47.80701754385965,12.172573189522343,87.82742681047766,46.228070175438596,20.087719298245617
2021,"Census Tract 47, Mecklenburg County, North Carolina",37119004700,14.129181084198386,4.61361014994233,2.0761245674740483,51.095732410611305,36.793540945790085,6.516724336793541,3.517877739331027,34.02889245585875,93.82530120481928,42.77108433734939,0.0,61.31621187800963,1.6118200134318332,93.65079365079364,79.55555555555556,22.547332185886404,77.4526678141136,46.22222222222222,12.222222222222221
2021,"Census Tract 48, Mecklenburg County, North Carolina",37119004800,15.186615186615187,21.428571428571427,0.0,87.8056628056628,3.7001287001286998,8.14028314028314,0.35392535392535396,39.94878361075544,80.67085953878407,16.729559748427672,5.769230769230769,90.26888604353394,8.952959028831563,94.4969905417025,34.099616858237546,10.051694428489375,89.94830557151062,38.441890166028095,35.18518518518518
2021,"Census Tract 49, Mecklenburg County, North Carolina",37119004900,15.576694411414982,23.662306777645657,0.0,94.41141498216409,5.58858501783591,0.0,0.0,46.0377358490566,85.41666666666666,5.357142857142857,0.0,49.056603773584904,5.774647887323944,87.89625360230548,72.42647058823529,4.225352112676056,95.77464788732394,74.63235294117648,1.4705882352941175
2021,"Census Tract 50, Mecklenburg County, North Carolina",37119005000,25.878594249201274,9.664536741214057,2.9552715654952078,72.56389776357828,18.849840255591054,3.913738019169329,1.7172523961661343,45.042735042735046,92.28070175438596,43.50877192982456,14.595660749506903,85.8119658119658,3.9870689655172415,96.045197740113,71.62837162837162,4.847908745247148,95.15209125475285,49.45054945054945,11.188811188811188
2021,"Census Tract 51, Mecklenburg County, North Carolina",37119005100,9.086715867158672,14.621771217712176,2.952029520295203,80.81180811808119,10.14760147601476,4.105166051660516,1.9833948339483394,68.31364124597206,84.6629213483146,11.853932584269664,0.0,74.75832438238453,3.2470826991374935,94.12265758091993,33.921074727120065,9.291698400609292,90.70830159939071,29.974811083123427,18.807724601175483
2021,"Census Tract 52, Mecklenburg County, North Carolina",37119005200,11.152882205513784,12.092731829573934,0.0,82.33082706766918,10.025062656641603,4.887218045112782,2.756892230576441,38.56,80.31959629941127,17.32548359966358,0.0,70.56,6.827880512091039,83.7579617834395,62.30569948186528,10.957324106113035,89.04267589388697,31.21761658031088,15.025906735751295
2021,"Census Tract 53.01, Mecklenburg County, North Carolina",37119005301,36.89898544331716,4.565505072783414,1.1468901632112924,52.24966916629907,10.983678870754302,35.112483458314955,0.5072783414203794,57.37265415549599,67.72445820433437,17.53095975232198,1.8472906403940887,71.58176943699732,5.627403005941979,97.92694965449161,58.45588235294118,1.150817686250757,98.84918231374924,28.676470588235293,19.301470588235293
2021,"Census Tract 53.05, Mecklenburg County, North Carolina",37119005305,25.35572661534873,17.821320270585492,0.0,72.56822953114066,1.3762537905295078,24.679262887800327,1.3762537905295078,56.34556574923547,85.7293868921776,17.653276955602536,5.719921104536489,88.83792048929664,11.59375,93.92045454545455,59.30162552679109,9.972899728997291,90.02710027100271,38.59121011438892,6.5021071643588195
2021,"Census Tract 53.06, Mecklenburg County, North Carolina",37119005306,22.15543151567196,11.76470588235294,0.0,48.389866895663374,7.556891369686561,43.752683555173896,0.30055817947617003,57.89473684210527,65.24353577871317,17.077570655441974,0.0,86.63967611336032,5.901820187534473,93.84615384615384,48.07692307692308,11.793214862681744,88.20678513731825,47.527472527472526,13.461538461538462
2021,"Census Tract 53.07, Mecklenburg County, North Carolina",37119005307,24.792243767313018,4.778393351800554,2.7008310249307477,51.66204986149584,8.541089566020315,33.86426592797784,3.2317636195752537,59.969167523124355,69.48429623885227,14.385420705699884,0.0,67.93422404933196,2.824332712600869,95.448798988622,64.30192962542566,11.01010101010101,88.98989898989899,11.52099886492622,10.61293984108967
2021,"Census Tract 53.08, Mecklenburg County, North Carolina",37119005308,34.59394904458598,4.777070063694268,2.6671974522292996,36.02707006369427,4.020700636942675,56.76751592356688,0.5175159235668789,63.75770020533881,67.66268260292165,4.714475431606906,0.0,75.97535934291582,1.8259281801582472,96.52029826014913,47.24818276220145,12.054794520547945,87.94520547945206,7.165109034267912,18.69158878504673
2021,"Census Tract 54.03, Mecklenburg County, North Carolina",37119005403,28.969594594594593,8.817567567567568,1.9256756756756759,48.125,9.949324324324325,27.75337837837838,12.246621621621621,62.5102207686018,81.1249637576109,29.283850391417804,0.9723261032161555,82.01144726083402,4.3519619500594535,96.5506228042159,69.62493396724776,5.160320641282565,94.83967935871743,65.24035921817222,5.176967776016904
2021,"Census Tract 54.04, Mecklenburg County, North Carolina",37119005404,22.081949058693244,17.07641196013289,1.6168327796234772,72.66888150609081,9.72314507198228,14.108527131782948,1.8826135105204873,61.801059446733376,88.77352368591824,17.813108371187543,0.0,90.9358446144791,8.32859579306424,98.3177570093458,62.712795167490384,4.509701101206083,95.49029889879391,56.891817682591984,9.060955518945635
2021,"Census Tract 54.05, Mecklenburg County, North Carolina",37119005405,29.149085794655416,6.680731364275667,0.949367088607595,61.63853727144867,5.344585091420535,17.616033755274263,14.451476793248947,60.49488054607508,84.71337579617835,36.19957537154989,0.0,86.94539249146757,3.6228287841191067,99.06876790830945,83.78143972246313,13.243039879608729,86.75696012039127,64.44058976582826,6.504770164787511
2021,"Census Tract 54.06, Mecklenburg County, North Carolina",37119005406,22.932717000513613,21.340523882896765,0.0,85.4904982023626,5.521314843348741,5.546995377503852,3.4411915767847976,70.42538825118163,92.79569892473118,35.30465949820788,0.291970802919708,89.87170830519919,7.630789736754415,98.50083287062743,63.233532934131745,4.352806414662084,95.64719358533792,52.81437125748503,3.8323353293413174
2021,"Census Tract 55.08, Mecklenburg County, North Carolina",37119005508,21.684414327202322,15.658276863504355,1.2342691190706678,39.18199419167473,48.88673765730881,7.865440464666021,2.8315585672797674,70.99879663056558,98.76288659793815,43.6426116838488,1.550387596899225,92.29843561973526,6.61310259579728,97.29617304492513,80.23839397741531,0.0,100.0,82.05771643663739,1.5683814303638646
2021,"Census Tract 55.10, Mecklenburg County, North Carolina",37119005510,33.94248052726183,3.565008987417615,4.493708807669263,55.19772318753745,10.020970641102457,28.879568603954464,1.408028759736369,66.15443718786015,80.466472303207,31.513384574609066,0.0,82.90434114483288,3.6281179138321997,98.04144195288107,76.14190687361419,9.18244059605316,90.81755940394683,58.49223946784923,1.2860310421286032
2021,"Census Tract 55.11, Mecklenburg County, North Carolina",37119005511,17.007382169222033,8.65985235661556,2.9244747302668936,67.94434980124929,22.14650766609881,4.770017035775128,2.2146507666098807,65.96320346320347,97.2641894650878,45.3654552878726,12.244897959183673,99.24242424242425,7.051943584451324,96.46532438478748,85.67493112947659,14.103170847136774,85.89682915286323,32.176308539944905,1.322314049586777
2021,"Census Tract 55.12, Mecklenburg County, North Carolina",37119005512,24.88657368509494,8.20030247017308,1.8484288354898337,61.2166022517224,11.645101663585953,20.61838346496387,4.671483784237943,68.01637852593267,87.5,27.625,0.0,82.98453139217472,9.347679892400807,96.63812242308913,76.78737233054783,4.900662251655629,95.09933774834437,68.33797585886722,1.2070566388115136
2021,"Census Tract 55.13, Mecklenburg County, North Carolina",37119005513,21.01821578701541,12.120504437178889,7.26296123306866,42.3633815973844,33.25548808967772,7.192900513778608,9.925268566090612,52.72189349112426,95.86894586894587,44.01709401709402,5.287009063444108,86.27218934911242,11.64991129509166,92.3739767341663,87.93103448275862,5.250875145857643,94.74912485414235,82.75862068965517,2.832512315270936
2021,"Census Tract 55.15, Mecklenburg County, North Carolina",37119005515,20.859940400170284,17.028522775649215,5.151128139633887,33.4610472541507,54.661558109833976,2.4691358024691357,4.257130693912304,60.397350993377486,95.67600487210719,50.18270401948843,31.868131868131865,86.09271523178808,4.4419766796224325,92.94770206022187,88.12691914022518,14.74694589877836,85.25305410122164,87.92221084953941,1.9447287615148412
2021,"Census Tract 55.16, Mecklenburg County, North Carolina",37119005516,27.325023969319272,10.450623202301054,1.2943432406519655,47.555129434324066,44.77468839884947,4.458293384467881,1.9175455417066156,79.3103448275862,99.29078014184397,58.234830575256105,10.784313725490197,95.11494252873564,5.287508261731659,96.63951120162932,85.90504451038575,0.0,100.0,86.20178041543026,0.1483679525222552
2021,"Census Tract 55.17, Mecklenburg County, North Carolina",37119005517,20.246305418719214,16.206896551724135,2.586206896551724,32.98029556650246,50.04926108374384,8.497536945812808,5.886699507389163,60.91661362189688,97.1816976127321,56.83023872679045,5.743243243243244,82.55887969446214,12.415071031500927,98.57574449719465,89.11946158160404,6.355042016806722,93.64495798319328,76.89287717330342,0.7851934941110488
2021,"Census Tract 55.19, Mecklenburg County, North Carolina",37119005519,30.578938326747984,6.304758632537364,10.15289469163374,39.838515718948635,38.49853976979901,9.482906717058924,2.0271431025596973,72.47284878863826,95.1923076923077,50.52197802197802,2.8612303290414878,86.17376775271512,5.147240781984657,97.6338361431529,78.47494553376906,3.205398566005905,96.7946014339941,48.932461873638346,3.5294117647058822
2021,"Census Tract 55.20, Mecklenburg County, North Carolina",37119005520,24.534035656401944,10.494327390599675,17.8484602917342,36.16288492706645,29.497568881685577,11.426256077795786,5.06482982171799,59.06113537117904,88.82882882882883,56.21621621621622,14.477468839884947,91.37554585152839,8.563758389261746,96.40600315955766,83.69152970922883,8.975834292289989,91.02416570771001,90.39190897597977,0.0
2021,"Census Tract 55.22, Mecklenburg County, North Carolina",37119005522,18.09014200452768,5.186252315291212,5.762502572545792,40.707964601769916,39.802428483227004,9.919736571310969,3.8073677711463265,57.07460492466006,90.92063492063492,49.047619047619044,11.374407582938389,89.12164645350974,9.045226130653267,100.0,84.41176470588235,7.399001361779392,92.60099863822062,32.35294117647059,4.117647058823529
2021,"Census Tract 55.25, Mecklenburg County, North Carolina",37119005525,23.873759226266227,6.948332909137185,11.427844235174344,40.31560193433444,24.28098752863324,19.445151438024944,4.530414863833037,67.99297834991222,90.16712009327634,42.51846094053634,8.59375,97.366881217086,6.084921430959545,97.8323108384458,72.7810650887574,8.214528173794976,91.78547182620503,57.914201183431956,3.4763313609467454
2021,"Census Tract 55.26, Mecklenburg County, North Carolina",37119005526,13.909378292939936,7.235686687741483,6.111696522655427,52.265542676501575,25.957147874956092,12.85563751317176,2.8099754127151386,64.01639344262296,99.3627674101047,55.439235320892124,19.710144927536234,92.78688524590164,12.072517511330862,95.43956043956044,93.16163410301954,0.0,100.0,89.60923623445825,0.0
2021,"Census Tract 55.27, Mecklenburg County, North Carolina",37119005527,22.027491408934708,15.532646048109966,2.1649484536082473,39.48453608247423,41.92439862542955,15.223367697594501,1.202749140893471,45.33737680060652,97.1358024691358,46.17283950617284,0.0,96.28506444275968,12.869105332745704,93.8601478112564,87.93604651162791,1.6440314510364546,98.35596854896355,56.46802325581395,8.06686046511628
2021,"Census Tract 55.28, Mecklenburg County, North Carolina",37119005528,24.46808510638298,9.678256357031657,0.23352361183186301,58.66632070576024,37.31188375713545,1.2973533990659056,2.4909185262065385,55.287569573283854,99.13961673836528,60.85256159561987,25.048169556840076,99.93815708101423,6.01167983510821,95.89622641509435,61.22228231476474,5.663265306122449,94.33673469387756,51.10870740941049,2.055164954029205
2021,"Census Tract 55.29, Mecklenburg County, North Carolina",37119005529,24.577861163227016,11.131957473420888,0.0,57.97373358348968,29.706066291432144,6.75422138836773,5.565978736710444,95.177304964539,99.0909090909091,31.454545454545457,0.0,100.0,1.077943615257048,100.0,85.75233022636485,13.179190751445086,86.82080924855491,33.422103861517975,0.0
2021,"Census Tract 55.30, Mecklenburg County, North Carolina",37119005530,28.39065541855938,11.45360155743024,9.474367293964958,55.77547047371837,29.91563919532771,3.309539260220636,1.524983776768332,45.894909688013136,97.34597156398104,60.4739336492891,1.3257575757575757,93.18555008210181,6.570004531037607,97.17887154861945,85.55219364599093,7.874564459930314,92.12543554006969,71.55824508320727,0.0
2021,"Census Tract 55.31, Mecklenburg County, North Carolina",37119005531,26.602343211578223,5.306685044796692,3.4114403859407303,40.006891798759476,48.949000689179876,3.893866299104066,3.7388008270158513,73.29038652130822,100.0,47.13541666666667,9.796999117387466,93.40931615460852,6.144320076208621,96.8392737054472,84.26303854875283,10.256410256410255,89.74358974358975,57.278911564625844,0.0
2021,"Census Tract 55.32, Mecklenburg County, North Carolina",37119005532,13.183766070078146,0.0,30.804134106377617,32.34182001512478,29.97227123771112,6.881774640786488,0.0,58.22571588994947,90.1811248808389,55.32252939307277,0.0,94.8905109489051,3.1647441585329785,97.19525350593312,87.51696065128901,6.748207507380852,93.25179249261915,19.26729986431479,1.7639077340569878
2021,"Census Tract 55.33, Mecklenburg County, North Carolina",37119005533,16.619981325863677,0.0,1.5873015873015872,48.8328664799253,39.028944911297856,9.803921568627452,0.7469654528478058,49.19871794871795,100.0,56.09436435124508,0.0,89.42307692307693,0.0,92.5925925925926,97.11815561959655,6.970509383378016,93.02949061662198,11.527377521613833,0.0
2021,"Census Tract 55.34, Mecklenburg County, North Carolina",37119005534,16.985976693659886,6.22160774244519,15.958917637764172,46.23740865099743,28.323128579893343,3.930476002370136,5.550069128974916,52.33954451345756,97.83670621074668,57.60642009769714,0.0,84.34782608695653,6.186057577920533,95.49778059606848,75.22619560534253,11.344537815126051,88.65546218487394,5.4286945282205945,5.902628177509694
2021,"Census Tract 55.35, Mecklenburg County, North Carolina",37119005535,26.341589267285865,1.5221878224974201,21.233230134158926,49.122807017543856,18.29205366357069,6.243550051599587,5.108359133126935,49.67700258397933,81.796875,42.7734375,0.0,77.51937984496125,4.1871921182266005,98.56695029108822,66.51835372636262,4.918032786885246,95.08196721311475,23.24805339265851,16.907675194660733
2021,"Census Tract 55.36, Mecklenburg County, North Carolina",37119005536,15.101679929266137,10.981432360742707,15.738284703801945,46.91423519009726,30.397877984084882,5.02210433244916,1.9274977895667549,48.46211552888222,97.02873843156357,42.62055528494886,9.433962264150944,74.19354838709677,5.103103520099979,96.90885072655217,72.83853138570865,7.857402691887959,92.14259730811204,42.637189103829456,4.105803395183577
2021,"Census Tract 56.04, Mecklenburg County, North Carolina",37119005604,0.7916959887403238,0.9148486980999296,7.318789584799437,28.27234342012667,54.75017593244195,3.976073187895848,5.682617874736101,36.65738161559889,98.0806142034549,50.09596928982726,4.0,69.24791086350976,0.6738783472246853,84.88453463960812,71.10655737704919,13.47517730496454,86.52482269503547,21.311475409836063,20.38934426229508
2021,"Census Tract 56.09, Mecklenburg County, North Carolina",37119005609,6.589037205339392,1.8176654359556943,22.664015904572565,38.93780176086339,27.918205055381996,6.674240272649816,3.8057370065322353,50.06345177664975,96.60556687033267,56.61914460285132,0.0,86.80203045685279,2.949224688355123,97.45042492917847,72.28260869565217,11.015583019881783,88.98441698011823,5.736714975845411,24.93961352657005
2021,"Census Tract 56.10, Mecklenburg County, North Carolina",37119005610,17.97971918876755,14.508580343213728,2.1060842433697347,46.64586583463339,32.41029641185648,11.622464898595943,7.215288611544461,60.60337178349601,90.56203605514315,34.994697773064686,15.302491103202847,88.642413487134,3.7565382786495483,95.86206896551724,72.2978382706165,11.66902404526167,88.33097595473834,42.67413931144916,6.805444355484387
2021,"Census Tract 56.11, Mecklenburg County, North Carolina",37119005611,19.442956614890196,8.435993572576326,7.4986609534011786,62.908409212640606,16.443492233529728,6.722013926084627,6.427423674343867,64.59784673844206,95.21458412457274,36.15647550322826,9.170305676855897,86.3204559848005,10.77127659574468,98.57022708158117,84.22053231939164,2.2304832713754648,97.76951672862454,55.64005069708492,1.7110266159695817
2021,"Census Tract 56.12, Mecklenburg County, North Carolina",37119005612,22.94005873207808,5.303161167731905,4.249438590430126,40.81879426498532,27.500431853515288,22.52547935740197,4.905855933667301,59.902710215427376,95.73355353702175,49.73850812001101,7.82422293676313,90.20152883947186,6.276619592019726,98.09736989367656,78.22429906542057,9.437156157427,90.562843842573,73.08411214953271,1.6822429906542056
2021,"Census Tract 56.13, Mecklenburg County, North Carolina",37119005613,29.75557917109458,8.581296493092456,5.499468650371945,59.378320935175346,13.655685441020191,17.454835281615303,4.011689691817216,72.84122562674095,95.29314616019818,48.554913294797686,2.936857562408223,91.85236768802228,7.010231148162182,94.12055335968378,87.57346767422334,6.5149136577708004,93.4850863422292,72.37615449202352,1.8471872376154492
2021,"Census Tract 56.15, Mecklenburg County, North Carolina",37119005615,26.266666666666666,5.555555555555555,3.4222222222222225,65.06666666666666,21.91111111111111,8.71111111111111,0.8888888888888888,60.024301336573515,96.71428571428572,39.92857142857143,9.832635983263598,87.97083839611179,4.239854633555421,94.62285287528006,80.94575799721837,1.5068493150684932,98.4931506849315,88.45618915159945,0.8344923504867872
2021,"Census Tract 56.16, Mecklenburg County, North Carolina",37119005616,33.605220228384994,7.789559543230016,1.5497553017944536,55.0978792822186,28.711256117455136,11.786296900489395,2.8548123980424145,58.36734693877551,82.46656760772659,30.460624071322435,4.512635379061372,85.4421768707483,4.4840294840294845,88.46153846153845,84.75274725274726,8.19672131147541,91.80327868852459,61.26373626373627,4.670329670329671
2021,"Census Tract 56.17, Mecklenburg County, North Carolina",37119005617,26.35522256500661,13.221683561040107,1.4984574702512121,54.78184222124284,22.961657117672985,17.320405464962537,3.4376377258704274,73.41092211280214,89.57253886010362,40.41450777202073,6.041666666666667,91.67412712623097,7.480550568521843,96.61016949152543,85.40723981900452,1.4492753623188406,98.55072463768117,90.61085972850678,0.0
2021,"Census Tract 56.18, Mecklenburg County, North Carolina",37119005618,24.98554077501446,12.897628687102372,0.2891844997108155,53.528050896471946,31.607865818392135,9.427414690572586,5.1474840948525165,64.93333333333334,94.74845542806707,37.64342453662842,3.671071953010279,93.86666666666666,13.107170393215112,93.4094447327452,89.95073891625616,4.962546816479401,95.0374531835206,81.87192118226601,1.6748768472906401
2021,"Census Tract 56.19, Mecklenburg County, North Carolina",37119005619,26.133056133056133,8.835758835758837,2.4740124740124743,49.10602910602911,31.87110187110187,12.723492723492724,3.8253638253638256,83.39869281045752,95.8511689166941,39.117550214027005,3.0788177339901477,93.1590413943355,6.063169768753525,91.51472650771389,77.01219512195122,1.7375674056321149,98.2624325943679,86.46341463414635,1.0365853658536586
2021,"Census Tract 56.21, Mecklenburg County, North Carolina",37119005621,30.344142951687626,9.596293845135671,4.070152217074785,31.915949702183983,48.92455327597617,11.499007279947055,3.5903375248180014,84.30413517118718,94.30852433685295,29.92531547772341,4.54054054054054,90.35126722987995,5.126976521322472,95.04814305364512,68.10572687224669,8.171521035598705,91.8284789644013,78.5022026431718,2.511013215859031
2021,"Census Tract 56.22, Mecklenburg County, North Carolina",37119005622,24.543325526932083,1.0304449648711944,1.405152224824356,51.147540983606554,26.885245901639344,14.519906323185012,6.04215456674473,78.55555555555556,96.57738095238095,17.93154761904762,12.080536912751679,93.44444444444444,3.1036623215394163,95.08804448563485,60.885956644674835,29.313790806129248,70.68620919387075,16.39962299717248,3.6757775683317626
2021,"Census Tract 56.23, Mecklenburg County, North Carolina",37119005623,11.537509284476355,4.902203515721713,0.0,62.16885367665264,22.852191136419904,10.844268383263184,4.134686803664273,58.3664459161148,93.1792345585449,41.45509662751042,0.0,84.19426048565121,1.119507416736636,95.1877506379876,75.41208791208791,4.168494953927161,95.83150504607283,17.628205128205128,0.5952380952380952
2021,"Census Tract 56.24, Mecklenburg County, North Carolina",37119005624,19.014084507042252,9.551056338028168,2.6848591549295775,58.49471830985915,26.89260563380282,7.790492957746478,4.137323943661972,83.91167192429022,85.47692307692307,35.753846153846155,0.0,88.8801261829653,11.530054644808743,96.78082191780823,73.37883959044369,0.0,100.0,85.21046643913537,0.0
2021,"Census Tract 56.25, Mecklenburg County, North Carolina",37119005625,20.30211480362538,3.716012084592145,8.006042296072508,46.1631419939577,30.211480362537763,9.909365558912386,5.709969788519637,76.46706586826348,97.70674079221682,48.18160759786889,24.806949806949806,87.69461077844312,7.543593631539045,92.01062032343712,83.83838383838383,1.9801980198019802,98.01980198019803,82.32323232323232,0.0
2021,"Census Tract 56.26, Mecklenburg County, North Carolina",37119005626,28.145229383619473,5.854207711792851,0.0,63.01716858992401,13.537855333520968,17.16858992400788,6.276386152547143,67.80162842339008,85.70778334091943,28.356850250341374,0.0,88.08290155440415,4.582843713278495,93.2349323493235,82.63785394932935,0.44510385756676557,99.55489614243324,77.79433681073026,4.321907600596125
2021,"Census Tract 56.27, Mecklenburg County, North Carolina",37119005627,35.90329079919409,8.90530557421088,1.437206178643385,57.407656145063804,24.271323035594357,14.304902619207521,2.5789120214909333,82.04680405169402,89.96702779086199,35.256712199717384,7.725118483412323,84.3520782396088,8.445096395641242,92.91075896580485,84.34101783384081,5.740057400574006,94.259942599426,79.07785993910396,1.3484123531970422
2021,"Census Tract 57.09, Mecklenburg County, North Carolina",37119005709,14.408018375443726,18.375443725203592,6.4731676759239924,19.252453539361035,64.98225099185633,6.869910210899979,2.4222175819586553,68.53010164190773,93.06088864509051,50.0,1.02880658436214,83.38545738858483,7.855574530373262,99.06928645294725,90.53435114503817,5.346820809248555,94.65317919075144,53.18066157760815,4.020356234096692
2021,"Census Tract 57.10, Mecklenburg County, North Carolina",37119005710,24.053502607118567,12.423486737701202,3.8540013602357743,34.958059396962135,42.756744502380414,16.957605985037407,1.4735887553842666,74.23876268728854,89.51612903225806,32.560483870967744,13.233287858117325,84.92025132914452,6.686567164179104,94.72140762463343,84.1745531019979,7.355090112031173,92.64490988796882,48.370136698212406,0.2103049421661409
2021,"Census Tract 57.12, Mecklenburg County, North Carolina",37119005712,22.37278761061947,16.205752212389378,1.5486725663716814,4.0652654867256635,82.99225663716814,5.060840707964602,6.332964601769911,73.315649867374,97.72200772200772,41.15830115830116,13.267326732673268,93.42175066312997,8.656929105806912,96.6542750929368,84.65266558966074,0.0,100.0,90.14539579967689,0.9693053311793215
2021,"Census Tract 57.13, Mecklenburg County, North Carolina",37119005713,22.06959706959707,23.214285714285715,4.075091575091575,3.273809523809524,82.78388278388277,8.997252747252746,0.86996336996337,74.43384982121573,97.62272306267367,43.53195430688484,12.033195020746888,94.51728247914184,5.790711346266901,95.6232159847764,91.42504626773596,8.881394041596401,91.11860595840359,91.54842689697718,3.146206045650833
2021,"Census Tract 57.14, Mecklenburg County, North Carolina",37119005714,20.924930793030452,20.729522879009934,4.217554144276177,9.998371600716496,79.87298485588667,2.410030939586387,3.5010584595342777,81.05939004815409,95.60758082497213,49.609810479375696,21.8609865470852,94.18138041733548,10.605436573311367,98.4375,91.56462585034014,1.6064257028112447,98.39357429718876,93.28798185941042,1.2698412698412698
2021,"Census Tract 57.15, Mecklenburg County, North Carolina",37119005715,19.6459562651857,18.465810482471365,0.0,20.721971537660536,66.15758417216244,13.120444290177021,0.0,80.85485307212824,91.06972301814709,31.470869149952247,14.000000000000002,86.64292074799644,12.526997840172784,99.30394431554525,82.7037773359841,2.2351797862001943,97.76482021379981,93.43936381709742,1.2922465208747516
2021,"Census Tract 57.16, Mecklenburg County, North Carolina",37119005716,25.785828449653703,10.442194992008524,5.150062155922572,25.2353045640206,39.424613745338306,26.744805540756527,3.4452139939619957,73.93109173931092,91.7819824908218,39.98870375600113,23.27919566898685,88.62598588625985,6.41301746829385,99.47386881795862,89.7684437264405,3.7325038880248838,96.26749611197512,77.59827679052235,1.938610662358643
2021,"Census Tract 57.18, Mecklenburg County, North Carolina",37119005718,20.213064199607516,14.914493972525932,0.0,24.47434819175778,55.2004485562097,12.335295766750772,7.9899074852817495,84.50802512212142,90.70830159939071,34.386900228484386,30.072992700729927,86.88066992323796,12.57905832747716,97.7,96.32408102025506,3.4757422157856626,96.52425778421434,82.2205551387847,2.100525131282821
2021,"Census Tract 57.19, Mecklenburg County, North Carolina",37119005719,16.427289048473966,21.543985637342907,4.368641532016756,14.392579293836027,74.47636146020346,5.415918611609814,1.3464991023339317,51.28378378378379,85.2576907710747,31.92169396723931,17.11229946524064,80.47297297297298,6.6953097028285,97.79710144927536,84.64163822525597,4.68445022771633,95.31554977228367,81.50170648464163,6.075085324232082
2021,"Census Tract 57.20, Mecklenburg County, North Carolina",37119005720,15.474583895636526,31.668915879442196,15.294646873594242,10.211426000899685,73.95411605937922,0.4048582995951417,0.1349527665317139,67.23963599595551,96.85216413715571,43.62001124227094,34.177215189873415,63.70070778564207,5.747738158594997,94.29024583663758,90.44652128764278,8.372978116079924,91.62702188392008,83.3852544132918,0.8307372793354102
2021,"Census Tract 57.21, Mecklenburg County, North Carolina",37119005721,13.852813852813853,18.019480519480517,1.433982683982684,8.522727272727272,83.76623376623377,5.411255411255411,0.8658008658008658,79.05650596163815,95.18842530282639,33.58008075370121,26.681614349775785,96.63037843442198,7.380653266331658,89.62777080719364,87.27272727272727,6.657963446475196,93.34203655352479,72.3076923076923,0.0
2021,"Census Tract 57.22, Mecklenburg County, North Carolina",37119005722,21.18483412322275,18.246445497630333,6.066350710900474,23.317535545023695,57.44075829383887,9.14691943127962,4.028436018957346,78.07308970099668,94.85038274182325,46.34655532359081,0.0,89.3687707641196,7.336139506915214,100.0,84.60606060606061,8.83977900552486,91.16022099447514,90.9090909090909,12.121212121212121
2021,"Census Tract 57.23, Mecklenburg County, North Carolina",37119005723,20.548762302415746,4.9806143751864,15.955860423501342,28.690724724127648,32.98538622129436,18.938264240978228,3.4297643900984194,71.24352331606218,96.9224620303757,39.20863309352518,0.0,96.94300518134715,5.18018018018018,97.43249225320938,86.87074829931973,3.416557161629435,96.58344283837057,34.5578231292517,9.183673469387756
2021,"Census Tract 58.11, Mecklenburg County, North Carolina",37119005811,20.13532431171255,20.321978534764348,5.459636024265048,5.296313579094726,69.29538030797947,18.33877741483901,1.6098926738217452,61.91860465116279,94.15014624634385,55.86610334741632,38.45007451564829,93.66279069767441,4.352906806894537,92.76039234002802,86.57608695652173,6.074527820316488,93.92547217968351,78.69565217391305,0.2717391304347826
2021,"Census Tract 58.15, Mecklenburg County, North Carolina",37119005815,19.962636776087535,20.09607686148919,14.278089137977048,5.124099279423539,73.04510274886576,5.3376034160661865,2.2151054176674676,57.687576875768755,94.42610927759443,58.96589658965896,39.14529914529915,86.16236162361623,5.1350450150050015,95.94661393969352,84.36482084690554,3.0322173089071383,96.96778269109286,66.31921824104235,0.0
2021,"Census Tract 58.16, Mecklenburg County, North Carolina",37119005816,20.69121301106844,20.66862435057601,4.065958888637904,10.526315789473683,70.34108877343573,10.142308561102327,4.92432798735035,65.69165143205362,97.15509330070358,68.46130315081065,35.04043126684636,90.73735527117611,5.582455140985474,96.8070953436807,91.28329297820824,6.349206349206349,93.65079365079364,81.2953995157385,2.4213075060532687
2021,"Census Tract 58.17, Mecklenburg County, North Carolina",37119005817,25.940278094369727,15.56872578071575,9.801686801914748,3.555960793252792,79.66719854114429,5.675860496922726,1.2992933667654434,69.33249370277078,98.3166073162836,70.37876335383619,11.097560975609756,97.35516372795969,6.64819944598338,94.331641285956,88.27122785583384,3.5356511490866236,96.46434885091337,81.00183262064753,1.2217470983506415
2021,"Census Tract 58.24, Mecklenburg County, North Carolina",37119005824,34.74415666456096,6.7382606864603085,3.706043377553169,30.61697199410402,27.479469361970942,33.52284691514003,4.674668351231838,49.82658959537572,83.36340671237821,39.66077228437388,1.1727078891257996,80.63583815028902,7.034527266860277,90.920245398773,75.98522167487684,3.4482758620689653,96.55172413793103,62.5615763546798,3.7561576354679804
2021,"Census Tract 58.26, Mecklenburg County, North Carolina",37119005826,22.247857613711272,15.359261700725115,2.768622280817403,11.272247857613712,44.5945945945946,32.56427158866183,8.800263678312458,55.83281347473488,91.67822468793344,31.345353675450767,15.227272727272728,79.22645040548971,5.977108944467995,98.16408491107286,82.6086956521739,6.649395509499137,93.35060449050087,67.25254394079556,2.590194264569843
2021,"Census Tract 58.27, Mecklenburg County, North Carolina",37119005827,15.865751334858885,4.614797864225782,2.745995423340961,44.88939740655988,26.887871853546912,17.810831426392067,7.665903890160183,54.31309904153354,83.37518834756403,33.80210949271722,0.0,80.89456869009585,5.35302261190586,95.10567296996662,81.93832599118943,9.56175298804781,90.43824701195219,35.68281938325991,4.669603524229075
2021,"Census Tract 58.28, Mecklenburg County, North Carolina",37119005828,20.07484629778134,22.266773589949214,0.9890403635391607,6.843090082865544,86.63458968190324,3.7957765303394813,1.7375033413525796,53.50389321468298,93.97933737085857,60.95475596722479,43.72937293729373,84.98331479421579,3.177257525083612,95.83858764186634,93.33722969023964,7.862143241787829,92.13785675821217,81.58971361776739,1.8118059614260666
2021,"Census Tract 58.29, Mecklenburg County, North Carolina",37119005829,20.863309352517987,10.739979445015416,5.39568345323741,37.05035971223021,25.12846865364851,30.472764645426516,1.9527235354573484,59.73223480947477,94.62279293739968,40.44943820224719,1.9607843137254901,89.70133882595263,5.259740259740259,94.05144694533763,66.16541353383458,25.340817963111466,74.65918203688852,10.633727175080558,8.16326530612245
2021,"Census Tract 58.30, Mecklenburg County, North Carolina",37119005830,22.10796915167095,14.767209368751786,1.4567266495287061,18.1662382176521,63.35332762067981,13.31048271922308,3.7132247929163094,65.69703622392976,96.92186266771901,48.500394632991316,2.973977695167286,95.77387486278815,9.387605427209387,98.7443946188341,90.28256374913852,3.8436050364479786,96.15639496355202,74.01791867677464,0.34458993797381116
2021,"Census Tract 58.32, Mecklenburg County, North Carolina",37119005832,35.862751567139554,6.334543055097328,9.831738700098978,3.992081821181128,76.57538766083802,4.981854173540086,4.618937644341801,71.86742118027486,99.5609220636663,81.8331503841932,31.372549019607842,95.7962813257882,2.4691358024691357,98.84763124199743,92.21556886227546,3.653846153846154,96.34615384615385,68.6626746506986,2.19560878243513
2021,"Census Tract 58.33, Mecklenburg County, North Carolina",37119005833,19.76434815659445,28.54427974154314,6.442417331812998,7.544659825161536,79.41847206385405,5.2641581147852525,1.330292664386165,54.4952285283777,96.75901725039205,65.02875065342394,22.17948717948718,77.64942240080362,8.85836096636665,98.65799105327369,79.86646122239343,0.8655804480651732,99.13441955193483,77.04160246533128,2.5680534155110424
2021,"Census Tract 58.34, Mecklenburg County, North Carolina",37119005834,27.11751662971175,14.035476718403547,1.2638580931263859,12.12860310421286,72.86031042128603,6.541019955654102,7.206208425720622,57.508532423208194,91.87158469945356,51.33196721311475,14.191852825229962,83.04891922639362,5.719501064800729,92.82550930026572,93.92553886348792,0.5844155844155844,99.41558441558442,61.65904637491836,3.7883736120182885
2021,"Census Tract 58.35, Mecklenburg County, North Carolina",37119005835,26.89655172413793,15.517241379310345,5.402298850574713,0.5363984674329502,85.44061302681992,6.0536398467432955,2.5670498084291187,66.77824267782427,94.44444444444444,59.59595959595959,17.142857142857142,89.3723849372385,7.127882599580712,97.73210489014883,85.13661202185793,4.4885177453027145,95.51148225469728,87.65027322404372,3.3879781420765025
2021,"Census Tract 58.36, Mecklenburg County, North Carolina",37119005836,19.228634850166483,10.3496115427303,6.021087680355161,11.570477247502776,64.12319644839067,17.563817980022197,0.7214206437291898,53.553719008264466,91.18745332337565,39.955190440627334,8.49056603773585,90.02754820936639,7.007901064926142,97.79775280898878,76.92307692307693,1.9217081850533808,98.07829181494661,87.95355587808417,3.8461538461538463
2021,"Census Tract 58.39, Mecklenburg County, North Carolina",37119005839,19.897959183673468,13.069073783359498,6.318681318681318,5.651491365777081,67.66091051805337,8.869701726844584,11.499215070643643,51.49006622516556,97.95383001049318,59.129066107030425,0.0,96.8543046357616,2.302792748652621,97.1497877501516,85.33988533988534,9.286775631500744,90.71322436849925,45.86404586404586,2.8665028665028665
2021,"Census Tract 58.40, Mecklenburg County, North Carolina",37119005840,22.92079207920792,15.792079207920793,6.782178217821783,13.910891089108912,69.55445544554455,7.376237623762376,2.376237623762376,69.375,96.30376344086021,65.05376344086021,13.934426229508196,88.75,10.789980732177264,96.38336347197107,89.01515151515152,8.545034642032332,91.45496535796767,65.40404040404042,4.545454545454546
2021,"Census Tract 58.43, Mecklenburg County, North Carolina",37119005843,29.13738019169329,7.763578274760384,16.741214057507985,15.271565495207668,47.763578274760384,14.792332268370606,5.431309904153355,56.09243697478992,90.08875739644971,62.22879684418145,16.212534059945504,65.33613445378151,3.3814247069431915,94.2116868798236,86.56971770744227,3.5478547854785476,96.45214521452145,74.8502994011976,4.704875962360992
2021,"Census Tract 58.45, Mecklenburg County, North Carolina",37119005845,39.29961089494164,11.040856031128405,33.60894941634241,9.63035019455253,35.376134889753565,4.766536964980545,16.618028534370946,66.47230320699708,95.20043632397055,56.0403599672757,7.538461538461538,68.80466472303208,2.009107956067506,95.49909255898366,83.12531203195206,1.957905041605482,98.04209495839451,62.25661507738393,5.142286570144783
2021,"Census Tract 58.46, Mecklenburg County, North Carolina",37119005846,30.835812821206382,11.847443873410873,7.952393832837436,5.86962401947525,75.62888828780092,5.86962401947525,4.679469840411144,70.6896551724138,98.61577181208054,78.22986577181209,18.98989898989899,91.45427286356822,4.9276495893625345,96.34678298800436,91.01748807631161,1.9485580670303975,98.05144193296961,99.76152623211448,0.8744038155802861
2021,"Census Tract 58.47, Mecklenburg County, North Carolina",37119005847,25.72408536585366,15.072408536585366,19.55030487804878,7.41234756097561,66.08231707317073,3.239329268292683,3.715701219512195,74.78171545968156,98.77094972067039,75.72625698324022,18.427230046948356,77.8120184899846,4.746023601847101,96.97665518561041,91.55299055613851,3.3468559837728193,96.65314401622717,77.12486883525709,4.249737670514166
2021,"Census Tract 58.48, Mecklenburg County, North Carolina",37119005848,27.348515656771045,8.29605530703538,8.357055713704758,2.277348515656771,80.15453436356242,6.872712484749899,2.338348922326149,75.26831544563696,96.14333434558154,67.506832675372,22.41224122412241,91.32057862809147,2.2670025188916876,97.51552795031056,94.16292495189224,4.120541205412054,95.87945879458795,97.81911481719051,0.5131494547787042
2021,"Census Tract 58.49, Mecklenburg County, North Carolina",37119005849,23.304020100502512,16.896984924623116,10.646984924623116,14.415829145728642,68.24748743718592,4.6796482412060305,2.0100502512562812,65.93233674272227,93.30673758865248,60.37234042553191,13.725490196078432,82.29740361919748,4.2997542997543,94.38135086670651,81.34757600657355,0.0,100.0,88.41413311421529,5.1766639276910436
2021,"Census Tract 58.50, Mecklenburg County, North Carolina",37119005850,18.788958147818345,18.65538735529831,15.85040071237756,3.6509349955476402,67.76491540516474,9.216384683882458,3.517364203027604,53.45821325648416,100.0,77.13920817369093,19.06474820143885,84.29394812680115,13.18619128466327,94.20049710024855,80.53892215568862,3.653846153846154,96.34615384615385,45.209580838323355,20.65868263473054
2021,"Census Tract 58.51, Mecklenburg County, North Carolina",37119005851,26.252300143120017,14.700470251482315,9.977509711715395,18.830505009200575,53.19975465140053,12.69679002249029,5.295440605193212,66.78644763860369,98.504206918043,57.401059520099714,15.878023133543639,88.14168377823408,9.25977266426393,93.46105789254477,91.88679245283019,0.0,100.0,83.9622641509434,2.138364779874214
2021,"Census Tract 58.52, Mecklenburg County, North Carolina",37119005852,11.26310989512084,14.59188326493388,0.0,9.712722298221614,82.94573643410853,2.5079799361605106,4.8335613315093475,38.279400157853196,100.0,49.38340807174888,13.450292397660817,88.00315706393054,6.055818852027383,89.08629441624365,88.14814814814815,4.929577464788732,95.07042253521126,37.53086419753087,2.2222222222222223
2021,"Census Tract 58.53, Mecklenburg County, North Carolina",37119005853,14.64160839160839,13.767482517482518,1.8793706293706292,15.209790209790212,47.11538461538461,34.26573426573427,1.5297202797202798,68.8212927756654,87.16956802063184,29.72275950999355,0.0,70.03802281368822,2.7649769585253456,99.26958831341301,84.52066842568162,13.272311212814644,86.72768878718536,25.41776605101143,0.0
2021,"Census Tract 58.54, Mecklenburg County, North Carolina",37119005854,17.761194029850746,2.6492537313432836,22.276119402985074,9.738805970149254,24.21641791044776,16.34328358208955,27.425373134328357,35.38983050847458,98.44640082858622,77.78353184878301,0.0,79.59322033898304,4.582577132486389,100.0,87.54045307443366,0.0,100.0,27.02265372168285,23.54368932038835
2021,"Census Tract 58.55, Mecklenburg County, North Carolina",37119005855,28.463634458184867,7.461748061203102,10.878222594843848,6.770069167889331,74.32404108153426,6.141270173967722,1.886396981764829,69.60285132382892,91.93857965451056,65.00319897632757,15.894039735099339,84.928716904277,3.2815704658658076,96.38975155279503,88.43732112192329,8.004212743549237,91.99578725645077,65.54092730394963,1.1448196908986834
2021,"Census Tract 58.56, Mecklenburg County, North Carolina",37119005856,26.56313853698406,3.3919084593379645,33.55128729055987,12.014711892112791,43.40008173273396,2.656313853698406,8.377605230894973,62.189054726368155,98.91956782713085,74.24969987995198,8.94454382826476,85.24046434494196,0.8347245409015025,99.01315789473685,91.55778894472361,0.0,100.0,60.50251256281407,1.7085427135678393
2021,"Census Tract 58.57, Mecklenburg County, North Carolina",37119005857,14.634146341463413,20.00995520159283,21.50323544051767,12.543554006968641,57.491289198606275,5.624688899950224,2.8372324539571925,47.85522788203753,98.36845683208702,76.27464309993202,15.59633027522936,83.6461126005362,4.956268221574344,99.15966386554622,87.44444444444444,16.743755781683625,83.25624421831638,85.44444444444444,8.222222222222223
2021,"Census Tract 58.58, Mecklenburg County, North Carolina",37119005858,33.85214007782101,7.344357976653697,24.41634241245136,16.22081712062257,44.38229571984436,13.278210116731518,1.7023346303501945,71.03150092649784,91.44736842105263,46.875,0.0,87.64669549104386,5.204460966542751,94.11235955056179,89.88689288090485,7.678132678132678,92.32186732186733,41.45043246839654,0.0
2021,"Census Tract 58.59, Mecklenburg County, North Carolina",37119005859,21.921364985163205,14.391691394658753,23.92433234421365,6.008902077151335,65.24480712166172,2.3738872403560833,2.4480712166172105,68.33484986351228,98.68819374369325,69.77800201816348,15.134099616858238,73.97634212920838,5.130641330166271,98.28571428571429,91.12187247780467,0.5617977528089888,99.43820224719101,62.308313155770776,3.7933817594834545
2021,"Census Tract 58.60, Mecklenburg County, North Carolina",37119005860,30.90185676392573,6.2776304155614495,15.981432360742707,8.244916003536693,63.96993810786914,8.863837312113173,2.939876215738285,49.84358706986444,97.46543778801843,66.16743471582181,22.666666666666664,88.06047966631908,2.143314139475368,94.29018380915136,91.71528588098016,2.8344671201814062,97.1655328798186,45.5075845974329,9.043173862310384
2021,"Census Tract 58.61, Mecklenburg County, North Carolina",37119005861,21.79966044142615,29.541595925297116,10.730050933786078,0.7470288624787775,80.50933786078099,8.013582342954159,0.0,78.4,93.50877192982456,61.18421052631579,27.6,95.42857142857143,9.422492401215806,97.42990654205607,89.98538011695906,0.0,100.0,72.44152046783626,0.8771929824561403
2021,"Census Tract 58.62, Mecklenburg County, North Carolina",37119005862,20.57667103538663,13.368283093053734,6.716906946264745,2.0969855832241153,83.58453473132373,3.669724770642202,3.9318479685452163,60.05939123979213,96.04051565377533,63.858195211786374,12.850082372322898,94.80326651818856,2.433993399339934,97.55700325732899,88.54545454545455,3.2541776605101145,96.74582233948989,84.72727272727273,4.636363636363637
2021,"Census Tract 58.63, Mecklenburg County, North Carolina",37119005863,31.493670886075947,14.911392405063292,16.050632911392405,13.620253164556962,63.26582278481012,4.556962025316456,2.5063291139240507,65.62749800159871,95.90978593272172,58.02752293577982,11.704312114989733,87.60991207034373,2.6237989652623797,95.08362899138369,83.67029548989113,0.0,100.0,70.68429237947123,6.920684292379471
2021,"Census Tract 58.64, Mecklenburg County, North Carolina",37119005864,27.728491850629254,7.447905921188363,25.479678151433877,4.1675263049308855,59.29440891272952,5.426036723746647,5.6323499071590675,72.83680175246441,98.98336414048059,76.55576093653728,18.945634266886326,98.24753559693319,3.397088210105624,94.00146305779077,99.40047961630695,6.186726659167604,93.8132733408324,73.14148681055156,0.0
2021,"Census Tract 58.65, Mecklenburg County, North Carolina",37119005865,18.98971000935454,19.363891487371376,7.109448082319925,10.99158091674462,67.49298409728719,12.394761459307764,2.0112254443405053,44.02907580477674,97.57575757575758,67.003367003367,60.85271317829457,84.11214953271028,8.602771362586605,90.66442388561816,90.13398294762484,16.05316973415133,83.94683026584867,75.27405602923264,0.0
2021,"Census Tract 58.66, Mecklenburg County, North Carolina",37119005866,15.868408321238512,2.733430091920658,4.2573778422835025,32.75278180938558,40.686985970004834,17.585873246250607,4.716981132075472,58.74904067536454,96.41553269166944,42.71490209093926,3.143418467583497,83.53798925556409,3.9677975848188614,95.05208333333334,84.89244622311155,10.758928571428573,89.24107142857143,2.001000500250125,1.6008004002001
2021,"Census Tract 58.67, Mecklenburg County, North Carolina",37119005867,17.999442741710784,20.42351629980496,12.231819448314294,35.80384508219559,30.537754249094455,18.91891891891892,2.5076623014767345,44.29347826086957,95.13108614232209,47.153558052434455,3.4324942791762014,81.58967391304348,6.5579340808698605,97.82608695652173,50.80246913580246,3.7433155080213902,96.2566844919786,31.604938271604937,28.456790123456788
2021,"Census Tract 58.68, Mecklenburg County, North Carolina",37119005868,34.17954378219279,16.298749080206036,1.030169242089772,13.57615894039735,66.96100073583517,3.3480500367917587,15.084621044885946,39.038686987104334,94.93746277546158,25.670041691483025,0.0,66.70574443141852,4.6953605366126325,100.0,78.51772287862514,3.8223140495867765,96.17768595041323,61.00966702470462,1.3963480128893664
2021,"Census Tract 59.08, Mecklenburg County, North Carolina",37119005908,15.227159261108337,17.67348976535197,11.233150274588118,11.432850723914129,69.64553170244633,3.6445332001997004,4.0439340988517225,78.92156862745098,98.22335025380711,65.48223350253807,22.274881516587676,92.76960784313727,8.800945067926758,98.22485207100591,82.81786941580756,4.065934065934066,95.93406593406594,87.85796105383734,1.145475372279496
2021,"Census Tract 59.10, Mecklenburg County, North Carolina",37119005910,35.30179445350734,5.415986949429037,4.290375203915171,37.73246329526917,21.712887438825447,18.238172920065253,18.02610114192496,71.35976287513894,88.52601156069365,46.56069364161849,0.49019607843137253,89.51463505001853,7.690368129097328,94.57452884066248,83.49657198824681,4.4454843238184365,95.55451567618157,40.05876591576885,0.832517140058766
2021,"Census Tract 59.13, Mecklenburg County, North Carolina",37119005913,20.05486572336125,8.50418712099336,16.430840311868323,28.342477620560206,25.772451631533354,28.905573202425643,0.5486572336124748,48.71501998857796,87.5594294770206,36.84627575277338,3.5108958837772395,83.66647629925757,4.497020046956836,92.70395755029848,78.70898716119828,0.0,100.0,68.79457917261055,1.1768901569186876
2021,"Census Tract 59.15, Mecklenburg County, North Carolina",37119005915,14.301389904901244,5.742501828822238,3.108997805413314,58.99780541331383,20.482809070958304,13.094367227505485,4.316020482809071,45.62043795620438,98.58623939679548,58.8124410933082,0.0,85.64476885644768,6.9142125480153656,90.48288795124239,77.41702741702741,11.607142857142858,88.39285714285714,14.06926406926407,0.36075036075036077
2021,"Census Tract 59.16, Mecklenburg County, North Carolina",37119005916,26.206355433503337,12.318556296586896,4.864652805021577,52.21655551196548,5.923891722244017,32.7971753628874,4.197724597881522,32.07070707070707,88.49449204406365,23.317013463892287,6.339468302658487,68.43434343434343,9.888357256778308,94.1783345615328,66.0919540229885,8.61344537815126,91.38655462184873,29.195402298850574,14.022988505747128
2021,"Census Tract 59.18, Mecklenburg County, North Carolina",37119005918,33.54256571204394,6.2769713613181635,3.5896429972538253,28.44252648097293,30.188309140839547,33.77795213809337,4.00156924284033,65.7016683022571,93.72586872586872,36.35778635778636,3.192407247627265,76.74190382728165,6.080283353010626,93.13944817300522,85.78616352201259,0.0,100.0,80.18867924528303,0.628930817610063
2021,"Census Tract 59.19, Mecklenburg County, North Carolina",37119005919,20.978593272171253,12.110091743119266,8.868501529051988,21.95718654434251,46.54434250764526,20.948012232415902,1.6819571865443423,57.46054519368723,87.5,38.95547945205479,4.56140350877193,86.15494978479197,6.3467492260061915,96.34911580148318,83.24488248673238,0.30234315948601664,99.69765684051399,75.2084912812737,6.2926459438968925
2021,"Census Tract 59.20, Mecklenburg County, North Carolina",37119005920,27.524088814411396,4.398826979472141,0.25136154168412234,8.001675743611228,31.629660661918724,58.5672392124005,1.550062840385421,56.048387096774185,76.04235605559232,28.85506287227002,6.0606060606060606,79.93951612903226,1.1022657685241886,90.36764705882354,76.6323024054983,10.918367346938776,89.08163265306122,43.8717067583047,4.696449026345934
2021,"Census Tract 59.21, Mecklenburg County, North Carolina",37119005921,23.10296191819464,7.362482369534555,7.7856135401974615,45.839210155148095,35.684062059238364,6.572637517630466,4.118476727785614,45.648414985590776,95.60140132347217,52.744258466329306,10.222222222222223,81.84438040345822,2.641232575201761,92.93960923623446,97.1342383107089,2.5716385011021305,97.42836149889786,59.57767722473605,0.904977375565611
2021,"Census Tract 59.22, Mecklenburg County, North Carolina",37119005922,29.584942084942085,9.29054054054054,10.617760617760617,34.36293436293436,35.47297297297297,14.06853281853282,5.477799227799228,65.76964477933261,95.21218715995647,44.68625317373957,3.737259343148358,85.73735199138859,3.358464701850582,97.11412330564058,94.39716312056737,4.922454484153742,95.07754551584627,83.61702127659575,0.9929078014184398
2021,"Census Tract 59.23, Mecklenburg County, North Carolina",37119005923,32.9178111134587,5.134164377773082,19.79716881470526,42.25649693640397,18.95203887597718,15.064441157828016,3.9298542150855695,66.28807434176561,91.85645272601795,47.82608695652174,13.095238095238097,67.47547754259163,5.858267716535433,96.82944606413994,93.98752127056154,2.542841348811498,97.45715865118851,41.747022121384006,6.5229722064662505
2021,"Census Tract 59.24, Mecklenburg County, North Carolina",37119005924,24.078659868900218,8.856518572469046,6.613255644573926,34.34814275309541,41.194464675892206,17.844136926438456,0.0,65.35737282678686,91.04337631887456,31.254396248534583,8.207705192629817,82.67868641339344,5.506523407521105,95.93236951727518,87.85425101214574,3.1372549019607843,96.86274509803921,78.69433198380567,0.0
2021,"Census Tract 59.25, Mecklenburg County, North Carolina",37119005925,27.052832590706554,8.497772119669001,2.577975811584978,35.041374920432844,52.641629535327816,6.588160407383832,3.1508593252705284,68.24062095730919,96.0352422907489,42.82917278511992,1.9374068554396422,94.17852522639069,8.595113438045376,92.77301927194861,94.54732510288066,5.631067961165048,94.36893203883496,87.65432098765432,5.041152263374485
2021,"Census Tract 59.26, Mecklenburg County, North Carolina",37119005926,28.46507207349913,15.238396958656741,9.456676698875336,22.477427530492633,59.512117852051325,3.8808807223190245,4.672897196261682,89.21389396709324,96.65444546287809,75.38955087076077,19.578783151326054,87.84277879341865,4.428697962798937,98.65300146412885,95.50367488110679,5.66884176182708,94.33115823817292,92.43406830955469,0.0
2021,"Census Tract 59.27, Mecklenburg County, North Carolina",37119005927,23.44890510948905,4.601147028154327,4.210114702815432,56.21741397288843,15.550052137643377,15.693430656934307,8.328988529718456,43.11236483309826,90.96886482305163,25.352929800812223,3.934426229508197,65.9849553361542,2.128384130767921,96.26606814935728,83.10428455941795,1.7474185861795075,98.2525814138205,42.279708973322556,4.163298302344382
2021,"Census Tract 59.28, Mecklenburg County, North Carolina",37119005928,15.682766845557545,12.04531902206321,0.0,36.01669648181276,41.32379248658318,18.425760286225405,4.233750745378653,43.04245283018868,94.14682539682539,15.277777777777779,0.7575757575757576,92.9245283018868,8.415841584158416,92.399658411614,78.0952380952381,7.079646017699115,92.92035398230088,85.33333333333334,3.619047619047619
2021,"Census Tract 59.29, Mecklenburg County, North Carolina",37119005929,23.175182481751825,7.025547445255474,6.067518248175182,39.00547445255474,37.18065693430657,12.796532846715328,4.949817518248175,64.4648829431438,98.58442871587462,54.87023929895517,14.882506527415144,97.24080267558529,11.045130641330166,93.23432343234323,86.75771971496437,4.804974561899378,95.19502543810063,71.25890736342043,0.7125890736342043
2021,"Census Tract 59.30, Mecklenburg County, North Carolina",37119005930,23.269165822357312,10.94224924012158,3.275920297196893,24.8564674096589,34.988179669030735,26.781492738939548,10.097939885173927,55.63082133784928,82.11660950514454,32.288094071533564,14.309484193011649,87.55292125317527,1.232394366197183,96.98275862068965,77.39837398373983,6.178489702517163,93.82151029748283,37.5609756097561,6.666666666666667
2021,"Census Tract 59.31, Mecklenburg County, North Carolina",37119005931,17.674783974862528,7.462686567164178,1.8067556952081696,32.91437549096622,36.26603822990312,22.911757004451427,6.101073579471065,65.84507042253522,85.95632530120481,38.441265060240966,0.0,73.76760563380282,4.8346055979643765,97.52286585365853,85.1399856424982,13.100436681222707,86.8995633187773,63.9626704953338,2.0818377602297202
2021,"Census Tract 59.32, Mecklenburg County, North Carolina",37119005932,27.34523357387011,4.595518420053171,21.53437143942271,35.4728446638815,25.788074439802504,4.443600455753892,12.761109001139385,64.06639004149378,92.69695227142036,43.70327774583094,23.983739837398375,76.43153526970954,3.954496208017335,89.79833926453144,86.14583333333333,3.614457831325301,96.3855421686747,71.14583333333333,2.2916666666666665
2021,"Census Tract 60.05, Mecklenburg County, North Carolina",37119006005,27.67689417658109,13.462742642454604,4.477144646211647,39.76205385097057,40.32561051972448,13.180964308077645,2.254226675015654,68.37916063675831,82.0867079561696,37.6846117198666,12.288786482334869,84.44283646888567,6.103896103896104,96.46067415730337,73.67021276595744,2.2530329289428077,97.74696707105718,82.18085106382979,7.535460992907801
2021,"Census Tract 60.08, Mecklenburg County, North Carolina",37119006008,11.443210930828352,14.57443780244805,4.554511813265016,40.96214062055223,42.95473953885568,4.44064901793339,7.087959009393681,85.04622077215879,89.33972703799336,37.40317226115825,15.436241610738255,91.68026101141925,7.682417229186757,98.43893480257117,79.60199004975125,0.0,100.0,74.9822316986496,3.269367448471926
2021,"Census Tract 60.09, Mecklenburg County, North Carolina",37119006009,26.8,11.485714285714286,4.514285714285714,51.65714285714286,30.628571428571426,8.885714285714286,4.314285714285714,76.97408077154913,94.23407917383821,28.74354561101549,2.809917355371901,95.11754068716094,9.094457455113194,93.4827945776851,79.63386727688787,3.8856304985337244,96.11436950146629,73.30282227307399,5.720823798627003
2021,"Census Tract 60.11, Mecklenburg County, North Carolina",37119006011,22.366621067031463,5.164158686730507,0.5129958960328317,61.32010943912448,32.69493844049248,3.112175102599179,2.359781121751026,60.30664395229983,86.86708860759494,26.002109704641352,3.0303030303030303,87.30834752981261,2.7312775330396475,87.71266540642722,61.80257510729614,0.0,100.0,73.28326180257511,0.0
2021,"Census Tract 60.12, Mecklenburg County, North Carolina",37119006012,23.374451181266988,13.547982437800544,12.084465816433202,43.15283295003136,31.591051641229356,9.826468743466442,3.3451808488396404,59.143968871595334,88.13559322033898,23.595879029577933,7.228915662650602,88.21567537520845,12.605729877216918,74.4958481613286,79.31262392597488,10.632014176018902,89.3679858239811,82.74950429610047,3.1064111037673494
2021,"Census Tract 60.13, Mecklenburg County, North Carolina",37119006013,22.746521476104054,3.9725751159507965,4.597701149425287,74.8336358136721,9.316394434361767,11.252268602540836,0.0,71.14639814097599,90.93799682034977,27.790143084260734,7.808219178082192,94.2292796281952,5.507700339336988,94.26313981449674,87.41390106449593,5.222551928783383,94.77744807121663,81.84095178459611,0.0
2021,"Census Tract 60.14, Mecklenburg County, North Carolina",37119006014,24.83185364541297,8.878127522195319,2.2598870056497176,25.98870056497175,57.14285714285714,14.178100618778586,0.43045466774280333,83.72703412073491,96.88341669873029,54.4440169295883,4.189944134078212,85.51181102362204,5.189692197566213,95.41864139020537,90.62049062049063,10.580645161290322,89.41935483870968,81.96248196248196,0.0
2021,"Census Tract 60.15, Mecklenburg County, North Carolina",37119006015,22.386988758670174,11.26524754843339,1.9373355656541498,44.53480028701268,42.78880650562066,10.18895001195886,0.5501076297536475,79.82102908277405,87.02553485162181,38.64734299516908,10.059880239520957,82.95302013422818,4.591679506933744,96.57720731232983,86.24260355029585,8.771929824561402,91.22807017543859,86.0207100591716,2.2928994082840237
2021,"Census Tract 60.16, Mecklenburg County, North Carolina",37119006016,22.360678435444793,4.742125302872966,12.703357563170648,52.26722049151956,8.722741433021806,17.549325025960542,8.75735548632745,86.27925746569815,74.1917502787068,14.938684503901895,21.153846153846153,87.32849071832123,3.2545697726259473,85.94664931685101,82.6903023983316,9.442870632672333,90.55712936732768,47.44525547445255,5.735140771637122
2021,"Census Tract 61.03, Mecklenburg County, North Carolina",37119006103,20.1239866475918,12.68478779208393,5.007153075822604,28.96995708154507,56.00858369098712,2.7420123986647593,7.272293752980448,63.55421686746988,93.95780051150895,45.65217391304348,11.447084233261338,87.65060240963855,7.001795332136446,93.25842696629213,87.65359859566998,9.720021130480719,90.27997886951928,54.944411936805146,1.1117612638970158
2021,"Census Tract 61.05, Mecklenburg County, North Carolina",37119006105,26.3705759888966,8.0499653018737,1.6308119361554476,59.611380985426784,30.22206800832755,4.892435808466343,3.6433032616238723,77.0293609671848,94.04527559055119,34.79330708661417,1.381692573402418,94.21416234887737,6.126295947219605,96.9298245614035,68.88273314866112,4.244031830238726,95.75596816976127,71.83748845798708,0.0
2021,"Census Tract 61.08, Mecklenburg County, North Carolina",37119006108,23.94588500563698,8.951521984216459,3.1792559188275087,62.187147688838785,21.12739571589628,10.146561443066517,3.3596392333709133,75.02750275027503,90.86229086229086,36.196911196911195,0.0,91.47414741474147,9.190631485324637,96.82730923694778,77.94201250710631,0.5090497737556561,99.49095022624435,78.6810687890847,3.069926094371802
2021,"Census Tract 61.09, Mecklenburg County, North Carolina",37119006109,15.217391304347828,11.586493987049028,1.572617946345976,73.4967622571693,12.719703977798336,11.655874190564292,0.5550416281221091,54.5950864422202,78.36369447107701,17.96100990731863,2.8790786948176583,82.07461328480437,7.1740316421167485,91.51472650771389,58.874120406567634,3.978978978978979,96.02102102102103,51.44644253322909,7.349491790461298
2021,"Census Tract 61.10, Mecklenburg County, North Carolina",37119006110,24.699551569506724,8.591928251121077,2.977578475336323,64.7713004484305,22.690582959641254,9.16591928251121,0.39461883408071746,62.75437766209181,91.3130805925182,28.6718553853879,0.0925925925925926,95.03076194983436,2.429728442115293,95.31008947855601,81.40477262494372,11.088871096877503,88.91112890312249,66.9968482665466,1.9810895992796038
2021,"Census Tract 61.11, Mecklenburg County, North Carolina",37119006111,20.055710306406684,11.504178272980502,0.0,53.03621169916435,37.381615598885794,8.105849582172702,1.4763231197771587,75.07562008469449,90.08835958509412,35.45908567038033,6.445993031358885,89.89715668481549,9.059233449477352,98.71794871794873,70.42354630294328,9.1324200913242,90.8675799086758,66.47523330940417,4.666188083273511
2021,"Census Tract 61.12, Mecklenburg County, North Carolina",37119006112,26.067211625794734,2.9064486830154403,7.084468664850137,63.89645776566758,16.98455949137148,10.399636693914623,1.6348773841961852,59.957850368809275,84.84362469927827,61.507618283881314,0.0,86.09062170706007,12.837837837837837,100.0,84.60057747834456,5.45950864422202,94.54049135577797,31.665062560153995,16.554379210779597
2021,"Census Tract 61.13, Mecklenburg County, North Carolina",37119006113,11.780019524894241,6.638464041653108,2.473153270419785,53.237878294825904,37.61796290270094,2.050113895216401,4.6208916368369675,64.76658476658477,98.7152034261242,73.1049250535332,25.925925925925924,87.56756756756758,8.963482109922538,100.0,90.59438275636839,13.257790368271955,86.74220963172804,53.88634879163945,1.1757021554539515
2021,"Census Tract 61.14, Mecklenburg County, North Carolina",37119006114,19.601542416452443,9.672236503856041,4.916452442159383,42.70565552699229,20.983290488431876,28.631105398457585,2.763496143958869,50.07462686567165,86.3312555654497,40.69456812110418,0.0,96.04477611940298,6.434852118305355,94.57711442786069,69.99276934201012,7.4916387959866215,92.50836120401338,58.56832971800434,5.856832971800434
2021,"Census Tract 61.15, Mecklenburg County, North Carolina",37119006115,22.06083858591395,1.0139764318991504,14.880789257330775,55.0561797752809,16.44286105782406,13.620169909564265,0.0,41.59859976662777,96.31252281854692,70.31763417305586,3.758169934640523,95.3908984830805,7.029318262098198,99.46960424316606,76.40163098878695,16.61708457288568,83.38291542711433,0.0,6.625891946992865
2021,"Census Tract 62.08, Mecklenburg County, North Carolina",37119006208,24.840595111583422,9.298618490967057,3.7194473963868226,1.67375132837407,91.23273113708821,0.8767268862911796,2.497343251859724,59.63855421686747,96.24613003095975,56.46284829721362,7.651715039577836,90.72289156626506,4.100388829975256,97.31285988483685,86.44918444165621,4.321728691476591,95.6782713085234,46.11041405269762,3.450439146800502
2021,"Census Tract 62.09, Mecklenburg County, North Carolina",37119006209,24.029574861367838,7.3321010474430075,0.6777572396796057,11.070034914766893,81.33086876155268,4.600533990552475,2.320805093448347,64.84098939929329,95.88879029872818,56.66962437148773,16.810344827586206,97.1731448763251,10.30008110300081,97.05882352941177,82.47248094834886,9.467228823303948,90.53277117669604,32.81117696867062,6.689246401354784
2021,"Census Tract 62.10, Mecklenburg County, North Carolina",37119006210,23.823591474994725,17.704156995146654,10.107617640852501,9.558978687486812,74.08736020257439,5.2542730533867905,0.9917704156995147,64.80117820324006,90.19776440240757,51.10346804241903,17.251461988304094,86.15611192930781,6.038781163434903,97.7890540050743,90.5436013590034,1.1198208286674132,98.88017917133259,74.91506228765572,2.0951302378255945
2021,"Census Tract 62.11, Mecklenburg County, North Carolina",37119006211,28.33791628475405,13.260006110601893,0.9318667888787044,6.752215093186679,82.8444851817904,7.057745187901008,2.413687748243202,76.7359575409111,98.97793263646922,66.01626016260163,17.71428571428571,92.08314904909332,9.337028352163717,97.00115340253748,95.40665823851666,2.345679012345679,97.65432098765432,90.2654867256637,1.7277707543194267
2021,"Census Tract 62.12, Mecklenburg County, North Carolina",37119006212,25.31465210163857,10.828781762051769,5.69935882213251,15.696984089289955,65.47138446924721,6.8629779149845636,6.269294704345761,76.64756446991404,98.91494574728736,58.3829191459573,4.737732656514383,90.35339063992359,6.995230524642289,97.82857142857144,89.46778711484595,5.8544303797468356,94.14556962025317,54.285714285714285,2.1848739495798317
2021,"Census Tract 62.14, Mecklenburg County, North Carolina",37119006214,26.11683848797251,9.867452135493373,5.621011291114384,2.258222876779578,75.57682866961217,12.027491408934708,4.516445753559156,74.2014742014742,97.84714747039828,50.80731969860065,10.135135135135135,92.48157248157248,4.053156146179402,97.45588838736151,85.6109906001446,2.7426160337552745,97.25738396624473,93.42010122921187,0.0
2021,"Census Tract 62.16, Mecklenburg County, North Carolina",37119006216,17.110067814293167,24.934793948878458,6.729264475743349,2.8169014084507045,86.43714136671883,0.4694835680751174,3.5472091810119983,51.44429160935351,93.6750998668442,53.86151797603196,25.624999999999996,89.68363136176066,8.621774701069855,96.49122807017544,80.4245283018868,23.11876699909338,76.88123300090662,82.31132075471697,1.4150943396226416
2021,"Census Tract 62.17, Mecklenburg County, North Carolina",37119006217,20.0658978583196,20.16474464579901,0.5601317957166392,10.576606260296542,83.42668863261945,4.2833607907743,1.1532125205930808,55.27108433734939,96.1734693877551,53.40136054421769,25.5863539445629,88.17771084337349,11.788953009068425,100.0,85.97785977859779,13.584183673469388,86.41581632653062,67.82287822878229,0.0
2021,"Census Tract 62.18, Mecklenburg County, North Carolina",37119006218,25.18720217835262,13.886997957794417,1.5656909462219197,1.6678012253233492,88.66575901974132,4.016337644656229,4.084411164057182,65.0137741046832,98.31288343558282,64.7239263803681,21.052631578947366,86.31772268135904,4.185623293903549,96.0646521433591,94.69026548672566,5.920444033302498,94.0795559666975,95.87020648967551,0.0
2021,"Census Tract 62.19, Mecklenburg County, North Carolina",37119006219,20.732113144758735,25.757071547420967,2.8951747088186357,0.0,82.7287853577371,3.1281198003327786,11.24792013311148,74.34482758620689,99.30971007823285,73.30878969167051,37.43500866551127,95.58620689655173,4.995801847187238,86.22898318654923,97.20670391061452,4.363312555654497,95.6366874443455,98.88268156424581,0.0
2021,"Census Tract 62.20, Mecklenburg County, North Carolina",37119006220,13.802816901408452,24.507042253521128,2.0774647887323945,0.0,88.73239436619718,7.253521126760563,1.936619718309859,51.91919191919192,100.0,53.56529209621993,14.577259475218659,80.5050505050505,9.313725490196079,98.96337249481687,79.23280423280423,11.63062536528346,88.36937463471654,83.26719576719577,4.232804232804233
2021,"Census Tract 62.21, Mecklenburg County, North Carolina",37119006221,28.774928774928775,9.893809893809893,2.046102046102046,12.639212639212637,68.73866873866874,5.18000518000518,11.396011396011396,70.80943275971957,99.29915160457395,45.997786794540765,10.648148148148149,95.2836201402167,6.945454545454545,96.46788990825688,93.76923076923077,5.454545454545454,94.54545454545455,88.46153846153845,1.2307692307692308
2021,"Census Tract 62.22, Mecklenburg County, North Carolina",37119006222,27.904040404040405,10.95959595959596,4.065656565656566,13.333333333333334,79.26767676767676,2.3737373737373737,0.9595959595959596,57.89793438639125,97.21350078492935,56.27943485086342,18.008474576271187,79.28311057108141,6.304728546409807,96.77572309151256,85.12336719883889,0.0,100.0,91.79970972423803,5.950653120464441
2021,"Census Tract 62.23, Mecklenburg County, North Carolina",37119006223,33.75458622095394,11.903791275988587,0.0,25.07134121483897,64.49245821443131,7.867916836526702,2.5682837342030167,74.26470588235294,97.1282705807275,58.838544990427565,3.8016528925619832,89.58333333333334,7.815384615384616,98.11827956989248,75.85421412300684,3.938730853391685,96.06126914660832,81.32118451025056,0.9111617312072893
2021,"Census Tract 62.24, Mecklenburg County, North Carolina",37119006224,21.62162162162162,13.230672532998113,0.0,14.299182903834067,63.57636706473916,21.841609050911376,0.28284098051539913,60.86956521739131,85.83650190114068,39.02091254752852,16.317991631799163,80.03952569169961,8.861267040898156,96.7930029154519,91.09863672814755,11.87279151943463,88.12720848056537,42.9831595829992,5.854049719326383
2021,"Census Tract 63.05, Mecklenburg County, North Carolina",37119006305,28.527242445871998,10.540090411610754,8.08945990958839,31.263383297644538,45.491315726861764,12.467285272424458,2.6885557934808473,73.73737373737373,99.54510993176649,66.37604245640637,6.425702811244979,93.93939393939394,5.492676431424767,99.38036224976167,89.05891354246366,0.0,100.0,93.49655700076511,0.0
2021,"Census Tract 63.06, Mecklenburg County, North Carolina",37119006306,16.79771265189421,25.58970693352395,7.290922087205147,14.581844174410294,76.4832022873481,1.6440314510364546,0.0,43.667296786389414,94.21193232413178,35.35173642030276,0.0,89.22495274102079,2.7491408934707904,100.0,74.36440677966102,4.259634888438134,95.74036511156187,93.4322033898305,0.0
2021,"Census Tract 63.07, Mecklenburg County, North Carolina",37119006307,28.197864458487686,11.048158640226628,8.847243408149923,14.491174547831772,67.61821747657442,7.060361734582697,1.9830028328611897,68.94977168949772,98.9556135770235,68.73368146214099,53.55555555555556,89.82387475538161,4.339908952959029,97.28714524207011,84.15178571428571,7.005708354955891,92.99429164504411,71.875,6.8638392857142865
2021,"Census Tract 63.08, Mecklenburg County, North Carolina",37119006308,27.675017560290332,12.19854834933271,1.0770311402481854,13.579957855303206,80.1451650667291,3.0671973776633106,2.130648560056193,58.13528336380256,97.30375426621161,62.96928327645052,8.208955223880597,94.27178549664839,4.758821625121398,95.79207920792079,85.5379188712522,0.0,100.0,59.43562610229277,1.2345679012345678
2021,"Census Tract 63.09, Mecklenburg County, North Carolina",37119006309,23.825136612021858,15.846994535519126,0.0,16.721311475409838,63.77049180327868,15.846994535519126,3.66120218579235,54.510800508259216,98.09596344249809,36.78598629093678,23.655913978494624,86.14993646759848,7.675753228120516,93.39901477832512,73.82716049382717,8.577878103837472,91.42212189616254,53.333333333333336,6.91358024691358
2021,"Census Tract 63.10, Mecklenburg County, North Carolina",37119006310,20.950965824665676,19.22734026745914,2.5557206537890043,7.934621099554234,70.22288261515601,15.037147102526003,4.24962852897474,63.19444444444444,93.15512353179425,37.82908059943297,2.330508474576271,81.25,11.165413533834586,83.29161451814768,66.54676258992805,0.0,100.0,73.29136690647482,1.169064748201439
2021,"Census Tract 63.11, Mecklenburg County, North Carolina",37119006311,29.731063409819885,8.216136195410808,1.6037503084135207,7.6486553170491,82.82753515914138,0.8142116950407106,7.105847520355292,69.54682779456193,97.82270606531883,56.10419906687403,16.98301698301698,97.40181268882175,5.8988764044943816,94.86817325800376,89.44649446494465,0.0,100.0,95.20295202952029,1.033210332103321
2021,"Census Tract 64.03, Mecklenburg County, North Carolina",37119006403,14.888033589923023,11.966410076976906,2.9041287613715885,14.100769769069279,72.0258922323303,4.513645906228132,6.4555633310006995,33.199105145413874,97.24091520861373,65.91520861372813,14.285714285714285,66.97986577181209,3.741007194244604,95.72978648932447,85.2233676975945,11.55015197568389,88.44984802431611,74.39862542955326,2.290950744558992
2021,"Census Tract 64.04, Mecklenburg County, North Carolina",37119006404,29.162102957283683,14.60843373493976,1.355421686746988,3.8472070098576125,89.73165388828039,3.0394304490690036,2.026286966046002,58.08426359380626,99.48780987502562,81.11042819094449,27.678054429646785,91.21353979114151,6.436026285272517,98.20999198503874,95.14218009478674,1.6699029126213591,98.33009708737865,98.81516587677726,0.0
2021,"Census Tract 64.07, Mecklenburg County, North Carolina",37119006407,33.47953216374269,7.7729044834308,4.922027290448343,5.33625730994152,79.775828460039,0.9502923976608186,9.01559454191033,71.455938697318,95.25162337662337,52.5974025974026,9.336609336609335,90.54916985951469,4.322344322344322,96.06859054788791,91.76470588235294,1.5667574931880108,98.433242506812,68.23529411764706,1.245674740484429
2021,"Census Tract 64.08, Mecklenburg County, North Carolina",37119006408,20.067911714770798,22.139219015280137,0.0,11.68081494057725,77.0458404074703,5.602716468590832,5.67062818336163,36.17669459253618,95.28897523069452,53.32685769791161,0.0,87.96648895658797,15.378079864061172,100.0,84.02061855670104,6.150656530753283,93.84934346924672,35.34609720176731,9.499263622974963
2021,"Census Tract 64.09, Mecklenburg County, North Carolina",37119006409,18.89506374632233,29.029094475318733,0.4576659038901602,5.230467473030402,92.25237005557372,2.059496567505721,0.0,54.533508541392905,98.29424307036247,68.69936034115139,29.377431906614788,82.1287779237845,5.118903667875856,96.68630338733432,90.79714841218406,7.715311004784689,92.28468899521532,72.32663642255346,4.601425793907971
2021,"Census Tract 64.10, Mecklenburg County, North Carolina",37119006410,26.72176308539945,16.284052647689013,3.3057851239669422,5.264768901132538,71.34986225895317,13.192531374349556,6.887052341597796,55.27359238699445,98.74360167519777,48.11540251279665,4.99219968798752,89.53211736716892,11.278195488721805,92.86977018267531,84.0558412931668,0.0,100.0,76.0470242468773,0.0
2021,"Census Tract 64.11, Mecklenburg County, North Carolina",37119006411,29.09332447691797,19.06343407505812,0.5313849219528396,10.627698439056791,55.99468615078047,31.883095317170373,0.9631351710395218,49.676375404530745,90.70464767616193,33.183408295852075,28.704939919893192,80.42071197411003,3.278688524590164,91.32686084142395,72.0626631853786,6.280587275693311,93.71941272430668,69.19060052219321,3.0461270670147953
2021,"Census Tract 9801, Mecklenburg County, North Carolina",37119980100,,,,,,,,,,,,,,,,,,,
2021,"Census Tract 9802, Mecklenburg County, North Carolina",37119980200,,,,,,,,,,,,,,,,,,,
2021,"Census Tract 9803, Mecklenburg County, North Carolina",37119980300,0.0,41.37931034482759,0.0,0.0,41.37931034482759,58.620689655172406,0.0,100.0,100.0,100.0,,100.0,0.0,100.0,100.0,0.0,100.0,100.0,0.0
2021,"Census Tract 502.01, Rowan County, North Carolina",37159050201,22.063565177337633,20.244127130354673,0.8291110087517274,37.14877936434823,50.18424689083372,8.08383233532934,3.754030400736988,40.39067422810334,88.14113034955898,21.07154524665142,8.879781420765028,78.95400126023945,9.367612293144207,92.83819628647215,62.50728862973761,8.582089552238806,91.4179104477612,59.708454810495624,17.72594752186589
2021,"Census Tract 502.02, Rowan County, North Carolina",37159050202,30.171955327069668,19.127814217337352,1.0459138450629322,33.965608934586065,56.461620280092184,6.559120723276014,1.9677362169828045,43.21366024518389,88.86691155693698,29.16077988132241,7.234726688102894,84.93870402802102,8.504696623508504,95.92523364485982,77.4818401937046,10.799136069114471,89.20086393088553,51.57384987893463,14.188861985472153
2021,"Census Tract 503, Rowan County, North Carolina",37159050300,19.799247176913426,14.65495608531995,0.17565872020075282,33.07402760351317,54.55457967377666,6.800501882057716,5.395232120451694,27.39294710327456,88.07461692205196,19.85343104596935,10.894941634241246,75.18891687657431,8.51063829787234,94.68473163105784,70.46153846153847,9.133271202236719,90.86672879776329,34.61538461538461,15.17948717948718
2021,"Census Tract 504, Rowan County, North Carolina",37159050400,28.78690629011553,9.948652118100128,0.19255455712451863,60.62259306803595,12.323491655969192,23.65211810012837,3.209242618741977,36.04541154210029,87.5,14.108187134502925,0.17605633802816903,61.58940397350994,6.038756196484903,80.92243186582809,57.432432432432435,30.352941176470587,69.6470588235294,25.45045045045045,27.47747747747748
2021,"Census Tract 505, Rowan County, North Carolina",37159050500,10.122940099398377,21.318336385037927,0.6800941668846455,31.59822129217892,60.68532566047607,4.02825006539367,3.0081088150667017,27.646239554317546,92.50985545335085,45.07227332457293,25.72178477690289,86.35097493036211,14.610011641443538,90.92400218698742,78.70201096892139,13.105639396346305,86.8943606036537,57.31261425959781,0.0
2021,"Census Tract 507, Rowan County, North Carolina",37159050700,18.552036199095024,19.626696832579185,0.0,23.30316742081448,72.2002262443439,3.1108597285067874,1.3857466063348416,30.781129156999228,79.64980544747081,20.07782101167315,0.6666666666666667,81.05181747873164,5.381944444444445,88.49970811441915,66.399416909621,16.034271725826194,83.96572827417381,60.204081632653065,9.839650145772595
2021,"Census Tract 508, Rowan County, North Carolina",37159050800,11.513859275053305,29.808102345415776,0.0,69.89339019189765,22.55863539445629,6.183368869936034,1.3646055437100213,41.74311926605505,86.32051922116824,10.53419870194708,0.0,90.48165137614679,9.397590361445783,90.77231695085256,61.61417322834646,23.03030303030303,76.96969696969697,57.381889763779526,13.287401574803152
2021,"Census Tract 509.01, Rowan County, North Carolina",37159050901,21.893612651468473,26.18607516943931,2.1565003080714726,2.115424111727254,81.78270692133908,10.084206202505648,3.861162456356541,66.47162083089526,89.04422253922966,18.202567760342365,13.744075829383887,85.25453481568168,5.863791743360505,89.57816377171216,71.17400419287212,18.704729441840648,81.29527055815934,82.75681341719078,6.918238993710692
2021,"Census Tract 509.03, Rowan County, North Carolina",37159050903,19.841269841269842,17.379332685455136,0.550696469063816,13.23291221250405,85.19598315516683,0.16196954972465177,0.8584386135406543,57.13815789473684,94.66452942523472,22.532631096862836,12.80878316559927,73.25657894736842,9.941402303495655,93.76623376623377,81.57038242473556,6.575446598251615,93.42455340174838,93.4092758340114,7.119609438567942
2021,"Census Tract 509.04, Rowan County, North Carolina",37159050904,17.419564510887227,15.697107572310692,0.0,0.19499512512187195,95.51511212219694,3.769905752356191,0.5199870003249919,73.63387978142076,75.94776748104465,10.193765796124685,13.461538461538462,90.50546448087432,9.327036599763874,95.04950495049505,53.77218934911243,17.004297114794355,82.99570288520565,82.91420118343196,3.1804733727810652
2021,"Census Tract 510.01, Rowan County, North Carolina",37159051001,19.61183496199783,14.345819761129208,0.05428881650380022,0.8686210640608035,88.78935939196525,7.804017372421282,2.48371335504886,56.36537237428389,86.76175170751306,18.05946163117718,10.036496350364963,85.80521960534692,7.124767854127975,91.92860948321791,74.6584699453552,8.442776735459661,91.55722326454033,65.67622950819673,4.67896174863388
2021,"Census Tract 510.02, Rowan County, North Carolina",37159051002,29.49374288964733,9.82650739476678,0.07110352673492605,2.4032992036405005,93.99886234357224,2.2610921501706485,1.2656427758816837,52.351605578981506,92.06210365186966,16.444347255630877,12.231030577576444,95.26435290301654,9.17708753529649,97.02602230483272,74.00497512437812,11.192930780559648,88.80706921944035,76.53399668325042,2.736318407960199
2021,"Census Tract 511.01, Rowan County, North Carolina",37159051101,20.866726031463344,23.449094686850696,0.0,0.7569011576135352,88.12704066488573,10.062333036509349,1.0537251409913921,65.55295689943202,88.01137606650623,18.81426383723474,21.770833333333332,81.02238556632142,5.832708177044261,95.97896690380452,71.31175468483816,9.497378970089423,90.50262102991059,81.97614991482112,3.1345826235093694
2021,"Census Tract 511.02, Rowan County, North Carolina",37159051102,17.785111844517782,24.605793912724604,3.4836817015034836,2.42024202420242,92.51925192519252,0.18335166850018336,1.3934726806013935,47.82608695652174,88.2217090069284,19.399538106235568,14.705882352941178,86.78929765886288,9.67885816235504,92.40231548480463,73.39373970345963,13.655761024182079,86.34423897581792,80.88962108731467,3.9538714991762767
2021,"Census Tract 512.01, Rowan County, North Carolina",37159051201,23.253647935423782,9.174169512573735,1.1021421918658802,15.724930145917417,56.78360757528718,15.895684570009314,10.493635516920211,52.63571990558616,83.99908172635445,15.472910927456383,4.984423676012461,85.40519276160504,9.526699029126213,94.09382382720216,78.03191489361701,12.639405204460965,87.36059479553904,81.11702127659575,1.276595744680851
2021,"Census Tract 512.02, Rowan County, North Carolina",37159051202,23.64310299179243,20.96902303415409,0.7413290971670639,10.93460418321419,57.18824463860207,31.02991792427853,0.10590415673815197,53.421926910299,88.5670731707317,21.379573170731707,8.225806451612904,87.44186046511628,9.29264909847434,94.26865671641791,78.97943640517899,3.171091445427729,96.82890855457227,78.97943640517899,0.6854531607006854
2021,"Census Tract 512.04, Rowan County, North Carolina",37159051204,20.312161283329722,18.231086061131585,3.0565792326035117,20.052026880554955,50.89963147626274,23.975720789074355,2.016041621504444,36.71189146049481,85.40507111935683,21.11935683364255,13.882618510158013,82.0830007980846,9.510795299262094,95.59865721745618,73.91812865497076,10.141881240147137,89.85811875985287,56.95906432748538,2.280701754385965
2021,"Census Tract 513.01, Rowan County, North Carolina",37159051301,24.853956452469465,18.693574083908658,0.5841741901221456,7.753584705257567,75.03983005841742,15.66648964418481,0.9559214020180564,39.707673568818514,89.90825688073394,21.406727828746178,8.89487870619946,81.36419001218027,7.84452296819788,93.36188436830835,58.99094437257438,15.519125683060109,84.48087431693989,56.79172056921087,11.1254851228978
2021,"Census Tract 513.02, Rowan County, North Carolina",37159051302,15.64797311489183,23.125393824826716,0.9871875656374712,14.156689771056502,79.66813694601974,2.3104389834068475,2.877546733879437,57.1818678317859,94.77311889718553,27.08213670304423,42.226148409893995,95.19388312397597,12.524900398406375,91.49797570850203,74.0308019118428,11.429915333960489,88.5700846660395,88.63515666489644,2.2835900159320235
2021,"Census Tract 513.03, Rowan County, North Carolina",37159051303,26.20283835237106,18.1723779854621,0.6057459328487366,36.53513326410523,59.882312218760816,2.8729664243682937,0.10384215991692627,40.20040080160321,90.59392636388067,31.41628594463854,3.016924208977189,88.97795591182364,9.75609756097561,89.88037504041384,76.44802454929037,7.65143464399575,92.34856535600426,53.970080552359036,7.2113540467970845
2021,"Census Tract 514, Rowan County, North Carolina",37159051400,24.57464500447742,15.760521939362926,1.9572726109760779,11.155174619419213,61.8779582960215,20.736855571190993,4.272738902392223,67.65119549929676,81.40572703607289,22.27593901078468,1.4482758620689655,93.98030942334739,6.322229775662815,91.42349657447349,69.82633863965268,8.62809917355372,91.37190082644628,71.23733719247467,6.54848046309696
2021,"Census Tract 515.01, Rowan County, North Carolina",37159051501,27.204678362573098,8.725146198830409,0.9824561403508772,15.017543859649123,64.0,12.795321637426902,7.2046783625731,55.644171779141104,84.29718875502007,17.46987951807229,10.681818181818182,78.71165644171779,5.722599418040737,86.91275167785236,77.17319177173192,10.933806146572104,89.0661938534279,61.11479761114798,3.1851360318513606
2021,"Census Tract 515.02, Rowan County, North Carolina",37159051502,21.54899894625922,16.59641728134879,0.0,11.828240252897787,85.35300316122235,1.6596417281348788,1.1591148577449948,67.10730948678072,76.23381169058453,9.870493524676235,5.152979066022544,88.33592534992223,6.145063801208865,93.42806394316163,70.10723860589813,3.24254215304799,96.75745784695201,62.66756032171582,4.1554959785522785
2021,"Census Tract 516, Rowan County, North Carolina",37159051600,28.303303303303302,16.23123123123123,6.186186186186187,14.30930930930931,66.6966966966967,11.036036036036036,1.7717717717717716,62.06225680933852,90.06333260537235,15.527407730945622,10.116448326055313,93.3852140077821,6.0942408376963355,93.04375196726473,77.85538208709943,15.74939425406715,84.25060574593284,81.14215283483976,5.217748562037798
2021,"Census Tract 517, Rowan County, North Carolina",37159051700,23.731951129211403,16.672837220782426,0.518326545723806,6.034801925212884,75.28076021226707,14.402073306182894,3.7640380106133535,65.69023569023568,81.19852812335728,17.80269844051165,13.250366032210833,93.77104377104376,9.045307443365695,92.86977018267531,73.08279865566757,6.592465753424658,93.40753424657534,73.32722273143905,13.382218148487626
2021,"Census Tract 518.01, Rowan County, North Carolina",37159051801,25.848849945235486,16.867469879518072,0.2628696604600219,0.8762322015334063,86.96604600219058,9.134720700985762,2.76013143483023,75.77184720041863,78.35983785469286,11.599625818521982,12.590799031477,92.83097854526426,6.3515509601181686,98.70317002881845,78.24497257769653,10.082191780821919,89.91780821917808,67.70262035344302,1.6453382084095063
2021,"Census Tract 518.02, Rowan County, North Carolina",37159051802,19.122994652406415,13.83957219251337,0.5561497326203209,4.983957219251337,80.36363636363636,7.336898395721924,6.759358288770054,59.01918976545842,86.92569483834373,20.334656834940443,8.296943231441048,85.97014925373134,11.00238032266596,96.74204676121118,73.26431181485992,11.099079588521928,88.90092041147807,81.48599269183921,2.496954933008526
2021,"Census Tract 519.01, Rowan County, North Carolina",37159051901,18.636003172085648,20.44012688342585,0.2973830293417922,2.716098334655036,88.00555114988104,8.465503568596352,0.5154639175257731,59.831932773109244,90.37988521453948,18.638972396829733,10.260115606936417,86.89075630252101,9.283625730994153,94.41568047337277,60.26129559063691,15.462494247583985,84.53750575241602,81.49156232988568,1.2520413718018508
2021,"Census Tract 519.03, Rowan County, North Carolina",37159051903,6.356701779876499,32.25572103160189,0.0,21.649110061750818,73.84671267707955,2.361060661096985,2.143116600072648,72.68152408339324,92.15513442044954,19.435874834728956,12.935323383084576,95.03953989935299,14.74010861132661,89.77832512315271,66.4367816091954,12.239408204438467,87.76059179556154,93.71647509578544,5.057471264367816
2021,"Census Tract 519.04, Rowan County, North Carolina",37159051904,26.058162971494387,14.08004606968039,3.3976389288799305,13.936078318456666,79.18226317304924,3.1384969766772244,0.34552260293694215,80.6525037936267,84.36703483432456,19.11639762107052,14.307004470938898,89.98482549317147,5.841121495327103,95.97741707833451,43.973399833748964,17.20578114246387,82.79421885753612,71.404821280133,1.0806317539484622
2021,"Census Tract 520, Rowan County, North Carolina",37159052000,30.469953775038523,10.939907550077042,0.0,46.03235747303544,42.98921417565486,7.164869029275808,3.8135593220338984,36.08923884514436,89.4375,24.5,2.813852813852814,87.13910761154857,8.033240997229916,83.59161349134003,71.99124726477024,22.21276595744681,77.7872340425532,45.18599562363239,12.910284463894966
2021,"Census Tract 9301.01, Stanly County, North Carolina",37167930101,21.915023378735516,17.17828826997357,3.5576336653791425,3.293352307379549,89.28644033340109,2.0126041878430576,1.8499695059971537,53.064516129032256,85.8792477730122,22.76476410425602,13.854595336076816,86.45161290322581,7.355242566510173,92.89861545332738,56.99126092384519,9.080590238365494,90.91940976163451,87.07865168539325,0.4369538077403246
2021,"Census Tract 9301.02, Stanly County, North Carolina",37167930102,20.815986677768525,14.932001110185954,5.217873993893978,10.907577019150708,77.26894254787678,3.968914793227866,2.63669164585068,52.75,88.14671814671814,14.015444015444015,1.991150442477876,88.625,7.185418857343148,92.72428884026257,67.81609195402298,19.95399654974123,80.04600345025878,80.45977011494253,3.0172413793103448
2021,"Census Tract 9302, Stanly County, North Carolina",37167930200,19.614147909967848,20.946256316031235,1.1943040881947635,21.72714745062012,72.59990813045475,2.962792834175471,1.515847496554892,51.07142857142857,81.6196542311192,15.711252653927813,10.501567398119123,83.71428571428572,6.527340395075866,95.78742709008425,68.75891583452211,17.090479006505028,82.90952099349498,75.60627674750357,4.136947218259629
2021,"Census Tract 9303, Stanly County, North Carolina",37167930300,22.324232906499155,20.947088668760568,8.746073930901185,7.272287992268664,71.00748973181929,8.431988402995891,4.54215994201498,38.71139510117146,86.3843648208469,18.664495114006517,15.285451197053407,91.7465388711395,6.71850699844479,93.90302448391743,74.68770545693623,9.35637663885578,90.64362336114422,70.61143984220908,1.051939513477975
2021,"Census Tract 9305, Stanly County, North Carolina",37167930500,27.75533756491633,18.17657241777265,0.0,6.866705135603,77.3802654356607,10.905943450663589,4.847085978072706,42.95302013422819,81.57657657657657,15.045045045045043,7.8384798099762465,89.48545861297539,9.550561797752808,92.33870967741935,60.80441640378549,18.561335902376364,81.43866409762364,60.72555205047318,7.334384858044165
2021,"Census Tract 9307, Stanly County, North Carolina",37167930700,21.40221402214022,17.126112437594966,0.9550683742131539,0.0,96.35337529845887,1.2806598654221837,1.4108964619057955,69.78095663835494,90.29243292131443,21.073258968947844,14.559386973180077,82.9682610639249,4.8053024026512015,98.73042742276766,66.3393344244408,8.532934131736528,91.46706586826348,85.65193671576651,1.309328968903437
2021,"Census Tract 9308.01, Stanly County, North Carolina",37167930801,20.762066045723962,18.391193903471635,0.0,1.5749364944961894,91.6342082980525,5.7917019475021165,0.9991532599491956,64.17910447761194,83.03529411764707,17.482352941176472,18.775510204081634,90.35591274397244,3.8683479375935024,97.18215363971822,66.26405664306539,7.010069713400465,92.98993028659953,84.25655976676384,6.580591420241566
2021,"Census Tract 9308.02, Stanly County, North Carolina",37167930802,26.52146060217809,13.410207132180227,0.0,2.5197522955370486,87.1022848601324,9.118086696562033,1.2598761477685243,73.07351638618246,83.76175548589342,17.586206896551722,20.828789531079607,90.52258635961027,6.0606060606060606,96.93721286370597,72.51497005988024,4.89749430523918,95.10250569476082,79.82035928143712,0.3592814371257485
2021,"Census Tract 9309.01, Stanly County, North Carolina",37167930901,20.06554989075018,16.751638747268753,0.0,8.922068463219228,86.56227239621266,0.9104151493080845,3.6052439912600147,74.60567823343848,91.60000000000001,13.65,24.437299035369776,90.06309148264984,11.617312072892938,99.43100995732574,55.246053853296196,15.330188679245282,84.66981132075472,83.9368616527391,3.7140204271123487
2021,"Census Tract 9309.02, Stanly County, North Carolina",37167930902,23.352474706043207,21.055509980858627,0.16406890894175555,1.3945857260049221,89.85507246376811,3.254033360678151,5.332239540607055,62.897985705003244,86.46408839779005,17.166535122336228,13.957307060755337,91.7478882391163,7.313592579379237,99.21392476137002,77.37490935460478,6.317934782608696,93.68206521739131,82.08846990572879,5.293691080493111
2021,"Census Tract 9310.01, Stanly County, North Carolina",37167931001,20.389136603161734,19.37576003242805,6.4856100526955816,0.0,86.09647344953385,7.29631130928253,0.12160518848804217,43.69942196531792,83.18335208098988,28.965129358830144,11.688311688311687,83.35260115606935,2.9531568228105907,98.27437446074202,85.17156862745098,14.465408805031446,85.53459119496856,79.77941176470588,1.715686274509804
2021,"Census Tract 9310.02, Stanly County, North Carolina",37167931002,18.127070159590485,20.084311954230653,0.0,14.60403492923818,71.30382414935261,13.128575730201748,0.9635651912074676,56.70103092783505,93.84885764499121,8.479789103690685,0.8650519031141869,86.40463917525774,8.311879367414491,96.47058823529412,63.87771520514883,14.09813407049067,85.90186592950933,80.53097345132744,3.620273531777957
2021,"Census Tract 9311.01, Stanly County, North Carolina",37167931101,18.360333824251352,15.562101129111438,7.952871870397643,9.278350515463918,81.68875797741777,0.0,1.0800196367206676,63.85542168674698,88.09020436927413,23.53770260747005,2.73224043715847,87.51369112814896,8.298256163559833,98.8011988011988,76.8542199488491,34.23044575273339,65.76955424726661,79.15601023017904,5.242966751918159
2021,"Census Tract 9311.02, Stanly County, North Carolina",37167931102,20.851688693098385,19.295154185022025,0.0,31.160058737151246,65.43318649045521,0.2643171806167401,3.1424375917767993,57.88367203924317,86.3849765258216,13.615023474178404,5.191873589164786,90.11913104414856,6.085343228200371,87.15277777777779,77.18484145398298,22.621184919210055,77.37881508078995,72.0030935808198,7.269914926527456
2021,"Census Tract 9312.02, Stanly County, North Carolina",37167931202,24.816544362908605,15.743829219479652,0.0,7.538358905937291,90.89392928619078,1.33422281521014,0.23348899266177453,48.38455476753349,88.44559585492227,25.38860103626943,20.121951219512198,95.19306540583136,8.074534161490684,94.02777777777777,67.11297071129707,15.845070422535212,84.15492957746478,64.10041841004184,4.435146443514645
2021,"Census Tract 9312.03, Stanly County, North Carolina",37167931203,29.834426741643238,19.65010934083099,0.0,70.04061230865355,28.772258669165886,1.0621680724773508,0.12496094970321774,38.666666666666664,77.14429868819374,12.462159434914229,0.49586776859504134,78.0,6.678539626001781,81.53310104529616,41.45950280673617,18.973359324236515,81.02664067576349,29.109863672814758,31.43544506816359
2021,"Census Tract 9312.04, Stanly County, North Carolina",37167931204,9.356060606060607,39.31818181818182,0.0,13.37121212121212,82.8409090909091,1.7803030303030303,2.007575757575758,31.24440465532677,90.23277042446371,23.185759926973983,0.0,80.1253357206804,12.327622231508567,100.0,55.75396825396825,19.014461703267273,80.98553829673273,55.952380952380956,2.6455026455026456
2021,"Census Tract 201, Union County, North Carolina",37179020100,23.384479197403362,16.40601947477132,0.0,0.0,93.75922100914724,4.92770728828563,1.313071702567129,79.83693947946064,87.77469596756987,25.560059739705572,1.1591962905718702,79.42928817811226,8.184093972655498,96.36517328825022,67.42010911925176,10.498779211719569,89.50122078828043,89.51675759937646,1.4809041309431021
2021,"Census Tract 202.03, Union County, North Carolina",37179020203,17.934782608695652,16.58790170132325,1.488657844990548,6.143667296786389,88.18525519848771,2.764650283553875,1.4177693761814745,69.87366375121478,94.19748897183577,41.83915846623685,29.91735537190083,92.95432458697765,6.0641399416909625,95.90643274853801,84.67153284671532,1.8241042345276872,98.1758957654723,92.03715992037161,0.5972130059721301
2021,"Census Tract 202.04, Union County, North Carolina",37179020204,25.80490148966843,16.578567996155694,1.22537241710716,0.0,94.32964920711197,2.883229216722729,1.5617491590581452,69.0585533869116,91.51750972762646,24.59143968871595,2.8753993610223643,85.87830080367394,8.6139896373057,97.69930444087748,70.27225901398086,12.265978050355068,87.73402194964494,86.60779985283297,1.9131714495952907
2021,"Census Tract 202.05, Union County, North Carolina",37179020205,27.396373056994815,14.702072538860103,4.015544041450777,6.930051813471502,83.84067357512953,2.0077720207253886,3.205958549222798,74.2838107928048,87.21841332027425,28.354554358472082,18.253968253968253,94.4703530979347,5.129348795718109,96.0625,75.44169611307422,0.0,100.0,83.03886925795054,2.8268551236749118
2021,"Census Tract 202.06, Union County, North Carolina",37179020206,21.390778533635675,13.958175862937768,0.02519526329050139,0.05039052658100278,97.43008314436887,2.091206853111615,0.40312421264802223,65.36753823384312,89.8100803506209,25.712198685171657,28.965517241379313,93.68524913665516,4.3910256410256405,94.82981473502801,79.62707182320442,4.422442244224422,95.57755775577557,89.22651933701657,1.3812154696132597
2021,"Census Tract 203.05, Union County, North Carolina",37179020305,33.59637925031914,7.1718695601717535,1.5782755019148196,11.407682488104909,74.78240687014042,8.030637112684229,4.200998027155622,67.36131493982977,94.7452229299363,49.88057324840764,8.318739054290718,92.13384208981509,5.522544564837469,90.77952925933923,91.54113557358053,2.522590361445783,97.4774096385542,86.86751641560448,0.19312475859405176
2021,"Census Tract 203.07, Union County, North Carolina",37179020307,29.47845804988662,14.525810324129651,0.8136587968520742,9.21702014138989,66.15979725223423,21.63532079498466,2.174203014539149,68.48833493128795,92.44425200259796,20.415674388395757,2.4258760107816713,90.9875359539789,10.402874976357102,95.36167863059083,80.29473684210527,6.862745098039216,93.13725490196079,87.57894736842105,1.6421052631578947
2021,"Census Tract 203.08, Union County, North Carolina",37179020308,31.84758155230596,10.179977502812148,1.729471316085489,8.366141732283465,70.2755905511811,17.069741282339706,2.559055118110236,73.9430003131851,87.0802757393818,27.640649321770066,13.276353276353275,84.12151581584718,8.314421291520528,96.21232328620965,85.62664329535495,7.498986623429266,92.50101337657073,84.88168273444347,1.4899211218229622
2021,"Census Tract 203.09, Union County, North Carolina",37179020309,20.857787810383748,12.776523702031604,1.1738148984198644,3.3408577878103833,86.23024830699775,8.126410835214447,1.1286681715575622,75.07002801120449,94.77124183006535,39.411764705882355,2.557544757033248,87.20821661998133,10.096976611523104,92.02407825432655,83.51254480286738,12.17208814270724,87.82791185729276,94.8626045400239,2.867383512544803
2021,"Census Tract 203.10, Union County, North Carolina",37179020310,29.059829059829063,10.541310541310542,1.6591251885369533,11.144628791687614,74.79470420646891,7.541478129713424,4.860063683593095,74.89328676755918,94.81268011527378,51.74220592088027,30.732099758648427,89.3674815677144,7.7486416253248285,97.5130890052356,90.37111334002006,1.8700787401574805,98.12992125984252,91.32397191574724,0.9027081243731194
2021,"Census Tract 203.12, Union County, North Carolina",37179020312,21.731675953707672,9.451350192884696,1.2001714530647234,8.3154736390913,70.01714530647234,14.852121731675954,5.615087869695671,70.47817047817048,91.35959339263025,25.06353240152478,18.660287081339714,89.29313929313929,6.708652792990143,91.42342342342343,78.2658300057045,8.075511274252753,91.92448872574724,74.61494580718768,1.7113519680547633
2021,"Census Tract 203.13, Union County, North Carolina",37179020313,20.69133398247322,15.28724440116845,1.89873417721519,5.0146056475170395,84.07984420642649,4.430379746835443,4.576436222005842,68.72427983539094,88.41059602649007,33.64238410596027,8.088235294117647,84.36213991769547,8.47145488029466,96.28975265017668,75.5868544600939,2.6285714285714286,97.37142857142858,80.51643192488262,1.4084507042253522
2021,"Census Tract 203.14, Union County, North Carolina",37179020314,23.764875586007932,14.388748647674,5.228993869455464,12.69383339343671,64.91164803461955,9.628561125135231,7.536963577353046,64.68735942420153,93.47767253044655,42.08389715832206,21.769383697813122,90.19343229869546,6.575212866603596,97.11864406779661,80.0,2.099609375,97.900390625,84.98753117206984,2.593516209476309
2021,"Census Tract 203.15, Union County, North Carolina",37179020315,28.458897192486365,12.09856594627348,2.201575439305191,1.8986063421531005,84.6091698646738,9.957584326398708,1.3330640274691983,68.99109792284867,95.70494864612512,48.895113600995955,3.8135593220338984,93.026706231454,5.646527385657821,93.51130886169818,88.35913312693499,5.055849500293945,94.94415049970605,94.55108359133126,4.396284829721362
2021,"Census Tract 203.16, Union County, North Carolina",37179020316,23.938589840788477,13.362395754359364,4.397270659590599,7.998483699772555,78.62016679302502,5.0416982562547386,3.9423805913570886,67.86912751677853,92.80595369349504,38.61631753031974,23.582358235823584,93.16275167785236,7.874408173436331,96.7207455988954,89.07753254103,3.915171288743882,96.08482871125612,79.40011318619129,1.3016411997736277
2021,"Census Tract 203.17, Union County, North Carolina",37179020317,30.969200339078835,10.04521051144391,3.729867194122634,10.610341904492794,66.93981350664029,10.214749929358575,8.505227465385703,63.8118214716526,92.08237986270022,46.75057208237987,7.4347332576617475,94.30036188178529,6.017191977077363,95.59372666168782,91.0,1.3621418506341005,98.6378581493659,90.28571428571428,2.761904761904762
2021,"Census Tract 203.18, Union County, North Carolina",37179020318,22.32237539766702,13.308589607635207,4.8515376458112405,7.873806998939554,80.09013785790032,5.1166489925768825,2.067868504772004,64.11796832332058,92.98104074223478,32.27107704719645,15.88235294117647,88.80393227744402,6.860068259385665,96.11086276262853,82.37951807228916,2.2810890360559237,97.71891096394407,83.73493975903614,1.355421686746988
2021,"Census Tract 203.19, Union County, North Carolina",37179020319,30.645659561322212,16.55854185974668,10.472659870250231,14.118010503552672,60.92060549891875,14.396045721346926,0.09267840593141798,73.47639484978541,89.04440154440154,47.731660231660236,22.0949263502455,84.0343347639485,4.988864142538976,92.27330779054917,80.55009823182712,2.3032629558541267,97.69673704414588,88.89980353634577,1.6699410609037328
2021,"Census Tract 203.20, Union County, North Carolina",37179020320,24.17498081350729,14.850345356868763,0.6523407521105142,0.34535686876438987,91.2125863392172,2.762854950115119,5.026861089792786,55.055292259083735,89.47696139476962,26.3387297633873,23.623853211009173,86.3349131121643,5.364372469635628,97.59475218658892,81.61849710982659,4.630650496141125,95.36934950385888,90.63583815028902,2.1965317919075145
2021,"Census Tract 203.21, Union County, North Carolina",37179020321,14.889482632985182,18.605780908428468,0.0,11.731843575418994,72.60140879281029,13.796453728443042,1.8702939033276658,57.5229801644896,89.50819672131148,20.87431693989071,4.104477611940299,91.24334784712144,7.76255707762557,97.11348359035192,76.42330877427997,0.0,100.0,82.5853985264568,5.5592766242464835
2021,"Census Tract 204.01, Union County, North Carolina",37179020401,21.99589452076425,15.269224696036634,0.18948365703458078,9.332070108953102,74.97236696668246,12.458550450023685,3.047528817306174,57.92,93.6036262906069,25.031478217073783,7.005649717514125,92.096,9.089068825910932,96.37638807714787,79.67691505992704,7.607125662012518,92.39287433798748,84.05419489317353,3.9603960396039604
2021,"Census Tract 204.03, Union County, North Carolina",37179020403,20.997316636851522,15.026833631484795,0.0,14.042933810375672,63.30500894454383,20.25939177101968,2.392665474060823,55.97627737226277,81.5687540348612,23.305358295674626,24.068767908309454,89.6441605839416,7.387489385791113,97.41277930223443,73.80025940337225,6.996381182147165,93.00361881785284,80.35019455252919,2.853437094682231
2021,"Census Tract 204.05, Union County, North Carolina",37179020405,19.94236311239193,18.386167146974064,3.227665706051873,14.005763688760805,43.63112391930836,37.23342939481268,1.9020172910662825,33.37612323491656,77.85388127853882,16.057838660578387,1.1730205278592376,77.92041078305519,5.327573794096472,91.99157007376185,61.58940397350994,15.830546265328874,84.16945373467112,30.99337748344371,2.119205298013245
2021,"Census Tract 204.06, Union County, North Carolina",37179020406,35.49236440231701,5.450236966824645,0.8162190626645603,28.56766719325961,12.190626645602949,54.2654028436019,4.160084254870985,53.09734513274337,55.69280343716434,8.431793770139635,2.00836820083682,67.18856364874064,1.7551020408163265,89.85594237695078,55.38461538461539,25.04804612427931,74.95195387572069,17.77777777777778,19.230769230769234
2021,"Census Tract 205.01, Union County, North Carolina",37179020501,29.976748345555354,13.825791450545518,0.10731532820604543,27.115006260060813,39.54569844392774,26.328027186549814,6.9039527812555885,58.18100757913509,87.12617487895187,20.022785531187694,15.113547376664057,82.79090503789568,11.14812916453101,91.2241054613936,70.8355795148248,4.183884297520661,95.81611570247934,62.695417789757414,5.714285714285714
2021,"Census Tract 205.02, Union County, North Carolina",37179020502,17.267147050974113,14.411529223378702,0.9874566319722444,23.53883106485188,56.04483586869495,18.468107819589004,0.9607686148919135,46.085594989561585,90.523598820059,27.212389380530972,4.849498327759197,97.07724425887265,5.483870967741936,92.69301470588235,77.5689223057644,3.6231884057971016,96.37681159420289,74.12280701754386,2.2556390977443606
2021,"Census Tract 206.01, Union County, North Carolina",37179020601,24.49197860962567,12.923351158645277,0.7130124777183601,30.499108734402853,30.83778966131907,37.54010695187166,0.40998217468805703,71.08608790410462,80.0718629076838,16.196793808734107,2.576489533011272,59.86196876135126,4.461756373937677,92.94041450777202,62.641898864809086,4.24901185770751,95.7509881422925,52.012383900928796,6.9143446852425186
2021,"Census Tract 206.02, Union County, North Carolina",37179020602,23.09206210365187,20.817843866171003,1.4213863984255413,20.730373933960202,41.89809752897442,30.876886070413295,5.073256068226547,47.849176845459375,75.55036691127418,24.583055370246832,1.7142857142857144,71.05682421667552,5.845272206303725,90.86606720302886,56.380208333333336,8.73440285204991,91.26559714795009,49.609375,13.932291666666666
2021,"Census Tract 207.01, Union County, North Carolina",37179020701,21.492380451918024,10.24697845507094,0.9108425293396392,33.280784725871435,45.10422140479944,16.74548957785952,3.9586617621299705,40.95697980684812,82.2463768115942,17.351046698872786,19.63109354413702,72.78314310798947,2.917414721723519,95.83640383198231,68.84816753926701,6.658521686010996,93.341478313989,72.25130890052355,4.842931937172775
2021,"Census Tract 207.02, Union County, North Carolina",37179020702,23.25809617271835,20.63297350343474,1.9381746810598626,16.26594700686948,57.82630029440629,21.68792934249264,2.281648675171737,57.31534090909091,77.38675958188153,15.017421602787456,16.640986132511557,86.86079545454545,5.88235294117647,90.24249422632793,57.76487663280116,4.2390548992355805,95.76094510076442,76.48766328011611,1.3788098693759072
2021,"Census Tract 208, Union County, North Carolina",37179020800,23.80540166204986,19.54639889196676,0.24238227146814403,32.513850415512465,62.53462603878116,3.722299168975069,0.9868421052631579,68.02521008403362,81.9195849546044,11.309987029831388,7.391763463569166,93.02521008403362,6.634855714610316,93.93501805054152,63.49431818181818,10.81081081081081,89.1891891891892,77.27272727272727,4.166666666666666
2021,"Census Tract 209.01, Union County, North Carolina",37179020901,20.45193412485638,14.534661049406358,1.1872845653006512,4.61509000382995,84.1248563768671,8.13864419762543,1.9341248563768672,67.80729401170645,79.48383733055266,11.6266944734098,13.298565840938723,84.82665466006304,3.610977371208474,94.47535771065183,61.023622047244096,5.795085767269356,94.20491423273064,78.69094488188976,6.545275590551181
2021,"Census Tract 209.02, Union County, North Carolina",37179020902,23.44662374606977,17.00853421170834,0.10480610869890701,1.3025902081149872,75.68498278185358,20.392274292558767,2.5153466087737684,75.69397427217332,79.6912372254838,16.39486844966297,6.81981335247667,84.59715639810426,8.194797574809309,96.76710608913999,70.50043898156278,3.1874203144921376,96.81257968550786,81.07989464442494,4.082528533801581
2021,"Census Tract 210.04, Union County, North Carolina",37179021004,29.617502604554247,8.70665277571067,4.048221461527013,7.798779580294686,76.8864414347373,10.343801160887036,0.9227563625539515,66.36904761904762,93.8425925925926,48.61111111111111,10.75330649798735,91.07142857142857,9.410023260731656,96.78147939017504,86.5579550462759,6.394389438943894,93.60561056105611,87.6597620096959,3.349493168796827
2021,"Census Tract 210.05, Union County, North Carolina",37179021005,16.68500990534889,21.219458507594098,0.0,11.027955095751706,76.95355491965663,6.185340083645168,5.833149900946511,69.7459584295612,86.62773722627736,18.45255474452555,9.40766550522648,86.00461893764434,11.525153047644396,94.12479740680712,71.46860986547085,8.41889117043121,91.58110882956879,85.87443946188341,0.5044843049327354
2021,"Census Tract 210.06, Union County, North Carolina",37179021006,31.083202511773937,8.895866038723181,4.779347636490494,1.3431013431013432,82.48735391592534,7.639979068550497,3.7502180359323214,65.00219010074464,97.2885032537961,64.15401301518439,28.722002635046113,91.37100306614104,5.7960010124019234,99.42965779467681,95.90207557211282,0.0,100.0,96.8068121341139,1.0111761575306013
2021,"Census Tract 210.07, Union County, North Carolina",37179021007,34.52163315051798,7.3278488726386355,17.23034734917733,3.8238878732480193,69.04326630103596,3.0316879951249236,6.8708104814137725,69.01840490797547,96.0656591974987,77.48827514330381,6.970509383378016,93.95267309377738,3.1409958120055843,96.43879173290938,95.33898305084746,4.016268429079817,95.98373157092018,98.99364406779661,0.0
2021,"Census Tract 210.09, Union County, North Carolina",37179021009,34.172579537651636,5.172808422980086,12.245365072098878,12.49713893339437,66.07919432364385,5.767910276951247,3.41039139391165,82.06627680311891,98.54070660522274,66.97388632872504,5.825958702064897,92.00779727095517,5.21557719054242,95.7306338028169,95.32403609515997,1.1354420113544201,98.86455798864559,97.0467596390484,0.8203445447087777
2021,"Census Tract 210.12, Union County, North Carolina",37179021012,36.395178962746535,7.688093498904309,1.2965668371073777,3.8349159970781597,85.60993425858291,6.373265157048941,2.8853177501826153,81.6079295154185,96.89822294022618,54.21647819063005,6.525198938992043,93.44713656387665,4.191788687912719,95.06081828234427,94.66989703210176,2.5383707201889023,97.4616292798111,89.64264082374318,0.8479709267110842
2021,"Census Tract 210.13, Union County, North Carolina",37179021013,29.134677944046842,9.030579050097593,0.9759271307742355,13.649967469095643,64.51528952504879,11.880286271958362,8.978529603122967,79.85099898408399,98.50471118394101,52.0073740270381,3.733031674208145,87.23332204537758,5.9493206022769005,95.44447180497414,89.8015873015873,5.263157894736842,94.73684210526315,71.98412698412699,1.3492063492063493
2021,"Census Tract 210.14, Union County, North Carolina",37179021014,27.044952100221074,12.453942520265292,0.36845983787767134,5.969049373618276,92.74134119380987,0.9211495946941783,0.0,76.83720930232558,88.72004675628288,32.96317942723553,22.268041237113405,89.86046511627906,3.939393939393939,96.51778955336866,75.0,6.2745098039215685,93.72549019607843,73.84937238493724,4.184100418410042
2021,"Census Tract 210.15, Union County, North Carolina",37179021015,21.489914120231678,17.595366486918316,3.1555821849410823,23.487118034751347,70.80087876972239,0.6391052526462951,1.9173157579388855,73.08884297520662,91.73250564334086,35.55304740406321,10.204081632653061,86.2603305785124,6.11353711790393,94.1025641025641,81.18187033849684,6.189451022604951,93.81054897739504,85.88640275387263,1.663798049340218
2021,"Census Tract 210.16, Union County, North Carolina",37179021016,28.737541528239202,6.353820598006645,13.226744186046513,8.450996677740864,69.37292358803987,5.336378737541528,3.6129568106312293,67.05128205128204,100.0,78.11934900542495,4.4534412955465585,93.71794871794872,7.837995337995338,96.73527324343506,94.02447804175667,1.559177888022679,98.44082211197733,99.4240460763139,0.0
2021,"Census Tract 210.17, Union County, North Carolina",37179021017,36.260999501909346,7.587580939731032,16.55321268470862,5.39598206873651,69.18479163207704,6.774032873983065,2.09198074049477,64.24185167690128,95.71266325951164,70.67007382169223,12.46376811594203,93.38686820973075,3.82912216723105,98.51108033240997,98.86039886039886,2.445803224013341,97.55419677598665,97.89173789173789,0.7977207977207977
2021,"Census Tract 210.18, Union County, North Carolina",37179021018,30.490018148820326,9.686932849364792,8.166969147005444,5.28584392014519,83.05353901996371,1.9963702359346642,1.4972776769509981,69.84343090537782,96.85734463276836,67.79661016949152,19.61639058413252,96.93669162695711,7.669712793733681,94.64119291705498,92.64264264264264,1.5521064301552108,98.4478935698448,95.57057057057057,0.0
2021,"Census Tract 210.19, Union County, North Carolina",37179021019,27.07450030284676,15.081768625075712,4.684029880880274,9.933373712901272,76.13567534827376,1.837270341207349,7.409650716737332,63.394683026584865,98.76470588235294,70.5,13.64562118126273,95.60327198364008,9.597780859916782,98.29837752275425,97.5609756097561,1.4076246334310851,98.59237536656892,95.18143961927424,0.0
2021,"Census Tract 210.20, Union County, North Carolina",37179021020,33.49537037037037,7.476851851851851,12.662037037037038,9.189814814814815,73.86574074074073,2.9629629629629632,1.3194444444444444,74.18300653594771,99.65397923875432,64.97500961168782,21.14503816793893,90.57734204793029,9.223807866341803,97.96091758708582,91.83346677341873,4.729214340198322,95.27078565980169,89.75180144115292,0.7205764611689351
2021,"Census Tract 210.21, Union County, North Carolina",37179021021,27.514231499051235,8.918406072106261,10.199240986717268,9.013282732447818,73.76660341555977,6.11954459203036,0.9013282732447818,64.90384615384616,92.42761692650335,63.474387527839646,0.0,91.58653846153845,3.4031413612565444,100.0,94.6372239747634,13.150684931506849,86.84931506849315,100.0,0.0
2021,"Census Tract 201, Chester County, South Carolina",45023020100,20.794930875576036,24.078341013824886,0.9792626728110598,54.78110599078341,40.95622119815668,0.5760368663594471,2.707373271889401,56.496062992125985,81.38297872340425,3.64741641337386,0.0,88.18897637795276,6.4,91.9672131147541,34.67153284671533,17.137096774193548,82.86290322580645,57.17761557177615,12.043795620437956
2021,"Census Tract 202, Chester County, South Carolina",45023020200,26.424715056988603,13.34733053389322,0.7498500299940012,54.88902219556089,40.191961607678465,3.7492501499700057,0.4199160167966407,65.71428571428571,72.7107887579329,4.170444242973708,0.0,77.3061224489796,2.242152466367713,92.24318658280922,41.04417670682731,19.155844155844157,80.84415584415584,53.57429718875502,12.771084337349398
2021,"Census Tract 203, Chester County, South Carolina",45023020300,25.428887659103488,14.084117321527392,0.0,78.80464858882125,20.420586607636967,0.6640841173215274,0.11068068622025456,50.14641288433383,87.33567046450482,14.11042944785276,0.0,77.52562225475842,7.124304267161411,87.19550281074329,41.162227602905574,19.545454545454547,80.45454545454545,60.53268765133172,10.16949152542373
2021,"Census Tract 204, Chester County, South Carolina",45023020400,21.41914191419142,19.306930693069308,0.0,37.722772277227726,59.4059405940594,1.4521452145214522,1.419141914191419,51.80505415162455,80.30075187969925,10.37593984962406,3.1796502384737675,79.42238267148014,7.34985300293994,94.43990188062142,51.73469387755102,8.411214953271028,91.58878504672897,85.40816326530613,9.693877551020408
2021,"Census Tract 205, Chester County, South Carolina",45023020500,16.558441558441558,22.61904761904762,0.0,21.71717171717172,73.80952380952381,0.6132756132756133,3.86002886002886,70.48665620094191,88.25671370050068,15.111515703231678,4.093567251461988,93.32810047095761,14.440121054907046,95.73082489146165,50.238853503184714,13.854595336076816,86.14540466392319,84.47452229299363,7.484076433121019
2021,"Census Tract 206.01, Chester County, South Carolina",45023020601,13.60178970917226,19.41834451901566,3.131991051454139,23.44519015659955,72.61744966442953,0.0,0.8053691275167786,76.03550295857988,87.5,17.68018018018018,21.82741116751269,85.20710059171599,4.194717762817193,90.3364969801553,58.79541108986616,4.124656278643447,95.87534372135656,95.21988527724665,4.588910133843212
2021,"Census Tract 206.02, Chester County, South Carolina",45023020602,23.345367027677497,20.601684717208183,0.0,28.134777376654636,64.33212996389892,5.342960288808665,2.190132370637786,56.99638118214716,90.15232022670916,17.534537725823593,1.2376237623762376,90.77201447527142,12.747252747252746,96.1674230963187,56.75,6.596614127262113,93.40338587273789,83.125,4.375
2021,"Census Tract 207, Chester County, South Carolina",45023020700,19.015444015444018,13.320463320463322,0.8687258687258688,19.401544401544403,65.3957528957529,9.749034749034749,4.584942084942085,71.6371220020855,84.98971898560657,14.667580534612748,2.923976608187134,89.9895724713243,6.734207389749702,95.16441005802709,47.9539641943734,18.029350104821802,81.9706498951782,87.59590792838875,2.6854219948849107
2021,"Census Tract 208, Chester County, South Carolina",45023020800,27.811900191938584,16.794625719769673,0.4030710172744722,24.14587332053743,74.35700575815738,0.11516314779270634,0.9788867562380038,71.74018419777025,84.26512968299711,12.795389048991353,12.75465013286094,95.49200193892389,5.89994562262099,94.41923774954628,51.42436149312377,12.203536006899526,87.79646399310047,85.90373280943025,7.514734774066797
2021,"Census Tract 209, Chester County, South Carolina",45023020900,20.273003033367036,24.064711830131447,0.455005055611729,20.070778564206268,70.62689585439838,0.3538928210313448,8.493427704752275,83.1896551724138,87.83967391304348,19.429347826086957,8.75,97.70114942528735,12.175015852885226,96.80851063829788,48.96969696969697,14.772727272727273,85.22727272727273,87.39393939393939,7.030303030303029
2021,"Census Tract 210, Chester County, South Carolina",45023021000,24.05240992044923,19.84089845577913,0.0,38.13757604117922,54.983621899859614,3.0416471689284044,3.837154890032756,76.15571776155717,84.33420365535248,10.900783289817232,1.9498607242339834,88.32116788321169,12.076401725200245,94.48051948051948,46.0166468489893,14.008179959100204,85.9918200408998,87.03923900118906,2.7348394768133173
2021,"Census Tract 101, Lancaster County, South Carolina",45057010100,17.046004842615012,19.322033898305087,2.5423728813559325,6.198547215496368,88.6682808716707,0.9443099273607748,1.6464891041162228,77.01928087545596,90.2654867256637,28.829135466303608,18.135593220338983,80.92756644085462,7.880910683012258,94.01993355481729,60.41798606713109,9.874429223744292,90.1255707762557,74.35085497150095,4.559848005066498
2021,"Census Tract 102.01, Lancaster County, South Carolina",45057010201,14.154160982264665,11.664392905866302,0.0,31.821282401091405,66.7462482946794,0.17053206002728513,1.2619372442019101,81.89655172413794,71.84892402283707,6.455862977602108,10.759493670886076,90.94827586206897,8.859753675009932,91.70984455958549,41.19318181818182,26.05042016806723,73.94957983193278,79.54545454545455,13.920454545454545
2021,"Census Tract 102.02, Lancaster County, South Carolina",45057010202,26.24929285310202,21.836696209692626,0.0,19.87554214595512,72.86441636809353,1.282293041674524,5.977748444276824,66.92913385826772,83.58024691358025,15.030864197530864,7.556935817805383,87.00787401574803,7.518796992481203,94.18113561708118,60.33182503770739,9.219534459151072,90.78046554084894,70.2865761689291,6.385118149824032
2021,"Census Tract 103, Lancaster County, South Carolina",45057010300,23.178807947019866,15.697154107750134,0.0,25.684625022373364,69.64381600143189,0.0,4.671558976194738,68.66889136077123,90.41755888650964,13.9186295503212,1.2287334593572778,94.03040415276233,7.4324324324324325,96.7032967032967,69.81132075471697,16.058073031236255,83.94192696876375,71.85534591194968,5.660377358490567
2021,"Census Tract 104, Lancaster County, South Carolina",45057010400,18.695941450432468,16.533599467731204,0.6320691949434464,25.41583499667332,61.4105123087159,10.146373918829008,2.3952095808383236,47.670025188916874,87.64789398958827,17.368670137245623,23.333333333333332,90.93198992443325,12.39770867430442,96.01990049751244,68.95695364238411,10.980103168754605,89.01989683124539,94.12251655629139,1.903973509933775
2021,"Census Tract 105, Lancaster County, South Carolina",45057010500,27.984060858540122,8.042021372939685,1.1048723057417136,38.86976996920848,43.687737728672346,8.820865785183843,7.516754211193624,66.65257819103972,75.97579425113464,8.895612708018154,0.0,82.12172442941674,3.0181086519114686,95.33618344345123,51.388888888888886,10.4631217838765,89.5368782161235,49.85632183908046,6.513409961685824
2021,"Census Tract 106, Lancaster County, South Carolina",45057010600,20.02836432398361,19.508351717617398,0.0,23.29026158209896,63.48881184998424,11.408761424519383,1.8121651433974157,54.23064358052924,79.917139119058,15.329262974269517,7.066381156316917,85.82162691930742,11.60518444666002,96.77522349936143,79.13223140495867,8.402725208175625,91.59727479182438,79.0909090909091,3.1818181818181817
2021,"Census Tract 107, Lancaster County, South Carolina",45057010700,26.331273904089436,20.417769932333037,0.0,86.46660782583113,10.97381582818476,1.9711679905854662,0.5884083553986467,59.48717948717949,73.9480752014324,4.341987466427931,5.300859598853868,78.35897435897435,3.7939297124600637,78.85756676557864,47.72563176895307,14.294554455445544,85.70544554455446,27.653429602888085,17.184115523465703
2021,"Census Tract 108, Lancaster County, South Carolina",45057010800,16.87041564792176,17.555012224938878,1.075794621026895,42.00488997555013,50.562347188264056,4.254278728606357,2.1026894865525674,55.875,72.38805970149254,11.629353233830846,0.0,77.25,7.462686567164178,81.68604651162791,48.87892376681614,19.63963963963964,80.36036036036036,36.32286995515695,11.883408071748878
2021,"Census Tract 109, Lancaster County, South Carolina",45057010900,24.147638411010323,23.741007194244602,0.06255864873318737,23.428213950578666,66.3434469815452,8.476696903346888,1.6890835157960589,52.49110320284698,85.06607929515418,33.259911894273124,6.278713629402756,87.81138790035587,7.092783505154639,89.97837058399423,72.07207207207207,6.935975609756098,93.0640243902439,67.23996723996723,12.612612612612612
2021,"Census Tract 110.01, Lancaster County, South Carolina",45057011001,16.059452601051298,19.213340583650535,0.0,27.84121805328983,67.66358528185607,1.4500634402755121,3.0451332245785756,63.76526191413943,83.42657342657343,12.657342657342657,5.0,88.5387948011028,15.74174044482833,96.15384615384616,68.54146806482365,10.11139674378749,89.8886032562125,87.1306005719733,3.145853193517636
2021,"Census Tract 110.02, Lancaster County, South Carolina",45057011002,26.737633061991232,15.466499686912963,0.0,15.236902525568773,78.81444374869547,3.986641619703611,1.9620121060321436,66.92996313849395,82.22295514511873,10.850923482849604,0.5689900426742532,92.89099526066352,3.8176638176638176,95.06114769520225,60.96287703016241,10.067814293166407,89.9321857068336,78.7122969837587,5.74245939675174
2021,"Census Tract 111, Lancaster County, South Carolina",45057011100,21.013841452453715,17.220923961891067,0.7190364911019235,22.775480855653424,70.48355204026603,5.2849182095991365,0.7370124033794715,63.667820069204154,86.43589743589743,24.69230769230769,56.888888888888886,81.96847366397539,6.296641791044776,89.23182441700959,75.86872586872587,5.084745762711865,94.91525423728814,76.15830115830116,1.7857142857142856
2021,"Census Tract 112.03, Lancaster County, South Carolina",45057011203,30.4375,4.40625,9.1875,0.9062499999999999,75.09375,14.8125,0.0,79.6028880866426,91.39228598306678,53.66886171213546,11.088295687885012,88.53790613718412,1.7070979335130279,100.0,87.43455497382199,5.988515176374077,94.01148482362592,92.67015706806284,0.0
2021,"Census Tract 112.04, Lancaster County, South Carolina",45057011204,24.202034373903896,18.99333567169414,3.1918625043844266,8.611013679410732,74.65801473167309,13.27604349351105,0.2630655910206945,65.23736600306279,93.95370807746811,49.92914501653283,8.114285714285714,94.75497702909648,7.959278111985192,99.02782433791485,91.71626984126983,9.596412556053812,90.4035874439462,97.61904761904762,0.9424603174603174
2021,"Census Tract 112.05, Lancaster County, South Carolina",45057011205,25.4047122936368,16.428914890206762,6.331142811347973,6.523481327135759,77.88107068440455,8.398781856066677,0.8655233210450394,76.51612903225806,97.83929777177582,47.760522169705155,17.235188509874327,87.31182795698925,7.00472711645896,96.89339437540876,92.079969242599,3.9867109634551494,96.01328903654485,80.46905036524413,2.0761245674740483
2021,"Census Tract 112.06, Lancaster County, South Carolina",45057011206,18.580246913580247,10.308641975308642,0.0,0.0,100.0,0.0,0.0,50.40946314831665,71.72100075815011,19.9393479909022,37.54152823920266,97.36123748862603,0.0,93.0567315834039,67.05710102489019,9.775429326287979,90.22457067371202,89.45827232796486,1.3177159590043925
2021,"Census Tract 112.07, Lancaster County, South Carolina",45057011207,32.48587570621469,13.418079096045199,4.406779661016949,3.4180790960451977,84.01129943502825,4.858757062146893,3.305084745762712,55.319148936170215,96.68817204301075,48.38709677419355,35.75757575757576,90.0953778429934,3.3472803347280333,99.65694682675816,87.77602523659306,0.0,100.0,100.0,0.0
2021,"Census Tract 112.08, Lancaster County, South Carolina",45057011208,22.497816593886462,23.75545851528384,0.7860262008733625,14.585152838427948,68.41921397379913,14.707423580786024,1.502183406113537,86.23969562460367,98.8692232055064,53.34316617502458,26.111111111111114,90.74191502853519,4.823078656750057,98.5638079606073,80.75571177504393,0.0,100.0,88.1810193321617,0.0
2021,"Census Tract 112.09, Lancaster County, South Carolina",45057011209,5.974559938327123,65.63021970962353,2.813825003212129,4.227161762816395,88.23075934729539,1.8758833354747526,2.852370551201336,89.42398489140699,97.18504208638056,50.117289913067474,32.20858895705521,96.41170915958452,16.643891773708663,86.1364857603439,84.19490477368291,6.412037037037037,93.58796296296296,99.77739302498145,1.0140984417511747
2021,"Census Tract 112.10, Lancaster County, South Carolina",45057011210,25.3782031491201,14.047545538746526,0.0,15.220747144180303,69.15714726767521,2.3464032108675514,13.275702377276938,92.16683621566632,99.37939594538683,65.2875465453041,3.421461897356143,96.54120040691761,3.6822507240380635,98.9802855200544,97.34133790737565,10.514198004604758,89.48580199539524,100.0,0.0
2021,"Census Tract 112.11, Lancaster County, South Carolina",45057011211,4.104477611940299,32.08955223880597,0.0,0.0,92.91044776119402,6.7164179104477615,0.3731343283582089,59.5,84.0,2.0,0.0,53.0,38.91050583657588,100.0,66.36363636363637,0.0,100.0,100.0,0.0
2021,"Census Tract 601.02, York County, South Carolina",45091060102,11.18421052631579,11.440058479532164,1.8640350877192982,17.690058479532166,72.25877192982456,7.090643274853801,1.0964912280701753,51.73116089613035,88.24468085106383,50.31914893617021,4.329004329004329,76.57841140529531,3.2671629445823,90.74626865671642,83.67521367521368,8.59375,91.40625,41.452991452991455,3.5897435897435894
2021,"Census Tract 602, York County, South Carolina",45091060200,21.924858466289244,14.487905301080803,2.83067421513124,37.21049922799794,47.70972722593927,7.153885743695317,5.095213587236232,40.78947368421053,80.50200072753728,14.623499454347035,4.968944099378882,86.54970760233918,5.899802241265656,78.72559095580678,53.37461300309597,9.877232142857142,90.12276785714286,40.804953560371516,7.739938080495357
2021,"Census Tract 603, York County, South Carolina",45091060300,27.876230661040786,11.617440225035162,0.0,64.24753867791843,26.272855133614627,5.119549929676512,4.360056258790436,47.92276184903452,81.32450331125828,9.448123620309051,0.0,82.32884727911059,8.190327613104524,92.42966751918159,53.61022364217253,8.049353701527615,91.95064629847238,42.04472843450479,14.568690095846645
2021,"Census Tract 604.01, York County, South Carolina",45091060401,20.781893004115226,20.2880658436214,0.0,86.58436213991769,7.448559670781893,5.843621399176955,0.12345679012345678,57.25274725274725,71.20051085568328,5.747126436781609,1.4705882352941175,89.45054945054946,5.818181818181818,86.54708520179372,36.905871388630004,6.369982547993019,93.63001745200698,50.51258154706431,11.556383970177073
2021,"Census Tract 604.02, York County, South Carolina",45091060402,29.365671641791046,11.940298507462686,2.0522388059701493,70.59701492537313,22.910447761194032,1.5671641791044775,2.873134328358209,54.190871369294605,93.75348577802566,33.12883435582822,1.1111111111111112,88.87966804979253,10.580021482277122,90.38047379755922,71.94860813704497,1.2684989429175475,98.73150105708245,81.47751605995718,2.7837259100642395
2021,"Census Tract 605.01, York County, South Carolina",45091060501,15.174847609881295,12.127045235803656,4.010266281681104,56.1758100737889,36.8623676612127,1.1870388193776067,1.7645171639396855,48.44144903117102,78.82562277580071,15.12455516014235,0.0,62.8475147430497,3.56330553449583,89.87854251012146,47.61204996326231,17.814009661835748,82.18599033816425,21.969140337986776,20.867009551800148
2021,"Census Tract 605.02, York County, South Carolina",45091060502,29.95744680851064,16.425531914893618,0.0,87.48936170212765,10.851063829787234,1.6595744680851061,0.0,42.45472837022133,84.99073502161828,13.032736256948734,0.0,87.02213279678068,14.155528554070473,94.95575221238937,50.65502183406113,15.420129270544782,84.57987072945522,53.16593886462883,4.8034934497816595
2021,"Census Tract 606, York County, South Carolina",45091060600,1.2099213551119177,0.12099213551119178,0.0,28.796128251663646,60.98003629764065,5.263157894736842,4.9606775559588625,24.34640522875817,85.71428571428571,39.285714285714285,,48.529411764705884,0.0,87.59493670886076,,,,,
2021,"Census Tract 607, York County, South Carolina",45091060700,20.982297813259283,21.520305449496703,0.9545296771954183,14.925373134328357,78.77473099618189,3.731343283582089,1.6140229087122526,43.169784680550656,96.41424272818455,48.09428284854564,33.921815889029006,86.51606071302507,8.3994708994709,97.91994957453514,70.14553014553015,4.639175257731959,95.36082474226805,75.13513513513513,2.3284823284823286
2021,"Census Tract 608.02, York County, South Carolina",45091060802,21.435845213849287,14.052953156822811,2.9531568228105907,15.936863543788188,67.87169042769857,8.04480651731161,5.193482688391039,44.004171011470284,87.82798833819243,33.09037900874635,9.15492957746479,92.7007299270073,4.471808165910564,98.25206991720331,80.45977011494253,5.776173285198556,94.22382671480143,85.9514687100894,4.086845466155811
2021,"Census Tract 608.03, York County, South Carolina",45091060803,21.98608237728042,16.87041564792176,2.407372578521723,21.327816437840887,57.024637953733304,15.478653375963889,3.7615196539401916,47.85534062237174,94.29539678057046,32.95679186670432,5.144291091593475,91.46341463414635,5.43020084304488,88.254194930382,62.637362637362635,6.865671641791045,93.13432835820895,51.78571428571429,5.54029304029304
2021,"Census Tract 608.04, York County, South Carolina",45091060804,19.52920662598082,12.489102005231038,1.3077593722755012,17.654751525719266,67.34960767218831,8.54402789886661,5.143853530950305,57.89033068229384,92.36024844720497,26.801242236024848,6.913996627318718,89.57722896609461,13.515709642470206,91.5370705244123,73.1058705469142,4.91412213740458,95.08587786259542,54.139488208730555,4.014049172102358
2021,"Census Tract 609.01, York County, South Carolina",45091060901,23.125755743651755,7.270253929866989,2.1614268440145104,41.18802902055623,46.90145102781136,6.726118500604594,3.0229746070133015,61.79231863442389,87.27490996398559,34.357743097238895,1.8153117600631412,83.98293029871977,4.3547110055423595,96.3,71.45551713297705,4.273247065904303,95.7267529340957,20.0880226343917,7.576233888714241
2021,"Census Tract 609.04, York County, South Carolina",45091060904,19.365349199603344,17.226236010766396,0.3116588751947868,24.026066015016294,68.66411673041507,4.207394815129621,2.7907635642442274,66.11961057023645,94.08261287223823,32.41114313160423,9.958932238193018,88.87343532684284,11.647926914968377,98.35071549842348,84.17266187050359,2.910360884749709,97.08963911525029,93.12549960031974,0.5195843325339728
2021,"Census Tract 609.08, York County, South Carolina",45091060908,29.97518610421836,10.049627791563276,0.5459057071960298,52.20843672456576,45.33498759305211,0.7196029776674938,1.1910669975186103,42.35482152370805,90.5227369315767,32.299192520187,5.42299349240781,81.56632924880128,6.803685329553508,94.44712699179141,75.03259452411994,5.6000000000000005,94.39999999999999,41.19947848761408,0.7170795306388527
2021,"Census Tract 609.09, York County, South Carolina",45091060909,20.682730923694777,23.62175976633808,1.5516611902154072,20.06206644760862,72.10660825118657,4.089083607155896,2.190580503833516,48.63883847549909,96.55609014940492,42.061281337047355,2.261904761904762,85.95281306715063,13.486766398158803,98.35570469798658,88.22757111597375,1.5510555794915983,98.4489444205084,69.36542669584244,1.312910284463895
2021,"Census Tract 609.10, York County, South Carolina",45091060910,23.693379790940767,18.69089099054256,1.7919362867098059,8.93479342956695,82.80238924838228,4.629168740666999,1.841712294673967,72.11895910780669,96.52323580034422,45.09466437177281,19.669876203576344,94.48574969021065,14.220482713633398,94.4619540747411,88.59536082474226,4.901960784313726,95.09803921568627,96.7139175257732,1.095360824742268
2021,"Census Tract 609.11, York County, South Carolina",45091060911,28.671328671328673,12.674825174825175,2.0804195804195804,12.972027972027972,69.56293706293705,10.087412587412588,5.297202797202797,55.647840531561464,97.48358862144421,45.0492341356674,20.066666666666666,88.99501661129568,12.008022060666834,92.56114130434783,87.03614457831326,0.0,100.0,94.98795180722892,0.0
2021,"Census Tract 609.12, York County, South Carolina",45091060912,25.788599889319315,11.898173768677365,6.032097399003874,5.9214167127836195,78.85998893193138,7.360265633646929,1.8262313226342002,49.44444444444444,93.73474369406021,48.82017900732303,17.114093959731544,95.22222222222221,5.29455630126771,96.34489222118088,70.75862068965517,6.812339331619537,93.18766066838047,95.44827586206897,0.0
2021,"Census Tract 609.13, York County, South Carolina",45091060913,20.977431401201493,15.60318233479461,2.906315960383179,22.763435622666016,58.45104724792986,11.333008605293067,4.546192563727878,58.242172764994336,93.86264003896736,38.48027277155383,2.549889135254989,83.10071671067521,13.663447709061025,95.93263425484588,72.01176903273262,11.056591429506051,88.94340857049396,49.94483265906584,5.737403457153365
2021,"Census Tract 610.04, York County, South Carolina",45091061004,29.00899120640253,11.896057701808122,1.9760893192372297,5.671376346210849,86.22665744491651,3.7743305997431085,2.351546289892303,59.40913604766634,91.60144491270319,53.371462974111985,6.329113924050633,82.79543197616684,5.45632151828077,93.26798594414647,90.28960817717207,3.108665749656121,96.89133425034387,78.76206700738216,3.1516183986371376
2021,"Census Tract 610.06, York County, South Carolina",45091061006,24.348750664540137,15.736310473152578,11.164274322169058,11.323763955342903,68.23498139287612,6.512493354598618,2.7644869750132908,65.21739130434783,99.26117473217585,64.31473956409309,7.668231611893583,93.60248447204968,10.366713681241185,97.23584485064646,87.4841168996188,0.0,100.0,83.67217280813215,0.5082592121982211
2021,"Census Tract 610.07, York County, South Carolina",45091061007,27.528017519000386,11.361587015329125,7.200824423547597,13.615870153291254,57.85134612907381,15.844390055390958,5.487569238696381,46.32918886915334,88.28078524687686,39.77790997422169,10.200364298724955,81.46832445233866,6.415968633042239,96.89546446762066,80.49099836333879,3.322784810126582,96.67721518987342,76.13747954173486,2.8477905073649756
2021,"Census Tract 610.08, York County, South Carolina",45091061008,36.82022861101489,9.606281029904167,6.500404110379863,10.92252626717469,68.24847015356195,8.901974367855905,5.426625101027595,54.2794440380395,94.66772781536012,58.67489056904098,6.029757243539546,93.96488661302122,9.941520467836257,98.25396825396825,91.30742049469964,0.3170130327580134,99.68298696724199,84.2756183745583,3.9575971731448765
2021,"Census Tract 610.09, York County, South Carolina",45091061009,27.07826932425863,16.324744773942633,10.306271268838113,7.564414195430238,73.55371900826447,7.408847836655323,1.166747690811862,70.41095890410959,98.60617266391694,65.50988479590384,7.441253263707572,90.46077210460773,9.233030464991982,96.6879489225858,83.27186512118018,1.6580310880829014,98.34196891191709,84.22023182297154,4.82086406743941
2021,"Census Tract 610.10, York County, South Carolina",45091061010,29.546695794647732,13.271436373566356,7.518660112870927,13.216821409066085,56.799563080284,19.442927362097215,3.022028035681777,70.64748201438849,99.83230855226384,59.47456679709335,2.1328958162428218,95.01199040767386,9.638242894056848,99.49748743718592,79.7808764940239,4.743833017077799,95.2561669829222,65.88645418326693,0.0
2021,"Census Tract 610.11, York County, South Carolina",45091061011,20.228215767634854,10.627017058552328,9.22083909635777,13.865836791147995,65.97510373443983,8.679114799446749,2.2591055786076533,74.01556236736619,94.14099714194982,49.80946332168942,7.1258907363420425,92.87903796274463,8.192457737321195,99.01626939084373,85.5939113889644,3.640649554740702,96.3593504452593,56.02065778744224,2.8540364229410167
2021,"Census Tract 610.12, York County, South Carolina",45091061012,23.937007874015748,9.83127109111361,3.982002249718785,6.591676040494939,84.25196850393701,2.3622047244094486,2.81214848143982,59.13200723327306,99.07152682255847,56.602475928473176,26.359143327841846,92.54068716094032,2.7210884353741496,96.726992683866,86.37261356155366,3.616751269035533,96.38324873096447,77.02435813034892,3.818301514154049
2021,"Census Tract 611.01, York County, South Carolina",45091061101,21.581851624770078,16.370324954015942,0.756182301246679,21.07091763744124,71.14244839566727,3.413039035356632,3.6174126302881664,52.7246653919694,96.11368909512761,30.162412993039446,8.51063829787234,89.91395793499044,8.75684128225176,95.6048230260599,81.0204081632653,5.314009661835748,94.68599033816425,82.8061224489796,1.2755102040816326
2021,"Census Tract 611.03, York County, South Carolina",45091061103,31.939935064935064,7.650162337662338,1.6436688311688312,11.353490259740258,78.55113636363636,4.220779220779221,4.230925324675325,68.56943150046598,97.27858293075684,55.410628019323674,2.7677496991576414,93.9422180801491,4.606440071556351,98.08076769292283,87.6869233216672,6.2909958258795475,93.70900417412045,89.65956092904868,0.0
2021,"Census Tract 611.04, York County, South Carolina",45091061104,26.681537405628003,15.32258064516129,3.1056966369251886,3.517501715854496,74.75978037062457,9.849004804392587,8.768016472203158,65.44592847910383,96.76926990587637,49.122360722462474,6.8181818181818175,86.08358466178372,7.278258834542475,97.36379613356766,88.40078973346496,1.983551040154814,98.01644895984518,96.54491609081934,4.047384007897334
2021,"Census Tract 612.02, York County, South Carolina",45091061202,22.40902809765085,20.31321971441732,0.36849378166743435,6.678949792722248,64.62459695992631,0.6909258406264395,27.637033625057576,58.651685393258425,87.63971071663379,15.384615384615385,10.059880239520957,90.3932584269663,12.05105372514099,93.30000000000001,73.86430678466077,5.8856191004997225,94.11438089950028,78.28908554572271,4.542772861356932
2021,"Census Tract 612.03, York County, South Carolina",45091061203,26.118885963696826,10.946376610780103,0.5681030899265623,14.493556879589859,81.84841346820009,1.8844395178051823,1.205487044478315,70.44534412955466,88.31785345717235,25.03611971104231,6.4393939393939394,88.70077291129923,7.764441110277569,90.50809603573423,76.31082610335721,3.9144617615077926,96.0855382384922,83.02527348170501,6.224066390041494
2021,"Census Tract 612.04, York County, South Carolina",45091061204,20.30075187969925,14.761904761904763,1.1528822055137844,30.67669172932331,64.06015037593986,3.082706766917293,1.0275689223057645,51.64690382081687,95.57932263814617,37.86096256684492,3.0303030303030303,78.83179622310057,9.63317384370016,97.42962056303548,85.25198938992042,5.466399197592779,94.53360080240722,39.787798408488065,5.941644562334218
2021,"Census Tract 612.05, York County, South Carolina",45091061205,23.52941176470588,19.516806722689076,0.0,15.819327731092436,75.1890756302521,5.420168067226891,3.571428571428571,52.572016460905346,85.48713501011854,29.170280427869326,4.066265060240964,94.23868312757202,9.313186813186814,97.12296983758701,76.25316455696203,8.564814814814815,91.43518518518519,70.48101265822785,0.6075949367088608
2021,"Census Tract 613.01, York County, South Carolina",45091061301,20.87604846225536,14.725069897483692,0.6989748369058714,54.543336439888165,36.30009319664492,2.7958993476234855,5.661696178937558,61.67064439140811,93.68523316062176,22.797927461139896,5.0,89.54653937947495,8.480671261612226,91.22168284789643,73.06317044100119,4.983012457531144,95.01698754246885,79.43980929678189,6.197854588796186
2021,"Census Tract 613.02, York County, South Carolina",45091061302,19.229855003565486,13.572617066793438,0.0,19.08723555978132,77.20465890183029,2.3532208224387925,1.3548847159496078,74.11591355599214,92.68451992161985,22.436316133246244,0.0,92.58349705304518,8.563861094761624,95.14955537590946,72.46941045606229,8.730964467005077,91.26903553299492,83.31479421579533,5.2836484983314795
2021,"Census Tract 614.01, York County, South Carolina",45091061401,20.047680970957956,11.963589076723016,0.41179020372778496,12.180320762895535,83.28998699609883,3.5977459904638054,0.5201560468140443,69.87179487179486,83.68351936966513,17.334208798424164,7.35873850197109,77.2189349112426,7.617240444564922,88.85593220338983,45.8628841607565,5.527638190954774,94.47236180904522,69.08983451536643,3.605200945626478
2021,"Census Tract 614.03, York County, South Carolina",45091061403,22.16052498738011,12.232879017331316,2.187447417129396,16.776039037523134,75.82029278142353,1.6994783779236073,3.5167423860003364,66.37080867850098,87.87515006002401,32.07683073229292,12.694610778443113,86.16042077580539,7.392996108949417,97.6341604154645,78.47555129434323,5.052344105598543,94.94765589440146,84.80345158197508,0.0
2021,"Census Tract 614.04, York County, South Carolina",45091061404,20.413122721749698,23.268529769137302,1.2454434993924666,20.1093560145808,73.2685297691373,4.222357229647631,1.1543134872417984,48.398835516739446,99.27007299270073,46.877534468775345,1.0714285714285714,90.90247452692867,8.740458015267176,95.35759096612296,86.10709117221418,0.7896625987078248,99.21033740129216,76.19392185238785,5.788712011577424
2021,"Census Tract 615.03, York County, South Carolina",45091061503,22.41742796907941,23.471539002108223,0.17568517217146873,7.800421644413212,89.8102600140548,1.0189739985945185,1.1946591707659873,59.221789883268485,93.24131366016182,27.32032365540219,9.0,92.37354085603113,15.806159420289855,97.34079776067179,72.93729372937293,4.265402843601896,95.73459715639811,86.38613861386139,3.7128712871287126
2021,"Census Tract 615.04, York County, South Carolina",45091061504,20.393951452447272,15.39992041384799,3.7604456824512535,9.39116593712694,83.3465976920016,2.30799840827696,1.193792280143255,74.13385826771653,84.73382045929019,6.393528183716075,9.662576687116564,82.83464566929133,6.8686868686868685,97.09013484740952,74.54639709694142,12.397820163487738,87.60217983651226,86.78071539657853,4.458268532918611
2021,"Census Tract 615.05, York County, South Carolina",45091061505,14.817572598659718,6.217423678332092,0.29784065524944153,11.615785554728221,73.56664184661206,12.658227848101266,1.8615040953090096,51.298119964189794,78.97535041082648,10.584823586273561,19.78021978021978,85.49686660698299,6.730769230769231,89.52599388379205,57.375271149674624,4.455958549222798,95.5440414507772,90.23861171366593,2.4945770065075923
2021,"Census Tract 615.06, York County, South Carolina",45091061506,20.036396724294814,17.743403093721565,0.0,6.060054595086442,89.53594176524113,2.001819836214741,2.402183803457689,59.968664316490404,91.90971341618057,19.37610956124778,1.3986013986013985,86.52565609087348,6.6454255803368225,92.81855735621227,72.75731822474032,1.716937354988399,98.2830626450116,84.2304060434372,0.0
2021,"Census Tract 616.01, York County, South Carolina",45091061601,32.15686274509804,10.686274509803921,0.09803921568627451,48.69281045751634,44.084967320261434,1.8627450980392157,5.261437908496732,63.732394366197184,86.05083694978302,18.846869187848732,3.0448717948717947,79.75352112676056,6.9364161849710975,83.54080221300138,49.8220640569395,14.45966514459665,85.54033485540334,58.45195729537367,6.93950177935943
2021,"Census Tract 616.02, York County, South Carolina",45091061602,24.77777777777778,13.857142857142858,0.0,26.269841269841272,56.65079365079365,11.73015873015873,5.34920634920635,58.00142247510669,82.34624145785877,19.567198177676538,11.169415292353824,83.28591749644382,7.841053973650659,94.44444444444444,64.64088397790056,6.043752317389693,93.95624768261031,67.95580110497238,8.405682715074981
2021,"Census Tract 617.01, York County, South Carolina",45091061701,23.778122575640033,20.054305663304888,0.48487199379363843,2.7152831652443754,90.98138091543832,3.859581070597362,1.9588828549262995,61.67192429022082,86.18421052631578,15.460526315789474,48.24473420260782,85.01577287066246,14.860050890585242,93.8454419250347,56.850316918576304,5.177993527508091,94.8220064724919,84.44661140906875,2.2915650901999025
2021,"Census Tract 617.05, York County, South Carolina",45091061705,23.89571213100625,14.91057961646197,1.3143719026071967,8.123249299719888,88.38612368024133,1.5298427063132944,0.6464124111182934,75.4764292878636,90.21251122418438,22.80754265190063,11.338962605548854,84.95486459378134,8.380681818181818,95.9866220735786,74.79806138933765,5.448065173116089,94.55193482688391,87.50673128702208,1.0770059235325793
2021,"Census Tract 617.06, York County, South Carolina",45091061706,25.40092416417505,15.819516172873064,1.3182930144060885,8.385430823593367,77.62979070399565,9.771677086164718,2.894808371840174,69.85981308411215,90.79159935379644,28.67528271405493,0.0,93.12416555407209,9.582801967571507,94.17944349801249,74.66079941327466,7.276436586195172,92.72356341380484,80.93142647598093,0.5867253392005867
2021,"Census Tract 617.08, York County, South Carolina",45091061708,33.39733918529694,11.28788917843917,1.097243176518996,14.044712659443148,80.63365793443971,2.1807708133315047,2.04361541626663,70.03100241129866,97.99241579299576,51.3941556993085,12.759170653907494,90.97485359972443,10.056332151053619,92.33296823658269,90.08196721311475,1.7713365539452495,98.22866344605475,87.70491803278688,1.639344262295082
2021,"Census Tract 617.09, York County, South Carolina",45091061709,21.802183477269026,15.936125142577806,0.554016620498615,8.261365488023465,84.17793710281897,6.436369561675086,0.5703112269838684,78.79362670713202,96.62408759124088,44.20620437956204,8.203445447087777,93.47496206373293,8.772660971035632,95.96219931271477,77.80559032123487,2.3227383863080684,97.67726161369194,70.04589069670422,0.041718815185648725
2021,"Census Tract 617.10, York County, South Carolina",45091061710,21.607541552964523,24.95658645497395,1.810965021086579,1.9101959811461173,90.10171173406103,2.0838501612503104,4.093277102455966,73.63145720894371,98.2891061452514,41.75977653631285,4.538341158059469,93.67771781033153,10.0,90.56179775280899,87.55952380952381,9.628832705755782,90.37116729424422,87.5,3.0952380952380953
2021,"Census Tract 618.01, York County, South Carolina",45091061801,31.129389433723503,9.901929769060423,0.4745333755140778,22.27143309079405,59.538120847832964,8.763049667826637,8.952863018032268,73.04415182029435,84.9609375,23.53515625,0.0,86.28969790859799,4.501607717041801,93.71693121693121,67.32588134135855,9.282371294851794,90.7176287051482,73.68873602751505,6.706792777300086
2021,"Census Tract 618.02, York County, South Carolina",45091061802,24.22096317280453,14.953460137596114,4.5932820720356125,5.868069607446378,78.18696883852692,7.64872521246459,3.7029542695265074,54.25593514765489,84.4812803658188,19.37696484709917,5.959475566150179,89.51939779965258,7.9839786381842455,88.68096759470562,77.49725576289791,7.700101317122594,92.2998986828774,67.06915477497256,2.96377607025247
2021,"Census Tract 619, York County, South Carolina",45091061900,16.870319274733937,22.74339771383524,0.0,17.14623571147024,75.89672841939299,3.626330311391407,3.3307055577453686,86.77725118483413,84.60743801652893,17.458677685950413,11.306042884990253,83.36492890995261,8.487434803224277,98.21501014198782,16.199226305609287,7.8841870824053455,92.11581291759465,79.69052224371373,1.83752417794971
